ticker,as_of,period_type,metric,ref_period,value
NVDA,2026-08-15,estimate,epsEst,FQ2026-07-31,2.0838
NVDA,2026-08-08,estimate,epsEst,FQ2026-07-31,2.08051
NVDA,2026-07-16,estimate,epsEst,FQ2026-07-31,2.07846
NVDA,2026-06-16,estimate,epsEst,FQ2026-07-31,2.07667
NVDA,2026-05-17,estimate,epsEst,FQ2026-07-31,1.9626
NVDA,2026-08-15,estimate,epsEst,FQ2026-10-31,2.35237
NVDA,2026-08-08,estimate,epsEst,FQ2026-10-31,2.34527
NVDA,2026-07-16,estimate,epsEst,FQ2026-10-31,2.33963
NVDA,2026-06-16,estimate,epsEst,FQ2026-10-31,2.33883
NVDA,2026-05-17,estimate,epsEst,FQ2026-10-31,2.19094
NVDA,2026-08-15,estimate,epsEst,FY2027-01-31,8.95773
NVDA,2026-08-08,estimate,epsEst,FY2027-01-31,8.96139
NVDA,2026-07-16,estimate,epsEst,FY2027-01-31,8.94722
NVDA,2026-06-16,estimate,epsEst,FY2027-01-31,8.92355
NVDA,2026-05-17,estimate,epsEst,FY2027-01-31,8.38125
NVDA,2026-08-15,estimate,epsEst,FY2028-01-31,12.79836
NVDA,2026-08-08,estimate,epsEst,FY2028-01-31,12.81462
NVDA,2026-07-16,estimate,epsEst,FY2028-01-31,12.73899
NVDA,2026-06-16,estimate,epsEst,FY2028-01-31,12.64277
NVDA,2026-05-17,estimate,epsEst,FY2028-01-31,11.42982
NVDA,2026-08-15,estimate,epsEstAvg,FQ2026-07-31,2.0838
NVDA,2026-08-15,estimate,epsEstLow,FQ2026-07-31,2.03128
NVDA,2026-08-15,estimate,epsEstHigh,FQ2026-07-31,2.2
NVDA,2026-08-15,estimate,epsEstAnalysts,FQ2026-07-31,40.0
NVDA,2026-08-15,estimate,epsEstGrowth,FQ2026-07-31,0.9846
NVDA,2026-08-15,estimate,epsEstAvg,FQ2026-10-31,2.35237
NVDA,2026-08-15,estimate,epsEstLow,FQ2026-10-31,2.13
NVDA,2026-08-15,estimate,epsEstHigh,FQ2026-10-31,2.59
NVDA,2026-08-15,estimate,epsEstAnalysts,FQ2026-10-31,40.0
NVDA,2026-08-15,estimate,epsEstGrowth,FQ2026-10-31,0.8095
NVDA,2026-08-15,estimate,epsEstAvg,FY2027-01-31,8.95773
NVDA,2026-08-15,estimate,epsEstLow,FY2027-01-31,8.2
NVDA,2026-08-15,estimate,epsEstHigh,FY2027-01-31,9.64866
NVDA,2026-08-15,estimate,epsEstAnalysts,FY2027-01-31,48.0
NVDA,2026-08-15,estimate,epsEstGrowth,FY2027-01-31,0.8779
NVDA,2026-08-15,estimate,epsEstAvg,FY2028-01-31,12.79836
NVDA,2026-08-15,estimate,epsEstLow,FY2028-01-31,9.65
NVDA,2026-08-15,estimate,epsEstHigh,FY2028-01-31,16.19516
NVDA,2026-08-15,estimate,epsEstAnalysts,FY2028-01-31,48.0
NVDA,2026-08-15,estimate,epsEstGrowth,FY2028-01-31,0.42880002
NVDA,2026-08-15,estimate,revEstAvg,FQ2026-07-31,91956584330.0
NVDA,2026-08-15,estimate,revEstLow,FQ2026-07-31,90302000000.0
NVDA,2026-08-15,estimate,revEstHigh,FQ2026-07-31,96655000000.0
NVDA,2026-08-15,estimate,revEstAnalysts,FQ2026-07-31,43.0
NVDA,2026-08-15,estimate,revEstGrowth,FQ2026-07-31,0.96730006
NVDA,2026-08-15,estimate,revEstAvg,FQ2026-10-31,103378458750.0
NVDA,2026-08-15,estimate,revEstLow,FQ2026-10-31,91996000000.0
NVDA,2026-08-15,estimate,revEstHigh,FQ2026-10-31,112149000000.0
NVDA,2026-08-15,estimate,revEstAnalysts,FQ2026-10-31,41.0
NVDA,2026-08-15,estimate,revEstGrowth,FQ2026-10-31,0.8135
NVDA,2026-08-15,estimate,revEstAvg,FY2027-01-31,393928480900.0
NVDA,2026-08-15,estimate,revEstLow,FY2027-01-31,358367000000.0
NVDA,2026-08-15,estimate,revEstHigh,FY2027-01-31,418025459420.0
NVDA,2026-08-15,estimate,revEstAnalysts,FY2027-01-31,53.0
NVDA,2026-08-15,estimate,revEstGrowth,FY2027-01-31,0.8243
NVDA,2026-08-15,estimate,revEstAvg,FY2028-01-31,562143085840.0
NVDA,2026-08-15,estimate,revEstLow,FY2028-01-31,416398000000.0
NVDA,2026-08-15,estimate,revEstHigh,FY2028-01-31,710010000000.0
NVDA,2026-08-15,estimate,revEstAnalysts,FY2028-01-31,55.0
NVDA,2026-08-15,estimate,revEstGrowth,FY2028-01-31,0.42700002
NVDA,2026-08-15,estimate,epsRevUp7,FQ2026-07-31,1.0
NVDA,2026-08-15,estimate,epsRevUp30,FQ2026-07-31,5.0
NVDA,2026-08-15,estimate,epsRevDown7,FQ2026-07-31,0.0
NVDA,2026-08-15,estimate,epsRevDown30,FQ2026-07-31,0.0
NVDA,2026-08-15,estimate,epsRevUp7,FQ2026-10-31,1.0
NVDA,2026-08-15,estimate,epsRevUp30,FQ2026-10-31,5.0
NVDA,2026-08-15,estimate,epsRevDown7,FQ2026-10-31,0.0
NVDA,2026-08-15,estimate,epsRevDown30,FQ2026-10-31,0.0
NVDA,2026-08-15,estimate,epsRevUp7,FY2027-01-31,2.0
NVDA,2026-08-15,estimate,epsRevUp30,FY2027-01-31,4.0
NVDA,2026-08-15,estimate,epsRevDown7,FY2027-01-31,0.0
NVDA,2026-08-15,estimate,epsRevDown30,FY2027-01-31,0.0
NVDA,2026-08-15,estimate,epsRevUp7,FY2028-01-31,2.0
NVDA,2026-08-15,estimate,epsRevUp30,FY2028-01-31,4.0
NVDA,2026-08-15,estimate,epsRevDown7,FY2028-01-31,0.0
NVDA,2026-08-15,estimate,epsRevDown30,FY2028-01-31,0.0
AVGO,2026-08-15,estimate,epsEst,FQ2026-07-31,3.23823
AVGO,2026-08-08,estimate,epsEst,FQ2026-07-31,3.23823
AVGO,2026-07-16,estimate,epsEst,FQ2026-07-31,3.23823
AVGO,2026-06-16,estimate,epsEst,FQ2026-07-31,3.23688
AVGO,2026-05-17,estimate,epsEst,FQ2026-07-31,3.23389
AVGO,2026-08-15,estimate,epsEst,FQ2026-10-31,3.87377
AVGO,2026-08-08,estimate,epsEst,FQ2026-10-31,3.87377
AVGO,2026-07-16,estimate,epsEst,FQ2026-10-31,3.87377
AVGO,2026-06-16,estimate,epsEst,FQ2026-10-31,3.8712
AVGO,2026-05-17,estimate,epsEst,FQ2026-10-31,3.81792
AVGO,2026-08-15,estimate,epsEst,FY2026-10-31,11.62543
AVGO,2026-08-08,estimate,epsEst,FY2026-10-31,11.62543
AVGO,2026-07-16,estimate,epsEst,FY2026-10-31,11.6237
AVGO,2026-06-16,estimate,epsEst,FY2026-10-31,11.61807
AVGO,2026-05-17,estimate,epsEst,FY2026-10-31,11.3812
AVGO,2026-08-15,estimate,epsEst,FY2027-10-31,19.53066
AVGO,2026-08-08,estimate,epsEst,FY2027-10-31,19.49196
AVGO,2026-07-16,estimate,epsEst,FY2027-10-31,19.39578
AVGO,2026-06-16,estimate,epsEst,FY2027-10-31,19.35046
AVGO,2026-05-17,estimate,epsEst,FY2027-10-31,18.0986
AVGO,2026-08-15,estimate,epsEstAvg,FQ2026-07-31,3.23823
AVGO,2026-08-15,estimate,epsEstLow,FQ2026-07-31,3.08
AVGO,2026-08-15,estimate,epsEstHigh,FQ2026-07-31,3.33
AVGO,2026-08-15,estimate,epsEstAnalysts,FQ2026-07-31,37.0
AVGO,2026-08-15,estimate,epsEstGrowth,FQ2026-07-31,0.9161
AVGO,2026-08-15,estimate,epsEstAvg,FQ2026-10-31,3.87377
AVGO,2026-08-15,estimate,epsEstLow,FQ2026-10-31,3.6
AVGO,2026-08-15,estimate,epsEstHigh,FQ2026-10-31,4.12
AVGO,2026-08-15,estimate,epsEstAnalysts,FQ2026-10-31,35.0
AVGO,2026-08-15,estimate,epsEstGrowth,FQ2026-10-31,0.9865
AVGO,2026-08-15,estimate,epsEstAvg,FY2026-10-31,11.62543
AVGO,2026-08-15,estimate,epsEstLow,FY2026-10-31,11.16
AVGO,2026-08-15,estimate,epsEstHigh,FY2026-10-31,12.1445
AVGO,2026-08-15,estimate,epsEstAnalysts,FY2026-10-31,44.0
AVGO,2026-08-15,estimate,epsEstGrowth,FY2026-10-31,0.7046
AVGO,2026-08-15,estimate,epsEstAvg,FY2027-10-31,19.53066
AVGO,2026-08-15,estimate,epsEstLow,FY2027-10-31,16.22
AVGO,2026-08-15,estimate,epsEstHigh,FY2027-10-31,22.01179
AVGO,2026-08-15,estimate,epsEstAnalysts,FY2027-10-31,46.0
AVGO,2026-08-15,estimate,epsEstGrowth,FY2027-10-31,0.68
AVGO,2026-08-15,estimate,revEstAvg,FQ2026-07-31,29435187950.0
AVGO,2026-08-15,estimate,revEstLow,FQ2026-07-31,29195000000.0
AVGO,2026-08-15,estimate,revEstHigh,FQ2026-07-31,29687000000.0
AVGO,2026-08-15,estimate,revEstAnalysts,FQ2026-07-31,36.0
AVGO,2026-08-15,estimate,revEstGrowth,FQ2026-07-31,0.84519994
AVGO,2026-08-15,estimate,revEstAvg,FQ2026-10-31,34934805800.0
AVGO,2026-08-15,estimate,revEstLow,FQ2026-10-31,33427000000.0
AVGO,2026-08-15,estimate,revEstHigh,FQ2026-10-31,37010000000.0
AVGO,2026-08-15,estimate,revEstAnalysts,FQ2026-10-31,34.0
AVGO,2026-08-15,estimate,revEstGrowth,FQ2026-10-31,0.9392
AVGO,2026-08-15,estimate,revEstAvg,FY2026-10-31,106039607190.0
AVGO,2026-08-15,estimate,revEstLow,FY2026-10-31,104331000000.0
AVGO,2026-08-15,estimate,revEstHigh,FY2026-10-31,109132063510.0
AVGO,2026-08-15,estimate,revEstAnalysts,FY2026-10-31,43.0
AVGO,2026-08-15,estimate,revEstGrowth,FY2026-10-31,0.65980005
AVGO,2026-08-15,estimate,revEstAvg,FY2027-10-31,173526945620.0
AVGO,2026-08-15,estimate,revEstLow,FY2027-10-31,114715000000.0
AVGO,2026-08-15,estimate,revEstHigh,FY2027-10-31,200118493840.0
AVGO,2026-08-15,estimate,revEstAnalysts,FY2027-10-31,48.0
AVGO,2026-08-15,estimate,revEstGrowth,FY2027-10-31,0.6364
AVGO,2026-08-15,estimate,epsRevUp7,FQ2026-07-31,1.0
AVGO,2026-08-15,estimate,epsRevUp30,FQ2026-07-31,25.0
AVGO,2026-08-15,estimate,epsRevDown7,FQ2026-07-31,0.0
AVGO,2026-08-15,estimate,epsRevDown30,FQ2026-07-31,9.0
AVGO,2026-08-15,estimate,epsRevUp7,FQ2026-10-31,1.0
AVGO,2026-08-15,estimate,epsRevUp30,FQ2026-10-31,24.0
AVGO,2026-08-15,estimate,epsRevDown7,FQ2026-10-31,0.0
AVGO,2026-08-15,estimate,epsRevDown30,FQ2026-10-31,8.0
AVGO,2026-08-15,estimate,epsRevUp7,FY2026-10-31,2.0
AVGO,2026-08-15,estimate,epsRevUp30,FY2026-10-31,2.0
AVGO,2026-08-15,estimate,epsRevDown7,FY2026-10-31,0.0
AVGO,2026-08-15,estimate,epsRevDown30,FY2026-10-31,1.0
AVGO,2026-08-15,estimate,epsRevUp7,FY2027-10-31,2.0
AVGO,2026-08-15,estimate,epsRevUp30,FY2027-10-31,2.0
AVGO,2026-08-15,estimate,epsRevDown7,FY2027-10-31,0.0
AVGO,2026-08-15,estimate,epsRevDown30,FY2027-10-31,0.0
AMD,2026-08-15,estimate,epsEst,FQ2026-09-30,1.92529
AMD,2026-08-08,estimate,epsEst,FQ2026-09-30,1.92529
AMD,2026-07-16,estimate,epsEst,FQ2026-09-30,1.82489
AMD,2026-06-16,estimate,epsEst,FQ2026-09-30,1.80954
AMD,2026-05-17,estimate,epsEst,FQ2026-09-30,1.80339
AMD,2026-08-15,estimate,epsEst,FQ2026-12-31,2.65274
AMD,2026-08-08,estimate,epsEst,FQ2026-12-31,2.65274
AMD,2026-07-16,estimate,epsEst,FQ2026-12-31,2.59682
AMD,2026-06-16,estimate,epsEst,FQ2026-12-31,2.58139
AMD,2026-05-17,estimate,epsEst,FQ2026-12-31,2.58113
AMD,2026-08-15,estimate,epsEst,FY2026-12-31,7.56141
AMD,2026-08-08,estimate,epsEst,FY2026-12-31,7.56141
AMD,2026-07-16,estimate,epsEst,FY2026-12-31,7.41098
AMD,2026-06-16,estimate,epsEst,FY2026-12-31,7.3672
AMD,2026-05-17,estimate,epsEst,FY2026-12-31,7.36111
AMD,2026-08-15,estimate,epsEst,FY2027-12-31,15.45987
AMD,2026-08-08,estimate,epsEst,FY2027-12-31,15.45987
AMD,2026-07-16,estimate,epsEst,FY2027-12-31,13.33059
AMD,2026-06-16,estimate,epsEst,FY2027-12-31,13.1035
AMD,2026-05-17,estimate,epsEst,FY2027-12-31,12.95421
AMD,2026-08-15,estimate,epsEstAvg,FQ2026-09-30,1.92529
AMD,2026-08-15,estimate,epsEstLow,FQ2026-09-30,1.72
AMD,2026-08-15,estimate,epsEstHigh,FQ2026-09-30,2.03
AMD,2026-08-15,estimate,epsEstAnalysts,FQ2026-09-30,37.0
AMD,2026-08-15,estimate,epsEstGrowth,FQ2026-09-30,0.6044
AMD,2026-08-15,estimate,epsEstAvg,FQ2026-12-31,2.65274
AMD,2026-08-15,estimate,epsEstLow,FQ2026-12-31,1.93
AMD,2026-08-15,estimate,epsEstHigh,FQ2026-12-31,3.22
AMD,2026-08-15,estimate,epsEstAnalysts,FQ2026-12-31,37.0
AMD,2026-08-15,estimate,epsEstGrowth,FQ2026-12-31,0.7338
AMD,2026-08-15,estimate,epsEstAvg,FY2026-12-31,7.56141
AMD,2026-08-15,estimate,epsEstLow,FY2026-12-31,7.0
AMD,2026-08-15,estimate,epsEstHigh,FY2026-12-31,8.2
AMD,2026-08-15,estimate,epsEstAnalysts,FY2026-12-31,45.0
AMD,2026-08-15,estimate,epsEstGrowth,FY2026-12-31,0.8133
AMD,2026-08-15,estimate,epsEstAvg,FY2027-12-31,15.45987
AMD,2026-08-15,estimate,epsEstLow,FY2027-12-31,10.77
AMD,2026-08-15,estimate,epsEstHigh,FY2027-12-31,19.96
AMD,2026-08-15,estimate,epsEstAnalysts,FY2027-12-31,44.0
AMD,2026-08-15,estimate,epsEstGrowth,FY2027-12-31,1.0446
AMD,2026-08-15,estimate,revEstAvg,FQ2026-09-30,12992722440.0
AMD,2026-08-15,estimate,revEstLow,FQ2026-09-30,12100000000.0
AMD,2026-08-15,estimate,revEstHigh,FQ2026-09-30,14019000000.0
AMD,2026-08-15,estimate,revEstAnalysts,FQ2026-09-30,37.0
AMD,2026-08-15,estimate,revEstGrowth,FQ2026-09-30,0.4052
AMD,2026-08-15,estimate,revEstAvg,FQ2026-12-31,16096169100.0
AMD,2026-08-15,estimate,revEstLow,FQ2026-12-31,13292000000.0
AMD,2026-08-15,estimate,revEstHigh,FQ2026-12-31,17830500000.0
AMD,2026-08-15,estimate,revEstAnalysts,FQ2026-12-31,37.0
AMD,2026-08-15,estimate,revEstGrowth,FQ2026-12-31,0.5673
AMD,2026-08-15,estimate,revEstAvg,FY2026-12-31,50781391960.0
AMD,2026-08-15,estimate,revEstLow,FY2026-12-31,48339000000.0
AMD,2026-08-15,estimate,revEstHigh,FY2026-12-31,52659500000.0
AMD,2026-08-15,estimate,revEstAnalysts,FY2026-12-31,44.0
AMD,2026-08-15,estimate,revEstGrowth,FY2026-12-31,0.466
AMD,2026-08-15,estimate,revEstAvg,FY2027-12-31,87336149860.0
AMD,2026-08-15,estimate,revEstLow,FY2027-12-31,61257000000.0
AMD,2026-08-15,estimate,revEstHigh,FY2027-12-31,116095000000.0
AMD,2026-08-15,estimate,revEstAnalysts,FY2027-12-31,48.0
AMD,2026-08-15,estimate,revEstGrowth,FY2027-12-31,0.71980006
AMD,2026-08-15,estimate,epsRevUp7,FQ2026-09-30,22.0
AMD,2026-08-15,estimate,epsRevUp30,FQ2026-09-30,25.0
AMD,2026-08-15,estimate,epsRevDown7,FQ2026-09-30,4.0
AMD,2026-08-15,estimate,epsRevDown30,FQ2026-09-30,3.0
AMD,2026-08-15,estimate,epsRevUp7,FQ2026-12-31,17.0
AMD,2026-08-15,estimate,epsRevUp30,FQ2026-12-31,21.0
AMD,2026-08-15,estimate,epsRevDown7,FQ2026-12-31,10.0
AMD,2026-08-15,estimate,epsRevDown30,FQ2026-12-31,7.0
AMD,2026-08-15,estimate,epsRevUp7,FY2026-12-31,28.0
AMD,2026-08-15,estimate,epsRevUp30,FY2026-12-31,32.0
AMD,2026-08-15,estimate,epsRevDown7,FY2026-12-31,9.0
AMD,2026-08-15,estimate,epsRevDown30,FY2026-12-31,5.0
AMD,2026-08-15,estimate,epsRevUp7,FY2027-12-31,29.0
AMD,2026-08-15,estimate,epsRevUp30,FY2027-12-31,33.0
AMD,2026-08-15,estimate,epsRevDown7,FY2027-12-31,5.0
AMD,2026-08-15,estimate,epsRevDown30,FY2027-12-31,2.0
QCOM,2026-08-15,estimate,epsEst,FQ2026-09-30,2.15586
QCOM,2026-08-08,estimate,epsEst,FQ2026-09-30,2.16993
QCOM,2026-07-16,estimate,epsEst,FQ2026-09-30,2.38003
QCOM,2026-06-16,estimate,epsEst,FQ2026-09-30,2.35134
QCOM,2026-05-17,estimate,epsEst,FQ2026-09-30,2.35134
QCOM,2026-08-15,estimate,epsEst,FQ2026-12-31,2.29732
QCOM,2026-08-08,estimate,epsEst,FQ2026-12-31,2.34844
QCOM,2026-07-16,estimate,epsEst,FQ2026-12-31,2.68368
QCOM,2026-06-16,estimate,epsEst,FQ2026-12-31,2.67046
QCOM,2026-05-17,estimate,epsEst,FQ2026-12-31,2.67046
QCOM,2026-08-15,estimate,epsEst,FY2026-09-30,10.52302
QCOM,2026-08-08,estimate,epsEst,FY2026-09-30,10.53313
QCOM,2026-07-16,estimate,epsEst,FY2026-09-30,10.81398
QCOM,2026-06-16,estimate,epsEst,FY2026-09-30,10.80011
QCOM,2026-05-17,estimate,epsEst,FY2026-09-30,10.80011
QCOM,2026-08-15,estimate,epsEst,FY2027-09-30,10.20195
QCOM,2026-08-08,estimate,epsEst,FY2027-09-30,10.28783
QCOM,2026-07-16,estimate,epsEst,FY2027-09-30,11.04315
QCOM,2026-06-16,estimate,epsEst,FY2027-09-30,10.66716
QCOM,2026-05-17,estimate,epsEst,FY2027-09-30,10.63617
QCOM,2026-08-15,estimate,epsEstAvg,FQ2026-09-30,2.15586
QCOM,2026-08-15,estimate,epsEstLow,FQ2026-09-30,2.09
QCOM,2026-08-15,estimate,epsEstHigh,FQ2026-09-30,2.24
QCOM,2026-08-15,estimate,epsEstAnalysts,FQ2026-09-30,27.0
QCOM,2026-08-15,estimate,epsEstGrowth,FQ2026-09-30,-0.2814
QCOM,2026-08-15,estimate,epsEstAvg,FQ2026-12-31,2.29732
QCOM,2026-08-15,estimate,epsEstLow,FQ2026-12-31,2.0
QCOM,2026-08-15,estimate,epsEstHigh,FQ2026-12-31,2.95
QCOM,2026-08-15,estimate,epsEstAnalysts,FQ2026-12-31,27.0
QCOM,2026-08-15,estimate,epsEstGrowth,FQ2026-12-31,-0.3436
QCOM,2026-08-15,estimate,epsEstAvg,FY2026-09-30,10.52302
QCOM,2026-08-15,estimate,epsEstLow,FY2026-09-30,10.44
QCOM,2026-08-15,estimate,epsEstHigh,FY2026-09-30,10.61
QCOM,2026-08-15,estimate,epsEstAnalysts,FY2026-09-30,30.0
QCOM,2026-08-15,estimate,epsEstGrowth,FY2026-09-30,-0.12529999
QCOM,2026-08-15,estimate,epsEstAvg,FY2027-09-30,10.20195
QCOM,2026-08-15,estimate,epsEstLow,FY2027-09-30,8.83
QCOM,2026-08-15,estimate,epsEstHigh,FY2027-09-30,12.24
QCOM,2026-08-15,estimate,epsEstAnalysts,FY2027-09-30,34.0
QCOM,2026-08-15,estimate,epsEstGrowth,FY2027-09-30,-0.0305
QCOM,2026-08-15,estimate,revEstAvg,FQ2026-09-30,10145195930.0
QCOM,2026-08-15,estimate,revEstLow,FQ2026-09-30,9847400000.0
QCOM,2026-08-15,estimate,revEstHigh,FQ2026-09-30,10700000000.0
QCOM,2026-08-15,estimate,revEstAnalysts,FQ2026-09-30,26.0
QCOM,2026-08-15,estimate,revEstGrowth,FQ2026-09-30,-0.0998
QCOM,2026-08-15,estimate,revEstAvg,FQ2026-12-31,10585313160.0
QCOM,2026-08-15,estimate,revEstLow,FQ2026-12-31,9880605000.0
QCOM,2026-08-15,estimate,revEstHigh,FQ2026-12-31,11960000000.0
QCOM,2026-08-15,estimate,revEstAnalysts,FQ2026-12-31,23.0
QCOM,2026-08-15,estimate,revEstGrowth,FQ2026-12-31,-0.136
QCOM,2026-08-15,estimate,revEstAvg,FY2026-09-30,42951447040.0
QCOM,2026-08-15,estimate,revEstLow,FY2026-09-30,42774660570.0
QCOM,2026-08-15,estimate,revEstHigh,FY2026-09-30,43500000000.0
QCOM,2026-08-15,estimate,revEstAnalysts,FY2026-09-30,29.0
QCOM,2026-08-15,estimate,revEstGrowth,FY2026-09-30,-0.0269
QCOM,2026-08-15,estimate,revEstAvg,FY2027-09-30,44809220420.0
QCOM,2026-08-15,estimate,revEstLow,FY2027-09-30,41657000000.0
QCOM,2026-08-15,estimate,revEstHigh,FY2027-09-30,47100000000.0
QCOM,2026-08-15,estimate,revEstAnalysts,FY2027-09-30,33.0
QCOM,2026-08-15,estimate,revEstGrowth,FY2027-09-30,0.0433
QCOM,2026-08-15,estimate,epsRevUp7,FQ2026-09-30,0.0
QCOM,2026-08-15,estimate,epsRevUp30,FQ2026-09-30,1.0
QCOM,2026-08-15,estimate,epsRevDown7,FQ2026-09-30,3.0
QCOM,2026-08-15,estimate,epsRevDown30,FQ2026-09-30,24.0
QCOM,2026-08-15,estimate,epsRevUp7,FQ2026-12-31,0.0
QCOM,2026-08-15,estimate,epsRevUp30,FQ2026-12-31,1.0
QCOM,2026-08-15,estimate,epsRevDown7,FQ2026-12-31,2.0
QCOM,2026-08-15,estimate,epsRevDown30,FQ2026-12-31,23.0
QCOM,2026-08-15,estimate,epsRevUp7,FY2026-09-30,0.0
QCOM,2026-08-15,estimate,epsRevUp30,FY2026-09-30,1.0
QCOM,2026-08-15,estimate,epsRevDown7,FY2026-09-30,3.0
QCOM,2026-08-15,estimate,epsRevDown30,FY2026-09-30,26.0
QCOM,2026-08-15,estimate,epsRevUp7,FY2027-09-30,1.0
QCOM,2026-08-15,estimate,epsRevUp30,FY2027-09-30,3.0
QCOM,2026-08-15,estimate,epsRevDown7,FY2027-09-30,2.0
QCOM,2026-08-15,estimate,epsRevDown30,FY2027-09-30,26.0
TXN,2026-08-15,estimate,epsEst,FQ2026-09-30,2.41539
TXN,2026-08-08,estimate,epsEst,FQ2026-09-30,2.15973
TXN,2026-07-16,estimate,epsEst,FQ2026-09-30,2.12382
TXN,2026-06-16,estimate,epsEst,FQ2026-09-30,2.12382
TXN,2026-05-17,estimate,epsEst,FQ2026-09-30,2.12382
TXN,2026-08-15,estimate,epsEst,FQ2026-12-31,2.27793
TXN,2026-08-08,estimate,epsEst,FQ2026-12-31,2.03887
TXN,2026-07-16,estimate,epsEst,FQ2026-12-31,1.99959
TXN,2026-06-16,estimate,epsEst,FQ2026-12-31,1.99959
TXN,2026-05-17,estimate,epsEst,FQ2026-12-31,1.9922
TXN,2026-08-15,estimate,epsEst,FY2026-12-31,8.50003
TXN,2026-08-08,estimate,epsEst,FY2026-12-31,7.77354
TXN,2026-07-16,estimate,epsEst,FY2026-12-31,7.68001
TXN,2026-06-16,estimate,epsEst,FY2026-12-31,7.68415
TXN,2026-05-17,estimate,epsEst,FY2026-12-31,7.68968
TXN,2026-08-15,estimate,epsEst,FY2027-12-31,10.03407
TXN,2026-08-08,estimate,epsEst,FY2027-12-31,9.10749
TXN,2026-07-16,estimate,epsEst,FY2027-12-31,8.89054
TXN,2026-06-16,estimate,epsEst,FY2027-12-31,8.88838
TXN,2026-05-17,estimate,epsEst,FY2027-12-31,8.84209
TXN,2026-08-15,estimate,epsEstAvg,FQ2026-09-30,2.41539
TXN,2026-08-15,estimate,epsEstLow,FQ2026-09-30,2.26
TXN,2026-08-15,estimate,epsEstHigh,FQ2026-09-30,2.51
TXN,2026-08-15,estimate,epsEstAnalysts,FQ2026-09-30,24.0
TXN,2026-08-15,estimate,epsEstGrowth,FQ2026-09-30,0.632
TXN,2026-08-15,estimate,epsEstAvg,FQ2026-12-31,2.27793
TXN,2026-08-15,estimate,epsEstLow,FQ2026-12-31,2.11
TXN,2026-08-15,estimate,epsEstHigh,FQ2026-12-31,2.43381
TXN,2026-08-15,estimate,epsEstAnalysts,FQ2026-12-31,24.0
TXN,2026-08-15,estimate,epsEstGrowth,FQ2026-12-31,0.7936
TXN,2026-08-15,estimate,epsEstAvg,FY2026-12-31,8.50003
TXN,2026-08-15,estimate,epsEstLow,FY2026-12-31,8.08
TXN,2026-08-15,estimate,epsEstHigh,FY2026-12-31,8.71
TXN,2026-08-15,estimate,epsEstAnalysts,FY2026-12-31,25.0
TXN,2026-08-15,estimate,epsEstGrowth,FY2026-12-31,0.5596
TXN,2026-08-15,estimate,epsEstAvg,FY2027-12-31,10.03407
TXN,2026-08-15,estimate,epsEstLow,FY2027-12-31,8.52
TXN,2026-08-15,estimate,epsEstHigh,FY2027-12-31,13.5
TXN,2026-08-15,estimate,epsEstAnalysts,FY2027-12-31,28.0
TXN,2026-08-15,estimate,epsEstGrowth,FY2027-12-31,0.18049999
TXN,2026-08-15,estimate,revEstAvg,FQ2026-09-30,5907811310.0
TXN,2026-08-15,estimate,revEstLow,FQ2026-09-30,5701950650.0
TXN,2026-08-15,estimate,revEstHigh,FQ2026-09-30,6063930000.0
TXN,2026-08-15,estimate,revEstAnalysts,FQ2026-09-30,25.0
TXN,2026-08-15,estimate,revEstGrowth,FQ2026-09-30,0.2458
TXN,2026-08-15,estimate,revEstAvg,FQ2026-12-31,5717152400.0
TXN,2026-08-15,estimate,revEstLow,FQ2026-12-31,5188000000.0
TXN,2026-08-15,estimate,revEstHigh,FQ2026-12-31,5962700000.0
TXN,2026-08-15,estimate,revEstAnalysts,FQ2026-12-31,25.0
TXN,2026-08-15,estimate,revEstGrowth,FQ2026-12-31,0.2926
TXN,2026-08-15,estimate,revEstAvg,FY2026-12-31,21902801980.0
TXN,2026-08-15,estimate,revEstLow,FY2026-12-31,21368292540.0
TXN,2026-08-15,estimate,revEstHigh,FY2026-12-31,22169000000.0
TXN,2026-08-15,estimate,revEstAnalysts,FY2026-12-31,30.0
TXN,2026-08-15,estimate,revEstGrowth,FY2026-12-31,0.2387
TXN,2026-08-15,estimate,revEstAvg,FY2027-12-31,24824395450.0
TXN,2026-08-15,estimate,revEstLow,FY2027-12-31,22800000000.0
TXN,2026-08-15,estimate,revEstHigh,FY2027-12-31,29603000000.0
TXN,2026-08-15,estimate,revEstAnalysts,FY2027-12-31,33.0
TXN,2026-08-15,estimate,revEstGrowth,FY2027-12-31,0.13340001
TXN,2026-08-15,estimate,epsRevUp7,FQ2026-09-30,22.0
TXN,2026-08-15,estimate,epsRevUp30,FQ2026-09-30,23.0
TXN,2026-08-15,estimate,epsRevDown7,FQ2026-09-30,0.0
TXN,2026-08-15,estimate,epsRevDown30,FQ2026-09-30,0.0
TXN,2026-08-15,estimate,epsRevUp7,FQ2026-12-31,22.0
TXN,2026-08-15,estimate,epsRevUp30,FQ2026-12-31,23.0
TXN,2026-08-15,estimate,epsRevDown7,FQ2026-12-31,0.0
TXN,2026-08-15,estimate,epsRevDown30,FQ2026-12-31,0.0
TXN,2026-08-15,estimate,epsRevUp7,FY2026-12-31,25.0
TXN,2026-08-15,estimate,epsRevUp30,FY2026-12-31,25.0
TXN,2026-08-15,estimate,epsRevDown7,FY2026-12-31,0.0
TXN,2026-08-15,estimate,epsRevDown30,FY2026-12-31,0.0
TXN,2026-08-15,estimate,epsRevUp7,FY2027-12-31,23.0
TXN,2026-08-15,estimate,epsRevUp30,FY2027-12-31,23.0
TXN,2026-08-15,estimate,epsRevDown7,FY2027-12-31,0.0
TXN,2026-08-15,estimate,epsRevDown30,FY2027-12-31,0.0
INTC,2026-08-15,estimate,epsEst,FQ2026-09-30,0.38887
INTC,2026-08-08,estimate,epsEst,FQ2026-09-30,0.38971
INTC,2026-07-16,estimate,epsEst,FQ2026-09-30,0.26461
INTC,2026-06-16,estimate,epsEst,FQ2026-09-30,0.2627
INTC,2026-05-17,estimate,epsEst,FQ2026-09-30,0.2627
INTC,2026-08-15,estimate,epsEst,FQ2026-12-31,0.4261
INTC,2026-08-08,estimate,epsEst,FQ2026-12-31,0.42632
INTC,2026-07-16,estimate,epsEst,FQ2026-12-31,0.30491
INTC,2026-06-16,estimate,epsEst,FQ2026-12-31,0.30446
INTC,2026-05-17,estimate,epsEst,FQ2026-12-31,0.30333
INTC,2026-08-15,estimate,epsEst,FY2026-12-31,1.5129
INTC,2026-08-08,estimate,epsEst,FY2026-12-31,1.51791
INTC,2026-07-16,estimate,epsEst,FY2026-12-31,1.09713
INTC,2026-06-16,estimate,epsEst,FY2026-12-31,1.09012
INTC,2026-05-17,estimate,epsEst,FY2026-12-31,1.08592
INTC,2026-08-15,estimate,epsEst,FY2027-12-31,2.04013
INTC,2026-08-08,estimate,epsEst,FY2027-12-31,2.03101
INTC,2026-07-16,estimate,epsEst,FY2027-12-31,1.55808
INTC,2026-06-16,estimate,epsEst,FY2027-12-31,1.52008
INTC,2026-05-17,estimate,epsEst,FY2027-12-31,1.51021
INTC,2026-08-15,estimate,epsEstAvg,FQ2026-09-30,0.38887
INTC,2026-08-15,estimate,epsEstLow,FQ2026-09-30,0.37
INTC,2026-08-15,estimate,epsEstHigh,FQ2026-09-30,0.45
INTC,2026-08-15,estimate,epsEstAnalysts,FQ2026-09-30,33.0
INTC,2026-08-15,estimate,epsEstGrowth,FQ2026-09-30,0.6907
INTC,2026-08-15,estimate,epsEstAvg,FQ2026-12-31,0.4261
INTC,2026-08-15,estimate,epsEstLow,FQ2026-12-31,0.32
INTC,2026-08-15,estimate,epsEstHigh,FQ2026-12-31,0.53
INTC,2026-08-15,estimate,epsEstAnalysts,FQ2026-12-31,33.0
INTC,2026-08-15,estimate,epsEstGrowth,FQ2026-12-31,1.8407
INTC,2026-08-15,estimate,epsEstAvg,FY2026-12-31,1.5129
INTC,2026-08-15,estimate,epsEstLow,FY2026-12-31,1.12
INTC,2026-08-15,estimate,epsEstHigh,FY2026-12-31,1.69
INTC,2026-08-15,estimate,epsEstAnalysts,FY2026-12-31,38.0
INTC,2026-08-15,estimate,epsEstGrowth,FY2026-12-31,2.6021
INTC,2026-08-15,estimate,epsEstAvg,FY2027-12-31,2.04013
INTC,2026-08-15,estimate,epsEstLow,FY2027-12-31,1.15
INTC,2026-08-15,estimate,epsEstHigh,FY2027-12-31,3.44
INTC,2026-08-15,estimate,epsEstAnalysts,FY2027-12-31,44.0
INTC,2026-08-15,estimate,epsEstGrowth,FY2027-12-31,0.34849998
INTC,2026-08-15,estimate,revEstAvg,FQ2026-09-30,16414478340.0
INTC,2026-08-15,estimate,revEstLow,FQ2026-09-30,16281000000.0
INTC,2026-08-15,estimate,revEstHigh,FQ2026-09-30,17027075000.0
INTC,2026-08-15,estimate,revEstAnalysts,FQ2026-09-30,33.0
INTC,2026-08-15,estimate,revEstGrowth,FQ2026-09-30,0.2023
INTC,2026-08-15,estimate,revEstAvg,FQ2026-12-31,16920851009.0
INTC,2026-08-15,estimate,revEstLow,FQ2026-12-31,15613000000.0
INTC,2026-08-15,estimate,revEstHigh,FQ2026-12-31,18100000000.0
INTC,2026-08-15,estimate,revEstAnalysts,FQ2026-12-31,33.0
INTC,2026-08-15,estimate,revEstGrowth,FQ2026-12-31,0.2374
INTC,2026-08-15,estimate,revEstAvg,FY2026-12-31,62993526010.0
INTC,2026-08-15,estimate,revEstLow,FY2026-12-31,58655000000.0
INTC,2026-08-15,estimate,revEstHigh,FY2026-12-31,66170000000.0
INTC,2026-08-15,estimate,revEstAnalysts,FY2026-12-31,39.0
INTC,2026-08-15,estimate,revEstGrowth,FY2026-12-31,0.1919
INTC,2026-08-15,estimate,revEstAvg,FY2027-12-31,71220796210.0
INTC,2026-08-15,estimate,revEstLow,FY2027-12-31,58673000000.0
INTC,2026-08-15,estimate,revEstHigh,FY2027-12-31,83118000000.0
INTC,2026-08-15,estimate,revEstAnalysts,FY2027-12-31,45.0
INTC,2026-08-15,estimate,revEstGrowth,FY2027-12-31,0.1306
INTC,2026-08-15,estimate,epsRevUp7,FQ2026-09-30,0.0
INTC,2026-08-15,estimate,epsRevUp30,FQ2026-09-30,30.0
INTC,2026-08-15,estimate,epsRevDown7,FQ2026-09-30,0.0
INTC,2026-08-15,estimate,epsRevDown30,FQ2026-09-30,0.0
INTC,2026-08-15,estimate,epsRevUp7,FQ2026-12-31,0.0
INTC,2026-08-15,estimate,epsRevUp30,FQ2026-12-31,29.0
INTC,2026-08-15,estimate,epsRevDown7,FQ2026-12-31,0.0
INTC,2026-08-15,estimate,epsRevDown30,FQ2026-12-31,0.0
INTC,2026-08-15,estimate,epsRevUp7,FY2026-12-31,0.0
INTC,2026-08-15,estimate,epsRevUp30,FY2026-12-31,32.0
INTC,2026-08-15,estimate,epsRevDown7,FY2026-12-31,0.0
INTC,2026-08-15,estimate,epsRevDown30,FY2026-12-31,1.0
INTC,2026-08-15,estimate,epsRevUp7,FY2027-12-31,1.0
INTC,2026-08-15,estimate,epsRevUp30,FY2027-12-31,32.0
INTC,2026-08-15,estimate,epsRevDown7,FY2027-12-31,0.0
INTC,2026-08-15,estimate,epsRevDown30,FY2027-12-31,0.0
MU,2026-08-15,estimate,epsEst,FQ2026-08-31,31.30102
MU,2026-08-08,estimate,epsEst,FQ2026-08-31,31.31417
MU,2026-07-16,estimate,epsEst,FQ2026-08-31,31.27167
MU,2026-06-16,estimate,epsEst,FQ2026-08-31,23.32096
MU,2026-05-17,estimate,epsEst,FQ2026-08-31,22.50035
MU,2026-08-15,estimate,epsEst,FQ2026-11-30,34.7977
MU,2026-08-08,estimate,epsEst,FQ2026-11-30,34.83076
MU,2026-07-16,estimate,epsEst,FQ2026-11-30,34.76357
MU,2026-06-16,estimate,epsEst,FQ2026-11-30,26.39999
MU,2026-05-17,estimate,epsEst,FQ2026-11-30,24.91744
MU,2026-08-15,estimate,epsEst,FY2026-08-31,73.38748
MU,2026-08-08,estimate,epsEst,FY2026-08-31,73.39892
MU,2026-07-16,estimate,epsEst,FY2026-08-31,73.29027
MU,2026-06-16,estimate,epsEst,FY2026-08-31,59.66867
MU,2026-05-17,estimate,epsEst,FY2026-08-31,58.13647
MU,2026-08-15,estimate,epsEst,FY2027-08-31,154.88959
MU,2026-08-08,estimate,epsEst,FY2027-08-31,155.09267
MU,2026-07-16,estimate,epsEst,FY2027-08-31,149.32397
MU,2026-06-16,estimate,epsEst,FY2027-08-31,111.50598
MU,2026-05-17,estimate,epsEst,FY2027-08-31,101.82364
MU,2026-08-15,estimate,epsEstAvg,FQ2026-08-31,31.30102
MU,2026-08-15,estimate,epsEstLow,FQ2026-08-31,28.04
MU,2026-08-15,estimate,epsEstHigh,FQ2026-08-31,37.44
MU,2026-08-15,estimate,epsEstAnalysts,FQ2026-08-31,32.0
MU,2026-08-15,estimate,epsEstGrowth,FQ2026-08-31,9.3303995
MU,2026-08-15,estimate,epsEstAvg,FQ2026-11-30,34.7977
MU,2026-08-15,estimate,epsEstLow,FQ2026-11-30,25.64
MU,2026-08-15,estimate,epsEstHigh,FQ2026-11-30,47.81
MU,2026-08-15,estimate,epsEstAnalysts,FQ2026-11-30,32.0
MU,2026-08-15,estimate,epsEstGrowth,FQ2026-11-30,6.2799
MU,2026-08-15,estimate,epsEstAvg,FY2026-08-31,73.38748
MU,2026-08-15,estimate,epsEstLow,FY2026-08-31,67.39
MU,2026-08-15,estimate,epsEstHigh,FY2026-08-31,80.16
MU,2026-08-15,estimate,epsEstAnalysts,FY2026-08-31,37.0
MU,2026-08-15,estimate,epsEstGrowth,FY2026-08-31,7.8525
MU,2026-08-15,estimate,epsEstAvg,FY2027-08-31,154.88959
MU,2026-08-15,estimate,epsEstLow,FY2027-08-31,106.89
MU,2026-08-15,estimate,epsEstHigh,FY2027-08-31,221.27
MU,2026-08-15,estimate,epsEstAnalysts,FY2027-08-31,38.0
MU,2026-08-15,estimate,epsEstGrowth,FY2027-08-31,1.1106
MU,2026-08-15,estimate,revEstAvg,FQ2026-08-31,50818298960.0
MU,2026-08-15,estimate,revEstLow,FQ2026-08-31,46911000000.0
MU,2026-08-15,estimate,revEstHigh,FQ2026-08-31,59805000000.0
MU,2026-08-15,estimate,revEstAnalysts,FQ2026-08-31,31.0
MU,2026-08-15,estimate,revEstGrowth,FQ2026-08-31,3.4912
MU,2026-08-15,estimate,revEstAvg,FQ2026-11-30,56661158870.0
MU,2026-08-15,estimate,revEstLow,FQ2026-11-30,45500000000.0
MU,2026-08-15,estimate,revEstHigh,FQ2026-11-30,75369000000.0
MU,2026-08-15,estimate,revEstAnalysts,FQ2026-11-30,30.0
MU,2026-08-15,estimate,revEstGrowth,FQ2026-11-30,3.1531
MU,2026-08-15,estimate,revEstAvg,FY2026-08-31,129741678360.0
MU,2026-08-15,estimate,revEstLow,FY2026-08-31,122598000000.0
MU,2026-08-15,estimate,revEstHigh,FY2026-08-31,138764000000.0
MU,2026-08-15,estimate,revEstAnalysts,FY2026-08-31,39.0
MU,2026-08-15,estimate,revEstGrowth,FY2026-08-31,2.4711
MU,2026-08-15,estimate,revEstAvg,FY2027-08-31,239843800520.0
MU,2026-08-15,estimate,revEstLow,FY2027-08-31,101608000000.0
MU,2026-08-15,estimate,revEstHigh,FY2027-08-31,290086900000.0
MU,2026-08-15,estimate,revEstAnalysts,FY2027-08-31,42.0
MU,2026-08-15,estimate,revEstGrowth,FY2027-08-31,0.84860003
MU,2026-08-15,estimate,epsRevUp7,FQ2026-08-31,1.0
MU,2026-08-15,estimate,epsRevUp30,FQ2026-08-31,26.0
MU,2026-08-15,estimate,epsRevDown7,FQ2026-08-31,0.0
MU,2026-08-15,estimate,epsRevDown30,FQ2026-08-31,0.0
MU,2026-08-15,estimate,epsRevUp7,FQ2026-11-30,1.0
MU,2026-08-15,estimate,epsRevUp30,FQ2026-11-30,23.0
MU,2026-08-15,estimate,epsRevDown7,FQ2026-11-30,0.0
MU,2026-08-15,estimate,epsRevDown30,FQ2026-11-30,0.0
MU,2026-08-15,estimate,epsRevUp7,FY2026-08-31,0.0
MU,2026-08-15,estimate,epsRevUp30,FY2026-08-31,29.0
MU,2026-08-15,estimate,epsRevDown7,FY2026-08-31,0.0
MU,2026-08-15,estimate,epsRevDown30,FY2026-08-31,1.0
MU,2026-08-15,estimate,epsRevUp7,FY2027-08-31,0.0
MU,2026-08-15,estimate,epsRevUp30,FY2027-08-31,5.0
MU,2026-08-15,estimate,epsRevDown7,FY2027-08-31,1.0
MU,2026-08-15,estimate,epsRevDown30,FY2027-08-31,1.0
ADI,2026-08-15,estimate,epsEst,FQ2026-07-31,3.33389
ADI,2026-08-08,estimate,epsEst,FQ2026-07-31,3.33389
ADI,2026-07-16,estimate,epsEst,FQ2026-07-31,3.31528
ADI,2026-06-16,estimate,epsEst,FQ2026-07-31,3.31528
ADI,2026-05-17,estimate,epsEst,FQ2026-07-31,2.99443
ADI,2026-08-15,estimate,epsEst,FQ2026-10-31,3.53773
ADI,2026-08-08,estimate,epsEst,FQ2026-10-31,3.53773
ADI,2026-07-16,estimate,epsEst,FQ2026-10-31,3.49182
ADI,2026-06-16,estimate,epsEst,FQ2026-10-31,3.49182
ADI,2026-05-17,estimate,epsEst,FQ2026-10-31,3.13224
ADI,2026-08-15,estimate,epsEst,FY2026-10-31,12.43447
ADI,2026-08-08,estimate,epsEst,FY2026-10-31,12.43447
ADI,2026-07-16,estimate,epsEst,FY2026-10-31,12.34056
ADI,2026-06-16,estimate,epsEst,FY2026-10-31,12.33983
ADI,2026-05-17,estimate,epsEst,FY2026-10-31,11.47524
ADI,2026-08-15,estimate,epsEst,FY2027-10-31,15.06237
ADI,2026-08-08,estimate,epsEst,FY2027-10-31,15.06237
ADI,2026-07-16,estimate,epsEst,FY2027-10-31,14.7813
ADI,2026-06-16,estimate,epsEst,FY2027-10-31,14.77333
ADI,2026-05-17,estimate,epsEst,FY2027-10-31,13.20796
ADI,2026-08-15,estimate,epsEstAvg,FQ2026-07-31,3.33389
ADI,2026-08-15,estimate,epsEstLow,FQ2026-07-31,3.29
ADI,2026-08-15,estimate,epsEstHigh,FQ2026-07-31,3.42
ADI,2026-08-15,estimate,epsEstAnalysts,FQ2026-07-31,25.0
ADI,2026-08-15,estimate,epsEstGrowth,FQ2026-07-31,0.62630004
ADI,2026-08-15,estimate,epsEstAvg,FQ2026-10-31,3.53773
ADI,2026-08-15,estimate,epsEstLow,FQ2026-10-31,3.4
ADI,2026-08-15,estimate,epsEstHigh,FQ2026-10-31,3.93
ADI,2026-08-15,estimate,epsEstAnalysts,FQ2026-10-31,24.0
ADI,2026-08-15,estimate,epsEstGrowth,FQ2026-10-31,0.5654
ADI,2026-08-15,estimate,epsEstAvg,FY2026-10-31,12.43447
ADI,2026-08-15,estimate,epsEstLow,FY2026-10-31,12.24
ADI,2026-08-15,estimate,epsEstHigh,FY2026-10-31,13.14
ADI,2026-08-15,estimate,epsEstAnalysts,FY2026-10-31,28.0
ADI,2026-08-15,estimate,epsEstGrowth,FY2026-10-31,0.5962
ADI,2026-08-15,estimate,epsEstAvg,FY2027-10-31,15.06237
ADI,2026-08-15,estimate,epsEstLow,FY2027-10-31,13.61
ADI,2026-08-15,estimate,epsEstHigh,FY2027-10-31,17.0
ADI,2026-08-15,estimate,epsEstAnalysts,FY2027-10-31,28.0
ADI,2026-08-15,estimate,epsEstGrowth,FY2027-10-31,0.21129999
ADI,2026-08-15,estimate,revEstAvg,FQ2026-07-31,3925036520.0
ADI,2026-08-15,estimate,revEstLow,FQ2026-07-31,3899700000.0
ADI,2026-08-15,estimate,revEstHigh,FQ2026-07-31,3998000000.0
ADI,2026-08-15,estimate,revEstAnalysts,FQ2026-07-31,25.0
ADI,2026-08-15,estimate,revEstGrowth,FQ2026-07-31,0.36270002
ADI,2026-08-15,estimate,revEstAvg,FQ2026-10-31,4074846010.0
ADI,2026-08-15,estimate,revEstLow,FQ2026-10-31,3890000000.0
ADI,2026-08-15,estimate,revEstHigh,FQ2026-10-31,4382800000.0
ADI,2026-08-15,estimate,revEstAnalysts,FQ2026-10-31,24.0
ADI,2026-08-15,estimate,revEstGrowth,FQ2026-10-31,0.3247
ADI,2026-08-15,estimate,revEstAvg,FY2026-10-31,14810172430.0
ADI,2026-08-15,estimate,revEstLow,FY2026-10-31,14626000000.0
ADI,2026-08-15,estimate,revEstHigh,FY2026-10-31,15412000000.0
ADI,2026-08-15,estimate,revEstAnalysts,FY2026-10-31,28.0
ADI,2026-08-15,estimate,revEstGrowth,FY2026-10-31,0.344
ADI,2026-08-15,estimate,revEstAvg,FY2027-10-31,17156773239.0
ADI,2026-08-15,estimate,revEstLow,FY2027-10-31,16091300000.0
ADI,2026-08-15,estimate,revEstHigh,FY2027-10-31,18943000000.0
ADI,2026-08-15,estimate,revEstAnalysts,FY2027-10-31,28.0
ADI,2026-08-15,estimate,revEstGrowth,FY2027-10-31,0.1584
ADI,2026-08-15,estimate,epsRevUp7,FQ2026-07-31,2.0
ADI,2026-08-15,estimate,epsRevUp30,FQ2026-07-31,3.0
ADI,2026-08-15,estimate,epsRevDown7,FQ2026-07-31,0.0
ADI,2026-08-15,estimate,epsRevDown30,FQ2026-07-31,0.0
ADI,2026-08-15,estimate,epsRevUp7,FQ2026-10-31,2.0
ADI,2026-08-15,estimate,epsRevUp30,FQ2026-10-31,4.0
ADI,2026-08-15,estimate,epsRevDown7,FQ2026-10-31,0.0
ADI,2026-08-15,estimate,epsRevDown30,FQ2026-10-31,0.0
ADI,2026-08-15,estimate,epsRevUp7,FY2026-10-31,2.0
ADI,2026-08-15,estimate,epsRevUp30,FY2026-10-31,5.0
ADI,2026-08-15,estimate,epsRevDown7,FY2026-10-31,0.0
ADI,2026-08-15,estimate,epsRevDown30,FY2026-10-31,0.0
ADI,2026-08-15,estimate,epsRevUp7,FY2027-10-31,3.0
ADI,2026-08-15,estimate,epsRevUp30,FY2027-10-31,6.0
ADI,2026-08-15,estimate,epsRevDown7,FY2027-10-31,0.0
ADI,2026-08-15,estimate,epsRevDown30,FY2027-10-31,0.0
NXPI,2026-08-15,estimate,epsEst,FQ2026-09-30,4.10412
NXPI,2026-08-08,estimate,epsEst,FQ2026-09-30,4.02914
NXPI,2026-07-16,estimate,epsEst,FQ2026-09-30,3.99152
NXPI,2026-06-16,estimate,epsEst,FQ2026-09-30,3.98463
NXPI,2026-05-17,estimate,epsEst,FQ2026-09-30,3.98463
NXPI,2026-08-15,estimate,epsEst,FQ2026-12-31,4.31826
NXPI,2026-08-08,estimate,epsEst,FQ2026-12-31,4.24558
NXPI,2026-07-16,estimate,epsEst,FQ2026-12-31,4.20653
NXPI,2026-06-16,estimate,epsEst,FQ2026-12-31,4.20032
NXPI,2026-05-17,estimate,epsEst,FQ2026-12-31,4.20032
NXPI,2026-08-15,estimate,epsEst,FY2026-12-31,15.0591
NXPI,2026-08-08,estimate,epsEst,FY2026-12-31,14.87094
NXPI,2026-07-16,estimate,epsEst,FY2026-12-31,14.80431
NXPI,2026-06-16,estimate,epsEst,FY2026-12-31,14.7559
NXPI,2026-05-17,estimate,epsEst,FY2026-12-31,14.76454
NXPI,2026-08-15,estimate,epsEst,FY2027-12-31,18.09511
NXPI,2026-08-08,estimate,epsEst,FY2027-12-31,17.90022
NXPI,2026-07-16,estimate,epsEst,FY2027-12-31,17.70982
NXPI,2026-06-16,estimate,epsEst,FY2027-12-31,17.62872
NXPI,2026-05-17,estimate,epsEst,FY2027-12-31,17.57613
NXPI,2026-08-15,estimate,epsEstAvg,FQ2026-09-30,4.10412
NXPI,2026-08-15,estimate,epsEstLow,FQ2026-09-30,3.85
NXPI,2026-08-15,estimate,epsEstHigh,FQ2026-09-30,4.21
NXPI,2026-08-15,estimate,epsEstAnalysts,FQ2026-09-30,22.0
NXPI,2026-08-15,estimate,epsEstGrowth,FQ2026-09-30,0.3197
NXPI,2026-08-15,estimate,epsEstAvg,FQ2026-12-31,4.31826
NXPI,2026-08-15,estimate,epsEstLow,FQ2026-12-31,3.94
NXPI,2026-08-15,estimate,epsEstHigh,FQ2026-12-31,4.57
NXPI,2026-08-15,estimate,epsEstAnalysts,FQ2026-12-31,22.0
NXPI,2026-08-15,estimate,epsEstGrowth,FQ2026-12-31,0.289
NXPI,2026-08-15,estimate,epsEstAvg,FY2026-12-31,15.0591
NXPI,2026-08-15,estimate,epsEstLow,FY2026-12-31,14.28
NXPI,2026-08-15,estimate,epsEstHigh,FY2026-12-31,15.65
NXPI,2026-08-15,estimate,epsEstAnalysts,FY2026-12-31,25.0
NXPI,2026-08-15,estimate,epsEstGrowth,FY2026-12-31,0.2751
NXPI,2026-08-15,estimate,epsEstAvg,FY2027-12-31,18.09511
NXPI,2026-08-15,estimate,epsEstLow,FY2027-12-31,16.26
NXPI,2026-08-15,estimate,epsEstHigh,FY2027-12-31,20.38
NXPI,2026-08-15,estimate,epsEstAnalysts,FY2027-12-31,26.0
NXPI,2026-08-15,estimate,epsEstGrowth,FY2027-12-31,0.2016
NXPI,2026-08-15,estimate,revEstAvg,FQ2026-09-30,3751960100.0
NXPI,2026-08-15,estimate,revEstLow,FQ2026-09-30,3674962400.0
NXPI,2026-08-15,estimate,revEstHigh,FQ2026-09-30,3800730000.0
NXPI,2026-08-15,estimate,revEstAnalysts,FQ2026-09-30,23.0
NXPI,2026-08-15,estimate,revEstGrowth,FQ2026-09-30,0.1825
NXPI,2026-08-15,estimate,revEstAvg,FQ2026-12-31,3841047450.0
NXPI,2026-08-15,estimate,revEstLow,FQ2026-12-31,3686400000.0
NXPI,2026-08-15,estimate,revEstHigh,FQ2026-12-31,3970000000.0
NXPI,2026-08-15,estimate,revEstAnalysts,FQ2026-12-31,23.0
NXPI,2026-08-15,estimate,revEstGrowth,FQ2026-12-31,0.1517
NXPI,2026-08-15,estimate,revEstAvg,FY2026-12-31,14244726800.0
NXPI,2026-08-15,estimate,revEstLow,FY2026-12-31,13827160000.0
NXPI,2026-08-15,estimate,revEstHigh,FY2026-12-31,14397000000.0
NXPI,2026-08-15,estimate,revEstAnalysts,FY2026-12-31,27.0
NXPI,2026-08-15,estimate,revEstGrowth,FY2026-12-31,0.161
NXPI,2026-08-15,estimate,revEstAvg,FY2027-12-31,15857452420.0
NXPI,2026-08-15,estimate,revEstLow,FY2027-12-31,15132200000.0
NXPI,2026-08-15,estimate,revEstHigh,FY2027-12-31,16756599999.0
NXPI,2026-08-15,estimate,revEstAnalysts,FY2027-12-31,28.0
NXPI,2026-08-15,estimate,revEstGrowth,FY2027-12-31,0.113199994
NXPI,2026-08-15,estimate,epsRevUp7,FQ2026-09-30,2.0
NXPI,2026-08-15,estimate,epsRevUp30,FQ2026-09-30,3.0
NXPI,2026-08-15,estimate,epsRevDown7,FQ2026-09-30,0.0
NXPI,2026-08-15,estimate,epsRevDown30,FQ2026-09-30,0.0
NXPI,2026-08-15,estimate,epsRevUp7,FQ2026-12-31,2.0
NXPI,2026-08-15,estimate,epsRevUp30,FQ2026-12-31,3.0
NXPI,2026-08-15,estimate,epsRevDown7,FQ2026-12-31,0.0
NXPI,2026-08-15,estimate,epsRevDown30,FQ2026-12-31,0.0
NXPI,2026-08-15,estimate,epsRevUp7,FY2026-12-31,2.0
NXPI,2026-08-15,estimate,epsRevUp30,FY2026-12-31,4.0
NXPI,2026-08-15,estimate,epsRevDown7,FY2026-12-31,0.0
NXPI,2026-08-15,estimate,epsRevDown30,FY2026-12-31,0.0
NXPI,2026-08-15,estimate,epsRevUp7,FY2027-12-31,3.0
NXPI,2026-08-15,estimate,epsRevUp30,FY2027-12-31,5.0
NXPI,2026-08-15,estimate,epsRevDown7,FY2027-12-31,0.0
NXPI,2026-08-15,estimate,epsRevDown30,FY2027-12-31,0.0
MRVL,2026-08-15,estimate,epsEst,FQ2026-07-31,0.9279
MRVL,2026-08-08,estimate,epsEst,FQ2026-07-31,0.92727
MRVL,2026-07-16,estimate,epsEst,FQ2026-07-31,0.92735
MRVL,2026-06-16,estimate,epsEst,FQ2026-07-31,0.92735
MRVL,2026-05-17,estimate,epsEst,FQ2026-07-31,0.0
MRVL,2026-08-15,estimate,epsEst,FQ2026-10-31,1.07134
MRVL,2026-08-08,estimate,epsEst,FQ2026-10-31,1.07067
MRVL,2026-07-16,estimate,epsEst,FQ2026-10-31,1.07097
MRVL,2026-06-16,estimate,epsEst,FQ2026-10-31,1.07
MRVL,2026-05-17,estimate,epsEst,FQ2026-10-31,0.0
MRVL,2026-08-15,estimate,epsEst,FY2027-01-31,4.05065
MRVL,2026-08-08,estimate,epsEst,FY2027-01-31,4.04907
MRVL,2026-07-16,estimate,epsEst,FY2027-01-31,4.04933
MRVL,2026-06-16,estimate,epsEst,FY2027-01-31,4.04749
MRVL,2026-05-17,estimate,epsEst,FY2027-01-31,0.0
MRVL,2026-08-15,estimate,epsEst,FY2028-01-31,6.24248
MRVL,2026-08-08,estimate,epsEst,FY2028-01-31,6.24094
MRVL,2026-07-16,estimate,epsEst,FY2028-01-31,6.17792
MRVL,2026-06-16,estimate,epsEst,FY2028-01-31,6.17263
MRVL,2026-05-17,estimate,epsEst,FY2028-01-31,0.0
MRVL,2026-08-15,estimate,epsEstAvg,FQ2026-07-31,0.9279
MRVL,2026-08-15,estimate,epsEstLow,FQ2026-07-31,0.88
MRVL,2026-08-15,estimate,epsEstHigh,FQ2026-07-31,0.94
MRVL,2026-08-15,estimate,epsEstAnalysts,FQ2026-07-31,32.0
MRVL,2026-08-15,estimate,epsEstGrowth,FQ2026-07-31,0.3849
MRVL,2026-08-15,estimate,epsEstAvg,FQ2026-10-31,1.07134
MRVL,2026-08-15,estimate,epsEstLow,FQ2026-10-31,1.01
MRVL,2026-08-15,estimate,epsEstHigh,FQ2026-10-31,1.11
MRVL,2026-08-15,estimate,epsEstAnalysts,FQ2026-10-31,30.0
MRVL,2026-08-15,estimate,epsEstGrowth,FQ2026-10-31,0.4097
MRVL,2026-08-15,estimate,epsEstAvg,FY2027-01-31,4.05065
MRVL,2026-08-15,estimate,epsEstLow,FY2027-01-31,3.81
MRVL,2026-08-15,estimate,epsEstHigh,FY2027-01-31,4.19659
MRVL,2026-08-15,estimate,epsEstAnalysts,FY2027-01-31,38.0
MRVL,2026-08-15,estimate,epsEstGrowth,FY2027-01-31,0.42630002
MRVL,2026-08-15,estimate,epsEstAvg,FY2028-01-31,6.24248
MRVL,2026-08-15,estimate,epsEstLow,FY2028-01-31,5.34
MRVL,2026-08-15,estimate,epsEstHigh,FY2028-01-31,7.89
MRVL,2026-08-15,estimate,epsEstAnalysts,FY2028-01-31,39.0
MRVL,2026-08-15,estimate,epsEstGrowth,FY2028-01-31,0.5411
MRVL,2026-08-15,estimate,revEstAvg,FQ2026-07-31,2704955330.0
MRVL,2026-08-15,estimate,revEstLow,FQ2026-07-31,2600000000.0
MRVL,2026-08-15,estimate,revEstHigh,FQ2026-07-31,2769600000.0
MRVL,2026-08-15,estimate,revEstAnalysts,FQ2026-07-31,31.0
MRVL,2026-08-15,estimate,revEstGrowth,FQ2026-07-31,0.3484
MRVL,2026-08-15,estimate,revEstAvg,FQ2026-10-31,3025303690.0
MRVL,2026-08-15,estimate,revEstLow,FQ2026-10-31,2980200000.0
MRVL,2026-08-15,estimate,revEstHigh,FQ2026-10-31,3112100000.0
MRVL,2026-08-15,estimate,revEstAnalysts,FQ2026-10-31,28.0
MRVL,2026-08-15,estimate,revEstGrowth,FQ2026-10-31,0.45830002
MRVL,2026-08-15,estimate,revEstAvg,FY2027-01-31,11537694390.0
MRVL,2026-08-15,estimate,revEstLow,FY2027-01-31,11378000000.0
MRVL,2026-08-15,estimate,revEstHigh,FY2027-01-31,11969000000.0
MRVL,2026-08-15,estimate,revEstAnalysts,FY2027-01-31,38.0
MRVL,2026-08-15,estimate,revEstGrowth,FY2027-01-31,0.408
MRVL,2026-08-15,estimate,revEstAvg,FY2028-01-31,16739206340.0
MRVL,2026-08-15,estimate,revEstLow,FY2028-01-31,16161178980.0
MRVL,2026-08-15,estimate,revEstHigh,FY2028-01-31,18320405860.0
MRVL,2026-08-15,estimate,revEstAnalysts,FY2028-01-31,38.0
MRVL,2026-08-15,estimate,revEstGrowth,FY2028-01-31,0.45080003
MRVL,2026-08-15,estimate,epsRevUp7,FQ2026-07-31,23.0
MRVL,2026-08-15,estimate,epsRevUp30,FQ2026-07-31,25.0
MRVL,2026-08-15,estimate,epsRevDown7,FQ2026-07-31,4.0
MRVL,2026-08-15,estimate,epsRevDown30,FQ2026-07-31,3.0
MRVL,2026-08-15,estimate,epsRevUp7,FQ2026-10-31,1.0
MRVL,2026-08-15,estimate,epsRevUp30,FQ2026-10-31,2.0
MRVL,2026-08-15,estimate,epsRevDown7,FQ2026-10-31,0.0
MRVL,2026-08-15,estimate,epsRevDown30,FQ2026-10-31,0.0
MRVL,2026-08-15,estimate,epsRevUp7,FY2027-01-31,1.0
MRVL,2026-08-15,estimate,epsRevUp30,FY2027-01-31,2.0
MRVL,2026-08-15,estimate,epsRevDown7,FY2027-01-31,1.0
MRVL,2026-08-15,estimate,epsRevDown30,FY2027-01-31,1.0
MRVL,2026-08-15,estimate,epsRevUp7,FY2028-01-31,2.0
MRVL,2026-08-15,estimate,epsRevUp30,FY2028-01-31,4.0
MRVL,2026-08-15,estimate,epsRevDown7,FY2028-01-31,0.0
MRVL,2026-08-15,estimate,epsRevDown30,FY2028-01-31,0.0
ON,2026-08-15,estimate,epsEst,FQ2026-09-30,0.87385
ON,2026-08-08,estimate,epsEst,FQ2026-09-30,0.83628
ON,2026-07-16,estimate,epsEst,FQ2026-09-30,0.83272
ON,2026-06-16,estimate,epsEst,FQ2026-09-30,0.83153
ON,2026-05-17,estimate,epsEst,FQ2026-09-30,0.83159
ON,2026-08-15,estimate,epsEst,FQ2026-12-31,0.95462
ON,2026-08-08,estimate,epsEst,FQ2026-12-31,0.91735
ON,2026-07-16,estimate,epsEst,FQ2026-12-31,0.91449
ON,2026-06-16,estimate,epsEst,FQ2026-12-31,0.91433
ON,2026-05-17,estimate,epsEst,FQ2026-12-31,0.91338
ON,2026-08-15,estimate,epsEst,FY2026-12-31,3.19882
ON,2026-08-08,estimate,epsEst,FY2026-12-31,3.11865
ON,2026-07-16,estimate,epsEst,FY2026-12-31,3.09965
ON,2026-06-16,estimate,epsEst,FY2026-12-31,3.08965
ON,2026-05-17,estimate,epsEst,FY2026-12-31,3.08864
ON,2026-08-15,estimate,epsEst,FY2027-12-31,4.51843
ON,2026-08-08,estimate,epsEst,FY2027-12-31,4.34291
ON,2026-07-16,estimate,epsEst,FY2027-12-31,4.3136
ON,2026-06-16,estimate,epsEst,FY2027-12-31,4.2653
ON,2026-05-17,estimate,epsEst,FY2027-12-31,4.26548
ON,2026-08-15,estimate,epsEstAvg,FQ2026-09-30,0.87385
ON,2026-08-15,estimate,epsEstLow,FQ2026-09-30,0.84139
ON,2026-08-15,estimate,epsEstHigh,FQ2026-09-30,0.9
ON,2026-08-15,estimate,epsEstAnalysts,FQ2026-09-30,28.0
ON,2026-08-15,estimate,epsEstGrowth,FQ2026-09-30,0.38709998
ON,2026-08-15,estimate,epsEstAvg,FQ2026-12-31,0.95462
ON,2026-08-15,estimate,epsEstLow,FQ2026-12-31,0.85
ON,2026-08-15,estimate,epsEstHigh,FQ2026-12-31,1.04
ON,2026-08-15,estimate,epsEstAnalysts,FQ2026-12-31,28.0
ON,2026-08-15,estimate,epsEstGrowth,FQ2026-12-31,0.4916
ON,2026-08-15,estimate,epsEstAvg,FY2026-12-31,3.19882
ON,2026-08-15,estimate,epsEstLow,FY2026-12-31,3.08
ON,2026-08-15,estimate,epsEstHigh,FY2026-12-31,3.33
ON,2026-08-15,estimate,epsEstAnalysts,FY2026-12-31,30.0
ON,2026-08-15,estimate,epsEstGrowth,FY2026-12-31,0.36119998
ON,2026-08-15,estimate,epsEstAvg,FY2027-12-31,4.51843
ON,2026-08-15,estimate,epsEstLow,FY2027-12-31,3.98
ON,2026-08-15,estimate,epsEstHigh,FY2027-12-31,5.39924
ON,2026-08-15,estimate,epsEstAnalysts,FY2027-12-31,30.0
ON,2026-08-15,estimate,epsEstGrowth,FY2027-12-31,0.4125
ON,2026-08-15,estimate,revEstAvg,FQ2026-09-30,1702527170.0
ON,2026-08-15,estimate,revEstLow,FQ2026-09-30,1687363180.0
ON,2026-08-15,estimate,revEstHigh,FQ2026-09-30,1725000000.0
ON,2026-08-15,estimate,revEstAnalysts,FQ2026-09-30,26.0
ON,2026-08-15,estimate,revEstGrowth,FQ2026-09-30,0.097799994
ON,2026-08-15,estimate,revEstAvg,FQ2026-12-31,1738749820.0
ON,2026-08-15,estimate,revEstLow,FQ2026-12-31,1650000000.0
ON,2026-08-15,estimate,revEstHigh,FQ2026-12-31,1840000000.0
ON,2026-08-15,estimate,revEstAnalysts,FQ2026-12-31,26.0
ON,2026-08-15,estimate,revEstGrowth,FQ2026-12-31,0.1364
ON,2026-08-15,estimate,revEstAvg,FY2026-12-31,6556287330.0
ON,2026-08-15,estimate,revEstLow,FY2026-12-31,6457050000.0
ON,2026-08-15,estimate,revEstHigh,FY2026-12-31,6681950000.0
ON,2026-08-15,estimate,revEstAnalysts,FY2026-12-31,29.0
ON,2026-08-15,estimate,revEstGrowth,FY2026-12-31,0.0936
ON,2026-08-15,estimate,revEstAvg,FY2027-12-31,7394684520.0
ON,2026-08-15,estimate,revEstLow,FY2027-12-31,7100000000.0
ON,2026-08-15,estimate,revEstHigh,FY2027-12-31,7675000000.0
ON,2026-08-15,estimate,revEstAnalysts,FY2027-12-31,29.0
ON,2026-08-15,estimate,revEstGrowth,FY2027-12-31,0.1279
ON,2026-08-15,estimate,epsRevUp7,FQ2026-09-30,1.0
ON,2026-08-15,estimate,epsRevUp30,FQ2026-09-30,3.0
ON,2026-08-15,estimate,epsRevDown7,FQ2026-09-30,0.0
ON,2026-08-15,estimate,epsRevDown30,FQ2026-09-30,0.0
ON,2026-08-15,estimate,epsRevUp7,FQ2026-12-31,1.0
ON,2026-08-15,estimate,epsRevUp30,FQ2026-12-31,1.0
ON,2026-08-15,estimate,epsRevDown7,FQ2026-12-31,0.0
ON,2026-08-15,estimate,epsRevDown30,FQ2026-12-31,0.0
ON,2026-08-15,estimate,epsRevUp7,FY2026-12-31,1.0
ON,2026-08-15,estimate,epsRevUp30,FY2026-12-31,5.0
ON,2026-08-15,estimate,epsRevDown7,FY2026-12-31,0.0
ON,2026-08-15,estimate,epsRevDown30,FY2026-12-31,0.0
ON,2026-08-15,estimate,epsRevUp7,FY2027-12-31,1.0
ON,2026-08-15,estimate,epsRevUp30,FY2027-12-31,4.0
ON,2026-08-15,estimate,epsRevDown7,FY2027-12-31,0.0
ON,2026-08-15,estimate,epsRevDown30,FY2027-12-31,0.0
MCHP,2026-08-15,estimate,epsEst,FQ2026-09-30,0.93426
MCHP,2026-08-08,estimate,epsEst,FQ2026-09-30,0.79664
MCHP,2026-07-16,estimate,epsEst,FQ2026-09-30,0.78711
MCHP,2026-06-16,estimate,epsEst,FQ2026-09-30,0.78664
MCHP,2026-05-17,estimate,epsEst,FQ2026-09-30,0.78664
MCHP,2026-08-15,estimate,epsEst,FQ2026-12-31,0.94209
MCHP,2026-08-08,estimate,epsEst,FQ2026-12-31,0.81307
MCHP,2026-07-16,estimate,epsEst,FQ2026-12-31,0.80497
MCHP,2026-06-16,estimate,epsEst,FQ2026-12-31,0.80307
MCHP,2026-05-17,estimate,epsEst,FQ2026-12-31,0.80307
MCHP,2026-08-15,estimate,epsEst,FY2027-03-31,3.65058
MCHP,2026-08-08,estimate,epsEst,FY2027-03-31,3.19874
MCHP,2026-07-16,estimate,epsEst,FY2027-03-31,3.18041
MCHP,2026-06-16,estimate,epsEst,FY2027-03-31,3.15708
MCHP,2026-05-17,estimate,epsEst,FY2027-03-31,3.15708
MCHP,2026-08-15,estimate,epsEst,FY2028-03-31,4.57078
MCHP,2026-08-08,estimate,epsEst,FY2028-03-31,4.2027
MCHP,2026-07-16,estimate,epsEst,FY2028-03-31,4.15331
MCHP,2026-06-16,estimate,epsEst,FY2028-03-31,4.09128
MCHP,2026-05-17,estimate,epsEst,FY2028-03-31,4.09128
MCHP,2026-08-15,estimate,epsEstAvg,FQ2026-09-30,0.93426
MCHP,2026-08-15,estimate,epsEstLow,FQ2026-09-30,0.92
MCHP,2026-08-15,estimate,epsEstHigh,FQ2026-09-30,0.98
MCHP,2026-08-15,estimate,epsEstAnalysts,FQ2026-09-30,21.0
MCHP,2026-08-15,estimate,epsEstGrowth,FQ2026-09-30,1.6693
MCHP,2026-08-15,estimate,epsEstAvg,FQ2026-12-31,0.94209
MCHP,2026-08-15,estimate,epsEstLow,FQ2026-12-31,0.88
MCHP,2026-08-15,estimate,epsEstHigh,FQ2026-12-31,0.99
MCHP,2026-08-15,estimate,epsEstAnalysts,FQ2026-12-31,21.0
MCHP,2026-08-15,estimate,epsEstGrowth,FQ2026-12-31,1.1411
MCHP,2026-08-15,estimate,epsEstAvg,FY2027-03-31,3.65058
MCHP,2026-08-15,estimate,epsEstLow,FY2027-03-31,3.5
MCHP,2026-08-15,estimate,epsEstHigh,FY2027-03-31,3.78
MCHP,2026-08-15,estimate,epsEstAnalysts,FY2027-03-31,23.0
MCHP,2026-08-15,estimate,epsEstGrowth,FY2027-03-31,1.226
MCHP,2026-08-15,estimate,epsEstAvg,FY2028-03-31,4.57078
MCHP,2026-08-15,estimate,epsEstLow,FY2028-03-31,4.08
MCHP,2026-08-15,estimate,epsEstHigh,FY2028-03-31,5.44
MCHP,2026-08-15,estimate,epsEstAnalysts,FY2028-03-31,24.0
MCHP,2026-08-15,estimate,epsEstGrowth,FY2028-03-31,0.2521
MCHP,2026-08-15,estimate,revEstAvg,FQ2026-09-30,1605356310.0
MCHP,2026-08-15,estimate,revEstLow,FQ2026-09-30,1602800000.0
MCHP,2026-08-15,estimate,revEstHigh,FQ2026-09-30,1616838000.0
MCHP,2026-08-15,estimate,revEstAnalysts,FQ2026-09-30,21.0
MCHP,2026-08-15,estimate,revEstGrowth,FQ2026-09-30,0.4077
MCHP,2026-08-15,estimate,revEstAvg,FQ2026-12-31,1622985660.0
MCHP,2026-08-15,estimate,revEstLow,FQ2026-12-31,1571400000.0
MCHP,2026-08-15,estimate,revEstHigh,FQ2026-12-31,1668400000.0
MCHP,2026-08-15,estimate,revEstAnalysts,FQ2026-12-31,21.0
MCHP,2026-08-15,estimate,revEstGrowth,FQ2026-12-31,0.3685
MCHP,2026-08-15,estimate,revEstAvg,FY2027-03-31,6397052870.0
MCHP,2026-08-15,estimate,revEstLow,FY2027-03-31,6262400000.0
MCHP,2026-08-15,estimate,revEstHigh,FY2027-03-31,6506000000.0
MCHP,2026-08-15,estimate,revEstAnalysts,FY2027-03-31,22.0
MCHP,2026-08-15,estimate,revEstGrowth,FY2027-03-31,0.35729998
MCHP,2026-08-15,estimate,revEstAvg,FY2028-03-31,7423014340.0
MCHP,2026-08-15,estimate,revEstLow,FY2028-03-31,6985000000.0
MCHP,2026-08-15,estimate,revEstHigh,FY2028-03-31,8391000000.0
MCHP,2026-08-15,estimate,revEstAnalysts,FY2028-03-31,23.0
MCHP,2026-08-15,estimate,revEstGrowth,FY2028-03-31,0.1604
MCHP,2026-08-15,estimate,epsRevUp7,FQ2026-09-30,1.0
MCHP,2026-08-15,estimate,epsRevUp30,FQ2026-09-30,16.0
MCHP,2026-08-15,estimate,epsRevDown7,FQ2026-09-30,0.0
MCHP,2026-08-15,estimate,epsRevDown30,FQ2026-09-30,0.0
MCHP,2026-08-15,estimate,epsRevUp7,FQ2026-12-31,1.0
MCHP,2026-08-15,estimate,epsRevUp30,FQ2026-12-31,2.0
MCHP,2026-08-15,estimate,epsRevDown7,FQ2026-12-31,0.0
MCHP,2026-08-15,estimate,epsRevDown30,FQ2026-12-31,0.0
MCHP,2026-08-15,estimate,epsRevUp7,FY2027-03-31,1.0
MCHP,2026-08-15,estimate,epsRevUp30,FY2027-03-31,3.0
MCHP,2026-08-15,estimate,epsRevDown7,FY2027-03-31,0.0
MCHP,2026-08-15,estimate,epsRevDown30,FY2027-03-31,0.0
MCHP,2026-08-15,estimate,epsRevUp7,FY2028-03-31,14.0
MCHP,2026-08-15,estimate,epsRevUp30,FY2028-03-31,17.0
MCHP,2026-08-15,estimate,epsRevDown7,FY2028-03-31,2.0
MCHP,2026-08-15,estimate,epsRevDown30,FY2028-03-31,1.0
ARM,2026-08-15,estimate,epsEst,FQ2026-09-30,0.47016
ARM,2026-08-08,estimate,epsEst,FQ2026-09-30,0.43655
ARM,2026-07-16,estimate,epsEst,FQ2026-09-30,0.43432
ARM,2026-06-16,estimate,epsEst,FQ2026-09-30,0.43244
ARM,2026-05-17,estimate,epsEst,FQ2026-09-30,0.42704
ARM,2026-08-15,estimate,epsEst,FQ2026-12-31,0.55213
ARM,2026-08-08,estimate,epsEst,FQ2026-12-31,0.5503
ARM,2026-07-16,estimate,epsEst,FQ2026-12-31,0.55018
ARM,2026-06-16,estimate,epsEst,FQ2026-12-31,0.54651
ARM,2026-05-17,estimate,epsEst,FQ2026-12-31,0.56326
ARM,2026-08-15,estimate,epsEst,FY2027-03-31,2.22634
ARM,2026-08-08,estimate,epsEst,FY2027-03-31,2.22019
ARM,2026-07-16,estimate,epsEst,FY2027-03-31,2.17526
ARM,2026-06-16,estimate,epsEst,FY2027-03-31,2.17374
ARM,2026-05-17,estimate,epsEst,FY2027-03-31,2.17036
ARM,2026-08-15,estimate,epsEst,FY2028-03-31,3.05823
ARM,2026-08-08,estimate,epsEst,FY2028-03-31,3.06397
ARM,2026-07-16,estimate,epsEst,FY2028-03-31,3.08093
ARM,2026-06-16,estimate,epsEst,FY2028-03-31,3.06104
ARM,2026-05-17,estimate,epsEst,FY2028-03-31,3.0202
ARM,2026-08-15,estimate,epsEstAvg,FQ2026-09-30,0.47016
ARM,2026-08-15,estimate,epsEstLow,FQ2026-09-30,0.43
ARM,2026-08-15,estimate,epsEstHigh,FQ2026-09-30,0.49
ARM,2026-08-15,estimate,epsEstAnalysts,FQ2026-09-30,29.0
ARM,2026-08-15,estimate,epsEstGrowth,FQ2026-09-30,0.20549999
ARM,2026-08-15,estimate,epsEstAvg,FQ2026-12-31,0.55213
ARM,2026-08-15,estimate,epsEstLow,FQ2026-12-31,0.47
ARM,2026-08-15,estimate,epsEstHigh,FQ2026-12-31,0.67
ARM,2026-08-15,estimate,epsEstAnalysts,FQ2026-12-31,28.0
ARM,2026-08-15,estimate,epsEstGrowth,FQ2026-12-31,0.284
ARM,2026-08-15,estimate,epsEstAvg,FY2027-03-31,2.22634
ARM,2026-08-15,estimate,epsEstLow,FY2027-03-31,2.06
ARM,2026-08-15,estimate,epsEstHigh,FY2027-03-31,2.42
ARM,2026-08-15,estimate,epsEstAnalysts,FY2027-03-31,36.0
ARM,2026-08-15,estimate,epsEstGrowth,FY2027-03-31,0.2578
ARM,2026-08-15,estimate,epsEstAvg,FY2028-03-31,3.05823
ARM,2026-08-15,estimate,epsEstLow,FY2028-03-31,2.59595
ARM,2026-08-15,estimate,epsEstHigh,FY2028-03-31,3.69
ARM,2026-08-15,estimate,epsEstAnalysts,FY2028-03-31,38.0
ARM,2026-08-15,estimate,epsEstGrowth,FY2028-03-31,0.3737
ARM,2026-08-15,estimate,revEstAvg,FQ2026-09-30,1372723250.0
ARM,2026-08-15,estimate,revEstLow,FQ2026-09-30,1290000000.0
ARM,2026-08-15,estimate,revEstHigh,FQ2026-09-30,1409000000.0
ARM,2026-08-15,estimate,revEstAnalysts,FQ2026-09-30,28.0
ARM,2026-08-15,estimate,revEstGrowth,FQ2026-09-30,0.2094
ARM,2026-08-15,estimate,revEstAvg,FQ2026-12-31,1526026720.0
ARM,2026-08-15,estimate,revEstLow,FQ2026-12-31,1431000000.0
ARM,2026-08-15,estimate,revEstHigh,FQ2026-12-31,1658700000.0
ARM,2026-08-15,estimate,revEstAnalysts,FQ2026-12-31,27.0
ARM,2026-08-15,estimate,revEstGrowth,FQ2026-12-31,0.22870001
ARM,2026-08-15,estimate,revEstAvg,FY2027-03-31,6044496820.0
ARM,2026-08-15,estimate,revEstLow,FY2027-03-31,5605000000.0
ARM,2026-08-15,estimate,revEstHigh,FY2027-03-31,6172400000.0
ARM,2026-08-15,estimate,revEstAnalysts,FY2027-03-31,35.0
ARM,2026-08-15,estimate,revEstGrowth,FY2027-03-31,0.22860001
ARM,2026-08-15,estimate,revEstAvg,FY2028-03-31,8193367890.0
ARM,2026-08-15,estimate,revEstLow,FY2028-03-31,7704000000.0
ARM,2026-08-15,estimate,revEstHigh,FY2028-03-31,9102600000.0
ARM,2026-08-15,estimate,revEstAnalysts,FY2028-03-31,38.0
ARM,2026-08-15,estimate,revEstGrowth,FY2028-03-31,0.35549998
ARM,2026-08-15,estimate,epsRevUp7,FQ2026-09-30,1.0
ARM,2026-08-15,estimate,epsRevUp30,FQ2026-09-30,2.0
ARM,2026-08-15,estimate,epsRevDown7,FQ2026-09-30,0.0
ARM,2026-08-15,estimate,epsRevDown30,FQ2026-09-30,0.0
ARM,2026-08-15,estimate,epsRevUp7,FQ2026-12-31,1.0
ARM,2026-08-15,estimate,epsRevUp30,FQ2026-12-31,1.0
ARM,2026-08-15,estimate,epsRevDown7,FQ2026-12-31,2.0
ARM,2026-08-15,estimate,epsRevDown30,FQ2026-12-31,2.0
ARM,2026-08-15,estimate,epsRevUp7,FY2027-03-31,2.0
ARM,2026-08-15,estimate,epsRevUp30,FY2027-03-31,2.0
ARM,2026-08-15,estimate,epsRevDown7,FY2027-03-31,1.0
ARM,2026-08-15,estimate,epsRevDown30,FY2027-03-31,4.0
ARM,2026-08-15,estimate,epsRevUp7,FY2028-03-31,0.0
ARM,2026-08-15,estimate,epsRevUp30,FY2028-03-31,2.0
ARM,2026-08-15,estimate,epsRevDown7,FY2028-03-31,3.0
ARM,2026-08-15,estimate,epsRevDown30,FY2028-03-31,4.0
MPWR,2026-08-15,estimate,epsEst,FQ2026-09-30,7.70238
MPWR,2026-08-08,estimate,epsEst,FQ2026-09-30,6.47755
MPWR,2026-07-16,estimate,epsEst,FQ2026-09-30,6.41669
MPWR,2026-06-16,estimate,epsEst,FQ2026-09-30,6.41357
MPWR,2026-05-17,estimate,epsEst,FQ2026-09-30,6.41377
MPWR,2026-08-15,estimate,epsEst,FQ2026-12-31,8.07315
MPWR,2026-08-08,estimate,epsEst,FQ2026-12-31,6.70023
MPWR,2026-07-16,estimate,epsEst,FQ2026-12-31,6.64179
MPWR,2026-06-16,estimate,epsEst,FQ2026-12-31,6.63434
MPWR,2026-05-17,estimate,epsEst,FQ2026-12-31,6.63475
MPWR,2026-08-15,estimate,epsEst,FY2026-12-31,27.38798
MPWR,2026-08-08,estimate,epsEst,FY2026-12-31,24.1741
MPWR,2026-07-16,estimate,epsEst,FY2026-12-31,24.03648
MPWR,2026-06-16,estimate,epsEst,FY2026-12-31,24.02205
MPWR,2026-05-17,estimate,epsEst,FY2026-12-31,24.02267
MPWR,2026-08-15,estimate,epsEst,FY2027-12-31,34.79503
MPWR,2026-08-08,estimate,epsEst,FY2027-12-31,30.59062
MPWR,2026-07-16,estimate,epsEst,FY2027-12-31,30.33306
MPWR,2026-06-16,estimate,epsEst,FY2027-12-31,30.15886
MPWR,2026-05-17,estimate,epsEst,FY2027-12-31,30.1629
MPWR,2026-08-15,estimate,epsEstAvg,FQ2026-09-30,7.70238
MPWR,2026-08-15,estimate,epsEstLow,FQ2026-09-30,7.66
MPWR,2026-08-15,estimate,epsEstHigh,FQ2026-09-30,7.8
MPWR,2026-08-15,estimate,epsEstAnalysts,FQ2026-09-30,13.0
MPWR,2026-08-15,estimate,epsEstGrowth,FQ2026-09-30,0.6284
MPWR,2026-08-15,estimate,epsEstAvg,FQ2026-12-31,8.07315
MPWR,2026-08-15,estimate,epsEstLow,FQ2026-12-31,7.86
MPWR,2026-08-15,estimate,epsEstHigh,FQ2026-12-31,8.3
MPWR,2026-08-15,estimate,epsEstAnalysts,FQ2026-12-31,13.0
MPWR,2026-08-15,estimate,epsEstGrowth,FQ2026-12-31,0.6854
MPWR,2026-08-15,estimate,epsEstAvg,FY2026-12-31,27.38798
MPWR,2026-08-15,estimate,epsEstLow,FY2026-12-31,27.15
MPWR,2026-08-15,estimate,epsEstHigh,FY2026-12-31,27.75
MPWR,2026-08-15,estimate,epsEstAnalysts,FY2026-12-31,13.0
MPWR,2026-08-15,estimate,epsEstGrowth,FY2026-12-31,0.5412
MPWR,2026-08-15,estimate,epsEstAvg,FY2027-12-31,34.79503
MPWR,2026-08-15,estimate,epsEstLow,FY2027-12-31,30.53952
MPWR,2026-08-15,estimate,epsEstHigh,FY2027-12-31,37.6
MPWR,2026-08-15,estimate,epsEstAnalysts,FY2027-12-31,14.0
MPWR,2026-08-15,estimate,epsEstGrowth,FY2027-12-31,0.27040002
MPWR,2026-08-15,estimate,revEstAvg,FQ2026-09-30,1139894960.0
MPWR,2026-08-15,estimate,revEstLow,FQ2026-09-30,1000786450.0
MPWR,2026-08-15,estimate,revEstHigh,FQ2026-09-30,1158000000.0
MPWR,2026-08-15,estimate,revEstAnalysts,FQ2026-09-30,13.0
MPWR,2026-08-15,estimate,revEstGrowth,FQ2026-09-30,0.5463
MPWR,2026-08-15,estimate,revEstAvg,FQ2026-12-31,1192898880.0
MPWR,2026-08-15,estimate,revEstLow,FQ2026-12-31,1034309380.0
MPWR,2026-08-15,estimate,revEstHigh,FQ2026-12-31,1230700000.0
MPWR,2026-08-15,estimate,revEstAnalysts,FQ2026-12-31,13.0
MPWR,2026-08-15,estimate,revEstGrowth,FQ2026-12-31,0.5881
MPWR,2026-08-15,estimate,revEstAvg,FY2026-12-31,4116369530.0
MPWR,2026-08-15,estimate,revEstLow,FY2026-12-31,3739786840.0
MPWR,2026-08-15,estimate,revEstHigh,FY2026-12-31,4179335590.0
MPWR,2026-08-15,estimate,revEstAnalysts,FY2026-12-31,14.0
MPWR,2026-08-15,estimate,revEstGrowth,FY2026-12-31,0.4752
MPWR,2026-08-15,estimate,revEstAvg,FY2027-12-31,5177637880.0
MPWR,2026-08-15,estimate,revEstLow,FY2027-12-31,4578705230.0
MPWR,2026-08-15,estimate,revEstHigh,FY2027-12-31,5475431160.0
MPWR,2026-08-15,estimate,revEstAnalysts,FY2027-12-31,14.0
MPWR,2026-08-15,estimate,revEstGrowth,FY2027-12-31,0.2578
MPWR,2026-08-15,estimate,epsRevUp7,FQ2026-09-30,4.0
MPWR,2026-08-15,estimate,epsRevUp30,FQ2026-09-30,4.0
MPWR,2026-08-15,estimate,epsRevDown7,FQ2026-09-30,0.0
MPWR,2026-08-15,estimate,epsRevDown30,FQ2026-09-30,0.0
MPWR,2026-08-15,estimate,epsRevUp7,FQ2026-12-31,3.0
MPWR,2026-08-15,estimate,epsRevUp30,FQ2026-12-31,3.0
MPWR,2026-08-15,estimate,epsRevDown7,FQ2026-12-31,0.0
MPWR,2026-08-15,estimate,epsRevDown30,FQ2026-12-31,0.0
MPWR,2026-08-15,estimate,epsRevUp7,FY2026-12-31,4.0
MPWR,2026-08-15,estimate,epsRevUp30,FY2026-12-31,4.0
MPWR,2026-08-15,estimate,epsRevDown7,FY2026-12-31,0.0
MPWR,2026-08-15,estimate,epsRevDown30,FY2026-12-31,0.0
MPWR,2026-08-15,estimate,epsRevUp7,FY2027-12-31,3.0
MPWR,2026-08-15,estimate,epsRevUp30,FY2027-12-31,3.0
MPWR,2026-08-15,estimate,epsRevDown7,FY2027-12-31,1.0
MPWR,2026-08-15,estimate,epsRevDown30,FY2027-12-31,1.0
ALAB,2026-08-15,estimate,epsEst,FQ2026-09-30,1.19161
ALAB,2026-08-08,estimate,epsEst,FQ2026-09-30,0.79105
ALAB,2026-07-16,estimate,epsEst,FQ2026-09-30,0.78913
ALAB,2026-06-16,estimate,epsEst,FQ2026-09-30,0.78611
ALAB,2026-05-17,estimate,epsEst,FQ2026-09-30,0.78611
ALAB,2026-08-15,estimate,epsEst,FQ2026-12-31,1.41847
ALAB,2026-08-08,estimate,epsEst,FQ2026-12-31,0.93405
ALAB,2026-07-16,estimate,epsEst,FQ2026-12-31,0.92502
ALAB,2026-06-16,estimate,epsEst,FQ2026-12-31,0.91311
ALAB,2026-05-17,estimate,epsEst,FQ2026-12-31,0.91311
ALAB,2026-08-15,estimate,epsEst,FY2026-12-31,4.03241
ALAB,2026-08-08,estimate,epsEst,FY2026-12-31,3.05943
ALAB,2026-07-16,estimate,epsEst,FY2026-12-31,3.0107
ALAB,2026-06-16,estimate,epsEst,FY2026-12-31,2.99765
ALAB,2026-05-17,estimate,epsEst,FY2026-12-31,3.00068
ALAB,2026-08-15,estimate,epsEst,FY2027-12-31,6.39359
ALAB,2026-08-08,estimate,epsEst,FY2027-12-31,4.6268
ALAB,2026-07-16,estimate,epsEst,FY2027-12-31,4.30734
ALAB,2026-06-16,estimate,epsEst,FY2027-12-31,4.20669
ALAB,2026-05-17,estimate,epsEst,FY2027-12-31,4.1765
ALAB,2026-08-15,estimate,epsEstAvg,FQ2026-09-30,1.19161
ALAB,2026-08-15,estimate,epsEstLow,FQ2026-09-30,1.18
ALAB,2026-08-15,estimate,epsEstHigh,FQ2026-09-30,1.20984
ALAB,2026-08-15,estimate,epsEstAnalysts,FQ2026-09-30,20.0
ALAB,2026-08-15,estimate,epsEstGrowth,FQ2026-09-30,1.4319
ALAB,2026-08-15,estimate,epsEstAvg,FQ2026-12-31,1.41847
ALAB,2026-08-15,estimate,epsEstLow,FQ2026-12-31,1.28762
ALAB,2026-08-15,estimate,epsEstHigh,FQ2026-12-31,1.71317
ALAB,2026-08-15,estimate,epsEstAnalysts,FQ2026-12-31,20.0
ALAB,2026-08-15,estimate,epsEstGrowth,FQ2026-12-31,1.4456
ALAB,2026-08-15,estimate,epsEstAvg,FY2026-12-31,4.03241
ALAB,2026-08-15,estimate,epsEstLow,FY2026-12-31,3.89776
ALAB,2026-08-15,estimate,epsEstHigh,FY2026-12-31,4.33332
ALAB,2026-08-15,estimate,epsEstAnalysts,FY2026-12-31,21.0
ALAB,2026-08-15,estimate,epsEstGrowth,FY2026-12-31,1.1915001
ALAB,2026-08-15,estimate,epsEstAvg,FY2027-12-31,6.39359
ALAB,2026-08-15,estimate,epsEstLow,FY2027-12-31,4.34559
ALAB,2026-08-15,estimate,epsEstHigh,FY2027-12-31,8.799
ALAB,2026-08-15,estimate,epsEstAnalysts,FY2027-12-31,23.0
ALAB,2026-08-15,estimate,epsEstGrowth,FY2027-12-31,0.5856
ALAB,2026-08-15,estimate,revEstAvg,FQ2026-09-30,550636350.0
ALAB,2026-08-15,estimate,revEstLow,FQ2026-09-30,545700000.0
ALAB,2026-08-15,estimate,revEstHigh,FQ2026-09-30,557000000.0
ALAB,2026-08-15,estimate,revEstAnalysts,FQ2026-09-30,18.0
ALAB,2026-08-15,estimate,revEstGrowth,FQ2026-09-30,1.3881
ALAB,2026-08-15,estimate,revEstAvg,FQ2026-12-31,655307520.0
ALAB,2026-08-15,estimate,revEstLow,FQ2026-12-31,609100000.0
ALAB,2026-08-15,estimate,revEstHigh,FQ2026-12-31,737938070.0
ALAB,2026-08-15,estimate,revEstAnalysts,FQ2026-12-31,18.0
ALAB,2026-08-15,estimate,revEstGrowth,FQ2026-12-31,1.4217999
ALAB,2026-08-15,estimate,revEstAvg,FY2026-12-31,1908532950.0
ALAB,2026-08-15,estimate,revEstLow,FY2026-12-31,1864800000.0
ALAB,2026-08-15,estimate,revEstHigh,FY2026-12-31,1988726150.0
ALAB,2026-08-15,estimate,revEstAnalysts,FY2026-12-31,21.0
ALAB,2026-08-15,estimate,revEstGrowth,FY2026-12-31,1.2387
ALAB,2026-08-15,estimate,revEstAvg,FY2027-12-31,2972720400.0
ALAB,2026-08-15,estimate,revEstLow,FY2027-12-31,2189000000.0
ALAB,2026-08-15,estimate,revEstHigh,FY2027-12-31,3684106790.0
ALAB,2026-08-15,estimate,revEstAnalysts,FY2027-12-31,24.0
ALAB,2026-08-15,estimate,revEstGrowth,FY2027-12-31,0.55759996
ALAB,2026-08-15,estimate,epsRevUp7,FQ2026-09-30,1.0
ALAB,2026-08-15,estimate,epsRevUp30,FQ2026-09-30,3.0
ALAB,2026-08-15,estimate,epsRevDown7,FQ2026-09-30,1.0
ALAB,2026-08-15,estimate,epsRevDown30,FQ2026-09-30,1.0
ALAB,2026-08-15,estimate,epsRevUp7,FQ2026-12-31,2.0
ALAB,2026-08-15,estimate,epsRevUp30,FQ2026-12-31,4.0
ALAB,2026-08-15,estimate,epsRevDown7,FQ2026-12-31,0.0
ALAB,2026-08-15,estimate,epsRevDown30,FQ2026-12-31,0.0
ALAB,2026-08-15,estimate,epsRevUp7,FY2026-12-31,2.0
ALAB,2026-08-15,estimate,epsRevUp30,FY2026-12-31,4.0
ALAB,2026-08-15,estimate,epsRevDown7,FY2026-12-31,0.0
ALAB,2026-08-15,estimate,epsRevDown30,FY2026-12-31,0.0
ALAB,2026-08-15,estimate,epsRevUp7,FY2027-12-31,2.0
ALAB,2026-08-15,estimate,epsRevUp30,FY2027-12-31,4.0
ALAB,2026-08-15,estimate,epsRevDown7,FY2027-12-31,0.0
ALAB,2026-08-15,estimate,epsRevDown30,FY2027-12-31,0.0
CRDO,2026-08-15,estimate,epsEst,FQ2026-07-31,1.1632
CRDO,2026-08-08,estimate,epsEst,FQ2026-07-31,1.1632
CRDO,2026-07-16,estimate,epsEst,FQ2026-07-31,1.16408
CRDO,2026-06-16,estimate,epsEst,FQ2026-07-31,1.08757
CRDO,2026-05-17,estimate,epsEst,FQ2026-07-31,1.08757
CRDO,2026-08-15,estimate,epsEst,FQ2026-10-31,1.2496
CRDO,2026-08-08,estimate,epsEst,FQ2026-10-31,1.24272
CRDO,2026-07-16,estimate,epsEst,FQ2026-10-31,1.22624
CRDO,2026-06-16,estimate,epsEst,FQ2026-10-31,1.18014
CRDO,2026-05-17,estimate,epsEst,FQ2026-10-31,1.18014
CRDO,2026-08-15,estimate,epsEst,FY2027-04-30,6.1262
CRDO,2026-08-08,estimate,epsEst,FY2027-04-30,6.1207
CRDO,2026-07-16,estimate,epsEst,FY2027-04-30,6.07015
CRDO,2026-06-16,estimate,epsEst,FY2027-04-30,5.51576
CRDO,2026-05-17,estimate,epsEst,FY2027-04-30,5.44748
CRDO,2026-08-15,estimate,epsEst,FY2028-04-30,9.07587
CRDO,2026-08-08,estimate,epsEst,FY2028-04-30,8.91247
CRDO,2026-07-16,estimate,epsEst,FY2028-04-30,8.69086
CRDO,2026-06-16,estimate,epsEst,FY2028-04-30,7.60418
CRDO,2026-05-17,estimate,epsEst,FY2028-04-30,7.51346
CRDO,2026-08-15,estimate,epsEstAvg,FQ2026-07-31,1.1632
CRDO,2026-08-15,estimate,epsEstLow,FQ2026-07-31,1.07
CRDO,2026-08-15,estimate,epsEstHigh,FQ2026-07-31,1.22
CRDO,2026-08-15,estimate,epsEstAnalysts,FQ2026-07-31,16.0
CRDO,2026-08-15,estimate,epsEstGrowth,FQ2026-07-31,1.2369
CRDO,2026-08-15,estimate,epsEstAvg,FQ2026-10-31,1.2496
CRDO,2026-08-15,estimate,epsEstLow,FQ2026-10-31,1.1
CRDO,2026-08-15,estimate,epsEstHigh,FQ2026-10-31,1.47
CRDO,2026-08-15,estimate,epsEstAnalysts,FQ2026-10-31,16.0
CRDO,2026-08-15,estimate,epsEstGrowth,FQ2026-10-31,0.8651
CRDO,2026-08-15,estimate,epsEstAvg,FY2027-04-30,6.1262
CRDO,2026-08-15,estimate,epsEstLow,FY2027-04-30,5.65
CRDO,2026-08-15,estimate,epsEstHigh,FY2027-04-30,6.7
CRDO,2026-08-15,estimate,epsEstAnalysts,FY2027-04-30,18.0
CRDO,2026-08-15,estimate,epsEstGrowth,FY2027-04-30,0.77059996
CRDO,2026-08-15,estimate,epsEstAvg,FY2028-04-30,9.07587
CRDO,2026-08-15,estimate,epsEstLow,FY2028-04-30,7.75
CRDO,2026-08-15,estimate,epsEstHigh,FY2028-04-30,11.51
CRDO,2026-08-15,estimate,epsEstAnalysts,FY2028-04-30,18.0
CRDO,2026-08-15,estimate,epsEstGrowth,FY2028-04-30,0.48150003
CRDO,2026-08-15,estimate,revEstAvg,FQ2026-07-31,470378120.0
CRDO,2026-08-15,estimate,revEstLow,FQ2026-07-31,469855000.0
CRDO,2026-08-15,estimate,revEstHigh,FQ2026-07-31,472920000.0
CRDO,2026-08-15,estimate,revEstAnalysts,FQ2026-07-31,15.0
CRDO,2026-08-15,estimate,revEstGrowth,FQ2026-07-31,1.1086
CRDO,2026-08-15,estimate,revEstAvg,FQ2026-10-31,513611630.0
CRDO,2026-08-15,estimate,revEstLow,FQ2026-10-31,493500000.0
CRDO,2026-08-15,estimate,revEstHigh,FQ2026-10-31,592200000.0
CRDO,2026-08-15,estimate,revEstAnalysts,FQ2026-10-31,15.0
CRDO,2026-08-15,estimate,revEstGrowth,FQ2026-10-31,0.9163
CRDO,2026-08-15,estimate,revEstAvg,FY2027-04-30,2455061890.0
CRDO,2026-08-15,estimate,revEstLow,FY2027-04-30,2265500000.0
CRDO,2026-08-15,estimate,revEstHigh,FY2027-04-30,2657200000.0
CRDO,2026-08-15,estimate,revEstAnalysts,FY2027-04-30,17.0
CRDO,2026-08-15,estimate,revEstGrowth,FY2027-04-30,0.83879995
CRDO,2026-08-15,estimate,revEstAvg,FY2028-04-30,3677593880.0
CRDO,2026-08-15,estimate,revEstLow,FY2028-04-30,3151700000.0
CRDO,2026-08-15,estimate,revEstHigh,FY2028-04-30,4474300000.0
CRDO,2026-08-15,estimate,revEstAnalysts,FY2028-04-30,17.0
CRDO,2026-08-15,estimate,revEstGrowth,FY2028-04-30,0.498
CRDO,2026-08-15,estimate,epsRevUp7,FQ2026-07-31,1.0
CRDO,2026-08-15,estimate,epsRevUp30,FQ2026-07-31,1.0
CRDO,2026-08-15,estimate,epsRevDown7,FQ2026-07-31,0.0
CRDO,2026-08-15,estimate,epsRevDown30,FQ2026-07-31,0.0
CRDO,2026-08-15,estimate,epsRevUp7,FQ2026-10-31,3.0
CRDO,2026-08-15,estimate,epsRevUp30,FQ2026-10-31,4.0
CRDO,2026-08-15,estimate,epsRevDown7,FQ2026-10-31,0.0
CRDO,2026-08-15,estimate,epsRevDown30,FQ2026-10-31,0.0
CRDO,2026-08-15,estimate,epsRevUp7,FY2027-04-30,3.0
CRDO,2026-08-15,estimate,epsRevUp30,FY2027-04-30,4.0
CRDO,2026-08-15,estimate,epsRevDown7,FY2027-04-30,1.0
CRDO,2026-08-15,estimate,epsRevDown30,FY2027-04-30,1.0
CRDO,2026-08-15,estimate,epsRevUp7,FY2028-04-30,4.0
CRDO,2026-08-15,estimate,epsRevUp30,FY2028-04-30,5.0
CRDO,2026-08-15,estimate,epsRevDown7,FY2028-04-30,0.0
CRDO,2026-08-15,estimate,epsRevDown30,FY2028-04-30,0.0
AMAT,2026-08-15,estimate,epsEst,FQ2026-10-31,4.06075
AMAT,2026-08-08,estimate,epsEst,FQ2026-10-31,3.66942
AMAT,2026-07-16,estimate,epsEst,FQ2026-10-31,3.63515
AMAT,2026-06-16,estimate,epsEst,FQ2026-10-31,3.60547
AMAT,2026-05-17,estimate,epsEst,FQ2026-10-31,3.58845
AMAT,2026-08-15,estimate,epsEst,FQ2027-01-31,4.19714
AMAT,2026-08-08,estimate,epsEst,FQ2027-01-31,3.86258
AMAT,2026-07-16,estimate,epsEst,FQ2027-01-31,3.7941
AMAT,2026-06-16,estimate,epsEst,FQ2027-01-31,3.73339
AMAT,2026-05-17,estimate,epsEst,FQ2027-01-31,3.69439
AMAT,2026-08-15,estimate,epsEst,FY2026-10-31,12.7897
AMAT,2026-08-08,estimate,epsEst,FY2026-10-31,12.3054
AMAT,2026-07-16,estimate,epsEst,FY2026-10-31,12.26321
AMAT,2026-06-16,estimate,epsEst,FY2026-10-31,12.23131
AMAT,2026-05-17,estimate,epsEst,FY2026-10-31,12.22474
AMAT,2026-08-15,estimate,epsEst,FY2027-10-31,18.15682
AMAT,2026-08-08,estimate,epsEst,FY2027-10-31,17.08771
AMAT,2026-07-16,estimate,epsEst,FY2027-10-31,16.74562
AMAT,2026-06-16,estimate,epsEst,FY2027-10-31,16.25216
AMAT,2026-05-17,estimate,epsEst,FY2027-10-31,15.89393
AMAT,2026-08-15,estimate,epsEstAvg,FQ2026-10-31,4.06075
AMAT,2026-08-15,estimate,epsEstLow,FQ2026-10-31,4.02
AMAT,2026-08-15,estimate,epsEstHigh,FQ2026-10-31,4.25
AMAT,2026-08-15,estimate,epsEstAnalysts,FQ2026-10-31,24.0
AMAT,2026-08-15,estimate,epsEstGrowth,FQ2026-10-31,0.8713
AMAT,2026-08-15,estimate,epsEstAvg,FQ2027-01-31,4.19714
AMAT,2026-08-15,estimate,epsEstLow,FQ2027-01-31,3.71
AMAT,2026-08-15,estimate,epsEstHigh,FQ2027-01-31,4.769
AMAT,2026-08-15,estimate,epsEstAnalysts,FQ2027-01-31,26.0
AMAT,2026-08-15,estimate,epsEstGrowth,FQ2027-01-31,0.7635
AMAT,2026-08-15,estimate,epsEstAvg,FY2026-10-31,12.7897
AMAT,2026-08-15,estimate,epsEstLow,FY2026-10-31,12.53
AMAT,2026-08-15,estimate,epsEstHigh,FY2026-10-31,12.98
AMAT,2026-08-15,estimate,epsEstAnalysts,FY2026-10-31,26.0
AMAT,2026-08-15,estimate,epsEstGrowth,FY2026-10-31,0.3577
AMAT,2026-08-15,estimate,epsEstAvg,FY2027-10-31,18.15682
AMAT,2026-08-15,estimate,epsEstLow,FY2027-10-31,14.53
AMAT,2026-08-15,estimate,epsEstHigh,FY2027-10-31,21.77
AMAT,2026-08-15,estimate,epsEstAnalysts,FY2027-10-31,34.0
AMAT,2026-08-15,estimate,epsEstGrowth,FY2027-10-31,0.41959998
AMAT,2026-08-15,estimate,revEstAvg,FQ2026-10-31,10292645750.0
AMAT,2026-08-15,estimate,revEstLow,FQ2026-10-31,9941000000.0
AMAT,2026-08-15,estimate,revEstHigh,FQ2026-10-31,10704584000.0
AMAT,2026-08-15,estimate,revEstAnalysts,FQ2026-10-31,24.0
AMAT,2026-08-15,estimate,revEstGrowth,FQ2026-10-31,0.5136
AMAT,2026-08-15,estimate,revEstAvg,FQ2027-01-31,10725212250.0
AMAT,2026-08-15,estimate,revEstLow,FQ2027-01-31,9600000000.0
AMAT,2026-08-15,estimate,revEstHigh,FQ2027-01-31,11413000000.0
AMAT,2026-08-15,estimate,revEstAnalysts,FQ2027-01-31,24.0
AMAT,2026-08-15,estimate,revEstGrowth,FQ2027-01-31,0.52959996
AMAT,2026-08-15,estimate,revEstAvg,FY2026-10-31,34145177490.0
AMAT,2026-08-15,estimate,revEstLow,FY2026-10-31,32679940000.0
AMAT,2026-08-15,estimate,revEstHigh,FY2026-10-31,34741584000.0
AMAT,2026-08-15,estimate,revEstAnalysts,FY2026-10-31,33.0
AMAT,2026-08-15,estimate,revEstGrowth,FY2026-10-31,0.2037
AMAT,2026-08-15,estimate,revEstAvg,FY2027-10-31,45648500750.0
AMAT,2026-08-15,estimate,revEstLow,FY2027-10-31,38768000000.0
AMAT,2026-08-15,estimate,revEstHigh,FY2027-10-31,51005700000.0
AMAT,2026-08-15,estimate,revEstAnalysts,FY2027-10-31,34.0
AMAT,2026-08-15,estimate,revEstGrowth,FY2027-10-31,0.3369
AMAT,2026-08-15,estimate,epsRevUp7,FQ2026-10-31,2.0
AMAT,2026-08-15,estimate,epsRevUp30,FQ2026-10-31,5.0
AMAT,2026-08-15,estimate,epsRevDown7,FQ2026-10-31,0.0
AMAT,2026-08-15,estimate,epsRevDown30,FQ2026-10-31,0.0
AMAT,2026-08-15,estimate,epsRevUp7,FQ2027-01-31,3.0
AMAT,2026-08-15,estimate,epsRevUp30,FQ2027-01-31,6.0
AMAT,2026-08-15,estimate,epsRevDown7,FQ2027-01-31,0.0
AMAT,2026-08-15,estimate,epsRevDown30,FQ2027-01-31,0.0
AMAT,2026-08-15,estimate,epsRevUp7,FY2026-10-31,3.0
AMAT,2026-08-15,estimate,epsRevUp30,FY2026-10-31,7.0
AMAT,2026-08-15,estimate,epsRevDown7,FY2026-10-31,0.0
AMAT,2026-08-15,estimate,epsRevDown30,FY2026-10-31,0.0
AMAT,2026-08-15,estimate,epsRevUp7,FY2027-10-31,3.0
AMAT,2026-08-15,estimate,epsRevUp30,FY2027-10-31,9.0
AMAT,2026-08-15,estimate,epsRevDown7,FY2027-10-31,0.0
AMAT,2026-08-15,estimate,epsRevDown30,FY2027-10-31,0.0
LRCX,2026-08-15,estimate,epsEst,FQ2026-09-30,2.17786
LRCX,2026-08-08,estimate,epsEst,FQ2026-09-30,2.17786
LRCX,2026-07-16,estimate,epsEst,FQ2026-09-30,1.81988
LRCX,2026-06-16,estimate,epsEst,FQ2026-09-30,1.80506
LRCX,2026-05-17,estimate,epsEst,FQ2026-09-30,1.80094
LRCX,2026-08-15,estimate,epsEst,FQ2026-12-31,2.30683
LRCX,2026-08-08,estimate,epsEst,FQ2026-12-31,2.30683
LRCX,2026-07-16,estimate,epsEst,FQ2026-12-31,1.98065
LRCX,2026-06-16,estimate,epsEst,FQ2026-12-31,1.9587
LRCX,2026-05-17,estimate,epsEst,FQ2026-12-31,1.94594
LRCX,2026-08-15,estimate,epsEst,FY2027-06-30,9.45969
LRCX,2026-08-08,estimate,epsEst,FY2027-06-30,9.45797
LRCX,2026-07-16,estimate,epsEst,FY2027-06-30,8.1148
LRCX,2026-06-16,estimate,epsEst,FY2027-06-30,7.99484
LRCX,2026-05-17,estimate,epsEst,FY2027-06-30,7.93928
LRCX,2026-08-15,estimate,epsEst,FY2028-06-30,11.55714
LRCX,2026-08-08,estimate,epsEst,FY2028-06-30,11.52522
LRCX,2026-07-16,estimate,epsEst,FY2028-06-30,9.96439
LRCX,2026-06-16,estimate,epsEst,FY2028-06-30,9.64946
LRCX,2026-05-17,estimate,epsEst,FY2028-06-30,9.5483
LRCX,2026-08-15,estimate,epsEstAvg,FQ2026-09-30,2.17786
LRCX,2026-08-15,estimate,epsEstLow,FQ2026-09-30,2.09
LRCX,2026-08-15,estimate,epsEstHigh,FQ2026-09-30,2.28
LRCX,2026-08-15,estimate,epsEstAnalysts,FQ2026-09-30,25.0
LRCX,2026-08-15,estimate,epsEstGrowth,FQ2026-09-30,0.7285
LRCX,2026-08-15,estimate,epsEstAvg,FQ2026-12-31,2.30683
LRCX,2026-08-15,estimate,epsEstLow,FQ2026-12-31,2.11
LRCX,2026-08-15,estimate,epsEstHigh,FQ2026-12-31,2.55
LRCX,2026-08-15,estimate,epsEstAnalysts,FQ2026-12-31,25.0
LRCX,2026-08-15,estimate,epsEstGrowth,FQ2026-12-31,0.8164
LRCX,2026-08-15,estimate,epsEstAvg,FY2027-06-30,9.45969
LRCX,2026-08-15,estimate,epsEstLow,FY2027-06-30,8.44
LRCX,2026-08-15,estimate,epsEstHigh,FY2027-06-30,10.82
LRCX,2026-08-15,estimate,epsEstAnalysts,FY2027-06-30,29.0
LRCX,2026-08-15,estimate,epsEstGrowth,FY2027-06-30,0.6254
LRCX,2026-08-15,estimate,epsEstAvg,FY2028-06-30,11.55714
LRCX,2026-08-15,estimate,epsEstLow,FY2028-06-30,8.96
LRCX,2026-08-15,estimate,epsEstHigh,FY2028-06-30,15.12
LRCX,2026-08-15,estimate,epsEstAnalysts,FY2028-06-30,26.0
LRCX,2026-08-15,estimate,epsEstGrowth,FY2028-06-30,0.2217
LRCX,2026-08-15,estimate,revEstAvg,FQ2026-09-30,8133724960.0
LRCX,2026-08-15,estimate,revEstLow,FQ2026-09-30,7891000000.0
LRCX,2026-08-15,estimate,revEstHigh,FQ2026-09-30,8394000000.0
LRCX,2026-08-15,estimate,revEstAnalysts,FQ2026-09-30,24.0
LRCX,2026-08-15,estimate,revEstGrowth,FQ2026-09-30,0.5277
LRCX,2026-08-15,estimate,revEstAvg,FQ2026-12-31,8516355920.0
LRCX,2026-08-15,estimate,revEstLow,FQ2026-12-31,8075100000.0
LRCX,2026-08-15,estimate,revEstHigh,FQ2026-12-31,8910300000.0
LRCX,2026-08-15,estimate,revEstAnalysts,FQ2026-12-31,24.0
LRCX,2026-08-15,estimate,revEstGrowth,FQ2026-12-31,0.5934
LRCX,2026-08-15,estimate,revEstAvg,FY2027-06-30,34762045650.0
LRCX,2026-08-15,estimate,revEstLow,FY2027-06-30,32447200000.0
LRCX,2026-08-15,estimate,revEstHigh,FY2027-06-30,37313965390.0
LRCX,2026-08-15,estimate,revEstAnalysts,FY2027-06-30,27.0
LRCX,2026-08-15,estimate,revEstGrowth,FY2027-06-30,0.4963
LRCX,2026-08-15,estimate,revEstAvg,FY2028-06-30,40234462420.0
LRCX,2026-08-15,estimate,revEstLow,FY2028-06-30,31380000000.0
LRCX,2026-08-15,estimate,revEstHigh,FY2028-06-30,46849000000.0
LRCX,2026-08-15,estimate,revEstAnalysts,FY2028-06-30,26.0
LRCX,2026-08-15,estimate,revEstGrowth,FY2028-06-30,0.1574
LRCX,2026-08-15,estimate,epsRevUp7,FQ2026-09-30,21.0
LRCX,2026-08-15,estimate,epsRevUp30,FQ2026-09-30,22.0
LRCX,2026-08-15,estimate,epsRevDown7,FQ2026-09-30,0.0
LRCX,2026-08-15,estimate,epsRevDown30,FQ2026-09-30,0.0
LRCX,2026-08-15,estimate,epsRevUp7,FQ2026-12-31,2.0
LRCX,2026-08-15,estimate,epsRevUp30,FQ2026-12-31,22.0
LRCX,2026-08-15,estimate,epsRevDown7,FQ2026-12-31,0.0
LRCX,2026-08-15,estimate,epsRevDown30,FQ2026-12-31,0.0
LRCX,2026-08-15,estimate,epsRevUp7,FY2027-06-30,26.0
LRCX,2026-08-15,estimate,epsRevUp30,FY2027-06-30,27.0
LRCX,2026-08-15,estimate,epsRevDown7,FY2027-06-30,0.0
LRCX,2026-08-15,estimate,epsRevDown30,FY2027-06-30,0.0
LRCX,2026-08-15,estimate,epsRevUp7,FY2028-06-30,17.0
LRCX,2026-08-15,estimate,epsRevUp30,FY2028-06-30,17.0
LRCX,2026-08-15,estimate,epsRevDown7,FY2028-06-30,1.0
LRCX,2026-08-15,estimate,epsRevDown30,FY2028-06-30,1.0
KLAC,2026-08-15,estimate,epsEst,FQ2026-09-30,1.17852
KLAC,2026-08-08,estimate,epsEst,FQ2026-09-30,1.17852
KLAC,2026-07-16,estimate,epsEst,FQ2026-09-30,1.13337
KLAC,2026-06-16,estimate,epsEst,FQ2026-09-30,1.12979
KLAC,2026-05-17,estimate,epsEst,FQ2026-09-30,1.12048
KLAC,2026-08-15,estimate,epsEst,FQ2026-12-31,1.36058
KLAC,2026-08-08,estimate,epsEst,FQ2026-12-31,1.36058
KLAC,2026-07-16,estimate,epsEst,FQ2026-12-31,1.29393
KLAC,2026-06-16,estimate,epsEst,FQ2026-12-31,1.28594
KLAC,2026-05-17,estimate,epsEst,FQ2026-12-31,1.27025
KLAC,2026-08-15,estimate,epsEst,FY2027-06-30,5.4484
KLAC,2026-08-08,estimate,epsEst,FY2027-06-30,5.4484
KLAC,2026-07-16,estimate,epsEst,FY2027-06-30,5.16894
KLAC,2026-06-16,estimate,epsEst,FY2027-06-30,5.08593
KLAC,2026-05-17,estimate,epsEst,FY2027-06-30,5.01188
KLAC,2026-08-15,estimate,epsEst,FY2028-06-30,6.57232
KLAC,2026-08-08,estimate,epsEst,FY2028-06-30,6.54928
KLAC,2026-07-16,estimate,epsEst,FY2028-06-30,6.23568
KLAC,2026-06-16,estimate,epsEst,FY2028-06-30,5.96566
KLAC,2026-05-17,estimate,epsEst,FY2028-06-30,5.89018
KLAC,2026-08-15,estimate,epsEstAvg,FQ2026-09-30,1.17852
KLAC,2026-08-15,estimate,epsEstLow,FQ2026-09-30,1.16
KLAC,2026-08-15,estimate,epsEstHigh,FQ2026-09-30,1.25
KLAC,2026-08-15,estimate,epsEstAnalysts,FQ2026-09-30,22.0
KLAC,2026-08-15,estimate,epsEstGrowth,FQ2026-09-30,0.3377
KLAC,2026-08-15,estimate,epsEstAvg,FQ2026-12-31,1.36058
KLAC,2026-08-15,estimate,epsEstLow,FQ2026-12-31,1.31
KLAC,2026-08-15,estimate,epsEstHigh,FQ2026-12-31,1.41
KLAC,2026-08-15,estimate,epsEstAnalysts,FQ2026-12-31,22.0
KLAC,2026-08-15,estimate,epsEstGrowth,FQ2026-12-31,0.5374
KLAC,2026-08-15,estimate,epsEstAvg,FY2027-06-30,5.4484
KLAC,2026-08-15,estimate,epsEstLow,FY2027-06-30,5.05
KLAC,2026-08-15,estimate,epsEstHigh,FY2027-06-30,5.86
KLAC,2026-08-15,estimate,epsEstAnalysts,FY2027-06-30,23.0
KLAC,2026-08-15,estimate,epsEstGrowth,FY2027-06-30,0.449
KLAC,2026-08-15,estimate,epsEstAvg,FY2028-06-30,6.57232
KLAC,2026-08-15,estimate,epsEstLow,FY2028-06-30,5.042
KLAC,2026-08-15,estimate,epsEstHigh,FY2028-06-30,7.62648
KLAC,2026-08-15,estimate,epsEstAnalysts,FY2028-06-30,23.0
KLAC,2026-08-15,estimate,epsEstGrowth,FY2028-06-30,0.20629999
KLAC,2026-08-15,estimate,revEstAvg,FQ2026-09-30,4040194880.0
KLAC,2026-08-15,estimate,revEstLow,FQ2026-09-30,3999719840.0
KLAC,2026-08-15,estimate,revEstHigh,FQ2026-09-30,4219111000.0
KLAC,2026-08-15,estimate,revEstAnalysts,FQ2026-09-30,21.0
KLAC,2026-08-15,estimate,revEstGrowth,FQ2026-09-30,0.2587
KLAC,2026-08-15,estimate,revEstAvg,FQ2026-12-31,4494606210.0
KLAC,2026-08-15,estimate,revEstLow,FQ2026-12-31,4362600000.0
KLAC,2026-08-15,estimate,revEstHigh,FQ2026-12-31,4634100000.0
KLAC,2026-08-15,estimate,revEstAnalysts,FQ2026-12-31,21.0
KLAC,2026-08-15,estimate,revEstGrowth,FQ2026-12-31,0.3632
KLAC,2026-08-15,estimate,revEstAvg,FY2027-06-30,18099545630.0
KLAC,2026-08-15,estimate,revEstLow,FY2027-06-30,17532000000.0
KLAC,2026-08-15,estimate,revEstHigh,FY2027-06-30,19050000000.0
KLAC,2026-08-15,estimate,revEstAnalysts,FY2027-06-30,22.0
KLAC,2026-08-15,estimate,revEstGrowth,FY2027-06-30,0.33290002
KLAC,2026-08-15,estimate,revEstAvg,FY2028-06-30,21056991290.0
KLAC,2026-08-15,estimate,revEstLow,FY2028-06-30,17085000000.0
KLAC,2026-08-15,estimate,revEstHigh,FY2028-06-30,23475000000.0
KLAC,2026-08-15,estimate,revEstAnalysts,FY2028-06-30,22.0
KLAC,2026-08-15,estimate,revEstGrowth,FY2028-06-30,0.1634
KLAC,2026-08-15,estimate,epsRevUp7,FQ2026-09-30,1.0
KLAC,2026-08-15,estimate,epsRevUp30,FQ2026-09-30,5.0
KLAC,2026-08-15,estimate,epsRevDown7,FQ2026-09-30,2.0
KLAC,2026-08-15,estimate,epsRevDown30,FQ2026-09-30,6.0
KLAC,2026-08-15,estimate,epsRevUp7,FQ2026-12-31,1.0
KLAC,2026-08-15,estimate,epsRevUp30,FQ2026-12-31,6.0
KLAC,2026-08-15,estimate,epsRevDown7,FQ2026-12-31,2.0
KLAC,2026-08-15,estimate,epsRevDown30,FQ2026-12-31,5.0
KLAC,2026-08-15,estimate,epsRevUp7,FY2027-06-30,21.0
KLAC,2026-08-15,estimate,epsRevUp30,FY2027-06-30,21.0
KLAC,2026-08-15,estimate,epsRevDown7,FY2027-06-30,1.0
KLAC,2026-08-15,estimate,epsRevDown30,FY2027-06-30,1.0
KLAC,2026-08-15,estimate,epsRevUp7,FY2028-06-30,11.0
KLAC,2026-08-15,estimate,epsRevUp30,FY2028-06-30,11.0
KLAC,2026-08-15,estimate,epsRevDown7,FY2028-06-30,3.0
KLAC,2026-08-15,estimate,epsRevDown30,FY2028-06-30,1.0
ASML,2026-08-15,estimate,epsEst,FQ2026-09-30,10.58262
ASML,2026-08-08,estimate,epsEst,FQ2026-09-30,10.58262
ASML,2026-07-16,estimate,epsEst,FQ2026-09-30,8.46437
ASML,2026-06-16,estimate,epsEst,FQ2026-09-30,8.29963
ASML,2026-05-17,estimate,epsEst,FQ2026-09-30,0.0
ASML,2026-08-15,estimate,epsEst,FQ2026-12-31,13.14231
ASML,2026-08-08,estimate,epsEst,FQ2026-12-31,13.14231
ASML,2026-07-16,estimate,epsEst,FQ2026-12-31,9.73682
ASML,2026-06-16,estimate,epsEst,FQ2026-12-31,9.68186
ASML,2026-05-17,estimate,epsEst,FQ2026-12-31,0.0
ASML,2026-08-15,estimate,epsEst,FY2026-12-31,38.02898
ASML,2026-08-08,estimate,epsEst,FY2026-12-31,38.05051
ASML,2026-07-16,estimate,epsEst,FY2026-12-31,31.86086
ASML,2026-06-16,estimate,epsEst,FY2026-12-31,31.47638
ASML,2026-05-17,estimate,epsEst,FY2026-12-31,31.37089
ASML,2026-08-15,estimate,epsEst,FY2027-12-31,51.42462
ASML,2026-08-08,estimate,epsEst,FY2027-12-31,51.08785
ASML,2026-07-16,estimate,epsEst,FY2027-12-31,43.29313
ASML,2026-06-16,estimate,epsEst,FY2027-12-31,41.46047
ASML,2026-05-17,estimate,epsEst,FY2027-12-31,40.84631
ASML,2026-08-15,estimate,epsEstAvg,FQ2026-09-30,10.58262
ASML,2026-08-15,estimate,epsEstLow,FQ2026-09-30,8.65
ASML,2026-08-15,estimate,epsEstHigh,FQ2026-09-30,11.5
ASML,2026-08-15,estimate,epsEstAnalysts,FQ2026-09-30,14.0
ASML,2026-08-15,estimate,epsEstGrowth,FQ2026-09-30,0.9276
ASML,2026-08-15,estimate,epsEstAvg,FQ2026-12-31,13.14231
ASML,2026-08-15,estimate,epsEstLow,FQ2026-12-31,9.64
ASML,2026-08-15,estimate,epsEstHigh,FQ2026-12-31,14.7324
ASML,2026-08-15,estimate,epsEstAnalysts,FQ2026-12-31,14.0
ASML,2026-08-15,estimate,epsEstGrowth,FQ2026-12-31,0.79050004
ASML,2026-08-15,estimate,epsEstAvg,FY2026-12-31,38.02898
ASML,2026-08-15,estimate,epsEstLow,FY2026-12-31,31.81
ASML,2026-08-15,estimate,epsEstHigh,FY2026-12-31,40.41908
ASML,2026-08-15,estimate,epsEstAnalysts,FY2026-12-31,33.0
ASML,2026-08-15,estimate,epsEstGrowth,FY2026-12-31,0.53900003
ASML,2026-08-15,estimate,epsEstAvg,FY2027-12-31,51.42462
ASML,2026-08-15,estimate,epsEstLow,FY2027-12-31,37.43
ASML,2026-08-15,estimate,epsEstHigh,FY2027-12-31,59.10128
ASML,2026-08-15,estimate,epsEstAnalysts,FY2027-12-31,34.0
ASML,2026-08-15,estimate,epsEstGrowth,FY2027-12-31,0.3522
ASML,2026-08-15,estimate,revEstAvg,FQ2026-09-30,11659601130.0
ASML,2026-08-15,estimate,revEstLow,FQ2026-09-30,10520000000.0
ASML,2026-08-15,estimate,revEstHigh,FQ2026-09-30,12104478220.0
ASML,2026-08-15,estimate,revEstAnalysts,FQ2026-09-30,17.0
ASML,2026-08-15,estimate,revEstGrowth,FQ2026-09-30,0.5513
ASML,2026-08-15,estimate,revEstAvg,FQ2026-12-31,13996276860.0
ASML,2026-08-15,estimate,revEstLow,FQ2026-12-31,11867000000.0
ASML,2026-08-15,estimate,revEstHigh,FQ2026-12-31,15082185000.0
ASML,2026-08-15,estimate,revEstAnalysts,FQ2026-12-31,17.0
ASML,2026-08-15,estimate,revEstGrowth,FQ2026-12-31,0.4402
ASML,2026-08-15,estimate,revEstAvg,FY2026-12-31,43213109670.0
ASML,2026-08-15,estimate,revEstLow,FY2026-12-31,39262000000.0
ASML,2026-08-15,estimate,revEstHigh,FY2026-12-31,45206814000.0
ASML,2026-08-15,estimate,revEstAnalysts,FY2026-12-31,37.0
ASML,2026-08-15,estimate,revEstGrowth,FY2026-12-31,0.32279998
ASML,2026-08-15,estimate,revEstAvg,FY2027-12-31,54330005020.0
ASML,2026-08-15,estimate,revEstLow,FY2027-12-31,43586400000.0
ASML,2026-08-15,estimate,revEstHigh,FY2027-12-31,60662000000.0
ASML,2026-08-15,estimate,revEstAnalysts,FY2027-12-31,39.0
ASML,2026-08-15,estimate,revEstGrowth,FY2027-12-31,0.2573
ASML,2026-08-15,estimate,epsRevUp7,FQ2026-09-30,12.0
ASML,2026-08-15,estimate,epsRevUp30,FQ2026-09-30,11.0
ASML,2026-08-15,estimate,epsRevDown7,FQ2026-09-30,0.0
ASML,2026-08-15,estimate,epsRevDown30,FQ2026-09-30,0.0
ASML,2026-08-15,estimate,epsRevUp7,FQ2026-12-31,12.0
ASML,2026-08-15,estimate,epsRevUp30,FQ2026-12-31,11.0
ASML,2026-08-15,estimate,epsRevDown7,FQ2026-12-31,0.0
ASML,2026-08-15,estimate,epsRevDown30,FQ2026-12-31,0.0
ASML,2026-08-15,estimate,epsRevUp7,FY2026-12-31,9.0
ASML,2026-08-15,estimate,epsRevUp30,FY2026-12-31,28.0
ASML,2026-08-15,estimate,epsRevDown7,FY2026-12-31,1.0
ASML,2026-08-15,estimate,epsRevDown30,FY2026-12-31,0.0
ASML,2026-08-15,estimate,epsRevUp7,FY2027-12-31,14.0
ASML,2026-08-15,estimate,epsRevUp30,FY2027-12-31,27.0
ASML,2026-08-15,estimate,epsRevDown7,FY2027-12-31,2.0
ASML,2026-08-15,estimate,epsRevDown30,FY2027-12-31,0.0
TER,2026-08-15,estimate,epsEst,FQ2026-09-30,2.05052
TER,2026-08-08,estimate,epsEst,FQ2026-09-30,1.44346
TER,2026-07-16,estimate,epsEst,FQ2026-09-30,1.43551
TER,2026-06-16,estimate,epsEst,FQ2026-09-30,1.3763
TER,2026-05-17,estimate,epsEst,FQ2026-09-30,1.37693
TER,2026-08-15,estimate,epsEst,FQ2026-12-31,2.01373
TER,2026-08-08,estimate,epsEst,FQ2026-12-31,1.29328
TER,2026-07-16,estimate,epsEst,FQ2026-12-31,1.27867
TER,2026-06-16,estimate,epsEst,FQ2026-12-31,1.22635
TER,2026-05-17,estimate,epsEst,FQ2026-12-31,1.22697
TER,2026-08-15,estimate,epsEst,FY2026-12-31,9.09271
TER,2026-08-08,estimate,epsEst,FY2026-12-31,7.30809
TER,2026-07-16,estimate,epsEst,FY2026-12-31,7.28173
TER,2026-06-16,estimate,epsEst,FY2026-12-31,7.13881
TER,2026-05-17,estimate,epsEst,FY2026-12-31,7.15748
TER,2026-08-15,estimate,epsEst,FY2027-12-31,11.55303
TER,2026-08-08,estimate,epsEst,FY2027-12-31,10.28384
TER,2026-07-16,estimate,epsEst,FY2027-12-31,9.74646
TER,2026-06-16,estimate,epsEst,FY2027-12-31,9.48471
TER,2026-05-17,estimate,epsEst,FY2027-12-31,9.45616
TER,2026-08-15,estimate,epsEstAvg,FQ2026-09-30,2.05052
TER,2026-08-15,estimate,epsEstLow,FQ2026-09-30,1.99
TER,2026-08-15,estimate,epsEstHigh,FQ2026-09-30,2.2
TER,2026-08-15,estimate,epsEstAnalysts,FQ2026-09-30,15.0
TER,2026-08-15,estimate,epsEstGrowth,FQ2026-09-30,1.4124
TER,2026-08-15,estimate,epsEstAvg,FQ2026-12-31,2.01373
TER,2026-08-15,estimate,epsEstLow,FQ2026-12-31,1.78
TER,2026-08-15,estimate,epsEstHigh,FQ2026-12-31,2.21097
TER,2026-08-15,estimate,epsEstAnalysts,FQ2026-12-31,15.0
TER,2026-08-15,estimate,epsEstGrowth,FQ2026-12-31,0.1187
TER,2026-08-15,estimate,epsEstAvg,FY2026-12-31,9.09271
TER,2026-08-15,estimate,epsEstLow,FY2026-12-31,8.82
TER,2026-08-15,estimate,epsEstHigh,FY2026-12-31,9.35018
TER,2026-08-15,estimate,epsEstAnalysts,FY2026-12-31,15.0
TER,2026-08-15,estimate,epsEstGrowth,FY2026-12-31,1.2961
TER,2026-08-15,estimate,epsEstAvg,FY2027-12-31,11.55303
TER,2026-08-15,estimate,epsEstLow,FY2027-12-31,9.0
TER,2026-08-15,estimate,epsEstHigh,FY2027-12-31,16.53
TER,2026-08-15,estimate,epsEstAnalysts,FY2027-12-31,18.0
TER,2026-08-15,estimate,epsEstGrowth,FY2027-12-31,0.2706
TER,2026-08-15,estimate,revEstAvg,FQ2026-09-30,1262144510.0
TER,2026-08-15,estimate,revEstLow,FQ2026-09-30,1200000000.0
TER,2026-08-15,estimate,revEstHigh,FQ2026-09-30,1306056000.0
TER,2026-08-15,estimate,revEstAnalysts,FQ2026-09-30,15.0
TER,2026-08-15,estimate,revEstGrowth,FQ2026-09-30,0.6408
TER,2026-08-15,estimate,revEstAvg,FQ2026-12-31,1262051050.0
TER,2026-08-15,estimate,revEstLow,FQ2026-12-31,1206400000.0
TER,2026-08-15,estimate,revEstHigh,FQ2026-12-31,1308500000.0
TER,2026-08-15,estimate,revEstAnalysts,FQ2026-12-31,14.0
TER,2026-08-15,estimate,revEstGrowth,FQ2026-12-31,0.165
TER,2026-08-15,estimate,revEstAvg,FY2026-12-31,5143439780.0
TER,2026-08-15,estimate,revEstLow,FY2026-12-31,5071900000.0
TER,2026-08-15,estimate,revEstHigh,FY2026-12-31,5208741000.0
TER,2026-08-15,estimate,revEstAnalysts,FY2026-12-31,15.0
TER,2026-08-15,estimate,revEstGrowth,FY2026-12-31,0.6124
TER,2026-08-15,estimate,revEstAvg,FY2027-12-31,6221303320.0
TER,2026-08-15,estimate,revEstLow,FY2027-12-31,5110000000.0
TER,2026-08-15,estimate,revEstHigh,FY2027-12-31,7130000000.0
TER,2026-08-15,estimate,revEstAnalysts,FY2027-12-31,17.0
TER,2026-08-15,estimate,revEstGrowth,FY2027-12-31,0.20959999
TER,2026-08-15,estimate,epsRevUp7,FQ2026-09-30,1.0
TER,2026-08-15,estimate,epsRevUp30,FQ2026-09-30,3.0
TER,2026-08-15,estimate,epsRevDown7,FQ2026-09-30,1.0
TER,2026-08-15,estimate,epsRevDown30,FQ2026-09-30,1.0
TER,2026-08-15,estimate,epsRevUp7,FQ2026-12-31,1.0
TER,2026-08-15,estimate,epsRevUp30,FQ2026-12-31,3.0
TER,2026-08-15,estimate,epsRevDown7,FQ2026-12-31,1.0
TER,2026-08-15,estimate,epsRevDown30,FQ2026-12-31,1.0
TER,2026-08-15,estimate,epsRevUp7,FY2026-12-31,1.0
TER,2026-08-15,estimate,epsRevUp30,FY2026-12-31,4.0
TER,2026-08-15,estimate,epsRevDown7,FY2026-12-31,1.0
TER,2026-08-15,estimate,epsRevDown30,FY2026-12-31,1.0
TER,2026-08-15,estimate,epsRevUp7,FY2027-12-31,1.0
TER,2026-08-15,estimate,epsRevUp30,FY2027-12-31,5.0
TER,2026-08-15,estimate,epsRevDown7,FY2027-12-31,1.0
TER,2026-08-15,estimate,epsRevDown30,FY2027-12-31,1.0
ENTG,2026-08-15,estimate,epsEst,FQ2026-09-30,1.01778
ENTG,2026-08-08,estimate,epsEst,FQ2026-09-30,0.93795
ENTG,2026-07-16,estimate,epsEst,FQ2026-09-30,0.93284
ENTG,2026-06-16,estimate,epsEst,FQ2026-09-30,0.92627
ENTG,2026-05-17,estimate,epsEst,FQ2026-09-30,0.92183
ENTG,2026-08-15,estimate,epsEst,FQ2026-12-31,1.09965
ENTG,2026-08-08,estimate,epsEst,FQ2026-12-31,1.04767
ENTG,2026-07-16,estimate,epsEst,FQ2026-12-31,1.03633
ENTG,2026-06-16,estimate,epsEst,FQ2026-12-31,1.02942
ENTG,2026-05-17,estimate,epsEst,FQ2026-12-31,1.03053
ENTG,2026-08-15,estimate,epsEst,FY2026-12-31,3.91892
ENTG,2026-08-08,estimate,epsEst,FY2026-12-31,3.67472
ENTG,2026-07-16,estimate,epsEst,FY2026-12-31,3.65586
ENTG,2026-06-16,estimate,epsEst,FY2026-12-31,3.64128
ENTG,2026-05-17,estimate,epsEst,FY2026-12-31,3.63628
ENTG,2026-08-15,estimate,epsEst,FY2027-12-31,5.01562
ENTG,2026-08-08,estimate,epsEst,FY2027-12-31,4.6984
ENTG,2026-07-16,estimate,epsEst,FY2027-12-31,4.65081
ENTG,2026-06-16,estimate,epsEst,FY2027-12-31,4.62334
ENTG,2026-05-17,estimate,epsEst,FY2027-12-31,4.60516
ENTG,2026-08-15,estimate,epsEstAvg,FQ2026-09-30,1.01778
ENTG,2026-08-15,estimate,epsEstLow,FQ2026-09-30,0.98
ENTG,2026-08-15,estimate,epsEstHigh,FQ2026-09-30,1.0911
ENTG,2026-08-15,estimate,epsEstAnalysts,FQ2026-09-30,11.0
ENTG,2026-08-15,estimate,epsEstGrowth,FQ2026-09-30,0.4136
ENTG,2026-08-15,estimate,epsEstAvg,FQ2026-12-31,1.09965
ENTG,2026-08-15,estimate,epsEstLow,FQ2026-12-31,0.97
ENTG,2026-08-15,estimate,epsEstHigh,FQ2026-12-31,1.20112
ENTG,2026-08-15,estimate,epsEstAnalysts,FQ2026-12-31,11.0
ENTG,2026-08-15,estimate,epsEstGrowth,FQ2026-12-31,0.5709
ENTG,2026-08-15,estimate,epsEstAvg,FY2026-12-31,3.91892
ENTG,2026-08-15,estimate,epsEstLow,FY2026-12-31,3.75
ENTG,2026-08-15,estimate,epsEstHigh,FY2026-12-31,4.08581
ENTG,2026-08-15,estimate,epsEstAnalysts,FY2026-12-31,12.0
ENTG,2026-08-15,estimate,epsEstGrowth,FY2026-12-31,0.42509997
ENTG,2026-08-15,estimate,epsEstAvg,FY2027-12-31,5.01562
ENTG,2026-08-15,estimate,epsEstLow,FY2027-12-31,4.51
ENTG,2026-08-15,estimate,epsEstHigh,FY2027-12-31,5.97341
ENTG,2026-08-15,estimate,epsEstAnalysts,FY2027-12-31,12.0
ENTG,2026-08-15,estimate,epsEstGrowth,FY2027-12-31,0.2798
ENTG,2026-08-15,estimate,revEstAvg,FQ2026-09-30,921955400.0
ENTG,2026-08-15,estimate,revEstLow,FQ2026-09-30,912000000.0
ENTG,2026-08-15,estimate,revEstHigh,FQ2026-09-30,930785000.0
ENTG,2026-08-15,estimate,revEstAnalysts,FQ2026-09-30,10.0
ENTG,2026-08-15,estimate,revEstGrowth,FQ2026-09-30,0.1423
ENTG,2026-08-15,estimate,revEstAvg,FQ2026-12-31,954551390.0
ENTG,2026-08-15,estimate,revEstLow,FQ2026-12-31,923000000.0
ENTG,2026-08-15,estimate,revEstHigh,FQ2026-12-31,981631520.0
ENTG,2026-08-15,estimate,revEstAnalysts,FQ2026-12-31,10.0
ENTG,2026-08-15,estimate,revEstGrowth,FQ2026-12-31,0.1586
ENTG,2026-08-15,estimate,revEstAvg,FY2026-12-31,3570553360.0
ENTG,2026-08-15,estimate,revEstLow,FY2026-12-31,3528220000.0
ENTG,2026-08-15,estimate,revEstHigh,FY2026-12-31,3605366520.0
ENTG,2026-08-15,estimate,revEstAnalysts,FY2026-12-31,11.0
ENTG,2026-08-15,estimate,revEstGrowth,FY2026-12-31,0.117
ENTG,2026-08-15,estimate,revEstAvg,FY2027-12-31,4022822810.0
ENTG,2026-08-15,estimate,revEstLow,FY2027-12-31,3866030000.0
ENTG,2026-08-15,estimate,revEstHigh,FY2027-12-31,4206620490.0
ENTG,2026-08-15,estimate,revEstAnalysts,FY2027-12-31,11.0
ENTG,2026-08-15,estimate,revEstGrowth,FY2027-12-31,0.1267
ENTG,2026-08-15,estimate,epsRevUp7,FQ2026-09-30,1.0
ENTG,2026-08-15,estimate,epsRevUp30,FQ2026-09-30,2.0
ENTG,2026-08-15,estimate,epsRevDown7,FQ2026-09-30,0.0
ENTG,2026-08-15,estimate,epsRevDown30,FQ2026-09-30,0.0
ENTG,2026-08-15,estimate,epsRevUp7,FQ2026-12-31,1.0
ENTG,2026-08-15,estimate,epsRevUp30,FQ2026-12-31,2.0
ENTG,2026-08-15,estimate,epsRevDown7,FQ2026-12-31,0.0
ENTG,2026-08-15,estimate,epsRevDown30,FQ2026-12-31,0.0
ENTG,2026-08-15,estimate,epsRevUp7,FY2026-12-31,1.0
ENTG,2026-08-15,estimate,epsRevUp30,FY2026-12-31,2.0
ENTG,2026-08-15,estimate,epsRevDown7,FY2026-12-31,0.0
ENTG,2026-08-15,estimate,epsRevDown30,FY2026-12-31,0.0
ENTG,2026-08-15,estimate,epsRevUp7,FY2027-12-31,1.0
ENTG,2026-08-15,estimate,epsRevUp30,FY2027-12-31,2.0
ENTG,2026-08-15,estimate,epsRevDown7,FY2027-12-31,0.0
ENTG,2026-08-15,estimate,epsRevDown30,FY2027-12-31,0.0
MSFT,2026-08-15,estimate,epsEst,FQ2026-09-30,4.71385
MSFT,2026-08-08,estimate,epsEst,FQ2026-09-30,4.71331
MSFT,2026-07-16,estimate,epsEst,FQ2026-09-30,4.62319
MSFT,2026-06-16,estimate,epsEst,FQ2026-09-30,4.61418
MSFT,2026-05-17,estimate,epsEst,FQ2026-09-30,4.61434
MSFT,2026-08-15,estimate,epsEst,FQ2026-12-31,4.81961
MSFT,2026-08-08,estimate,epsEst,FQ2026-12-31,4.8173
MSFT,2026-07-16,estimate,epsEst,FQ2026-12-31,4.78767
MSFT,2026-06-16,estimate,epsEst,FQ2026-12-31,4.77702
MSFT,2026-05-17,estimate,epsEst,FQ2026-12-31,4.77306
MSFT,2026-08-15,estimate,epsEst,FY2027-06-30,19.7106
MSFT,2026-08-08,estimate,epsEst,FY2027-06-30,19.67315
MSFT,2026-07-16,estimate,epsEst,FY2027-06-30,19.38938
MSFT,2026-06-16,estimate,epsEst,FY2027-06-30,19.373
MSFT,2026-05-17,estimate,epsEst,FY2027-06-30,19.36538
MSFT,2026-08-15,estimate,epsEst,FY2028-06-30,23.57328
MSFT,2026-08-08,estimate,epsEst,FY2028-06-30,23.46875
MSFT,2026-07-16,estimate,epsEst,FY2028-06-30,22.58739
MSFT,2026-06-16,estimate,epsEst,FY2028-06-30,22.62778
MSFT,2026-05-17,estimate,epsEst,FY2028-06-30,22.62809
MSFT,2026-08-15,estimate,epsEstAvg,FQ2026-09-30,4.71385
MSFT,2026-08-15,estimate,epsEstLow,FQ2026-09-30,4.43
MSFT,2026-08-15,estimate,epsEstHigh,FQ2026-09-30,4.83363
MSFT,2026-08-15,estimate,epsEstAnalysts,FQ2026-09-30,27.0
MSFT,2026-08-15,estimate,epsEstGrowth,FQ2026-09-30,0.14140001
MSFT,2026-08-15,estimate,epsEstAvg,FQ2026-12-31,4.81961
MSFT,2026-08-15,estimate,epsEstLow,FQ2026-12-31,4.66
MSFT,2026-08-15,estimate,epsEstHigh,FQ2026-12-31,5.02
MSFT,2026-08-15,estimate,epsEstAnalysts,FQ2026-12-31,27.0
MSFT,2026-08-15,estimate,epsEstGrowth,FQ2026-12-31,0.16420001
MSFT,2026-08-15,estimate,epsEstAvg,FY2027-06-30,19.7106
MSFT,2026-08-15,estimate,epsEstLow,FY2027-06-30,18.93
MSFT,2026-08-15,estimate,epsEstHigh,FY2027-06-30,20.7
MSFT,2026-08-15,estimate,epsEstAnalysts,FY2027-06-30,35.0
MSFT,2026-08-15,estimate,epsEstGrowth,FY2027-06-30,0.1407
MSFT,2026-08-15,estimate,epsEstAvg,FY2028-06-30,23.57328
MSFT,2026-08-15,estimate,epsEstLow,FY2028-06-30,20.93
MSFT,2026-08-15,estimate,epsEstHigh,FY2028-06-30,26.0
MSFT,2026-08-15,estimate,epsEstAnalysts,FY2028-06-30,33.0
MSFT,2026-08-15,estimate,epsEstGrowth,FY2028-06-30,0.19600001
MSFT,2026-08-15,estimate,revEstAvg,FQ2026-09-30,90668331230.0
MSFT,2026-08-15,estimate,revEstLow,FQ2026-09-30,89640000000.0
MSFT,2026-08-15,estimate,revEstHigh,FQ2026-09-30,92655000000.0
MSFT,2026-08-15,estimate,revEstAnalysts,FQ2026-09-30,37.0
MSFT,2026-08-15,estimate,revEstGrowth,FQ2026-09-30,0.1673
MSFT,2026-08-15,estimate,revEstAvg,FQ2026-12-31,95562760960.0
MSFT,2026-08-15,estimate,revEstLow,FQ2026-12-31,93527000000.0
MSFT,2026-08-15,estimate,revEstHigh,FQ2026-12-31,98410000000.0
MSFT,2026-08-15,estimate,revEstAnalysts,FQ2026-12-31,36.0
MSFT,2026-08-15,estimate,revEstGrowth,FQ2026-12-31,0.1758
MSFT,2026-08-15,estimate,revEstAvg,FY2027-06-30,391172045120.0
MSFT,2026-08-15,estimate,revEstLow,FY2027-06-30,380000000000.0
MSFT,2026-08-15,estimate,revEstHigh,FY2027-06-30,402719127430.0
MSFT,2026-08-15,estimate,revEstAnalysts,FY2027-06-30,48.0
MSFT,2026-08-15,estimate,revEstGrowth,FY2027-06-30,0.17879999
MSFT,2026-08-15,estimate,revEstAvg,FY2028-06-30,468371043880.0
MSFT,2026-08-15,estimate,revEstLow,FY2028-06-30,440000000000.0
MSFT,2026-08-15,estimate,revEstHigh,FY2028-06-30,503000000000.0
MSFT,2026-08-15,estimate,revEstAnalysts,FY2028-06-30,49.0
MSFT,2026-08-15,estimate,revEstGrowth,FY2028-06-30,0.1974
MSFT,2026-08-15,estimate,epsRevUp7,FQ2026-09-30,17.0
MSFT,2026-08-15,estimate,epsRevUp30,FQ2026-09-30,16.0
MSFT,2026-08-15,estimate,epsRevDown7,FQ2026-09-30,4.0
MSFT,2026-08-15,estimate,epsRevDown30,FQ2026-09-30,5.0
MSFT,2026-08-15,estimate,epsRevUp7,FQ2026-12-31,13.0
MSFT,2026-08-15,estimate,epsRevUp30,FQ2026-12-31,13.0
MSFT,2026-08-15,estimate,epsRevDown7,FQ2026-12-31,7.0
MSFT,2026-08-15,estimate,epsRevDown30,FQ2026-12-31,7.0
MSFT,2026-08-15,estimate,epsRevUp7,FY2027-06-30,1.0
MSFT,2026-08-15,estimate,epsRevUp30,FY2027-06-30,20.0
MSFT,2026-08-15,estimate,epsRevDown7,FY2027-06-30,1.0
MSFT,2026-08-15,estimate,epsRevDown30,FY2027-06-30,9.0
MSFT,2026-08-15,estimate,epsRevUp7,FY2028-06-30,1.0
MSFT,2026-08-15,estimate,epsRevUp30,FY2028-06-30,19.0
MSFT,2026-08-15,estimate,epsRevDown7,FY2028-06-30,0.0
MSFT,2026-08-15,estimate,epsRevDown30,FY2028-06-30,4.0
ORCL,2026-08-15,estimate,epsEst,FQ2026-08-31,1.73946
ORCL,2026-08-08,estimate,epsEst,FQ2026-08-31,1.73873
ORCL,2026-07-16,estimate,epsEst,FQ2026-08-31,1.73873
ORCL,2026-06-16,estimate,epsEst,FQ2026-08-31,1.72057
ORCL,2026-05-17,estimate,epsEst,FQ2026-08-31,1.6782
ORCL,2026-08-15,estimate,epsEst,FQ2026-11-30,1.88801
ORCL,2026-08-08,estimate,epsEst,FQ2026-11-30,1.88617
ORCL,2026-07-16,estimate,epsEst,FQ2026-11-30,1.88617
ORCL,2026-06-16,estimate,epsEst,FQ2026-11-30,1.87367
ORCL,2026-05-17,estimate,epsEst,FQ2026-11-30,1.82989
ORCL,2026-08-15,estimate,epsEst,FY2027-05-31,8.05313
ORCL,2026-08-08,estimate,epsEst,FY2027-05-31,8.05139
ORCL,2026-07-16,estimate,epsEst,FY2027-05-31,8.04521
ORCL,2026-06-16,estimate,epsEst,FY2027-05-31,8.03497
ORCL,2026-05-17,estimate,epsEst,FY2027-05-31,8.02763
ORCL,2026-08-15,estimate,epsEst,FY2028-05-31,10.91494
ORCL,2026-08-08,estimate,epsEst,FY2028-05-31,10.89015
ORCL,2026-07-16,estimate,epsEst,FY2028-05-31,10.9216
ORCL,2026-06-16,estimate,epsEst,FY2028-05-31,10.86748
ORCL,2026-05-17,estimate,epsEst,FY2028-05-31,10.71101
ORCL,2026-08-15,estimate,epsEstAvg,FQ2026-08-31,1.73946
ORCL,2026-08-15,estimate,epsEstLow,FQ2026-08-31,1.64
ORCL,2026-08-15,estimate,epsEstHigh,FQ2026-08-31,1.8
ORCL,2026-08-15,estimate,epsEstAnalysts,FQ2026-08-31,33.0
ORCL,2026-08-15,estimate,epsEstGrowth,FQ2026-08-31,0.1833
ORCL,2026-08-15,estimate,epsEstAvg,FQ2026-11-30,1.88801
ORCL,2026-08-15,estimate,epsEstLow,FQ2026-11-30,1.77
ORCL,2026-08-15,estimate,epsEstHigh,FQ2026-11-30,2.02
ORCL,2026-08-15,estimate,epsEstAnalysts,FQ2026-11-30,32.0
ORCL,2026-08-15,estimate,epsEstGrowth,FQ2026-11-30,-0.16459998
ORCL,2026-08-15,estimate,epsEstAvg,FY2027-05-31,8.05313
ORCL,2026-08-15,estimate,epsEstLow,FY2027-05-31,7.72
ORCL,2026-08-15,estimate,epsEstHigh,FY2027-05-31,8.57
ORCL,2026-08-15,estimate,epsEstAnalysts,FY2027-05-31,42.0
ORCL,2026-08-15,estimate,epsEstGrowth,FY2027-05-31,0.0555
ORCL,2026-08-15,estimate,epsEstAvg,FY2028-05-31,10.91494
ORCL,2026-08-15,estimate,epsEstLow,FY2028-05-31,8.28
ORCL,2026-08-15,estimate,epsEstHigh,FY2028-05-31,13.51
ORCL,2026-08-15,estimate,epsEstAnalysts,FY2028-05-31,40.0
ORCL,2026-08-15,estimate,epsEstGrowth,FY2028-05-31,0.3554
ORCL,2026-08-15,estimate,revEstAvg,FQ2026-08-31,19128439390.0
ORCL,2026-08-15,estimate,revEstLow,FQ2026-08-31,18636500000.0
ORCL,2026-08-15,estimate,revEstHigh,FQ2026-08-31,19295700000.0
ORCL,2026-08-15,estimate,revEstAnalysts,FQ2026-08-31,31.0
ORCL,2026-08-15,estimate,revEstGrowth,FQ2026-08-31,0.2816
ORCL,2026-08-15,estimate,revEstAvg,FQ2026-11-30,21166735120.0
ORCL,2026-08-15,estimate,revEstLow,FQ2026-11-30,20585000000.0
ORCL,2026-08-15,estimate,revEstHigh,FQ2026-11-30,21637000000.0
ORCL,2026-08-15,estimate,revEstAnalysts,FQ2026-11-30,30.0
ORCL,2026-08-15,estimate,revEstGrowth,FQ2026-11-30,0.3181
ORCL,2026-08-15,estimate,revEstAvg,FY2027-05-31,89336547460.0
ORCL,2026-08-15,estimate,revEstLow,FY2027-05-31,80121000000.0
ORCL,2026-08-15,estimate,revEstHigh,FY2027-05-31,90952959870.0
ORCL,2026-08-15,estimate,revEstAnalysts,FY2027-05-31,42.0
ORCL,2026-08-15,estimate,revEstGrowth,FY2027-05-31,0.32630002
ORCL,2026-08-15,estimate,revEstAvg,FY2028-05-31,130637237920.0
ORCL,2026-08-15,estimate,revEstLow,FY2028-05-31,107657000000.0
ORCL,2026-08-15,estimate,revEstHigh,FY2028-05-31,139642000000.0
ORCL,2026-08-15,estimate,revEstAnalysts,FY2028-05-31,39.0
ORCL,2026-08-15,estimate,revEstGrowth,FY2028-05-31,0.4623
ORCL,2026-08-15,estimate,epsRevUp7,FQ2026-08-31,1.0
ORCL,2026-08-15,estimate,epsRevUp30,FQ2026-08-31,19.0
ORCL,2026-08-15,estimate,epsRevDown7,FQ2026-08-31,0.0
ORCL,2026-08-15,estimate,epsRevDown30,FQ2026-08-31,6.0
ORCL,2026-08-15,estimate,epsRevUp7,FQ2026-11-30,1.0
ORCL,2026-08-15,estimate,epsRevUp30,FQ2026-11-30,20.0
ORCL,2026-08-15,estimate,epsRevDown7,FQ2026-11-30,0.0
ORCL,2026-08-15,estimate,epsRevDown30,FQ2026-11-30,5.0
ORCL,2026-08-15,estimate,epsRevUp7,FY2027-05-31,1.0
ORCL,2026-08-15,estimate,epsRevUp30,FY2027-05-31,21.0
ORCL,2026-08-15,estimate,epsRevDown7,FY2027-05-31,0.0
ORCL,2026-08-15,estimate,epsRevDown30,FY2027-05-31,12.0
ORCL,2026-08-15,estimate,epsRevUp7,FY2028-05-31,1.0
ORCL,2026-08-15,estimate,epsRevUp30,FY2028-05-31,20.0
ORCL,2026-08-15,estimate,epsRevDown7,FY2028-05-31,0.0
ORCL,2026-08-15,estimate,epsRevDown30,FY2028-05-31,6.0
PANW,2026-08-15,estimate,epsEst,FQ2026-07-31,0.97763
PANW,2026-08-08,estimate,epsEst,FQ2026-07-31,0.97763
PANW,2026-07-16,estimate,epsEst,FQ2026-07-31,0.97736
PANW,2026-06-16,estimate,epsEst,FQ2026-07-31,0.97691
PANW,2026-05-17,estimate,epsEst,FQ2026-07-31,0.94084
PANW,2026-08-15,estimate,epsEst,FQ2026-10-31,0.4384
PANW,2026-08-08,estimate,epsEst,FQ2026-10-31,0.4384
PANW,2026-07-16,estimate,epsEst,FQ2026-10-31,0.4384
PANW,2026-06-16,estimate,epsEst,FQ2026-10-31,0.51525
PANW,2026-05-17,estimate,epsEst,FQ2026-10-31,0.0
PANW,2026-08-15,estimate,epsEst,FY2026-07-31,3.77344
PANW,2026-08-08,estimate,epsEst,FY2026-07-31,3.77344
PANW,2026-07-16,estimate,epsEst,FY2026-07-31,3.77292
PANW,2026-06-16,estimate,epsEst,FY2026-07-31,3.76834
PANW,2026-05-17,estimate,epsEst,FY2026-07-31,3.69117
PANW,2026-08-15,estimate,epsEst,FY2027-07-31,1.95095
PANW,2026-08-08,estimate,epsEst,FY2027-07-31,1.95095
PANW,2026-07-16,estimate,epsEst,FY2027-07-31,1.95095
PANW,2026-06-16,estimate,epsEst,FY2027-07-31,2.01031
PANW,2026-05-17,estimate,epsEst,FY2027-07-31,0.0
PANW,2026-08-15,estimate,epsEstAvg,FQ2026-07-31,0.97763
PANW,2026-08-15,estimate,epsEstLow,FQ2026-07-31,0.96
PANW,2026-08-15,estimate,epsEstHigh,FQ2026-07-31,1.08
PANW,2026-08-15,estimate,epsEstAnalysts,FQ2026-07-31,46.0
PANW,2026-08-15,estimate,epsEstGrowth,FQ2026-07-31,0.0291
PANW,2026-08-15,estimate,epsEstAvg,FQ2026-10-31,0.4384
PANW,2026-08-15,estimate,epsEstLow,FQ2026-10-31,0.22
PANW,2026-08-15,estimate,epsEstHigh,FQ2026-10-31,0.54
PANW,2026-08-15,estimate,epsEstAnalysts,FQ2026-10-31,9.0
PANW,2026-08-15,estimate,epsEstGrowth,FQ2026-10-31,-0.0672
PANW,2026-08-15,estimate,epsEstAvg,FY2026-07-31,3.77344
PANW,2026-08-15,estimate,epsEstLow,FY2026-07-31,3.63
PANW,2026-08-15,estimate,epsEstHigh,FY2026-07-31,3.81826
PANW,2026-08-15,estimate,epsEstAnalysts,FY2026-07-31,53.0
PANW,2026-08-15,estimate,epsEstGrowth,FY2026-07-31,0.12979999
PANW,2026-08-15,estimate,epsEstAvg,FY2027-07-31,1.95095
PANW,2026-08-15,estimate,epsEstLow,FY2027-07-31,1.16
PANW,2026-08-15,estimate,epsEstHigh,FY2027-07-31,2.5
PANW,2026-08-15,estimate,epsEstAnalysts,FY2027-07-31,16.0
PANW,2026-08-15,estimate,epsEstGrowth,FY2027-07-31,0.4348
PANW,2026-08-15,estimate,revEstAvg,FQ2026-07-31,3351771170.0
PANW,2026-08-15,estimate,revEstLow,FQ2026-07-31,3346000000.0
PANW,2026-08-15,estimate,revEstHigh,FQ2026-07-31,3368000000.0
PANW,2026-08-15,estimate,revEstAnalysts,FQ2026-07-31,44.0
PANW,2026-08-15,estimate,revEstGrowth,FQ2026-07-31,0.3215
PANW,2026-08-15,estimate,revEstAvg,FQ2026-10-31,3221030800.0
PANW,2026-08-15,estimate,revEstLow,FQ2026-10-31,3063000000.0
PANW,2026-08-15,estimate,revEstHigh,FQ2026-10-31,3326000000.0
PANW,2026-08-15,estimate,revEstAnalysts,FQ2026-10-31,40.0
PANW,2026-08-15,estimate,revEstGrowth,FQ2026-10-31,0.30200002
PANW,2026-08-15,estimate,revEstAvg,FY2026-07-31,11422923430.0
PANW,2026-08-15,estimate,revEstLow,FY2026-07-31,11416000000.0
PANW,2026-08-15,estimate,revEstHigh,FY2026-07-31,11460000000.0
PANW,2026-08-15,estimate,revEstAnalysts,FY2026-07-31,49.0
PANW,2026-08-15,estimate,revEstGrowth,FY2026-07-31,0.2387
PANW,2026-08-15,estimate,revEstAvg,FY2027-07-31,13810227820.0
PANW,2026-08-15,estimate,revEstLow,FY2027-07-31,12821340000.0
PANW,2026-08-15,estimate,revEstHigh,FY2027-07-31,14790200000.0
PANW,2026-08-15,estimate,revEstAnalysts,FY2027-07-31,51.0
PANW,2026-08-15,estimate,revEstGrowth,FY2027-07-31,0.20899999
PANW,2026-08-15,estimate,epsRevUp7,FQ2026-07-31,40.0
PANW,2026-08-15,estimate,epsRevUp30,FQ2026-07-31,40.0
PANW,2026-08-15,estimate,epsRevDown7,FQ2026-07-31,1.0
PANW,2026-08-15,estimate,epsRevDown30,FQ2026-07-31,1.0
PANW,2026-08-15,estimate,epsRevUp7,FQ2026-10-31,1.0
PANW,2026-08-15,estimate,epsRevUp30,FQ2026-10-31,1.0
PANW,2026-08-15,estimate,epsRevDown7,FQ2026-10-31,4.0
PANW,2026-08-15,estimate,epsRevDown30,FQ2026-10-31,4.0
PANW,2026-08-15,estimate,epsRevUp7,FY2026-07-31,1.0
PANW,2026-08-15,estimate,epsRevUp30,FY2026-07-31,47.0
PANW,2026-08-15,estimate,epsRevDown7,FY2026-07-31,0.0
PANW,2026-08-15,estimate,epsRevDown30,FY2026-07-31,1.0
PANW,2026-08-15,estimate,epsRevUp7,FY2027-07-31,3.0
PANW,2026-08-15,estimate,epsRevUp30,FY2027-07-31,3.0
PANW,2026-08-15,estimate,epsRevDown7,FY2027-07-31,8.0
PANW,2026-08-15,estimate,epsRevDown30,FY2027-07-31,7.0
CRWD,2026-08-15,estimate,epsEst,FQ2026-07-31,0.29195
CRWD,2026-08-08,estimate,epsEst,FQ2026-07-31,0.29206
CRWD,2026-07-16,estimate,epsEst,FQ2026-07-31,0.29266
CRWD,2026-06-16,estimate,epsEst,FQ2026-07-31,0.28979
CRWD,2026-05-17,estimate,epsEst,FQ2026-07-31,0.2894
CRWD,2026-08-15,estimate,epsEst,FQ2026-10-31,0.3104
CRWD,2026-08-08,estimate,epsEst,FQ2026-10-31,0.31041
CRWD,2026-07-16,estimate,epsEst,FQ2026-10-31,0.31036
CRWD,2026-06-16,estimate,epsEst,FQ2026-10-31,0.30775
CRWD,2026-05-17,estimate,epsEst,FQ2026-10-31,0.30735
CRWD,2026-08-15,estimate,epsEst,FY2027-01-31,1.23187
CRWD,2026-08-08,estimate,epsEst,FY2027-01-31,1.23187
CRWD,2026-07-16,estimate,epsEst,FY2027-01-31,1.228
CRWD,2026-06-16,estimate,epsEst,FY2027-01-31,1.23118
CRWD,2026-05-17,estimate,epsEst,FY2027-01-31,1.213
CRWD,2026-08-15,estimate,epsEst,FY2028-01-31,1.56427
CRWD,2026-08-08,estimate,epsEst,FY2028-01-31,1.56266
CRWD,2026-07-16,estimate,epsEst,FY2028-01-31,1.56169
CRWD,2026-06-16,estimate,epsEst,FY2028-01-31,1.56246
CRWD,2026-05-17,estimate,epsEst,FY2028-01-31,1.54292
CRWD,2026-08-15,estimate,epsEstAvg,FQ2026-07-31,0.29195
CRWD,2026-08-15,estimate,epsEstLow,FQ2026-07-31,0.29
CRWD,2026-08-15,estimate,epsEstHigh,FQ2026-07-31,0.2975
CRWD,2026-08-15,estimate,epsEstAnalysts,FQ2026-07-31,44.0
CRWD,2026-08-15,estimate,epsEstGrowth,FQ2026-07-31,0.2557
CRWD,2026-08-15,estimate,epsEstAvg,FQ2026-10-31,0.3104
CRWD,2026-08-15,estimate,epsEstLow,FQ2026-10-31,0.2975
CRWD,2026-08-15,estimate,epsEstHigh,FQ2026-10-31,0.32043
CRWD,2026-08-15,estimate,epsEstAnalysts,FQ2026-10-31,44.0
CRWD,2026-08-15,estimate,epsEstGrowth,FQ2026-10-31,0.2933
CRWD,2026-08-15,estimate,epsEstAvg,FY2027-01-31,1.23187
CRWD,2026-08-15,estimate,epsEstLow,FY2027-01-31,1.21
CRWD,2026-08-15,estimate,epsEstHigh,FY2027-01-31,1.26
CRWD,2026-08-15,estimate,epsEstAnalysts,FY2027-01-31,49.0
CRWD,2026-08-15,estimate,epsEstGrowth,FY2027-01-31,0.32099998
CRWD,2026-08-15,estimate,epsEstAvg,FY2028-01-31,1.56427
CRWD,2026-08-15,estimate,epsEstLow,FY2028-01-31,1.4575
CRWD,2026-08-15,estimate,epsEstHigh,FY2028-01-31,1.97
CRWD,2026-08-15,estimate,epsEstAnalysts,FY2028-01-31,50.0
CRWD,2026-08-15,estimate,epsEstGrowth,FY2028-01-31,0.2698
CRWD,2026-08-15,estimate,revEstAvg,FQ2026-07-31,1440206650.0
CRWD,2026-08-15,estimate,revEstLow,FQ2026-07-31,1438200000.0
CRWD,2026-08-15,estimate,revEstHigh,FQ2026-07-31,1450170000.0
CRWD,2026-08-15,estimate,revEstAnalysts,FQ2026-07-31,43.0
CRWD,2026-08-15,estimate,revEstGrowth,FQ2026-07-31,0.23200001
CRWD,2026-08-15,estimate,revEstAvg,FQ2026-10-31,1514779660.0
CRWD,2026-08-15,estimate,revEstLow,FQ2026-10-31,1503700000.0
CRWD,2026-08-15,estimate,revEstHigh,FQ2026-10-31,1530000000.0
CRWD,2026-08-15,estimate,revEstAnalysts,FQ2026-10-31,42.0
CRWD,2026-08-15,estimate,revEstGrowth,FQ2026-10-31,0.22729999
CRWD,2026-08-15,estimate,revEstAvg,FY2027-01-31,5945445590.0
CRWD,2026-08-15,estimate,revEstLow,FY2027-01-31,5917000000.0
CRWD,2026-08-15,estimate,revEstHigh,FY2027-01-31,6058000000.0
CRWD,2026-08-15,estimate,revEstAnalysts,FY2027-01-31,50.0
CRWD,2026-08-15,estimate,revEstGrowth,FY2027-01-31,0.2355
CRWD,2026-08-15,estimate,revEstAvg,FY2028-01-31,7237063420.0
CRWD,2026-08-15,estimate,revEstLow,FY2028-01-31,6912700000.0
CRWD,2026-08-15,estimate,revEstHigh,FY2028-01-31,7544000000.0
CRWD,2026-08-15,estimate,revEstAnalysts,FY2028-01-31,51.0
CRWD,2026-08-15,estimate,revEstGrowth,FY2028-01-31,0.2172
CRWD,2026-08-15,estimate,epsRevUp7,FQ2026-07-31,0.0
CRWD,2026-08-15,estimate,epsRevUp30,FQ2026-07-31,0.0
CRWD,2026-08-15,estimate,epsRevDown7,FQ2026-07-31,1.0
CRWD,2026-08-15,estimate,epsRevDown30,FQ2026-07-31,11.0
CRWD,2026-08-15,estimate,epsRevUp7,FQ2026-10-31,1.0
CRWD,2026-08-15,estimate,epsRevUp30,FQ2026-10-31,7.0
CRWD,2026-08-15,estimate,epsRevDown7,FQ2026-10-31,1.0
CRWD,2026-08-15,estimate,epsRevDown30,FQ2026-10-31,4.0
CRWD,2026-08-15,estimate,epsRevUp7,FY2027-01-31,0.0
CRWD,2026-08-15,estimate,epsRevUp30,FY2027-01-31,5.0
CRWD,2026-08-15,estimate,epsRevDown7,FY2027-01-31,1.0
CRWD,2026-08-15,estimate,epsRevDown30,FY2027-01-31,9.0
CRWD,2026-08-15,estimate,epsRevUp7,FY2028-01-31,3.0
CRWD,2026-08-15,estimate,epsRevUp30,FY2028-01-31,11.0
CRWD,2026-08-15,estimate,epsRevDown7,FY2028-01-31,0.0
CRWD,2026-08-15,estimate,epsRevDown30,FY2028-01-31,5.0
FTNT,2026-08-15,estimate,epsEst,FQ2026-09-30,0.85739
FTNT,2026-08-08,estimate,epsEst,FQ2026-09-30,0.76487
FTNT,2026-07-16,estimate,epsEst,FQ2026-09-30,0.76451
FTNT,2026-06-16,estimate,epsEst,FQ2026-09-30,0.76451
FTNT,2026-05-17,estimate,epsEst,FQ2026-09-30,0.77694
FTNT,2026-08-15,estimate,epsEst,FQ2026-12-31,0.87558
FTNT,2026-08-08,estimate,epsEst,FQ2026-12-31,0.82966
FTNT,2026-07-16,estimate,epsEst,FQ2026-12-31,0.8299
FTNT,2026-06-16,estimate,epsEst,FQ2026-12-31,0.8299
FTNT,2026-05-17,estimate,epsEst,FQ2026-12-31,0.88249
FTNT,2026-08-15,estimate,epsEst,FY2026-12-31,3.45061
FTNT,2026-08-08,estimate,epsEst,FY2026-12-31,3.15963
FTNT,2026-07-16,estimate,epsEst,FY2026-12-31,3.15682
FTNT,2026-06-16,estimate,epsEst,FY2026-12-31,3.15682
FTNT,2026-05-17,estimate,epsEst,FY2026-12-31,2.97594
FTNT,2026-08-15,estimate,epsEst,FY2027-12-31,3.75956
FTNT,2026-08-08,estimate,epsEst,FY2027-12-31,3.42543
FTNT,2026-07-16,estimate,epsEst,FY2027-12-31,3.42591
FTNT,2026-06-16,estimate,epsEst,FY2027-12-31,3.42591
FTNT,2026-05-17,estimate,epsEst,FY2027-12-31,3.30772
FTNT,2026-08-15,estimate,epsEstAvg,FQ2026-09-30,0.85739
FTNT,2026-08-15,estimate,epsEstLow,FQ2026-09-30,0.84
FTNT,2026-08-15,estimate,epsEstHigh,FQ2026-09-30,0.92
FTNT,2026-08-15,estimate,epsEstAnalysts,FQ2026-09-30,38.0
FTNT,2026-08-15,estimate,epsEstGrowth,FQ2026-09-30,0.1586
FTNT,2026-08-15,estimate,epsEstAvg,FQ2026-12-31,0.87558
FTNT,2026-08-15,estimate,epsEstLow,FQ2026-12-31,0.84
FTNT,2026-08-15,estimate,epsEstHigh,FQ2026-12-31,0.98
FTNT,2026-08-15,estimate,epsEstAnalysts,FQ2026-12-31,38.0
FTNT,2026-08-15,estimate,epsEstGrowth,FQ2026-12-31,0.081
FTNT,2026-08-15,estimate,epsEstAvg,FY2026-12-31,3.45061
FTNT,2026-08-15,estimate,epsEstLow,FY2026-12-31,3.41
FTNT,2026-08-15,estimate,epsEstHigh,FY2026-12-31,3.62
FTNT,2026-08-15,estimate,epsEstAnalysts,FY2026-12-31,40.0
FTNT,2026-08-15,estimate,epsEstGrowth,FY2026-12-31,0.2502
FTNT,2026-08-15,estimate,epsEstAvg,FY2027-12-31,3.75956
FTNT,2026-08-15,estimate,epsEstLow,FY2027-12-31,3.23
FTNT,2026-08-15,estimate,epsEstHigh,FY2027-12-31,4.55
FTNT,2026-08-15,estimate,epsEstAnalysts,FY2027-12-31,43.0
FTNT,2026-08-15,estimate,epsEstGrowth,FY2027-12-31,0.089499995
FTNT,2026-08-15,estimate,revEstAvg,FQ2026-09-30,2062560520.0
FTNT,2026-08-15,estimate,revEstLow,FQ2026-09-30,2004328000.0
FTNT,2026-08-15,estimate,revEstHigh,FQ2026-09-30,2120000000.0
FTNT,2026-08-15,estimate,revEstAnalysts,FQ2026-09-30,37.0
FTNT,2026-08-15,estimate,revEstGrowth,FQ2026-09-30,0.1958
FTNT,2026-08-15,estimate,revEstAvg,FQ2026-12-31,2160236670.0
FTNT,2026-08-15,estimate,revEstLow,FQ2026-12-31,2116000000.0
FTNT,2026-08-15,estimate,revEstHigh,FQ2026-12-31,2302000000.0
FTNT,2026-08-15,estimate,revEstAnalysts,FQ2026-12-31,36.0
FTNT,2026-08-15,estimate,revEstGrowth,FQ2026-12-31,0.134
FTNT,2026-08-15,estimate,revEstAvg,FY2026-12-31,8119113280.0
FTNT,2026-08-15,estimate,revEstLow,FY2026-12-31,8059078000.0
FTNT,2026-08-15,estimate,revEstHigh,FY2026-12-31,8319000000.0
FTNT,2026-08-15,estimate,revEstAnalysts,FY2026-12-31,39.0
FTNT,2026-08-15,estimate,revEstGrowth,FY2026-12-31,0.19409999
FTNT,2026-08-15,estimate,revEstAvg,FY2027-12-31,9009378200.0
FTNT,2026-08-15,estimate,revEstLow,FY2027-12-31,8415360000.0
FTNT,2026-08-15,estimate,revEstHigh,FY2027-12-31,9698000000.0
FTNT,2026-08-15,estimate,revEstAnalysts,FY2027-12-31,43.0
FTNT,2026-08-15,estimate,revEstGrowth,FY2027-12-31,0.1097
FTNT,2026-08-15,estimate,epsRevUp7,FQ2026-09-30,1.0
FTNT,2026-08-15,estimate,epsRevUp30,FQ2026-09-30,2.0
FTNT,2026-08-15,estimate,epsRevDown7,FQ2026-09-30,0.0
FTNT,2026-08-15,estimate,epsRevDown30,FQ2026-09-30,0.0
FTNT,2026-08-15,estimate,epsRevUp7,FQ2026-12-31,1.0
FTNT,2026-08-15,estimate,epsRevUp30,FQ2026-12-31,1.0
FTNT,2026-08-15,estimate,epsRevDown7,FQ2026-12-31,0.0
FTNT,2026-08-15,estimate,epsRevDown30,FQ2026-12-31,0.0
FTNT,2026-08-15,estimate,epsRevUp7,FY2026-12-31,1.0
FTNT,2026-08-15,estimate,epsRevUp30,FY2026-12-31,2.0
FTNT,2026-08-15,estimate,epsRevDown7,FY2026-12-31,0.0
FTNT,2026-08-15,estimate,epsRevDown30,FY2026-12-31,0.0
FTNT,2026-08-15,estimate,epsRevUp7,FY2027-12-31,3.0
FTNT,2026-08-15,estimate,epsRevUp30,FY2027-12-31,3.0
FTNT,2026-08-15,estimate,epsRevDown7,FY2027-12-31,0.0
FTNT,2026-08-15,estimate,epsRevDown30,FY2027-12-31,0.0
DDOG,2026-08-15,estimate,epsEst,FQ2026-09-30,0.63864
DDOG,2026-08-08,estimate,epsEst,FQ2026-09-30,0.60992
DDOG,2026-07-16,estimate,epsEst,FQ2026-09-30,0.60966
DDOG,2026-06-16,estimate,epsEst,FQ2026-09-30,0.60913
DDOG,2026-05-17,estimate,epsEst,FQ2026-09-30,0.60912
DDOG,2026-08-15,estimate,epsEst,FQ2026-12-31,0.63785
DDOG,2026-08-08,estimate,epsEst,FQ2026-12-31,0.62741
DDOG,2026-07-16,estimate,epsEst,FQ2026-12-31,0.62715
DDOG,2026-06-16,estimate,epsEst,FQ2026-12-31,0.62662
DDOG,2026-05-17,estimate,epsEst,FQ2026-12-31,0.62687
DDOG,2026-08-15,estimate,epsEst,FY2026-12-31,2.54128
DDOG,2026-08-08,estimate,epsEst,FY2026-12-31,2.42341
DDOG,2026-07-16,estimate,epsEst,FY2026-12-31,2.4223
DDOG,2026-06-16,estimate,epsEst,FY2026-12-31,2.42099
DDOG,2026-05-17,estimate,epsEst,FY2026-12-31,2.42156
DDOG,2026-08-15,estimate,epsEst,FY2027-12-31,2.96555
DDOG,2026-08-08,estimate,epsEst,FY2027-12-31,2.88473
DDOG,2026-07-16,estimate,epsEst,FY2027-12-31,2.87951
DDOG,2026-06-16,estimate,epsEst,FY2027-12-31,2.84784
DDOG,2026-05-17,estimate,epsEst,FY2027-12-31,2.84517
DDOG,2026-08-15,estimate,epsEstAvg,FQ2026-09-30,0.63864
DDOG,2026-08-15,estimate,epsEstLow,FQ2026-09-30,0.59859
DDOG,2026-08-15,estimate,epsEstHigh,FQ2026-09-30,0.68
DDOG,2026-08-15,estimate,epsEstAnalysts,FQ2026-09-30,39.0
DDOG,2026-08-15,estimate,epsEstGrowth,FQ2026-09-30,0.1612
DDOG,2026-08-15,estimate,epsEstAvg,FQ2026-12-31,0.63785
DDOG,2026-08-15,estimate,epsEstLow,FQ2026-12-31,0.59
DDOG,2026-08-15,estimate,epsEstHigh,FQ2026-12-31,0.66
DDOG,2026-08-15,estimate,epsEstAnalysts,FQ2026-12-31,37.0
DDOG,2026-08-15,estimate,epsEstGrowth,FQ2026-12-31,0.081099994
DDOG,2026-08-15,estimate,epsEstAvg,FY2026-12-31,2.54128
DDOG,2026-08-15,estimate,epsEstLow,FY2026-12-31,2.48456
DDOG,2026-08-15,estimate,epsEstHigh,FY2026-12-31,3.13
DDOG,2026-08-15,estimate,epsEstAnalysts,FY2026-12-31,42.0
DDOG,2026-08-15,estimate,epsEstGrowth,FY2026-12-31,0.23959999
DDOG,2026-08-15,estimate,epsEstAvg,FY2027-12-31,2.96555
DDOG,2026-08-15,estimate,epsEstLow,FY2027-12-31,2.66
DDOG,2026-08-15,estimate,epsEstHigh,FY2027-12-31,4.16
DDOG,2026-08-15,estimate,epsEstAnalysts,FY2027-12-31,46.0
DDOG,2026-08-15,estimate,epsEstGrowth,FY2027-12-31,0.16700001
DDOG,2026-08-15,estimate,revEstAvg,FQ2026-09-30,1144468430.0
DDOG,2026-08-15,estimate,revEstLow,FQ2026-09-30,1139495000.0
DDOG,2026-08-15,estimate,revEstHigh,FQ2026-09-30,1191200600.0
DDOG,2026-08-15,estimate,revEstAnalysts,FQ2026-09-30,36.0
DDOG,2026-08-15,estimate,revEstGrowth,FQ2026-09-30,0.2922
DDOG,2026-08-15,estimate,revEstAvg,FQ2026-12-31,1199449740.0
DDOG,2026-08-15,estimate,revEstLow,FQ2026-12-31,1187120000.0
DDOG,2026-08-15,estimate,revEstHigh,FQ2026-12-31,1279662950.0
DDOG,2026-08-15,estimate,revEstAnalysts,FQ2026-12-31,35.0
DDOG,2026-08-15,estimate,revEstGrowth,FQ2026-12-31,0.2583
DDOG,2026-08-15,estimate,revEstAvg,FY2026-12-31,4472166630.0
DDOG,2026-08-15,estimate,revEstLow,FY2026-12-31,4455000000.0
DDOG,2026-08-15,estimate,revEstHigh,FY2026-12-31,4598743540.0
DDOG,2026-08-15,estimate,revEstAnalysts,FY2026-12-31,42.0
DDOG,2026-08-15,estimate,revEstGrowth,FY2026-12-31,0.3049
DDOG,2026-08-15,estimate,revEstAvg,FY2027-12-31,5465858450.0
DDOG,2026-08-15,estimate,revEstLow,FY2027-12-31,5195400000.0
DDOG,2026-08-15,estimate,revEstHigh,FY2027-12-31,5896264000.0
DDOG,2026-08-15,estimate,revEstAnalysts,FY2027-12-31,45.0
DDOG,2026-08-15,estimate,revEstGrowth,FY2027-12-31,0.22219999
DDOG,2026-08-15,estimate,epsRevUp7,FQ2026-09-30,1.0
DDOG,2026-08-15,estimate,epsRevUp30,FQ2026-09-30,1.0
DDOG,2026-08-15,estimate,epsRevDown7,FQ2026-09-30,0.0
DDOG,2026-08-15,estimate,epsRevDown30,FQ2026-09-30,0.0
DDOG,2026-08-15,estimate,epsRevUp7,FQ2026-12-31,1.0
DDOG,2026-08-15,estimate,epsRevUp30,FQ2026-12-31,2.0
DDOG,2026-08-15,estimate,epsRevDown7,FQ2026-12-31,0.0
DDOG,2026-08-15,estimate,epsRevDown30,FQ2026-12-31,0.0
DDOG,2026-08-15,estimate,epsRevUp7,FY2026-12-31,1.0
DDOG,2026-08-15,estimate,epsRevUp30,FY2026-12-31,2.0
DDOG,2026-08-15,estimate,epsRevDown7,FY2026-12-31,0.0
DDOG,2026-08-15,estimate,epsRevDown30,FY2026-12-31,0.0
DDOG,2026-08-15,estimate,epsRevUp7,FY2027-12-31,2.0
DDOG,2026-08-15,estimate,epsRevUp30,FY2027-12-31,4.0
DDOG,2026-08-15,estimate,epsRevDown7,FY2027-12-31,0.0
DDOG,2026-08-15,estimate,epsRevDown30,FY2027-12-31,0.0
SNOW,2026-08-15,estimate,epsEst,FQ2026-07-31,0.44704
SNOW,2026-08-08,estimate,epsEst,FQ2026-07-31,0.44704
SNOW,2026-07-16,estimate,epsEst,FQ2026-07-31,0.44658
SNOW,2026-06-16,estimate,epsEst,FQ2026-07-31,0.44658
SNOW,2026-05-17,estimate,epsEst,FQ2026-07-31,0.41991
SNOW,2026-08-15,estimate,epsEst,FQ2026-10-31,0.5157
SNOW,2026-08-08,estimate,epsEst,FQ2026-10-31,0.5157
SNOW,2026-07-16,estimate,epsEst,FQ2026-10-31,0.51499
SNOW,2026-06-16,estimate,epsEst,FQ2026-10-31,0.51499
SNOW,2026-05-17,estimate,epsEst,FQ2026-10-31,0.49049
SNOW,2026-08-15,estimate,epsEst,FY2027-01-31,1.93559
SNOW,2026-08-08,estimate,epsEst,FY2027-01-31,1.93559
SNOW,2026-07-16,estimate,epsEst,FY2027-01-31,1.9315
SNOW,2026-06-16,estimate,epsEst,FY2027-01-31,1.93089
SNOW,2026-05-17,estimate,epsEst,FY2027-01-31,1.79441
SNOW,2026-08-15,estimate,epsEst,FY2028-01-31,2.69885
SNOW,2026-08-08,estimate,epsEst,FY2028-01-31,2.69885
SNOW,2026-07-16,estimate,epsEst,FY2028-01-31,2.68665
SNOW,2026-06-16,estimate,epsEst,FY2028-01-31,2.68405
SNOW,2026-05-17,estimate,epsEst,FY2028-01-31,2.42372
SNOW,2026-08-15,estimate,epsEstAvg,FQ2026-07-31,0.44704
SNOW,2026-08-15,estimate,epsEstLow,FQ2026-07-31,0.41
SNOW,2026-08-15,estimate,epsEstHigh,FQ2026-07-31,0.54
SNOW,2026-08-15,estimate,epsEstAnalysts,FQ2026-07-31,43.0
SNOW,2026-08-15,estimate,epsEstGrowth,FQ2026-07-31,0.2773
SNOW,2026-08-15,estimate,epsEstAvg,FQ2026-10-31,0.5157
SNOW,2026-08-15,estimate,epsEstLow,FQ2026-10-31,0.45
SNOW,2026-08-15,estimate,epsEstHigh,FQ2026-10-31,0.65
SNOW,2026-08-15,estimate,epsEstAnalysts,FQ2026-10-31,42.0
SNOW,2026-08-15,estimate,epsEstGrowth,FQ2026-10-31,0.4734
SNOW,2026-08-15,estimate,epsEstAvg,FY2027-01-31,1.93559
SNOW,2026-08-15,estimate,epsEstLow,FY2027-01-31,1.81
SNOW,2026-08-15,estimate,epsEstHigh,FY2027-01-31,2.28
SNOW,2026-08-15,estimate,epsEstAnalysts,FY2027-01-31,49.0
SNOW,2026-08-15,estimate,epsEstGrowth,FY2027-01-31,0.5485
SNOW,2026-08-15,estimate,epsEstAvg,FY2028-01-31,2.69885
SNOW,2026-08-15,estimate,epsEstLow,FY2028-01-31,2.09491
SNOW,2026-08-15,estimate,epsEstHigh,FY2028-01-31,3.43
SNOW,2026-08-15,estimate,epsEstAnalysts,FY2028-01-31,50.0
SNOW,2026-08-15,estimate,epsEstGrowth,FY2028-01-31,0.3943
SNOW,2026-08-15,estimate,revEstAvg,FQ2026-07-31,1480681570.0
SNOW,2026-08-15,estimate,revEstLow,FQ2026-07-31,1417200000.0
SNOW,2026-08-15,estimate,revEstHigh,FQ2026-07-31,1525068530.0
SNOW,2026-08-15,estimate,revEstAnalysts,FQ2026-07-31,40.0
SNOW,2026-08-15,estimate,revEstGrowth,FQ2026-07-31,0.2932
SNOW,2026-08-15,estimate,revEstAvg,FQ2026-10-31,1567623060.0
SNOW,2026-08-15,estimate,revEstLow,FQ2026-10-31,1505200000.0
SNOW,2026-08-15,estimate,revEstHigh,FQ2026-10-31,1623000000.0
SNOW,2026-08-15,estimate,revEstAnalysts,FQ2026-10-31,40.0
SNOW,2026-08-15,estimate,revEstGrowth,FQ2026-10-31,0.2924
SNOW,2026-08-15,estimate,revEstAvg,FY2027-01-31,6084080800.0
SNOW,2026-08-15,estimate,revEstLow,FY2027-01-31,5846100000.0
SNOW,2026-08-15,estimate,revEstHigh,FY2027-01-31,6228000000.0
SNOW,2026-08-15,estimate,revEstAnalysts,FY2027-01-31,49.0
SNOW,2026-08-15,estimate,revEstGrowth,FY2027-01-31,0.2989
SNOW,2026-08-15,estimate,revEstAvg,FY2028-01-31,7648531310.0
SNOW,2026-08-15,estimate,revEstLow,FY2028-01-31,7198953980.0
SNOW,2026-08-15,estimate,revEstHigh,FY2028-01-31,8103000000.0
SNOW,2026-08-15,estimate,revEstAnalysts,FY2028-01-31,49.0
SNOW,2026-08-15,estimate,revEstGrowth,FY2028-01-31,0.2571
SNOW,2026-08-15,estimate,epsRevUp7,FQ2026-07-31,3.0
SNOW,2026-08-15,estimate,epsRevUp30,FQ2026-07-31,31.0
SNOW,2026-08-15,estimate,epsRevDown7,FQ2026-07-31,0.0
SNOW,2026-08-15,estimate,epsRevDown30,FQ2026-07-31,5.0
SNOW,2026-08-15,estimate,epsRevUp7,FQ2026-10-31,4.0
SNOW,2026-08-15,estimate,epsRevUp30,FQ2026-10-31,34.0
SNOW,2026-08-15,estimate,epsRevDown7,FQ2026-10-31,0.0
SNOW,2026-08-15,estimate,epsRevDown30,FQ2026-10-31,4.0
SNOW,2026-08-15,estimate,epsRevUp7,FY2027-01-31,1.0
SNOW,2026-08-15,estimate,epsRevUp30,FY2027-01-31,45.0
SNOW,2026-08-15,estimate,epsRevDown7,FY2027-01-31,0.0
SNOW,2026-08-15,estimate,epsRevDown30,FY2027-01-31,1.0
SNOW,2026-08-15,estimate,epsRevUp7,FY2028-01-31,1.0
SNOW,2026-08-15,estimate,epsRevUp30,FY2028-01-31,44.0
SNOW,2026-08-15,estimate,epsRevDown7,FY2028-01-31,0.0
SNOW,2026-08-15,estimate,epsRevDown30,FY2028-01-31,1.0
MDB,2026-08-15,estimate,epsEst,FQ2026-07-31,1.61073
MDB,2026-08-08,estimate,epsEst,FQ2026-07-31,1.61073
MDB,2026-07-16,estimate,epsEst,FQ2026-07-31,1.61073
MDB,2026-06-16,estimate,epsEst,FQ2026-07-31,1.61073
MDB,2026-05-17,estimate,epsEst,FQ2026-07-31,1.27889
MDB,2026-08-15,estimate,epsEst,FQ2026-10-31,1.50831
MDB,2026-08-08,estimate,epsEst,FQ2026-10-31,1.50831
MDB,2026-07-16,estimate,epsEst,FQ2026-10-31,1.50831
MDB,2026-06-16,estimate,epsEst,FQ2026-10-31,1.50831
MDB,2026-05-17,estimate,epsEst,FQ2026-10-31,1.56336
MDB,2026-08-15,estimate,epsEst,FY2027-01-31,6.13317
MDB,2026-08-08,estimate,epsEst,FY2027-01-31,6.13317
MDB,2026-07-16,estimate,epsEst,FY2027-01-31,6.13317
MDB,2026-06-16,estimate,epsEst,FY2027-01-31,6.13317
MDB,2026-05-17,estimate,epsEst,FY2027-01-31,5.83835
MDB,2026-08-15,estimate,epsEst,FY2028-01-31,7.33829
MDB,2026-08-08,estimate,epsEst,FY2028-01-31,7.33829
MDB,2026-07-16,estimate,epsEst,FY2028-01-31,7.33829
MDB,2026-06-16,estimate,epsEst,FY2028-01-31,7.33829
MDB,2026-05-17,estimate,epsEst,FY2028-01-31,7.07812
MDB,2026-08-15,estimate,epsEstAvg,FQ2026-07-31,1.61073
MDB,2026-08-15,estimate,epsEstLow,FQ2026-07-31,1.54
MDB,2026-08-15,estimate,epsEstHigh,FQ2026-07-31,1.77566
MDB,2026-08-15,estimate,epsEstAnalysts,FQ2026-07-31,36.0
MDB,2026-08-15,estimate,epsEstGrowth,FQ2026-07-31,0.6107
MDB,2026-08-15,estimate,epsEstAvg,FQ2026-10-31,1.50831
MDB,2026-08-15,estimate,epsEstLow,FQ2026-10-31,1.32
MDB,2026-08-15,estimate,epsEstHigh,FQ2026-10-31,1.73399
MDB,2026-08-15,estimate,epsEstAnalysts,FQ2026-10-31,35.0
MDB,2026-08-15,estimate,epsEstGrowth,FQ2026-10-31,0.1427
MDB,2026-08-15,estimate,epsEstAvg,FY2027-01-31,6.13317
MDB,2026-08-15,estimate,epsEstLow,FY2027-01-31,5.95
MDB,2026-08-15,estimate,epsEstHigh,FY2027-01-31,6.8443
MDB,2026-08-15,estimate,epsEstAnalysts,FY2027-01-31,37.0
MDB,2026-08-15,estimate,epsEstGrowth,FY2027-01-31,0.234
MDB,2026-08-15,estimate,epsEstAvg,FY2028-01-31,7.33829
MDB,2026-08-15,estimate,epsEstLow,FY2028-01-31,6.84
MDB,2026-08-15,estimate,epsEstHigh,FY2028-01-31,8.7885
MDB,2026-08-15,estimate,epsEstAnalysts,FY2028-01-31,38.0
MDB,2026-08-15,estimate,epsEstGrowth,FY2028-01-31,0.1965
MDB,2026-08-15,estimate,revEstAvg,FQ2026-07-31,734495570.0
MDB,2026-08-15,estimate,revEstLow,FQ2026-07-31,730000000.0
MDB,2026-08-15,estimate,revEstHigh,FQ2026-07-31,754803810.0
MDB,2026-08-15,estimate,revEstAnalysts,FQ2026-07-31,33.0
MDB,2026-08-15,estimate,revEstGrowth,FQ2026-07-31,0.24200001
MDB,2026-08-15,estimate,revEstAvg,FQ2026-10-31,744526570.0
MDB,2026-08-15,estimate,revEstLow,FQ2026-10-31,723700000.0
MDB,2026-08-15,estimate,revEstHigh,FQ2026-10-31,780706490.0
MDB,2026-08-15,estimate,revEstAnalysts,FQ2026-10-31,32.0
MDB,2026-08-15,estimate,revEstGrowth,FQ2026-10-31,0.185
MDB,2026-08-15,estimate,revEstAvg,FY2027-01-31,2961292230.0
MDB,2026-08-15,estimate,revEstLow,FY2027-01-31,2939910000.0
MDB,2026-08-15,estimate,revEstHigh,FY2027-01-31,3061700000.0
MDB,2026-08-15,estimate,revEstAnalysts,FY2027-01-31,35.0
MDB,2026-08-15,estimate,revEstGrowth,FY2027-01-31,0.2019
MDB,2026-08-15,estimate,revEstAvg,FY2028-01-31,3483761080.0
MDB,2026-08-15,estimate,revEstLow,FY2028-01-31,3390000000.0
MDB,2026-08-15,estimate,revEstHigh,FY2028-01-31,3738463690.0
MDB,2026-08-15,estimate,revEstAnalysts,FY2028-01-31,36.0
MDB,2026-08-15,estimate,revEstGrowth,FY2028-01-31,0.17639999
MDB,2026-08-15,estimate,epsRevUp7,FQ2026-07-31,34.0
MDB,2026-08-15,estimate,epsRevUp30,FQ2026-07-31,34.0
MDB,2026-08-15,estimate,epsRevDown7,FQ2026-07-31,0.0
MDB,2026-08-15,estimate,epsRevDown30,FQ2026-07-31,0.0
MDB,2026-08-15,estimate,epsRevUp7,FQ2026-10-31,4.0
MDB,2026-08-15,estimate,epsRevUp30,FQ2026-10-31,5.0
MDB,2026-08-15,estimate,epsRevDown7,FQ2026-10-31,29.0
MDB,2026-08-15,estimate,epsRevDown30,FQ2026-10-31,28.0
MDB,2026-08-15,estimate,epsRevUp7,FY2027-01-31,33.0
MDB,2026-08-15,estimate,epsRevUp30,FY2027-01-31,34.0
MDB,2026-08-15,estimate,epsRevDown7,FY2027-01-31,0.0
MDB,2026-08-15,estimate,epsRevDown30,FY2027-01-31,0.0
MDB,2026-08-15,estimate,epsRevUp7,FY2028-01-31,34.0
MDB,2026-08-15,estimate,epsRevUp30,FY2028-01-31,34.0
MDB,2026-08-15,estimate,epsRevDown7,FY2028-01-31,3.0
MDB,2026-08-15,estimate,epsRevDown30,FY2028-01-31,3.0
NET,2026-08-15,estimate,epsEst,FQ2026-09-30,0.34274
NET,2026-08-08,estimate,epsEst,FQ2026-09-30,0.32333
NET,2026-07-16,estimate,epsEst,FQ2026-09-30,0.3223
NET,2026-06-16,estimate,epsEst,FQ2026-09-30,0.3223
NET,2026-05-17,estimate,epsEst,FQ2026-09-30,0.32063
NET,2026-08-15,estimate,epsEst,FQ2026-12-31,0.37817
NET,2026-08-08,estimate,epsEst,FQ2026-12-31,0.36025
NET,2026-07-16,estimate,epsEst,FQ2026-12-31,0.36128
NET,2026-06-16,estimate,epsEst,FQ2026-12-31,0.36128
NET,2026-05-17,estimate,epsEst,FQ2026-12-31,0.36091
NET,2026-08-15,estimate,epsEst,FY2026-12-31,1.26262
NET,2026-08-08,estimate,epsEst,FY2026-12-31,1.19964
NET,2026-07-16,estimate,epsEst,FY2026-12-31,1.19994
NET,2026-06-16,estimate,epsEst,FY2026-12-31,1.19755
NET,2026-05-17,estimate,epsEst,FY2026-12-31,1.19281
NET,2026-08-15,estimate,epsEst,FY2027-12-31,1.67098
NET,2026-08-08,estimate,epsEst,FY2027-12-31,1.5859
NET,2026-07-16,estimate,epsEst,FY2027-12-31,1.57863
NET,2026-06-16,estimate,epsEst,FY2027-12-31,1.57136
NET,2026-05-17,estimate,epsEst,FY2027-12-31,1.5205
NET,2026-08-15,estimate,epsEstAvg,FQ2026-09-30,0.34274
NET,2026-08-15,estimate,epsEstLow,FQ2026-09-30,0.33541
NET,2026-08-15,estimate,epsEstHigh,FQ2026-09-30,0.37
NET,2026-08-15,estimate,epsEstAnalysts,FQ2026-09-30,29.0
NET,2026-08-15,estimate,epsEstGrowth,FQ2026-09-30,0.2694
NET,2026-08-15,estimate,epsEstAvg,FQ2026-12-31,0.37817
NET,2026-08-15,estimate,epsEstLow,FQ2026-12-31,0.36
NET,2026-08-15,estimate,epsEstHigh,FQ2026-12-31,0.42
NET,2026-08-15,estimate,epsEstAnalysts,FQ2026-12-31,29.0
NET,2026-08-15,estimate,epsEstGrowth,FQ2026-12-31,0.3506
NET,2026-08-15,estimate,epsEstAvg,FY2026-12-31,1.26262
NET,2026-08-15,estimate,epsEstLow,FY2026-12-31,1.25
NET,2026-08-15,estimate,epsEstHigh,FY2026-12-31,1.32
NET,2026-08-15,estimate,epsEstAnalysts,FY2026-12-31,31.0
NET,2026-08-15,estimate,epsEstGrowth,FY2026-12-31,0.3577
NET,2026-08-15,estimate,epsEstAvg,FY2027-12-31,1.67098
NET,2026-08-15,estimate,epsEstLow,FY2027-12-31,1.39
NET,2026-08-15,estimate,epsEstHigh,FY2027-12-31,1.98
NET,2026-08-15,estimate,epsEstAnalysts,FY2027-12-31,33.0
NET,2026-08-15,estimate,epsEstGrowth,FY2027-12-31,0.3234
NET,2026-08-15,estimate,revEstAvg,FQ2026-09-30,738089270.0
NET,2026-08-15,estimate,revEstLow,FQ2026-09-30,736255000.0
NET,2026-08-15,estimate,revEstHigh,FQ2026-09-30,768444000.0
NET,2026-08-15,estimate,revEstAnalysts,FQ2026-09-30,28.0
NET,2026-08-15,estimate,revEstGrowth,FQ2026-09-30,0.3133
NET,2026-08-15,estimate,revEstAvg,FQ2026-12-31,798033680.0
NET,2026-08-15,estimate,revEstLow,FQ2026-12-31,794600000.0
NET,2026-08-15,estimate,revEstHigh,FQ2026-12-31,840201000.0
NET,2026-08-15,estimate,revEstAnalysts,FQ2026-12-31,28.0
NET,2026-08-15,estimate,revEstGrowth,FQ2026-12-31,0.2987
NET,2026-08-15,estimate,revEstAvg,FY2026-12-31,2871586330.0
NET,2026-08-15,estimate,revEstLow,FY2026-12-31,2866100000.0
NET,2026-08-15,estimate,revEstHigh,FY2026-12-31,2944461000.0
NET,2026-08-15,estimate,revEstAnalysts,FY2026-12-31,30.0
NET,2026-08-15,estimate,revEstGrowth,FY2026-12-31,0.32459998
NET,2026-08-15,estimate,revEstAvg,FY2027-12-31,3693691830.0
NET,2026-08-15,estimate,revEstLow,FY2027-12-31,3549500000.0
NET,2026-08-15,estimate,revEstHigh,FY2027-12-31,4037384000.0
NET,2026-08-15,estimate,revEstAnalysts,FY2027-12-31,32.0
NET,2026-08-15,estimate,revEstGrowth,FY2027-12-31,0.2863
NET,2026-08-15,estimate,epsRevUp7,FQ2026-09-30,27.0
NET,2026-08-15,estimate,epsRevUp30,FQ2026-09-30,27.0
NET,2026-08-15,estimate,epsRevDown7,FQ2026-09-30,1.0
NET,2026-08-15,estimate,epsRevDown30,FQ2026-09-30,1.0
NET,2026-08-15,estimate,epsRevUp7,FQ2026-12-31,24.0
NET,2026-08-15,estimate,epsRevUp30,FQ2026-12-31,23.0
NET,2026-08-15,estimate,epsRevDown7,FQ2026-12-31,1.0
NET,2026-08-15,estimate,epsRevDown30,FQ2026-12-31,2.0
NET,2026-08-15,estimate,epsRevUp7,FY2026-12-31,28.0
NET,2026-08-15,estimate,epsRevUp30,FY2026-12-31,28.0
NET,2026-08-15,estimate,epsRevDown7,FY2026-12-31,1.0
NET,2026-08-15,estimate,epsRevDown30,FY2026-12-31,1.0
NET,2026-08-15,estimate,epsRevUp7,FY2027-12-31,27.0
NET,2026-08-15,estimate,epsRevUp30,FY2027-12-31,27.0
NET,2026-08-15,estimate,epsRevDown7,FY2027-12-31,2.0
NET,2026-08-15,estimate,epsRevDown30,FY2027-12-31,2.0
ZS,2026-08-15,estimate,epsEst,FQ2026-07-31,1.09001
ZS,2026-08-08,estimate,epsEst,FQ2026-07-31,1.09001
ZS,2026-07-16,estimate,epsEst,FQ2026-07-31,1.09001
ZS,2026-06-16,estimate,epsEst,FQ2026-07-31,1.09001
ZS,2026-05-17,estimate,epsEst,FQ2026-07-31,1.03469
ZS,2026-08-15,estimate,epsEst,FQ2026-10-31,1.07589
ZS,2026-08-08,estimate,epsEst,FQ2026-10-31,1.07589
ZS,2026-07-16,estimate,epsEst,FQ2026-10-31,1.07589
ZS,2026-06-16,estimate,epsEst,FQ2026-10-31,1.07773
ZS,2026-05-17,estimate,epsEst,FQ2026-10-31,1.06628
ZS,2026-08-15,estimate,epsEst,FY2026-07-31,4.12789
ZS,2026-08-08,estimate,epsEst,FY2026-07-31,4.12789
ZS,2026-07-16,estimate,epsEst,FY2026-07-31,4.12789
ZS,2026-06-16,estimate,epsEst,FY2026-07-31,4.12727
ZS,2026-05-17,estimate,epsEst,FY2026-07-31,4.02118
ZS,2026-08-15,estimate,epsEst,FY2027-07-31,4.59716
ZS,2026-08-08,estimate,epsEst,FY2027-07-31,4.59716
ZS,2026-07-16,estimate,epsEst,FY2027-07-31,4.59716
ZS,2026-06-16,estimate,epsEst,FY2027-07-31,4.5981
ZS,2026-05-17,estimate,epsEst,FY2027-07-31,4.5877
ZS,2026-08-15,estimate,epsEstAvg,FQ2026-07-31,1.09001
ZS,2026-08-15,estimate,epsEstLow,FQ2026-07-31,1.076
ZS,2026-08-15,estimate,epsEstHigh,FQ2026-07-31,1.16
ZS,2026-08-15,estimate,epsEstAnalysts,FQ2026-07-31,42.0
ZS,2026-08-15,estimate,epsEstGrowth,FQ2026-07-31,0.22469999
ZS,2026-08-15,estimate,epsEstAvg,FQ2026-10-31,1.07589
ZS,2026-08-15,estimate,epsEstLow,FQ2026-10-31,0.91
ZS,2026-08-15,estimate,epsEstHigh,FQ2026-10-31,1.16
ZS,2026-08-15,estimate,epsEstAnalysts,FQ2026-10-31,38.0
ZS,2026-08-15,estimate,epsEstGrowth,FQ2026-10-31,0.120699994
ZS,2026-08-15,estimate,epsEstAvg,FY2026-07-31,4.12789
ZS,2026-08-15,estimate,epsEstLow,FY2026-07-31,4.1
ZS,2026-08-15,estimate,epsEstHigh,FY2026-07-31,4.33
ZS,2026-08-15,estimate,epsEstAnalysts,FY2026-07-31,44.0
ZS,2026-08-15,estimate,epsEstGrowth,FY2026-07-31,0.2585
ZS,2026-08-15,estimate,epsEstAvg,FY2027-07-31,4.59716
ZS,2026-08-15,estimate,epsEstLow,FY2027-07-31,3.96
ZS,2026-08-15,estimate,epsEstHigh,FY2027-07-31,5.42
ZS,2026-08-15,estimate,epsEstAnalysts,FY2027-07-31,45.0
ZS,2026-08-15,estimate,epsEstGrowth,FY2027-07-31,0.1137
ZS,2026-08-15,estimate,revEstAvg,FQ2026-07-31,877605040.0
ZS,2026-08-15,estimate,revEstLow,FQ2026-07-31,872228000.0
ZS,2026-08-15,estimate,revEstHigh,FQ2026-07-31,895350000.0
ZS,2026-08-15,estimate,revEstAnalysts,FQ2026-07-31,42.0
ZS,2026-08-15,estimate,revEstGrowth,FQ2026-07-31,0.2202
ZS,2026-08-15,estimate,revEstAvg,FQ2026-10-31,922277260.0
ZS,2026-08-15,estimate,revEstLow,FQ2026-10-31,788100000.0
ZS,2026-08-15,estimate,revEstHigh,FQ2026-10-31,945700000.0
ZS,2026-08-15,estimate,revEstAnalysts,FQ2026-10-31,36.0
ZS,2026-08-15,estimate,revEstGrowth,FQ2026-10-31,0.1702
ZS,2026-08-15,estimate,revEstAvg,FY2026-07-31,3331819150.0
ZS,2026-08-15,estimate,revEstLow,FY2026-07-31,3326566000.0
ZS,2026-08-15,estimate,revEstHigh,FY2026-07-31,3349688000.0
ZS,2026-08-15,estimate,revEstAnalysts,FY2026-07-31,44.0
ZS,2026-08-15,estimate,revEstGrowth,FY2026-07-31,0.2464
ZS,2026-08-15,estimate,revEstAvg,FY2027-07-31,3898748380.0
ZS,2026-08-15,estimate,revEstLow,FY2027-07-31,3873500000.0
ZS,2026-08-15,estimate,revEstHigh,FY2027-07-31,4030213000.0
ZS,2026-08-15,estimate,revEstAnalysts,FY2027-07-31,45.0
ZS,2026-08-15,estimate,revEstGrowth,FY2027-07-31,0.1702
ZS,2026-08-15,estimate,epsRevUp7,FQ2026-07-31,41.0
ZS,2026-08-15,estimate,epsRevUp30,FQ2026-07-31,41.0
ZS,2026-08-15,estimate,epsRevDown7,FQ2026-07-31,0.0
ZS,2026-08-15,estimate,epsRevDown30,FQ2026-07-31,0.0
ZS,2026-08-15,estimate,epsRevUp7,FQ2026-10-31,23.0
ZS,2026-08-15,estimate,epsRevUp30,FQ2026-10-31,22.0
ZS,2026-08-15,estimate,epsRevDown7,FQ2026-10-31,11.0
ZS,2026-08-15,estimate,epsRevDown30,FQ2026-10-31,12.0
ZS,2026-08-15,estimate,epsRevUp7,FY2026-07-31,44.0
ZS,2026-08-15,estimate,epsRevUp30,FY2026-07-31,44.0
ZS,2026-08-15,estimate,epsRevDown7,FY2026-07-31,1.0
ZS,2026-08-15,estimate,epsRevDown30,FY2026-07-31,1.0
ZS,2026-08-15,estimate,epsRevUp7,FY2027-07-31,0.0
ZS,2026-08-15,estimate,epsRevUp30,FY2027-07-31,26.0
ZS,2026-08-15,estimate,epsRevDown7,FY2027-07-31,1.0
ZS,2026-08-15,estimate,epsRevDown30,FY2027-07-31,19.0
CRM,2026-08-15,estimate,epsEst,FQ2026-07-31,3.27035
CRM,2026-08-08,estimate,epsEst,FQ2026-07-31,3.27034
CRM,2026-07-16,estimate,epsEst,FQ2026-07-31,3.27034
CRM,2026-06-16,estimate,epsEst,FQ2026-07-31,3.27109
CRM,2026-05-17,estimate,epsEst,FQ2026-07-31,3.23847
CRM,2026-08-15,estimate,epsEst,FQ2026-10-31,3.36288
CRM,2026-08-08,estimate,epsEst,FQ2026-10-31,3.36353
CRM,2026-07-16,estimate,epsEst,FQ2026-10-31,3.36305
CRM,2026-06-16,estimate,epsEst,FQ2026-10-31,3.35545
CRM,2026-05-17,estimate,epsEst,FQ2026-10-31,3.3079
CRM,2026-08-15,estimate,epsEst,FY2027-01-31,14.13358
CRM,2026-08-08,estimate,epsEst,FY2027-01-31,14.13332
CRM,2026-07-16,estimate,epsEst,FY2027-01-31,14.12753
CRM,2026-06-16,estimate,epsEst,FY2027-01-31,14.14748
CRM,2026-05-17,estimate,epsEst,FY2027-01-31,13.19976
CRM,2026-08-15,estimate,epsEst,FY2028-01-31,15.51484
CRM,2026-08-08,estimate,epsEst,FY2028-01-31,15.51229
CRM,2026-07-16,estimate,epsEst,FY2028-01-31,15.51234
CRM,2026-06-16,estimate,epsEst,FY2028-01-31,15.5406
CRM,2026-05-17,estimate,epsEst,FY2028-01-31,14.92871
CRM,2026-08-15,estimate,epsEstAvg,FQ2026-07-31,3.27035
CRM,2026-08-15,estimate,epsEstLow,FQ2026-07-31,3.18
CRM,2026-08-15,estimate,epsEstHigh,FQ2026-07-31,3.47
CRM,2026-08-15,estimate,epsEstAnalysts,FQ2026-07-31,42.0
CRM,2026-08-15,estimate,epsEstGrowth,FQ2026-07-31,0.1238
CRM,2026-08-15,estimate,epsEstAvg,FQ2026-10-31,3.36288
CRM,2026-08-15,estimate,epsEstLow,FQ2026-10-31,3.0
CRM,2026-08-15,estimate,epsEstHigh,FQ2026-10-31,3.98
CRM,2026-08-15,estimate,epsEstAnalysts,FQ2026-10-31,41.0
CRM,2026-08-15,estimate,epsEstGrowth,FQ2026-10-31,0.0347
CRM,2026-08-15,estimate,epsEstAvg,FY2027-01-31,14.13358
CRM,2026-08-15,estimate,epsEstLow,FY2027-01-31,13.22
CRM,2026-08-15,estimate,epsEstHigh,FY2027-01-31,15.28
CRM,2026-08-15,estimate,epsEstAnalysts,FY2027-01-31,50.0
CRM,2026-08-15,estimate,epsEstGrowth,FY2027-01-31,0.1289
CRM,2026-08-15,estimate,epsEstAvg,FY2028-01-31,15.51484
CRM,2026-08-15,estimate,epsEstLow,FY2028-01-31,14.25
CRM,2026-08-15,estimate,epsEstHigh,FY2028-01-31,17.47
CRM,2026-08-15,estimate,epsEstAnalysts,FY2028-01-31,52.0
CRM,2026-08-15,estimate,epsEstGrowth,FY2028-01-31,0.09770001
CRM,2026-08-15,estimate,revEstAvg,FQ2026-07-31,11314729600.0
CRM,2026-08-15,estimate,revEstLow,FQ2026-07-31,11210088490.0
CRM,2026-08-15,estimate,revEstHigh,FQ2026-07-31,11398032000.0
CRM,2026-08-15,estimate,revEstAnalysts,FQ2026-07-31,39.0
CRM,2026-08-15,estimate,revEstGrowth,FQ2026-07-31,0.105399996
CRM,2026-08-15,estimate,revEstAvg,FQ2026-10-31,11389688830.0
CRM,2026-08-15,estimate,revEstLow,FQ2026-10-31,11093309300.0
CRM,2026-08-15,estimate,revEstHigh,FQ2026-10-31,11579683000.0
CRM,2026-08-15,estimate,revEstAnalysts,FQ2026-10-31,38.0
CRM,2026-08-15,estimate,revEstGrowth,FQ2026-10-31,0.1102
CRM,2026-08-15,estimate,revEstAvg,FY2027-01-31,46104775850.0
CRM,2026-08-15,estimate,revEstLow,FY2027-01-31,45764466320.0
CRM,2026-08-15,estimate,revEstHigh,FY2027-01-31,46430790000.0
CRM,2026-08-15,estimate,revEstAnalysts,FY2027-01-31,47.0
CRM,2026-08-15,estimate,revEstGrowth,FY2027-01-31,0.1103
CRM,2026-08-15,estimate,revEstAvg,FY2028-01-31,50514769560.0
CRM,2026-08-15,estimate,revEstLow,FY2028-01-31,49431900000.0
CRM,2026-08-15,estimate,revEstHigh,FY2028-01-31,53752000000.0
CRM,2026-08-15,estimate,revEstAnalysts,FY2028-01-31,50.0
CRM,2026-08-15,estimate,revEstGrowth,FY2028-01-31,0.095699996
CRM,2026-08-15,estimate,epsRevUp7,FQ2026-07-31,23.0
CRM,2026-08-15,estimate,epsRevUp30,FQ2026-07-31,24.0
CRM,2026-08-15,estimate,epsRevDown7,FQ2026-07-31,12.0
CRM,2026-08-15,estimate,epsRevDown30,FQ2026-07-31,11.0
CRM,2026-08-15,estimate,epsRevUp7,FQ2026-10-31,1.0
CRM,2026-08-15,estimate,epsRevUp30,FQ2026-10-31,1.0
CRM,2026-08-15,estimate,epsRevDown7,FQ2026-10-31,0.0
CRM,2026-08-15,estimate,epsRevDown30,FQ2026-10-31,0.0
CRM,2026-08-15,estimate,epsRevUp7,FY2027-01-31,1.0
CRM,2026-08-15,estimate,epsRevUp30,FY2027-01-31,1.0
CRM,2026-08-15,estimate,epsRevDown7,FY2027-01-31,0.0
CRM,2026-08-15,estimate,epsRevDown30,FY2027-01-31,0.0
CRM,2026-08-15,estimate,epsRevUp7,FY2028-01-31,2.0
CRM,2026-08-15,estimate,epsRevUp30,FY2028-01-31,3.0
CRM,2026-08-15,estimate,epsRevDown7,FY2028-01-31,0.0
CRM,2026-08-15,estimate,epsRevDown30,FY2028-01-31,2.0
ADBE,2026-08-15,estimate,epsEst,FQ2026-08-31,6.07854
ADBE,2026-08-08,estimate,epsEst,FQ2026-08-31,6.0792
ADBE,2026-07-16,estimate,epsEst,FQ2026-08-31,6.07917
ADBE,2026-06-16,estimate,epsEst,FQ2026-08-31,5.76736
ADBE,2026-05-17,estimate,epsEst,FQ2026-08-31,5.76304
ADBE,2026-08-15,estimate,epsEst,FQ2026-11-30,6.31791
ADBE,2026-08-08,estimate,epsEst,FQ2026-11-30,6.31783
ADBE,2026-07-16,estimate,epsEst,FQ2026-11-30,6.31849
ADBE,2026-06-16,estimate,epsEst,FQ2026-11-30,5.90818
ADBE,2026-05-17,estimate,epsEst,FQ2026-11-30,5.90012
ADBE,2026-08-15,estimate,epsEst,FY2026-11-30,24.41073
ADBE,2026-08-08,estimate,epsEst,FY2026-11-30,24.41073
ADBE,2026-07-16,estimate,epsEst,FY2026-11-30,24.4218
ADBE,2026-06-16,estimate,epsEst,FY2026-11-30,23.5584
ADBE,2026-05-17,estimate,epsEst,FY2026-11-30,23.53975
ADBE,2026-08-15,estimate,epsEst,FY2027-11-30,27.48687
ADBE,2026-08-08,estimate,epsEst,FY2027-11-30,27.48687
ADBE,2026-07-16,estimate,epsEst,FY2027-11-30,27.5285
ADBE,2026-06-16,estimate,epsEst,FY2027-11-30,26.41616
ADBE,2026-05-17,estimate,epsEst,FY2027-11-30,26.38149
ADBE,2026-08-15,estimate,epsEstAvg,FQ2026-08-31,6.07854
ADBE,2026-08-15,estimate,epsEstLow,FQ2026-08-31,5.82354
ADBE,2026-08-15,estimate,epsEstHigh,FQ2026-08-31,6.35
ADBE,2026-08-15,estimate,epsEstAnalysts,FQ2026-08-31,29.0
ADBE,2026-08-15,estimate,epsEstGrowth,FQ2026-08-31,0.1447
ADBE,2026-08-15,estimate,epsEstAvg,FQ2026-11-30,6.31791
ADBE,2026-08-15,estimate,epsEstLow,FQ2026-11-30,5.87988
ADBE,2026-08-15,estimate,epsEstHigh,FQ2026-11-30,6.62
ADBE,2026-08-15,estimate,epsEstAnalysts,FQ2026-11-30,29.0
ADBE,2026-08-15,estimate,epsEstGrowth,FQ2026-11-30,0.1487
ADBE,2026-08-15,estimate,epsEstAvg,FY2026-11-30,24.41073
ADBE,2026-08-15,estimate,epsEstLow,FY2026-11-30,24.1
ADBE,2026-08-15,estimate,epsEstHigh,FY2026-11-30,24.99
ADBE,2026-08-15,estimate,epsEstAnalysts,FY2026-11-30,33.0
ADBE,2026-08-15,estimate,epsEstGrowth,FY2026-11-30,0.1657
ADBE,2026-08-15,estimate,epsEstAvg,FY2027-11-30,27.48687
ADBE,2026-08-15,estimate,epsEstLow,FY2027-11-30,25.66
ADBE,2026-08-15,estimate,epsEstHigh,FY2027-11-30,29.15
ADBE,2026-08-15,estimate,epsEstAnalysts,FY2027-11-30,34.0
ADBE,2026-08-15,estimate,epsEstGrowth,FY2027-11-30,0.126
ADBE,2026-08-15,estimate,revEstAvg,FQ2026-08-31,6695163470.0
ADBE,2026-08-15,estimate,revEstLow,FQ2026-08-31,6597398030.0
ADBE,2026-08-15,estimate,revEstHigh,FQ2026-08-31,6764000000.0
ADBE,2026-08-15,estimate,revEstAnalysts,FQ2026-08-31,27.0
ADBE,2026-08-15,estimate,revEstGrowth,FQ2026-08-31,0.1181
ADBE,2026-08-15,estimate,revEstAvg,FQ2026-11-30,6831865660.0
ADBE,2026-08-15,estimate,revEstLow,FQ2026-11-30,6510105240.0
ADBE,2026-08-15,estimate,revEstHigh,FQ2026-11-30,6957000000.0
ADBE,2026-08-15,estimate,revEstAnalysts,FQ2026-11-30,26.0
ADBE,2026-08-15,estimate,revEstGrowth,FQ2026-11-30,0.103
ADBE,2026-08-15,estimate,revEstAvg,FY2026-11-30,26523026160.0
ADBE,2026-08-15,estimate,revEstLow,FY2026-11-30,25810000000.0
ADBE,2026-08-15,estimate,revEstHigh,FY2026-11-30,26737000000.0
ADBE,2026-08-15,estimate,revEstAnalysts,FY2026-11-30,32.0
ADBE,2026-08-15,estimate,revEstGrowth,FY2026-11-30,0.1159
ADBE,2026-08-15,estimate,revEstAvg,FY2027-11-30,28918650640.0
ADBE,2026-08-15,estimate,revEstLow,FY2027-11-30,28350000000.0
ADBE,2026-08-15,estimate,revEstHigh,FY2027-11-30,29812000000.0
ADBE,2026-08-15,estimate,revEstAnalysts,FY2027-11-30,32.0
ADBE,2026-08-15,estimate,revEstGrowth,FY2027-11-30,0.090299994
ADBE,2026-08-15,estimate,epsRevUp7,FQ2026-08-31,0.0
ADBE,2026-08-15,estimate,epsRevUp30,FQ2026-08-31,0.0
ADBE,2026-08-15,estimate,epsRevDown7,FQ2026-08-31,0.0
ADBE,2026-08-15,estimate,epsRevDown30,FQ2026-08-31,0.0
ADBE,2026-08-15,estimate,epsRevUp7,FQ2026-11-30,0.0
ADBE,2026-08-15,estimate,epsRevUp30,FQ2026-11-30,0.0
ADBE,2026-08-15,estimate,epsRevDown7,FQ2026-11-30,0.0
ADBE,2026-08-15,estimate,epsRevDown30,FQ2026-11-30,0.0
ADBE,2026-08-15,estimate,epsRevUp7,FY2026-11-30,0.0
ADBE,2026-08-15,estimate,epsRevUp30,FY2026-11-30,0.0
ADBE,2026-08-15,estimate,epsRevDown7,FY2026-11-30,0.0
ADBE,2026-08-15,estimate,epsRevDown30,FY2026-11-30,0.0
ADBE,2026-08-15,estimate,epsRevUp7,FY2027-11-30,0.0
ADBE,2026-08-15,estimate,epsRevUp30,FY2027-11-30,0.0
ADBE,2026-08-15,estimate,epsRevDown7,FY2027-11-30,0.0
ADBE,2026-08-15,estimate,epsRevDown30,FY2027-11-30,0.0
NOW,2026-08-15,estimate,epsEst,FQ2026-09-30,1.02553
NOW,2026-08-08,estimate,epsEst,FQ2026-09-30,1.02553
NOW,2026-07-16,estimate,epsEst,FQ2026-09-30,1.09053
NOW,2026-06-16,estimate,epsEst,FQ2026-09-30,1.09106
NOW,2026-05-17,estimate,epsEst,FQ2026-09-30,1.09
NOW,2026-08-15,estimate,epsEst,FQ2026-12-31,1.17044
NOW,2026-08-08,estimate,epsEst,FQ2026-12-31,1.17044
NOW,2026-07-16,estimate,epsEst,FQ2026-12-31,1.2092
NOW,2026-06-16,estimate,epsEst,FQ2026-12-31,1.20868
NOW,2026-05-17,estimate,epsEst,FQ2026-12-31,1.20847
NOW,2026-08-15,estimate,epsEst,FY2026-12-31,4.06764
NOW,2026-08-08,estimate,epsEst,FY2026-12-31,4.06764
NOW,2026-07-16,estimate,epsEst,FY2026-12-31,4.12323
NOW,2026-06-16,estimate,epsEst,FY2026-12-31,4.12299
NOW,2026-05-17,estimate,epsEst,FY2026-12-31,4.1224
NOW,2026-08-15,estimate,epsEst,FY2027-12-31,5.00619
NOW,2026-08-08,estimate,epsEst,FY2027-12-31,5.00619
NOW,2026-07-16,estimate,epsEst,FY2027-12-31,5.02669
NOW,2026-06-16,estimate,epsEst,FY2027-12-31,5.02669
NOW,2026-05-17,estimate,epsEst,FY2027-12-31,5.02558
NOW,2026-08-15,estimate,epsEstAvg,FQ2026-09-30,1.02553
NOW,2026-08-15,estimate,epsEstLow,FQ2026-09-30,0.91
NOW,2026-08-15,estimate,epsEstHigh,FQ2026-09-30,1.17
NOW,2026-08-15,estimate,epsEstAnalysts,FQ2026-09-30,39.0
NOW,2026-08-15,estimate,epsEstGrowth,FQ2026-09-30,0.0638
NOW,2026-08-15,estimate,epsEstAvg,FQ2026-12-31,1.17044
NOW,2026-08-15,estimate,epsEstLow,FQ2026-12-31,1.03
NOW,2026-08-15,estimate,epsEstHigh,FQ2026-12-31,1.32
NOW,2026-08-15,estimate,epsEstAnalysts,FQ2026-12-31,38.0
NOW,2026-08-15,estimate,epsEstGrowth,FQ2026-12-31,0.2722
NOW,2026-08-15,estimate,epsEstAvg,FY2026-12-31,4.06764
NOW,2026-08-15,estimate,epsEstLow,FY2026-12-31,3.84
NOW,2026-08-15,estimate,epsEstHigh,FY2026-12-31,4.36
NOW,2026-08-15,estimate,epsEstAnalysts,FY2026-12-31,44.0
NOW,2026-08-15,estimate,epsEstGrowth,FY2026-12-31,0.15890001
NOW,2026-08-15,estimate,epsEstAvg,FY2027-12-31,5.00619
NOW,2026-08-15,estimate,epsEstLow,FY2027-12-31,4.35
NOW,2026-08-15,estimate,epsEstHigh,FY2027-12-31,5.57
NOW,2026-08-15,estimate,epsEstAnalysts,FY2027-12-31,44.0
NOW,2026-08-15,estimate,epsEstGrowth,FY2027-12-31,0.2307
NOW,2026-08-15,estimate,revEstAvg,FQ2026-09-30,4095770420.0
NOW,2026-08-15,estimate,revEstLow,FQ2026-09-30,4067400000.0
NOW,2026-08-15,estimate,revEstHigh,FQ2026-09-30,4152000000.0
NOW,2026-08-15,estimate,revEstAnalysts,FQ2026-09-30,36.0
NOW,2026-08-15,estimate,revEstGrowth,FQ2026-09-30,0.2022
NOW,2026-08-15,estimate,revEstAvg,FQ2026-12-31,4360948750.0
NOW,2026-08-15,estimate,revEstLow,FQ2026-12-31,4346000000.0
NOW,2026-08-15,estimate,revEstHigh,FQ2026-12-31,4445618000.0
NOW,2026-08-15,estimate,revEstAnalysts,FQ2026-12-31,34.0
NOW,2026-08-15,estimate,revEstGrowth,FQ2026-12-31,0.22219999
NOW,2026-08-15,estimate,revEstAvg,FY2026-12-31,16219289110.0
NOW,2026-08-15,estimate,revEstLow,FY2026-12-31,16183500000.0
NOW,2026-08-15,estimate,revEstHigh,FY2026-12-31,16444250000.0
NOW,2026-08-15,estimate,revEstAnalysts,FY2026-12-31,43.0
NOW,2026-08-15,estimate,revEstGrowth,FY2026-12-31,0.2215
NOW,2026-08-15,estimate,revEstAvg,FY2027-12-31,19262432930.0
NOW,2026-08-15,estimate,revEstLow,FY2027-12-31,18946000000.0
NOW,2026-08-15,estimate,revEstHigh,FY2027-12-31,20340412500.0
NOW,2026-08-15,estimate,revEstAnalysts,FY2027-12-31,46.0
NOW,2026-08-15,estimate,revEstGrowth,FY2027-12-31,0.1876
NOW,2026-08-15,estimate,epsRevUp7,FQ2026-09-30,3.0
NOW,2026-08-15,estimate,epsRevUp30,FQ2026-09-30,3.0
NOW,2026-08-15,estimate,epsRevDown7,FQ2026-09-30,34.0
NOW,2026-08-15,estimate,epsRevDown30,FQ2026-09-30,35.0
NOW,2026-08-15,estimate,epsRevUp7,FQ2026-12-31,8.0
NOW,2026-08-15,estimate,epsRevUp30,FQ2026-12-31,9.0
NOW,2026-08-15,estimate,epsRevDown7,FQ2026-12-31,28.0
NOW,2026-08-15,estimate,epsRevDown30,FQ2026-12-31,26.0
NOW,2026-08-15,estimate,epsRevUp7,FY2026-12-31,9.0
NOW,2026-08-15,estimate,epsRevUp30,FY2026-12-31,9.0
NOW,2026-08-15,estimate,epsRevDown7,FY2026-12-31,30.0
NOW,2026-08-15,estimate,epsRevDown30,FY2026-12-31,29.0
NOW,2026-08-15,estimate,epsRevUp7,FY2027-12-31,18.0
NOW,2026-08-15,estimate,epsRevUp30,FY2027-12-31,17.0
NOW,2026-08-15,estimate,epsRevDown7,FY2027-12-31,18.0
NOW,2026-08-15,estimate,epsRevDown30,FY2027-12-31,19.0
INTU,2026-08-15,estimate,epsEst,FQ2026-07-31,3.58865
INTU,2026-08-08,estimate,epsEst,FQ2026-07-31,3.58821
INTU,2026-07-16,estimate,epsEst,FQ2026-07-31,3.58853
INTU,2026-06-16,estimate,epsEst,FQ2026-07-31,3.58853
INTU,2026-05-17,estimate,epsEst,FQ2026-07-31,3.135
INTU,2026-08-15,estimate,epsEst,FQ2026-10-31,4.01661
INTU,2026-08-08,estimate,epsEst,FQ2026-10-31,4.05526
INTU,2026-07-16,estimate,epsEst,FQ2026-10-31,4.0405
INTU,2026-06-16,estimate,epsEst,FQ2026-10-31,4.04323
INTU,2026-05-17,estimate,epsEst,FQ2026-10-31,3.93607
INTU,2026-08-15,estimate,epsEst,FY2026-07-31,23.83201
INTU,2026-08-08,estimate,epsEst,FY2026-07-31,23.83135
INTU,2026-07-16,estimate,epsEst,FY2026-07-31,23.83202
INTU,2026-06-16,estimate,epsEst,FY2026-07-31,23.83308
INTU,2026-05-17,estimate,epsEst,FY2026-07-31,23.2245
INTU,2026-08-15,estimate,epsEst,FY2027-07-31,27.31769
INTU,2026-08-08,estimate,epsEst,FY2027-07-31,27.36035
INTU,2026-07-16,estimate,epsEst,FY2027-07-31,27.34724
INTU,2026-06-16,estimate,epsEst,FY2027-07-31,27.33725
INTU,2026-05-17,estimate,epsEst,FY2027-07-31,26.48361
INTU,2026-08-15,estimate,epsEstAvg,FQ2026-07-31,3.58865
INTU,2026-08-15,estimate,epsEstLow,FQ2026-07-31,3.49
INTU,2026-08-15,estimate,epsEstHigh,FQ2026-07-31,3.72
INTU,2026-08-15,estimate,epsEstAnalysts,FQ2026-07-31,27.0
INTU,2026-08-15,estimate,epsEstGrowth,FQ2026-07-31,0.305
INTU,2026-08-15,estimate,epsEstAvg,FQ2026-10-31,4.01661
INTU,2026-08-15,estimate,epsEstLow,FQ2026-10-31,3.66
INTU,2026-08-15,estimate,epsEstHigh,FQ2026-10-31,4.33
INTU,2026-08-15,estimate,epsEstAnalysts,FQ2026-10-31,23.0
INTU,2026-08-15,estimate,epsEstGrowth,FQ2026-10-31,0.2026
INTU,2026-08-15,estimate,epsEstAvg,FY2026-07-31,23.83201
INTU,2026-08-15,estimate,epsEstLow,FY2026-07-31,23.681
INTU,2026-08-15,estimate,epsEstHigh,FY2026-07-31,23.96
INTU,2026-08-15,estimate,epsEstAnalysts,FY2026-07-31,33.0
INTU,2026-08-15,estimate,epsEstGrowth,FY2026-07-31,0.18270001
INTU,2026-08-15,estimate,epsEstAvg,FY2027-07-31,27.31769
INTU,2026-08-15,estimate,epsEstLow,FY2027-07-31,26.33
INTU,2026-08-15,estimate,epsEstHigh,FY2027-07-31,28.9288
INTU,2026-08-15,estimate,epsEstAnalysts,FY2027-07-31,33.0
INTU,2026-08-15,estimate,epsEstGrowth,FY2027-07-31,0.1463
INTU,2026-08-15,estimate,revEstAvg,FQ2026-07-31,4268924670.0
INTU,2026-08-15,estimate,revEstLow,FQ2026-07-31,4252000000.0
INTU,2026-08-15,estimate,revEstHigh,FQ2026-07-31,4304000000.0
INTU,2026-08-15,estimate,revEstAnalysts,FQ2026-07-31,23.0
INTU,2026-08-15,estimate,revEstGrowth,FQ2026-07-31,0.114300005
INTU,2026-08-15,estimate,revEstAvg,FQ2026-10-31,4364807480.0
INTU,2026-08-15,estimate,revEstLow,FQ2026-10-31,4286815000.0
INTU,2026-08-15,estimate,revEstHigh,FQ2026-10-31,4439000000.0
INTU,2026-08-15,estimate,revEstAnalysts,FQ2026-10-31,20.0
INTU,2026-08-15,estimate,revEstGrowth,FQ2026-10-31,0.123500004
INTU,2026-08-15,estimate,revEstAvg,FY2026-07-31,21366660830.0
INTU,2026-08-15,estimate,revEstLow,FY2026-07-31,21314630000.0
INTU,2026-08-15,estimate,revEstHigh,FY2026-07-31,21472000000.0
INTU,2026-08-15,estimate,revEstAnalysts,FY2026-07-31,31.0
INTU,2026-08-15,estimate,revEstGrowth,FY2026-07-31,0.1347
INTU,2026-08-15,estimate,revEstAvg,FY2027-07-31,23785393090.0
INTU,2026-08-15,estimate,revEstLow,FY2027-07-31,23058840000.0
INTU,2026-08-15,estimate,revEstHigh,FY2027-07-31,25043387800.0
INTU,2026-08-15,estimate,revEstAnalysts,FY2027-07-31,31.0
INTU,2026-08-15,estimate,revEstGrowth,FY2027-07-31,0.113199994
INTU,2026-08-15,estimate,epsRevUp7,FQ2026-07-31,0.0
INTU,2026-08-15,estimate,epsRevUp30,FQ2026-07-31,26.0
INTU,2026-08-15,estimate,epsRevDown7,FQ2026-07-31,0.0
INTU,2026-08-15,estimate,epsRevDown30,FQ2026-07-31,0.0
INTU,2026-08-15,estimate,epsRevUp7,FQ2026-10-31,1.0
INTU,2026-08-15,estimate,epsRevUp30,FQ2026-10-31,1.0
INTU,2026-08-15,estimate,epsRevDown7,FQ2026-10-31,1.0
INTU,2026-08-15,estimate,epsRevDown30,FQ2026-10-31,1.0
INTU,2026-08-15,estimate,epsRevUp7,FY2026-07-31,0.0
INTU,2026-08-15,estimate,epsRevUp30,FY2026-07-31,0.0
INTU,2026-08-15,estimate,epsRevDown7,FY2026-07-31,1.0
INTU,2026-08-15,estimate,epsRevDown30,FY2026-07-31,2.0
INTU,2026-08-15,estimate,epsRevUp7,FY2027-07-31,2.0
INTU,2026-08-15,estimate,epsRevUp30,FY2027-07-31,2.0
INTU,2026-08-15,estimate,epsRevDown7,FY2027-07-31,0.0
INTU,2026-08-15,estimate,epsRevDown30,FY2027-07-31,2.0
WDAY,2026-08-15,estimate,epsEst,FQ2026-07-31,2.61226
WDAY,2026-08-08,estimate,epsEst,FQ2026-07-31,2.61226
WDAY,2026-07-16,estimate,epsEst,FQ2026-07-31,2.60814
WDAY,2026-06-16,estimate,epsEst,FQ2026-07-31,2.60814
WDAY,2026-05-17,estimate,epsEst,FQ2026-07-31,2.57061
WDAY,2026-08-15,estimate,epsEst,FQ2026-10-31,2.6409
WDAY,2026-08-08,estimate,epsEst,FQ2026-10-31,2.63255
WDAY,2026-07-16,estimate,epsEst,FQ2026-10-31,2.63255
WDAY,2026-06-16,estimate,epsEst,FQ2026-10-31,2.6299
WDAY,2026-05-17,estimate,epsEst,FQ2026-10-31,2.6171
WDAY,2026-08-15,estimate,epsEst,FY2027-01-31,10.7671
WDAY,2026-08-08,estimate,epsEst,FY2027-01-31,10.7671
WDAY,2026-07-16,estimate,epsEst,FY2027-01-31,10.73076
WDAY,2026-06-16,estimate,epsEst,FY2027-01-31,10.73076
WDAY,2026-05-17,estimate,epsEst,FY2027-01-31,10.52199
WDAY,2026-08-15,estimate,epsEst,FY2028-01-31,12.64386
WDAY,2026-08-08,estimate,epsEst,FY2028-01-31,12.64386
WDAY,2026-07-16,estimate,epsEst,FY2028-01-31,12.6402
WDAY,2026-06-16,estimate,epsEst,FY2028-01-31,12.6402
WDAY,2026-05-17,estimate,epsEst,FY2028-01-31,12.44595
WDAY,2026-08-15,estimate,epsEstAvg,FQ2026-07-31,2.61226
WDAY,2026-08-15,estimate,epsEstLow,FQ2026-07-31,2.41
WDAY,2026-08-15,estimate,epsEstHigh,FQ2026-07-31,2.85
WDAY,2026-08-15,estimate,epsEstAnalysts,FQ2026-07-31,36.0
WDAY,2026-08-15,estimate,epsEstGrowth,FQ2026-07-31,0.18200001
WDAY,2026-08-15,estimate,epsEstAvg,FQ2026-10-31,2.6409
WDAY,2026-08-15,estimate,epsEstLow,FQ2026-10-31,2.38
WDAY,2026-08-15,estimate,epsEstHigh,FQ2026-10-31,2.98
WDAY,2026-08-15,estimate,epsEstAnalysts,FQ2026-10-31,35.0
WDAY,2026-08-15,estimate,epsEstGrowth,FQ2026-10-31,0.1383
WDAY,2026-08-15,estimate,epsEstAvg,FY2027-01-31,10.7671
WDAY,2026-08-15,estimate,epsEstLow,FY2027-01-31,10.02
WDAY,2026-08-15,estimate,epsEstHigh,FY2027-01-31,11.81
WDAY,2026-08-15,estimate,epsEstAnalysts,FY2027-01-31,41.0
WDAY,2026-08-15,estimate,epsEstGrowth,FY2027-01-31,0.1665
WDAY,2026-08-15,estimate,epsEstAvg,FY2028-01-31,12.64386
WDAY,2026-08-15,estimate,epsEstLow,FY2028-01-31,11.42
WDAY,2026-08-15,estimate,epsEstHigh,FY2028-01-31,14.02
WDAY,2026-08-15,estimate,epsEstAnalysts,FY2028-01-31,41.0
WDAY,2026-08-15,estimate,epsEstGrowth,FY2028-01-31,0.1743
WDAY,2026-08-15,estimate,revEstAvg,FQ2026-07-31,2635331000.0
WDAY,2026-08-15,estimate,revEstLow,FQ2026-07-31,2627000000.0
WDAY,2026-08-15,estimate,revEstHigh,FQ2026-07-31,2661000000.0
WDAY,2026-08-15,estimate,revEstAnalysts,FQ2026-07-31,34.0
WDAY,2026-08-15,estimate,revEstGrowth,FQ2026-07-31,0.1224
WDAY,2026-08-15,estimate,revEstAvg,FQ2026-10-31,2696191360.0
WDAY,2026-08-15,estimate,revEstLow,FQ2026-10-31,2674200000.0
WDAY,2026-08-15,estimate,revEstHigh,FQ2026-10-31,2745000000.0
WDAY,2026-08-15,estimate,revEstAnalysts,FQ2026-10-31,34.0
WDAY,2026-08-15,estimate,revEstGrowth,FQ2026-10-31,0.1086
WDAY,2026-08-15,estimate,revEstAvg,FY2027-01-31,10669395960.0
WDAY,2026-08-15,estimate,revEstLow,FY2027-01-31,10635400000.0
WDAY,2026-08-15,estimate,revEstHigh,FY2027-01-31,10828000000.0
WDAY,2026-08-15,estimate,revEstAnalysts,FY2027-01-31,40.0
WDAY,2026-08-15,estimate,revEstGrowth,FY2027-01-31,0.117
WDAY,2026-08-15,estimate,revEstAvg,FY2028-01-31,11840360750.0
WDAY,2026-08-15,estimate,revEstLow,FY2028-01-31,11554900000.0
WDAY,2026-08-15,estimate,revEstHigh,FY2028-01-31,12307000000.0
WDAY,2026-08-15,estimate,revEstAnalysts,FY2028-01-31,40.0
WDAY,2026-08-15,estimate,revEstGrowth,FY2028-01-31,0.1097
WDAY,2026-08-15,estimate,epsRevUp7,FQ2026-07-31,1.0
WDAY,2026-08-15,estimate,epsRevUp30,FQ2026-07-31,1.0
WDAY,2026-08-15,estimate,epsRevDown7,FQ2026-07-31,0.0
WDAY,2026-08-15,estimate,epsRevDown30,FQ2026-07-31,0.0
WDAY,2026-08-15,estimate,epsRevUp7,FQ2026-10-31,1.0
WDAY,2026-08-15,estimate,epsRevUp30,FQ2026-10-31,1.0
WDAY,2026-08-15,estimate,epsRevDown7,FQ2026-10-31,0.0
WDAY,2026-08-15,estimate,epsRevDown30,FQ2026-10-31,0.0
WDAY,2026-08-15,estimate,epsRevUp7,FY2027-01-31,1.0
WDAY,2026-08-15,estimate,epsRevUp30,FY2027-01-31,2.0
WDAY,2026-08-15,estimate,epsRevDown7,FY2027-01-31,0.0
WDAY,2026-08-15,estimate,epsRevDown30,FY2027-01-31,0.0
WDAY,2026-08-15,estimate,epsRevUp7,FY2028-01-31,0.0
WDAY,2026-08-15,estimate,epsRevUp30,FY2028-01-31,1.0
WDAY,2026-08-15,estimate,epsRevDown7,FY2028-01-31,1.0
WDAY,2026-08-15,estimate,epsRevDown30,FY2028-01-31,1.0
TEAM,2026-08-15,estimate,epsEst,FQ2026-09-30,1.42337
TEAM,2026-08-08,estimate,epsEst,FQ2026-09-30,1.26577
TEAM,2026-07-16,estimate,epsEst,FQ2026-09-30,1.28893
TEAM,2026-06-16,estimate,epsEst,FQ2026-09-30,1.30816
TEAM,2026-05-17,estimate,epsEst,FQ2026-09-30,1.31361
TEAM,2026-08-15,estimate,epsEst,FQ2026-12-31,1.30349
TEAM,2026-08-08,estimate,epsEst,FQ2026-12-31,1.46377
TEAM,2026-07-16,estimate,epsEst,FQ2026-12-31,1.49729
TEAM,2026-06-16,estimate,epsEst,FQ2026-12-31,1.50113
TEAM,2026-05-17,estimate,epsEst,FQ2026-12-31,1.50738
TEAM,2026-08-15,estimate,epsEst,FY2027-06-30,5.42201
TEAM,2026-08-08,estimate,epsEst,FY2027-06-30,6.09579
TEAM,2026-07-16,estimate,epsEst,FY2027-06-30,6.21369
TEAM,2026-06-16,estimate,epsEst,FY2027-06-30,6.2295
TEAM,2026-05-17,estimate,epsEst,FY2027-06-30,0.0
TEAM,2026-08-15,estimate,epsEst,FY2028-06-30,6.76395
TEAM,2026-08-08,estimate,epsEst,FY2028-06-30,7.109
TEAM,2026-07-16,estimate,epsEst,FY2028-06-30,7.30243
TEAM,2026-06-16,estimate,epsEst,FY2028-06-30,7.33558
TEAM,2026-05-17,estimate,epsEst,FY2028-06-30,7.33707
TEAM,2026-08-15,estimate,epsEstAvg,FQ2026-09-30,1.42337
TEAM,2026-08-15,estimate,epsEstLow,FQ2026-09-30,1.26
TEAM,2026-08-15,estimate,epsEstHigh,FQ2026-09-30,1.59166
TEAM,2026-08-15,estimate,epsEstAnalysts,FQ2026-09-30,26.0
TEAM,2026-08-15,estimate,epsEstGrowth,FQ2026-09-30,0.3686
TEAM,2026-08-15,estimate,epsEstAvg,FQ2026-12-31,1.30349
TEAM,2026-08-15,estimate,epsEstLow,FQ2026-12-31,1.11
TEAM,2026-08-15,estimate,epsEstHigh,FQ2026-12-31,1.67
TEAM,2026-08-15,estimate,epsEstAnalysts,FQ2026-12-31,27.0
TEAM,2026-08-15,estimate,epsEstGrowth,FQ2026-12-31,0.0684
TEAM,2026-08-15,estimate,epsEstAvg,FY2027-06-30,5.42201
TEAM,2026-08-15,estimate,epsEstLow,FY2027-06-30,4.81
TEAM,2026-08-15,estimate,epsEstHigh,FY2027-06-30,6.11177
TEAM,2026-08-15,estimate,epsEstAnalysts,FY2027-06-30,27.0
TEAM,2026-08-15,estimate,epsEstGrowth,FY2027-06-30,-0.0732
TEAM,2026-08-15,estimate,epsEstAvg,FY2028-06-30,6.76395
TEAM,2026-08-15,estimate,epsEstLow,FY2028-06-30,5.78
TEAM,2026-08-15,estimate,epsEstHigh,FY2028-06-30,9.35
TEAM,2026-08-15,estimate,epsEstAnalysts,FY2028-06-30,30.0
TEAM,2026-08-15,estimate,epsEstGrowth,FY2028-06-30,0.2475
TEAM,2026-08-15,estimate,revEstAvg,FQ2026-09-30,1713911940.0
TEAM,2026-08-15,estimate,revEstLow,FQ2026-09-30,1705104000.0
TEAM,2026-08-15,estimate,revEstHigh,FQ2026-09-30,1760043000.0
TEAM,2026-08-15,estimate,revEstAnalysts,FQ2026-09-30,26.0
TEAM,2026-08-15,estimate,revEstGrowth,FQ2026-09-30,0.19639999
TEAM,2026-08-15,estimate,revEstAvg,FQ2026-12-31,1817962080.0
TEAM,2026-08-15,estimate,revEstLow,FQ2026-12-31,1788427730.0
TEAM,2026-08-15,estimate,revEstHigh,FQ2026-12-31,1866930000.0
TEAM,2026-08-15,estimate,revEstAnalysts,FQ2026-12-31,25.0
TEAM,2026-08-15,estimate,revEstGrowth,FQ2026-12-31,0.146
TEAM,2026-08-15,estimate,revEstAvg,FY2027-06-30,7451728760.0
TEAM,2026-08-15,estimate,revEstLow,FY2027-06-30,7406747000.0
TEAM,2026-08-15,estimate,revEstHigh,FY2027-06-30,7792811000.0
TEAM,2026-08-15,estimate,revEstAnalysts,FY2027-06-30,29.0
TEAM,2026-08-15,estimate,revEstGrowth,FY2027-06-30,0.1338
TEAM,2026-08-15,estimate,revEstAvg,FY2028-06-30,8577890579.0
TEAM,2026-08-15,estimate,revEstLow,FY2028-06-30,8329669430.0
TEAM,2026-08-15,estimate,revEstHigh,FY2028-06-30,9154672000.0
TEAM,2026-08-15,estimate,revEstAnalysts,FY2028-06-30,29.0
TEAM,2026-08-15,estimate,revEstGrowth,FY2028-06-30,0.1511
TEAM,2026-08-15,estimate,epsRevUp7,FQ2026-09-30,0.0
TEAM,2026-08-15,estimate,epsRevUp30,FQ2026-09-30,1.0
TEAM,2026-08-15,estimate,epsRevDown7,FQ2026-09-30,4.0
TEAM,2026-08-15,estimate,epsRevDown30,FQ2026-09-30,11.0
TEAM,2026-08-15,estimate,epsRevUp7,FQ2026-12-31,0.0
TEAM,2026-08-15,estimate,epsRevUp30,FQ2026-12-31,1.0
TEAM,2026-08-15,estimate,epsRevDown7,FQ2026-12-31,4.0
TEAM,2026-08-15,estimate,epsRevDown30,FQ2026-12-31,11.0
TEAM,2026-08-15,estimate,epsRevUp7,FY2027-06-30,0.0
TEAM,2026-08-15,estimate,epsRevUp30,FY2027-06-30,2.0
TEAM,2026-08-15,estimate,epsRevDown7,FY2027-06-30,5.0
TEAM,2026-08-15,estimate,epsRevDown30,FY2027-06-30,11.0
TEAM,2026-08-15,estimate,epsRevUp7,FY2028-06-30,0.0
TEAM,2026-08-15,estimate,epsRevUp30,FY2028-06-30,3.0
TEAM,2026-08-15,estimate,epsRevDown7,FY2028-06-30,2.0
TEAM,2026-08-15,estimate,epsRevDown30,FY2028-06-30,5.0
HUBS,2026-08-15,estimate,epsEst,FQ2026-09-30,3.27528
HUBS,2026-08-08,estimate,epsEst,FQ2026-09-30,3.44751
HUBS,2026-07-16,estimate,epsEst,FQ2026-09-30,3.44751
HUBS,2026-06-16,estimate,epsEst,FQ2026-09-30,3.44751
HUBS,2026-05-17,estimate,epsEst,FQ2026-09-30,3.44464
HUBS,2026-08-15,estimate,epsEst,FQ2026-12-31,4.07253
HUBS,2026-08-08,estimate,epsEst,FQ2026-12-31,3.94047
HUBS,2026-07-16,estimate,epsEst,FQ2026-12-31,3.94044
HUBS,2026-06-16,estimate,epsEst,FQ2026-12-31,3.94044
HUBS,2026-05-17,estimate,epsEst,FQ2026-12-31,3.93313
HUBS,2026-08-15,estimate,epsEst,FY2026-12-31,13.27636
HUBS,2026-08-08,estimate,epsEst,FY2026-12-31,13.10264
HUBS,2026-07-16,estimate,epsEst,FY2026-12-31,13.11564
HUBS,2026-06-16,estimate,epsEst,FY2026-12-31,13.1155
HUBS,2026-05-17,estimate,epsEst,FY2026-12-31,13.08901
HUBS,2026-08-15,estimate,epsEst,FY2027-12-31,16.57257
HUBS,2026-08-08,estimate,epsEst,FY2027-12-31,15.60024
HUBS,2026-07-16,estimate,epsEst,FY2027-12-31,15.62646
HUBS,2026-06-16,estimate,epsEst,FY2027-12-31,15.61381
HUBS,2026-05-17,estimate,epsEst,FY2027-12-31,15.59751
HUBS,2026-08-15,estimate,epsEstAvg,FQ2026-09-30,3.27528
HUBS,2026-08-15,estimate,epsEstLow,FQ2026-09-30,3.24613
HUBS,2026-08-15,estimate,epsEstHigh,FQ2026-09-30,3.48
HUBS,2026-08-15,estimate,epsEstAnalysts,FQ2026-09-30,30.0
HUBS,2026-08-15,estimate,epsEstGrowth,FQ2026-09-30,0.2313
HUBS,2026-08-15,estimate,epsEstAvg,FQ2026-12-31,4.07253
HUBS,2026-08-15,estimate,epsEstLow,FQ2026-12-31,3.91
HUBS,2026-08-15,estimate,epsEstHigh,FQ2026-12-31,4.21653
HUBS,2026-08-15,estimate,epsEstAnalysts,FQ2026-12-31,30.0
HUBS,2026-08-15,estimate,epsEstGrowth,FQ2026-12-31,0.318
HUBS,2026-08-15,estimate,epsEstAvg,FY2026-12-31,13.27636
HUBS,2026-08-15,estimate,epsEstLow,FY2026-12-31,13.12
HUBS,2026-08-15,estimate,epsEstHigh,FY2026-12-31,13.52209
HUBS,2026-08-15,estimate,epsEstAnalysts,FY2026-12-31,32.0
HUBS,2026-08-15,estimate,epsEstGrowth,FY2026-12-31,0.3687
HUBS,2026-08-15,estimate,epsEstAvg,FY2027-12-31,16.57257
HUBS,2026-08-15,estimate,epsEstLow,FY2027-12-31,14.62
HUBS,2026-08-15,estimate,epsEstHigh,FY2027-12-31,18.51
HUBS,2026-08-15,estimate,epsEstAnalysts,FY2027-12-31,33.0
HUBS,2026-08-15,estimate,epsEstGrowth,FY2027-12-31,0.2483
HUBS,2026-08-15,estimate,revEstAvg,FQ2026-09-30,925891560.0
HUBS,2026-08-15,estimate,revEstLow,FQ2026-09-30,924100000.0
HUBS,2026-08-15,estimate,revEstHigh,FQ2026-09-30,941002000.0
HUBS,2026-08-15,estimate,revEstAnalysts,FQ2026-09-30,29.0
HUBS,2026-08-15,estimate,revEstGrowth,FQ2026-09-30,0.1438
HUBS,2026-08-15,estimate,revEstAvg,FQ2026-12-31,965683060.0
HUBS,2026-08-15,estimate,revEstLow,FQ2026-12-31,961790840.0
HUBS,2026-08-15,estimate,revEstHigh,FQ2026-12-31,987863000.0
HUBS,2026-08-15,estimate,revEstAnalysts,FQ2026-12-31,28.0
HUBS,2026-08-15,estimate,revEstGrowth,FQ2026-12-31,0.14050001
HUBS,2026-08-15,estimate,revEstAvg,FY2026-12-31,3685003250.0
HUBS,2026-08-15,estimate,revEstLow,FY2026-12-31,3678687710.0
HUBS,2026-08-15,estimate,revEstHigh,FY2026-12-31,3708257000.0
HUBS,2026-08-15,estimate,revEstAnalysts,FY2026-12-31,33.0
HUBS,2026-08-15,estimate,revEstGrowth,FY2026-12-31,0.1768
HUBS,2026-08-15,estimate,revEstAvg,FY2027-12-31,4208362740.0
HUBS,2026-08-15,estimate,revEstLow,FY2027-12-31,4133231000.0
HUBS,2026-08-15,estimate,revEstHigh,FY2027-12-31,4299833000.0
HUBS,2026-08-15,estimate,revEstAnalysts,FY2027-12-31,33.0
HUBS,2026-08-15,estimate,revEstGrowth,FY2027-12-31,0.142
HUBS,2026-08-15,estimate,epsRevUp7,FQ2026-09-30,1.0
HUBS,2026-08-15,estimate,epsRevUp30,FQ2026-09-30,1.0
HUBS,2026-08-15,estimate,epsRevDown7,FQ2026-09-30,22.0
HUBS,2026-08-15,estimate,epsRevDown30,FQ2026-09-30,22.0
HUBS,2026-08-15,estimate,epsRevUp7,FQ2026-12-31,23.0
HUBS,2026-08-15,estimate,epsRevUp30,FQ2026-12-31,23.0
HUBS,2026-08-15,estimate,epsRevDown7,FQ2026-12-31,0.0
HUBS,2026-08-15,estimate,epsRevDown30,FQ2026-12-31,0.0
HUBS,2026-08-15,estimate,epsRevUp7,FY2026-12-31,24.0
HUBS,2026-08-15,estimate,epsRevUp30,FY2026-12-31,24.0
HUBS,2026-08-15,estimate,epsRevDown7,FY2026-12-31,1.0
HUBS,2026-08-15,estimate,epsRevDown30,FY2026-12-31,1.0
HUBS,2026-08-15,estimate,epsRevUp7,FY2027-12-31,22.0
HUBS,2026-08-15,estimate,epsRevUp30,FY2027-12-31,22.0
HUBS,2026-08-15,estimate,epsRevDown7,FY2027-12-31,2.0
HUBS,2026-08-15,estimate,epsRevDown30,FY2027-12-31,2.0
VEEV,2026-08-15,estimate,epsEst,FQ2026-07-31,2.22223
VEEV,2026-08-08,estimate,epsEst,FQ2026-07-31,2.22223
VEEV,2026-07-16,estimate,epsEst,FQ2026-07-31,2.22228
VEEV,2026-06-16,estimate,epsEst,FQ2026-07-31,2.22176
VEEV,2026-05-17,estimate,epsEst,FQ2026-07-31,2.18516
VEEV,2026-08-15,estimate,epsEst,FQ2026-10-31,2.28517
VEEV,2026-08-08,estimate,epsEst,FQ2026-10-31,2.28517
VEEV,2026-07-16,estimate,epsEst,FQ2026-10-31,2.28526
VEEV,2026-06-16,estimate,epsEst,FQ2026-10-31,2.28343
VEEV,2026-05-17,estimate,epsEst,FQ2026-10-31,2.25483
VEEV,2026-08-15,estimate,epsEst,FY2027-01-31,9.06196
VEEV,2026-08-08,estimate,epsEst,FY2027-01-31,9.06196
VEEV,2026-07-16,estimate,epsEst,FY2027-01-31,9.06251
VEEV,2026-06-16,estimate,epsEst,FY2027-01-31,9.06244
VEEV,2026-05-17,estimate,epsEst,FY2027-01-31,8.85037
VEEV,2026-08-15,estimate,epsEst,FY2028-01-31,10.03399
VEEV,2026-08-08,estimate,epsEst,FY2028-01-31,10.03382
VEEV,2026-07-16,estimate,epsEst,FY2028-01-31,10.03474
VEEV,2026-06-16,estimate,epsEst,FY2028-01-31,10.02706
VEEV,2026-05-17,estimate,epsEst,FY2028-01-31,9.88398
VEEV,2026-08-15,estimate,epsEstAvg,FQ2026-07-31,2.22223
VEEV,2026-08-15,estimate,epsEstLow,FQ2026-07-31,2.2
VEEV,2026-08-15,estimate,epsEstHigh,FQ2026-07-31,2.27
VEEV,2026-08-15,estimate,epsEstAnalysts,FQ2026-07-31,25.0
VEEV,2026-08-15,estimate,epsEstGrowth,FQ2026-07-31,0.1167
VEEV,2026-08-15,estimate,epsEstAvg,FQ2026-10-31,2.28517
VEEV,2026-08-15,estimate,epsEstLow,FQ2026-10-31,2.25
VEEV,2026-08-15,estimate,epsEstHigh,FQ2026-10-31,2.36706
VEEV,2026-08-15,estimate,epsEstAnalysts,FQ2026-10-31,25.0
VEEV,2026-08-15,estimate,epsEstGrowth,FQ2026-10-31,0.12020001
VEEV,2026-08-15,estimate,epsEstAvg,FY2027-01-31,9.06196
VEEV,2026-08-15,estimate,epsEstLow,FY2027-01-31,9.0
VEEV,2026-08-15,estimate,epsEstHigh,FY2027-01-31,9.21268
VEEV,2026-08-15,estimate,epsEstAnalysts,FY2027-01-31,26.0
VEEV,2026-08-15,estimate,epsEstGrowth,FY2027-01-31,0.1188
VEEV,2026-08-15,estimate,epsEstAvg,FY2028-01-31,10.03399
VEEV,2026-08-15,estimate,epsEstLow,FY2028-01-31,9.25
VEEV,2026-08-15,estimate,epsEstHigh,FY2028-01-31,10.59563
VEEV,2026-08-15,estimate,epsEstAnalysts,FY2028-01-31,27.0
VEEV,2026-08-15,estimate,epsEstGrowth,FY2028-01-31,0.1073
VEEV,2026-08-15,estimate,revEstAvg,FQ2026-07-31,905361030.0
VEEV,2026-08-15,estimate,revEstLow,FQ2026-07-31,902379000.0
VEEV,2026-08-15,estimate,revEstHigh,FQ2026-07-31,919279360.0
VEEV,2026-08-15,estimate,revEstAnalysts,FQ2026-07-31,23.0
VEEV,2026-08-15,estimate,revEstGrowth,FQ2026-07-31,0.14739999
VEEV,2026-08-15,estimate,revEstAvg,FQ2026-10-31,918083080.0
VEEV,2026-08-15,estimate,revEstLow,FQ2026-10-31,911400000.0
VEEV,2026-08-15,estimate,revEstHigh,FQ2026-10-31,936977580.0
VEEV,2026-08-15,estimate,revEstAnalysts,FQ2026-10-31,23.0
VEEV,2026-08-15,estimate,revEstGrowth,FQ2026-10-31,0.1317
VEEV,2026-08-15,estimate,revEstAvg,FY2027-01-31,3641298420.0
VEEV,2026-08-15,estimate,revEstLow,FY2027-01-31,3593017000.0
VEEV,2026-08-15,estimate,revEstHigh,FY2027-01-31,3700548600.0
VEEV,2026-08-15,estimate,revEstAnalysts,FY2027-01-31,29.0
VEEV,2026-08-15,estimate,revEstGrowth,FY2027-01-31,0.1396
VEEV,2026-08-15,estimate,revEstAvg,FY2028-01-31,4081184020.0
VEEV,2026-08-15,estimate,revEstLow,FY2028-01-31,3945165000.0
VEEV,2026-08-15,estimate,revEstHigh,FY2028-01-31,4208741810.0
VEEV,2026-08-15,estimate,revEstAnalysts,FY2028-01-31,29.0
VEEV,2026-08-15,estimate,revEstGrowth,FY2028-01-31,0.120799996
VEEV,2026-08-15,estimate,epsRevUp7,FQ2026-07-31,0.0
VEEV,2026-08-15,estimate,epsRevUp30,FQ2026-07-31,21.0
VEEV,2026-08-15,estimate,epsRevDown7,FQ2026-07-31,1.0
VEEV,2026-08-15,estimate,epsRevDown30,FQ2026-07-31,3.0
VEEV,2026-08-15,estimate,epsRevUp7,FQ2026-10-31,0.0
VEEV,2026-08-15,estimate,epsRevUp30,FQ2026-10-31,19.0
VEEV,2026-08-15,estimate,epsRevDown7,FQ2026-10-31,1.0
VEEV,2026-08-15,estimate,epsRevDown30,FQ2026-10-31,2.0
VEEV,2026-08-15,estimate,epsRevUp7,FY2027-01-31,1.0
VEEV,2026-08-15,estimate,epsRevUp30,FY2027-01-31,25.0
VEEV,2026-08-15,estimate,epsRevDown7,FY2027-01-31,0.0
VEEV,2026-08-15,estimate,epsRevDown30,FY2027-01-31,0.0
VEEV,2026-08-15,estimate,epsRevUp7,FY2028-01-31,0.0
VEEV,2026-08-15,estimate,epsRevUp30,FY2028-01-31,21.0
VEEV,2026-08-15,estimate,epsRevDown7,FY2028-01-31,1.0
VEEV,2026-08-15,estimate,epsRevDown30,FY2028-01-31,3.0
ADSK,2026-08-15,estimate,epsEst,FQ2026-07-31,3.11866
ADSK,2026-08-08,estimate,epsEst,FQ2026-07-31,3.11861
ADSK,2026-07-16,estimate,epsEst,FQ2026-07-31,3.11827
ADSK,2026-06-16,estimate,epsEst,FQ2026-07-31,3.11961
ADSK,2026-05-17,estimate,epsEst,FQ2026-07-31,3.04176
ADSK,2026-08-15,estimate,epsEst,FQ2026-10-31,3.1467
ADSK,2026-08-08,estimate,epsEst,FQ2026-10-31,3.14888
ADSK,2026-07-16,estimate,epsEst,FQ2026-10-31,3.14875
ADSK,2026-06-16,estimate,epsEst,FQ2026-10-31,3.14784
ADSK,2026-05-17,estimate,epsEst,FQ2026-10-31,3.15824
ADSK,2026-08-15,estimate,epsEst,FY2027-01-31,12.59749
ADSK,2026-08-08,estimate,epsEst,FY2027-01-31,12.61889
ADSK,2026-07-16,estimate,epsEst,FY2027-01-31,12.61455
ADSK,2026-06-16,estimate,epsEst,FY2027-01-31,12.61382
ADSK,2026-05-17,estimate,epsEst,FY2027-01-31,12.42855
ADSK,2026-08-15,estimate,epsEst,FY2028-01-31,14.22849
ADSK,2026-08-08,estimate,epsEst,FY2028-01-31,14.25833
ADSK,2026-07-16,estimate,epsEst,FY2028-01-31,14.26438
ADSK,2026-06-16,estimate,epsEst,FY2028-01-31,14.25669
ADSK,2026-05-17,estimate,epsEst,FY2028-01-31,14.11233
ADSK,2026-08-15,estimate,epsEstAvg,FQ2026-07-31,3.11866
ADSK,2026-08-15,estimate,epsEstLow,FQ2026-07-31,3.07
ADSK,2026-08-15,estimate,epsEstHigh,FQ2026-07-31,3.14895
ADSK,2026-08-15,estimate,epsEstAnalysts,FQ2026-07-31,27.0
ADSK,2026-08-15,estimate,epsEstGrowth,FQ2026-07-31,0.1903
ADSK,2026-08-15,estimate,epsEstAvg,FQ2026-10-31,3.1467
ADSK,2026-08-15,estimate,epsEstLow,FQ2026-10-31,3.02
ADSK,2026-08-15,estimate,epsEstHigh,FQ2026-10-31,3.25
ADSK,2026-08-15,estimate,epsEstAnalysts,FQ2026-10-31,27.0
ADSK,2026-08-15,estimate,epsEstGrowth,FQ2026-10-31,0.1785
ADSK,2026-08-15,estimate,epsEstAvg,FY2027-01-31,12.59749
ADSK,2026-08-15,estimate,epsEstLow,FY2027-01-31,12.12358
ADSK,2026-08-15,estimate,epsEstHigh,FY2027-01-31,13.17
ADSK,2026-08-15,estimate,epsEstAnalysts,FY2027-01-31,35.0
ADSK,2026-08-15,estimate,epsEstGrowth,FY2027-01-31,0.2078
ADSK,2026-08-15,estimate,epsEstAvg,FY2028-01-31,14.22849
ADSK,2026-08-15,estimate,epsEstLow,FY2028-01-31,13.44
ADSK,2026-08-15,estimate,epsEstHigh,FY2028-01-31,15.53
ADSK,2026-08-15,estimate,epsEstAnalysts,FY2028-01-31,35.0
ADSK,2026-08-15,estimate,epsEstGrowth,FY2028-01-31,0.1295
ADSK,2026-08-15,estimate,revEstAvg,FQ2026-07-31,2010616350.0
ADSK,2026-08-15,estimate,revEstLow,FQ2026-07-31,2000000000.0
ADSK,2026-08-15,estimate,revEstHigh,FQ2026-07-31,2020800000.0
ADSK,2026-08-15,estimate,revEstAnalysts,FQ2026-07-31,26.0
ADSK,2026-08-15,estimate,revEstGrowth,FQ2026-07-31,0.14050001
ADSK,2026-08-15,estimate,revEstAvg,FQ2026-10-31,2079305430.0
ADSK,2026-08-15,estimate,revEstLow,FQ2026-10-31,2061300000.0
ADSK,2026-08-15,estimate,revEstHigh,FQ2026-10-31,2100700000.0
ADSK,2026-08-15,estimate,revEstAnalysts,FQ2026-10-31,26.0
ADSK,2026-08-15,estimate,revEstGrowth,FQ2026-10-31,0.1221
ADSK,2026-08-15,estimate,revEstAvg,FY2027-01-31,8199883130.0
ADSK,2026-08-15,estimate,revEstLow,FY2027-01-31,8159800000.0
ADSK,2026-08-15,estimate,revEstHigh,FY2027-01-31,8303570000.0
ADSK,2026-08-15,estimate,revEstAnalysts,FY2027-01-31,34.0
ADSK,2026-08-15,estimate,revEstGrowth,FY2027-01-31,0.1379
ADSK,2026-08-15,estimate,revEstAvg,FY2028-01-31,9060545290.0
ADSK,2026-08-15,estimate,revEstLow,FY2028-01-31,8811000000.0
ADSK,2026-08-15,estimate,revEstHigh,FY2028-01-31,9513000000.0
ADSK,2026-08-15,estimate,revEstAnalysts,FY2028-01-31,34.0
ADSK,2026-08-15,estimate,revEstGrowth,FY2028-01-31,0.105
ADSK,2026-08-15,estimate,epsRevUp7,FQ2026-07-31,0.0
ADSK,2026-08-15,estimate,epsRevUp30,FQ2026-07-31,0.0
ADSK,2026-08-15,estimate,epsRevDown7,FQ2026-07-31,1.0
ADSK,2026-08-15,estimate,epsRevDown30,FQ2026-07-31,1.0
ADSK,2026-08-15,estimate,epsRevUp7,FQ2026-10-31,1.0
ADSK,2026-08-15,estimate,epsRevUp30,FQ2026-10-31,1.0
ADSK,2026-08-15,estimate,epsRevDown7,FQ2026-10-31,0.0
ADSK,2026-08-15,estimate,epsRevDown30,FQ2026-10-31,0.0
ADSK,2026-08-15,estimate,epsRevUp7,FY2027-01-31,0.0
ADSK,2026-08-15,estimate,epsRevUp30,FY2027-01-31,0.0
ADSK,2026-08-15,estimate,epsRevDown7,FY2027-01-31,1.0
ADSK,2026-08-15,estimate,epsRevDown30,FY2027-01-31,1.0
ADSK,2026-08-15,estimate,epsRevUp7,FY2028-01-31,1.0
ADSK,2026-08-15,estimate,epsRevUp30,FY2028-01-31,0.0
ADSK,2026-08-15,estimate,epsRevDown7,FY2028-01-31,0.0
ADSK,2026-08-15,estimate,epsRevDown30,FY2028-01-31,1.0
SNPS,2026-08-15,estimate,epsEst,FQ2026-07-31,3.67334
SNPS,2026-08-08,estimate,epsEst,FQ2026-07-31,3.67334
SNPS,2026-07-16,estimate,epsEst,FQ2026-07-31,3.67417
SNPS,2026-06-16,estimate,epsEst,FQ2026-07-31,3.67334
SNPS,2026-05-17,estimate,epsEst,FQ2026-07-31,3.63155
SNPS,2026-08-15,estimate,epsEst,FQ2026-10-31,3.99644
SNPS,2026-08-08,estimate,epsEst,FQ2026-10-31,3.99644
SNPS,2026-07-16,estimate,epsEst,FQ2026-10-31,3.99754
SNPS,2026-06-16,estimate,epsEst,FQ2026-10-31,3.99644
SNPS,2026-05-17,estimate,epsEst,FQ2026-10-31,3.9285
SNPS,2026-08-15,estimate,epsEst,FY2026-10-31,14.78942
SNPS,2026-08-08,estimate,epsEst,FY2026-10-31,14.78942
SNPS,2026-07-16,estimate,epsEst,FY2026-10-31,14.79032
SNPS,2026-06-16,estimate,epsEst,FY2026-10-31,14.78985
SNPS,2026-05-17,estimate,epsEst,FY2026-10-31,14.4568
SNPS,2026-08-15,estimate,epsEst,FY2027-10-31,17.28051
SNPS,2026-08-08,estimate,epsEst,FY2027-10-31,17.28051
SNPS,2026-07-16,estimate,epsEst,FY2027-10-31,17.2614
SNPS,2026-06-16,estimate,epsEst,FY2027-10-31,17.23426
SNPS,2026-05-17,estimate,epsEst,FY2027-10-31,17.05553
SNPS,2026-08-15,estimate,epsEstAvg,FQ2026-07-31,3.67334
SNPS,2026-08-15,estimate,epsEstLow,FQ2026-07-31,3.63
SNPS,2026-08-15,estimate,epsEstHigh,FQ2026-07-31,3.78
SNPS,2026-08-15,estimate,epsEstAnalysts,FQ2026-07-31,17.0
SNPS,2026-08-15,estimate,epsEstGrowth,FQ2026-07-31,0.0836
SNPS,2026-08-15,estimate,epsEstAvg,FQ2026-10-31,3.99644
SNPS,2026-08-15,estimate,epsEstLow,FQ2026-10-31,3.95
SNPS,2026-08-15,estimate,epsEstHigh,FQ2026-10-31,4.13145
SNPS,2026-08-15,estimate,epsEstAnalysts,FQ2026-10-31,16.0
SNPS,2026-08-15,estimate,epsEstGrowth,FQ2026-10-31,0.3781
SNPS,2026-08-15,estimate,epsEstAvg,FY2026-10-31,14.78942
SNPS,2026-08-15,estimate,epsEstLow,FY2026-10-31,14.75
SNPS,2026-08-15,estimate,epsEstHigh,FY2026-10-31,14.94058
SNPS,2026-08-15,estimate,epsEstAnalysts,FY2026-10-31,23.0
SNPS,2026-08-15,estimate,epsEstGrowth,FY2026-10-31,0.1456
SNPS,2026-08-15,estimate,epsEstAvg,FY2027-10-31,17.28051
SNPS,2026-08-15,estimate,epsEstLow,FY2027-10-31,16.25
SNPS,2026-08-15,estimate,epsEstHigh,FY2027-10-31,18.6
SNPS,2026-08-15,estimate,epsEstAnalysts,FY2027-10-31,24.0
SNPS,2026-08-15,estimate,epsEstGrowth,FY2027-10-31,0.1684
SNPS,2026-08-15,estimate,revEstAvg,FQ2026-07-31,2438802960.0
SNPS,2026-08-15,estimate,revEstLow,FQ2026-07-31,2420100000.0
SNPS,2026-08-15,estimate,revEstHigh,FQ2026-07-31,2463196270.0
SNPS,2026-08-15,estimate,revEstAnalysts,FQ2026-07-31,17.0
SNPS,2026-08-15,estimate,revEstGrowth,FQ2026-07-31,0.4018
SNPS,2026-08-15,estimate,revEstAvg,FQ2026-10-31,2552229630.0
SNPS,2026-08-15,estimate,revEstLow,FQ2026-10-31,2523238000.0
SNPS,2026-08-15,estimate,revEstHigh,FQ2026-10-31,2580700000.0
SNPS,2026-08-15,estimate,revEstAnalysts,FQ2026-10-31,17.0
SNPS,2026-08-15,estimate,revEstGrowth,FQ2026-10-31,0.1319
SNPS,2026-08-15,estimate,revEstAvg,FY2026-10-31,9680096260.0
SNPS,2026-08-15,estimate,revEstLow,FY2026-10-31,9630000000.0
SNPS,2026-08-15,estimate,revEstHigh,FY2026-10-31,9766777180.0
SNPS,2026-08-15,estimate,revEstAnalysts,FY2026-10-31,24.0
SNPS,2026-08-15,estimate,revEstGrowth,FY2026-10-31,0.3723
SNPS,2026-08-15,estimate,revEstAvg,FY2027-10-31,10731265170.0
SNPS,2026-08-15,estimate,revEstLow,FY2027-10-31,10346700000.0
SNPS,2026-08-15,estimate,revEstHigh,FY2027-10-31,10960602130.0
SNPS,2026-08-15,estimate,revEstAnalysts,FY2027-10-31,24.0
SNPS,2026-08-15,estimate,revEstGrowth,FY2027-10-31,0.1086
SNPS,2026-08-15,estimate,epsRevUp7,FQ2026-07-31,8.0
SNPS,2026-08-15,estimate,epsRevUp30,FQ2026-07-31,8.0
SNPS,2026-08-15,estimate,epsRevDown7,FQ2026-07-31,7.0
SNPS,2026-08-15,estimate,epsRevDown30,FQ2026-07-31,7.0
SNPS,2026-08-15,estimate,epsRevUp7,FQ2026-10-31,10.0
SNPS,2026-08-15,estimate,epsRevUp30,FQ2026-10-31,11.0
SNPS,2026-08-15,estimate,epsRevDown7,FQ2026-10-31,5.0
SNPS,2026-08-15,estimate,epsRevDown30,FQ2026-10-31,4.0
SNPS,2026-08-15,estimate,epsRevUp7,FY2026-10-31,0.0
SNPS,2026-08-15,estimate,epsRevUp30,FY2026-10-31,22.0
SNPS,2026-08-15,estimate,epsRevDown7,FY2026-10-31,0.0
SNPS,2026-08-15,estimate,epsRevDown30,FY2026-10-31,0.0
SNPS,2026-08-15,estimate,epsRevUp7,FY2027-10-31,1.0
SNPS,2026-08-15,estimate,epsRevUp30,FY2027-10-31,17.0
SNPS,2026-08-15,estimate,epsRevDown7,FY2027-10-31,0.0
SNPS,2026-08-15,estimate,epsRevDown30,FY2027-10-31,0.0
CDNS,2026-08-15,estimate,epsEst,FQ2026-09-30,2.04514
CDNS,2026-08-08,estimate,epsEst,FQ2026-09-30,1.94579
CDNS,2026-07-16,estimate,epsEst,FQ2026-09-30,1.93084
CDNS,2026-06-16,estimate,epsEst,FQ2026-09-30,1.94024
CDNS,2026-05-17,estimate,epsEst,FQ2026-09-30,1.94024
CDNS,2026-08-15,estimate,epsEst,FQ2026-12-31,2.01865
CDNS,2026-08-08,estimate,epsEst,FQ2026-12-31,1.99357
CDNS,2026-07-16,estimate,epsEst,FQ2026-12-31,2.00319
CDNS,2026-06-16,estimate,epsEst,FQ2026-12-31,1.9919
CDNS,2026-05-17,estimate,epsEst,FQ2026-12-31,1.9919
CDNS,2026-08-15,estimate,epsEst,FY2026-12-31,4.80115
CDNS,2026-08-08,estimate,epsEst,FY2026-12-31,4.79079
CDNS,2026-07-16,estimate,epsEst,FY2026-12-31,4.49978
CDNS,2026-06-16,estimate,epsEst,FY2026-12-31,4.49288
CDNS,2026-05-17,estimate,epsEst,FY2026-12-31,4.49478
CDNS,2026-08-15,estimate,epsEst,FY2027-12-31,9.53712
CDNS,2026-08-08,estimate,epsEst,FY2027-12-31,9.52669
CDNS,2026-07-16,estimate,epsEst,FY2027-12-31,9.39978
CDNS,2026-06-16,estimate,epsEst,FY2027-12-31,9.385
CDNS,2026-05-17,estimate,epsEst,FY2027-12-31,9.38068
CDNS,2026-08-15,estimate,epsEstAvg,FQ2026-09-30,2.04514
CDNS,2026-08-15,estimate,epsEstLow,FQ2026-09-30,2.02
CDNS,2026-08-15,estimate,epsEstHigh,FQ2026-09-30,2.08
CDNS,2026-08-15,estimate,epsEstAnalysts,FQ2026-09-30,18.0
CDNS,2026-08-15,estimate,epsEstGrowth,FQ2026-09-30,0.059699997
CDNS,2026-08-15,estimate,epsEstAvg,FQ2026-12-31,2.01865
CDNS,2026-08-15,estimate,epsEstLow,FQ2026-12-31,1.97
CDNS,2026-08-15,estimate,epsEstHigh,FQ2026-12-31,2.16277
CDNS,2026-08-15,estimate,epsEstAnalysts,FQ2026-12-31,18.0
CDNS,2026-08-15,estimate,epsEstGrowth,FQ2026-12-31,0.014400001
CDNS,2026-08-15,estimate,epsEstAvg,FY2026-12-31,4.80115
CDNS,2026-08-15,estimate,epsEstLow,FY2026-12-31,4.68135
CDNS,2026-08-15,estimate,epsEstHigh,FY2026-12-31,4.91519
CDNS,2026-08-15,estimate,epsEstAnalysts,FY2026-12-31,12.0
CDNS,2026-08-15,estimate,epsEstGrowth,FY2026-12-31,0.1825
CDNS,2026-08-15,estimate,epsEstAvg,FY2027-12-31,9.53712
CDNS,2026-08-15,estimate,epsEstLow,FY2027-12-31,8.78
CDNS,2026-08-15,estimate,epsEstHigh,FY2027-12-31,10.0499
CDNS,2026-08-15,estimate,epsEstAnalysts,FY2027-12-31,24.0
CDNS,2026-08-15,estimate,epsEstGrowth,FY2027-12-31,0.1711
CDNS,2026-08-15,estimate,revEstAvg,FQ2026-09-30,1611873210.0
CDNS,2026-08-15,estimate,revEstLow,FQ2026-09-30,1599900000.0
CDNS,2026-08-15,estimate,revEstHigh,FQ2026-09-30,1621467000.0
CDNS,2026-08-15,estimate,revEstAnalysts,FQ2026-09-30,18.0
CDNS,2026-08-15,estimate,revEstGrowth,FQ2026-09-30,0.2039
CDNS,2026-08-15,estimate,revEstAvg,FQ2026-12-31,1643869750.0
CDNS,2026-08-15,estimate,revEstLow,FQ2026-12-31,1626208000.0
CDNS,2026-08-15,estimate,revEstHigh,FQ2026-12-31,1701783000.0
CDNS,2026-08-15,estimate,revEstAnalysts,FQ2026-12-31,18.0
CDNS,2026-08-15,estimate,revEstGrowth,FQ2026-12-31,0.1415
CDNS,2026-08-15,estimate,revEstAvg,FY2026-12-31,6317878700.0
CDNS,2026-08-15,estimate,revEstLow,FY2026-12-31,6299671000.0
CDNS,2026-08-15,estimate,revEstHigh,FY2026-12-31,6381920000.0
CDNS,2026-08-15,estimate,revEstAnalysts,FY2026-12-31,22.0
CDNS,2026-08-15,estimate,revEstGrowth,FY2026-12-31,0.1928
CDNS,2026-08-15,estimate,revEstAvg,FY2027-12-31,7160962510.0
CDNS,2026-08-15,estimate,revEstLow,FY2027-12-31,6900900000.0
CDNS,2026-08-15,estimate,revEstHigh,FY2027-12-31,7420288170.0
CDNS,2026-08-15,estimate,revEstAnalysts,FY2027-12-31,25.0
CDNS,2026-08-15,estimate,revEstGrowth,FY2027-12-31,0.13340001
CDNS,2026-08-15,estimate,epsRevUp7,FQ2026-09-30,2.0
CDNS,2026-08-15,estimate,epsRevUp30,FQ2026-09-30,2.0
CDNS,2026-08-15,estimate,epsRevDown7,FQ2026-09-30,0.0
CDNS,2026-08-15,estimate,epsRevDown30,FQ2026-09-30,0.0
CDNS,2026-08-15,estimate,epsRevUp7,FQ2026-12-31,1.0
CDNS,2026-08-15,estimate,epsRevUp30,FQ2026-12-31,1.0
CDNS,2026-08-15,estimate,epsRevDown7,FQ2026-12-31,1.0
CDNS,2026-08-15,estimate,epsRevDown30,FQ2026-12-31,1.0
CDNS,2026-08-15,estimate,epsRevUp7,FY2026-12-31,1.0
CDNS,2026-08-15,estimate,epsRevUp30,FY2026-12-31,1.0
CDNS,2026-08-15,estimate,epsRevDown7,FY2026-12-31,0.0
CDNS,2026-08-15,estimate,epsRevDown30,FY2026-12-31,1.0
CDNS,2026-08-15,estimate,epsRevUp7,FY2027-12-31,2.0
CDNS,2026-08-15,estimate,epsRevUp30,FY2027-12-31,2.0
CDNS,2026-08-15,estimate,epsRevDown7,FY2027-12-31,0.0
CDNS,2026-08-15,estimate,epsRevDown30,FY2027-12-31,1.0
GOOGL,2026-08-15,estimate,epsEst,FQ2026-09-30,3.00182
GOOGL,2026-08-08,estimate,epsEst,FQ2026-09-30,2.99845
GOOGL,2026-07-16,estimate,epsEst,FQ2026-09-30,3.00393
GOOGL,2026-06-16,estimate,epsEst,FQ2026-09-30,3.00261
GOOGL,2026-05-17,estimate,epsEst,FQ2026-09-30,3.00663
GOOGL,2026-08-15,estimate,epsEst,FQ2026-12-31,3.33216
GOOGL,2026-08-08,estimate,epsEst,FQ2026-12-31,3.33261
GOOGL,2026-07-16,estimate,epsEst,FQ2026-12-31,3.28132
GOOGL,2026-06-16,estimate,epsEst,FQ2026-12-31,3.27858
GOOGL,2026-05-17,estimate,epsEst,FQ2026-12-31,3.27786
GOOGL,2026-08-15,estimate,epsEst,FY2026-12-31,20.58853
GOOGL,2026-08-08,estimate,epsEst,FY2026-12-31,20.5849
GOOGL,2026-07-16,estimate,epsEst,FY2026-12-31,14.22781
GOOGL,2026-06-16,estimate,epsEst,FY2026-12-31,14.22751
GOOGL,2026-05-17,estimate,epsEst,FY2026-12-31,14.23004
GOOGL,2026-08-15,estimate,epsEst,FY2027-12-31,14.77394
GOOGL,2026-08-08,estimate,epsEst,FY2027-12-31,14.76976
GOOGL,2026-07-16,estimate,epsEst,FY2027-12-31,14.55665
GOOGL,2026-06-16,estimate,epsEst,FY2027-12-31,14.4584
GOOGL,2026-05-17,estimate,epsEst,FY2027-12-31,14.42841
GOOGL,2026-08-15,estimate,epsEstAvg,FQ2026-09-30,3.00182
GOOGL,2026-08-15,estimate,epsEstLow,FQ2026-09-30,2.64
GOOGL,2026-08-15,estimate,epsEstHigh,FQ2026-09-30,3.68
GOOGL,2026-08-15,estimate,epsEstAnalysts,FQ2026-09-30,42.0
GOOGL,2026-08-15,estimate,epsEstGrowth,FQ2026-09-30,0.045900002
GOOGL,2026-08-15,estimate,epsEstAvg,FQ2026-12-31,3.33216
GOOGL,2026-08-15,estimate,epsEstLow,FQ2026-12-31,2.99
GOOGL,2026-08-15,estimate,epsEstHigh,FQ2026-12-31,4.09232
GOOGL,2026-08-15,estimate,epsEstAnalysts,FQ2026-12-31,39.0
GOOGL,2026-08-15,estimate,epsEstGrowth,FQ2026-12-31,0.1816
GOOGL,2026-08-15,estimate,epsEstAvg,FY2026-12-31,20.58853
GOOGL,2026-08-15,estimate,epsEstLow,FY2026-12-31,19.7
GOOGL,2026-08-15,estimate,epsEstHigh,FY2026-12-31,21.92
GOOGL,2026-08-15,estimate,epsEstAnalysts,FY2026-12-31,51.0
GOOGL,2026-08-15,estimate,epsEstGrowth,FY2026-12-31,0.90459996
GOOGL,2026-08-15,estimate,epsEstAvg,FY2027-12-31,14.77394
GOOGL,2026-08-15,estimate,epsEstLow,FY2027-12-31,13.39
GOOGL,2026-08-15,estimate,epsEstHigh,FY2027-12-31,17.21393
GOOGL,2026-08-15,estimate,epsEstAnalysts,FY2027-12-31,55.0
GOOGL,2026-08-15,estimate,epsEstGrowth,FY2027-12-31,-0.2824
GOOGL,2026-08-15,estimate,revEstAvg,FQ2026-09-30,126982452080.0
GOOGL,2026-08-15,estimate,revEstLow,FQ2026-09-30,123409000000.0
GOOGL,2026-08-15,estimate,revEstHigh,FQ2026-09-30,134908000000.0
GOOGL,2026-08-15,estimate,revEstAnalysts,FQ2026-09-30,40.0
GOOGL,2026-08-15,estimate,revEstGrowth,FQ2026-09-30,0.24069999
GOOGL,2026-08-15,estimate,revEstAvg,FQ2026-12-31,140966862120.0
GOOGL,2026-08-15,estimate,revEstLow,FQ2026-12-31,135389700000.0
GOOGL,2026-08-15,estimate,revEstHigh,FQ2026-12-31,158818481540.0
GOOGL,2026-08-15,estimate,revEstAnalysts,FQ2026-12-31,37.0
GOOGL,2026-08-15,estimate,revEstGrowth,FQ2026-12-31,0.2384
GOOGL,2026-08-15,estimate,revEstAvg,FY2026-12-31,497687581160.0
GOOGL,2026-08-15,estimate,revEstLow,FY2026-12-31,489824800000.0
GOOGL,2026-08-15,estimate,revEstHigh,FY2026-12-31,519817939360.0
GOOGL,2026-08-15,estimate,revEstAnalysts,FY2026-12-31,50.0
GOOGL,2026-08-15,estimate,revEstGrowth,FY2026-12-31,0.2355
GOOGL,2026-08-15,estimate,revEstAvg,FY2027-12-31,606647397800.0
GOOGL,2026-08-15,estimate,revEstLow,FY2027-12-31,480338000000.0
GOOGL,2026-08-15,estimate,revEstHigh,FY2027-12-31,674435000000.0
GOOGL,2026-08-15,estimate,revEstAnalysts,FY2027-12-31,54.0
GOOGL,2026-08-15,estimate,revEstGrowth,FY2027-12-31,0.2189
GOOGL,2026-08-15,estimate,epsRevUp7,FQ2026-09-30,18.0
GOOGL,2026-08-15,estimate,epsRevUp30,FQ2026-09-30,18.0
GOOGL,2026-08-15,estimate,epsRevDown7,FQ2026-09-30,18.0
GOOGL,2026-08-15,estimate,epsRevDown30,FQ2026-09-30,16.0
GOOGL,2026-08-15,estimate,epsRevUp7,FQ2026-12-31,17.0
GOOGL,2026-08-15,estimate,epsRevUp30,FQ2026-12-31,18.0
GOOGL,2026-08-15,estimate,epsRevDown7,FQ2026-12-31,16.0
GOOGL,2026-08-15,estimate,epsRevDown30,FQ2026-12-31,15.0
GOOGL,2026-08-15,estimate,epsRevUp7,FY2026-12-31,43.0
GOOGL,2026-08-15,estimate,epsRevUp30,FY2026-12-31,44.0
GOOGL,2026-08-15,estimate,epsRevDown7,FY2026-12-31,0.0
GOOGL,2026-08-15,estimate,epsRevDown30,FY2026-12-31,0.0
GOOGL,2026-08-15,estimate,epsRevUp7,FY2027-12-31,28.0
GOOGL,2026-08-15,estimate,epsRevUp30,FY2027-12-31,33.0
GOOGL,2026-08-15,estimate,epsRevDown7,FY2027-12-31,16.0
GOOGL,2026-08-15,estimate,epsRevDown30,FY2027-12-31,12.0
META,2026-08-15,estimate,epsEst,FQ2026-09-30,6.75179
META,2026-08-08,estimate,epsEst,FQ2026-09-30,7.04605
META,2026-07-16,estimate,epsEst,FQ2026-09-30,7.05425
META,2026-06-16,estimate,epsEst,FQ2026-09-30,7.04256
META,2026-05-17,estimate,epsEst,FQ2026-09-30,7.05325
META,2026-08-15,estimate,epsEst,FQ2026-12-31,8.22915
META,2026-08-08,estimate,epsEst,FQ2026-12-31,8.48848
META,2026-07-16,estimate,epsEst,FQ2026-12-31,8.51697
META,2026-06-16,estimate,epsEst,FQ2026-12-31,8.48633
META,2026-05-17,estimate,epsEst,FQ2026-12-31,8.50466
META,2026-08-15,estimate,epsEst,FY2026-12-31,31.83917
META,2026-08-08,estimate,epsEst,FY2026-12-31,33.04684
META,2026-07-16,estimate,epsEst,FY2026-12-31,32.89935
META,2026-06-16,estimate,epsEst,FY2026-12-31,32.94065
META,2026-05-17,estimate,epsEst,FY2026-12-31,32.78833
META,2026-08-15,estimate,epsEst,FY2027-12-31,33.948
META,2026-08-08,estimate,epsEst,FY2027-12-31,35.09669
META,2026-07-16,estimate,epsEst,FY2027-12-31,34.97462
META,2026-06-16,estimate,epsEst,FY2027-12-31,34.90343
META,2026-05-17,estimate,epsEst,FY2027-12-31,34.70632
META,2026-08-15,estimate,epsEstAvg,FQ2026-09-30,6.75179
META,2026-08-15,estimate,epsEstLow,FQ2026-09-30,5.61
META,2026-08-15,estimate,epsEstHigh,FQ2026-09-30,7.64
META,2026-08-15,estimate,epsEstAnalysts,FQ2026-09-30,42.0
META,2026-08-15,estimate,epsEstGrowth,FQ2026-09-30,5.4303
META,2026-08-15,estimate,epsEstAvg,FQ2026-12-31,8.22915
META,2026-08-15,estimate,epsEstLow,FQ2026-12-31,6.84
META,2026-08-15,estimate,epsEstHigh,FQ2026-12-31,9.12
META,2026-08-15,estimate,epsEstAnalysts,FQ2026-12-31,41.0
META,2026-08-15,estimate,epsEstGrowth,FQ2026-12-31,-0.0733
META,2026-08-15,estimate,epsEstAvg,FY2026-12-31,31.83917
META,2026-08-15,estimate,epsEstLow,FY2026-12-31,29.32
META,2026-08-15,estimate,epsEstHigh,FY2026-12-31,36.62328
META,2026-08-15,estimate,epsEstAnalysts,FY2026-12-31,54.0
META,2026-08-15,estimate,epsEstGrowth,FY2026-12-31,0.3554
META,2026-08-15,estimate,epsEstAvg,FY2027-12-31,33.948
META,2026-08-15,estimate,epsEstLow,FY2027-12-31,27.93
META,2026-08-15,estimate,epsEstHigh,FY2027-12-31,43.23371
META,2026-08-15,estimate,epsEstAnalysts,FY2027-12-31,52.0
META,2026-08-15,estimate,epsEstGrowth,FY2027-12-31,0.066199996
META,2026-08-15,estimate,revEstAvg,FQ2026-09-30,63311539210.0
META,2026-08-15,estimate,revEstLow,FQ2026-09-30,61702000000.0
META,2026-08-15,estimate,revEstHigh,FQ2026-09-30,65278000000.0
META,2026-08-15,estimate,revEstAnalysts,FQ2026-09-30,47.0
META,2026-08-15,estimate,revEstGrowth,FQ2026-09-30,0.2355
META,2026-08-15,estimate,revEstAvg,FQ2026-12-31,73663972740.0
META,2026-08-15,estimate,revEstLow,FQ2026-12-31,71681000000.0
META,2026-08-15,estimate,revEstHigh,FQ2026-12-31,75897000000.0
META,2026-08-15,estimate,revEstAnalysts,FQ2026-12-31,46.0
META,2026-08-15,estimate,revEstGrowth,FQ2026-12-31,0.2299
META,2026-08-15,estimate,revEstAvg,FY2026-12-31,254313925820.0
META,2026-08-15,estimate,revEstLow,FY2026-12-31,251307000000.0
META,2026-08-15,estimate,revEstHigh,FY2026-12-31,269079000000.0
META,2026-08-15,estimate,revEstAnalysts,FY2026-12-31,55.0
META,2026-08-15,estimate,revEstGrowth,FY2026-12-31,0.26549998
META,2026-08-15,estimate,revEstAvg,FY2027-12-31,305527099140.0
META,2026-08-15,estimate,revEstLow,FY2027-12-31,282196000000.0
META,2026-08-15,estimate,revEstHigh,FY2027-12-31,353932000000.0
META,2026-08-15,estimate,revEstAnalysts,FY2027-12-31,57.0
META,2026-08-15,estimate,revEstGrowth,FY2027-12-31,0.2014
META,2026-08-15,estimate,epsRevUp7,FQ2026-09-30,2.0
META,2026-08-15,estimate,epsRevUp30,FQ2026-09-30,7.0
META,2026-08-15,estimate,epsRevDown7,FQ2026-09-30,5.0
META,2026-08-15,estimate,epsRevDown30,FQ2026-09-30,10.0
META,2026-08-15,estimate,epsRevUp7,FQ2026-12-31,3.0
META,2026-08-15,estimate,epsRevUp30,FQ2026-12-31,6.0
META,2026-08-15,estimate,epsRevDown7,FQ2026-12-31,4.0
META,2026-08-15,estimate,epsRevDown30,FQ2026-12-31,11.0
META,2026-08-15,estimate,epsRevUp7,FY2026-12-31,3.0
META,2026-08-15,estimate,epsRevUp30,FY2026-12-31,8.0
META,2026-08-15,estimate,epsRevDown7,FY2026-12-31,6.0
META,2026-08-15,estimate,epsRevDown30,FY2026-12-31,9.0
META,2026-08-15,estimate,epsRevUp7,FY2027-12-31,4.0
META,2026-08-15,estimate,epsRevUp30,FY2027-12-31,11.0
META,2026-08-15,estimate,epsRevDown7,FY2027-12-31,7.0
META,2026-08-15,estimate,epsRevDown30,FY2027-12-31,9.0
SPOT,2026-08-15,estimate,epsEst,FQ2026-09-30,2.86164
SPOT,2026-08-08,estimate,epsEst,FQ2026-09-30,2.86585
SPOT,2026-07-16,estimate,epsEst,FQ2026-09-30,2.97451
SPOT,2026-06-16,estimate,epsEst,FQ2026-09-30,2.95575
SPOT,2026-05-17,estimate,epsEst,FQ2026-09-30,3.03077
SPOT,2026-08-15,estimate,epsEst,FQ2026-12-31,3.40641
SPOT,2026-08-08,estimate,epsEst,FQ2026-12-31,3.42187
SPOT,2026-07-16,estimate,epsEst,FQ2026-12-31,3.55317
SPOT,2026-06-16,estimate,epsEst,FQ2026-12-31,3.55529
SPOT,2026-05-17,estimate,epsEst,FQ2026-12-31,3.57392
SPOT,2026-08-15,estimate,epsEst,FY2026-12-31,12.28682
SPOT,2026-08-08,estimate,epsEst,FY2026-12-31,12.35869
SPOT,2026-07-16,estimate,epsEst,FY2026-12-31,12.74929
SPOT,2026-06-16,estimate,epsEst,FY2026-12-31,12.79521
SPOT,2026-05-17,estimate,epsEst,FY2026-12-31,12.87785
SPOT,2026-08-15,estimate,epsEst,FY2027-12-31,15.4732
SPOT,2026-08-08,estimate,epsEst,FY2027-12-31,15.56467
SPOT,2026-07-16,estimate,epsEst,FY2027-12-31,15.83625
SPOT,2026-06-16,estimate,epsEst,FY2027-12-31,15.84931
SPOT,2026-05-17,estimate,epsEst,FY2027-12-31,15.84541
SPOT,2026-08-15,estimate,epsEstAvg,FQ2026-09-30,2.86164
SPOT,2026-08-15,estimate,epsEstLow,FQ2026-09-30,2.51
SPOT,2026-08-15,estimate,epsEstHigh,FQ2026-09-30,3.33
SPOT,2026-08-15,estimate,epsEstAnalysts,FQ2026-09-30,19.0
SPOT,2026-08-15,estimate,epsEstGrowth,FQ2026-09-30,-0.1275
SPOT,2026-08-15,estimate,epsEstAvg,FQ2026-12-31,3.40641
SPOT,2026-08-15,estimate,epsEstLow,FQ2026-12-31,3.14
SPOT,2026-08-15,estimate,epsEstHigh,FQ2026-12-31,3.66
SPOT,2026-08-15,estimate,epsEstAnalysts,FQ2026-12-31,18.0
SPOT,2026-08-15,estimate,epsEstGrowth,FQ2026-12-31,-0.23110001
SPOT,2026-08-15,estimate,epsEstAvg,FY2026-12-31,12.28682
SPOT,2026-08-15,estimate,epsEstLow,FY2026-12-31,11.43
SPOT,2026-08-15,estimate,epsEstHigh,FY2026-12-31,13.77
SPOT,2026-08-15,estimate,epsEstAnalysts,FY2026-12-31,27.0
SPOT,2026-08-15,estimate,epsEstGrowth,FY2026-12-31,0.1691
SPOT,2026-08-15,estimate,epsEstAvg,FY2027-12-31,15.4732
SPOT,2026-08-15,estimate,epsEstLow,FY2027-12-31,13.81
SPOT,2026-08-15,estimate,epsEstHigh,FY2027-12-31,17.91
SPOT,2026-08-15,estimate,epsEstAnalysts,FY2027-12-31,28.0
SPOT,2026-08-15,estimate,epsEstGrowth,FY2027-12-31,0.2593
SPOT,2026-08-15,estimate,revEstAvg,FQ2026-09-30,4983690220.0
SPOT,2026-08-15,estimate,revEstLow,FQ2026-09-30,4940000000.0
SPOT,2026-08-15,estimate,revEstHigh,FQ2026-09-30,5008000000.0
SPOT,2026-08-15,estimate,revEstAnalysts,FQ2026-09-30,27.0
SPOT,2026-08-15,estimate,revEstGrowth,FQ2026-09-30,0.1666
SPOT,2026-08-15,estimate,revEstAvg,FQ2026-12-31,5237173180.0
SPOT,2026-08-15,estimate,revEstLow,FQ2026-12-31,5143000000.0
SPOT,2026-08-15,estimate,revEstHigh,FQ2026-12-31,5360000000.0
SPOT,2026-08-15,estimate,revEstAnalysts,FQ2026-12-31,26.0
SPOT,2026-08-15,estimate,revEstGrowth,FQ2026-12-31,0.1559
SPOT,2026-08-15,estimate,revEstAvg,FY2026-12-31,19536418130.0
SPOT,2026-08-15,estimate,revEstLow,FY2026-12-31,19362000000.0
SPOT,2026-08-15,estimate,revEstHigh,FY2026-12-31,19716000000.0
SPOT,2026-08-15,estimate,revEstAnalysts,FY2026-12-31,33.0
SPOT,2026-08-15,estimate,revEstGrowth,FY2026-12-31,0.1368
SPOT,2026-08-15,estimate,revEstAvg,FY2027-12-31,22306493630.0
SPOT,2026-08-15,estimate,revEstLow,FY2027-12-31,21362000000.0
SPOT,2026-08-15,estimate,revEstHigh,FY2027-12-31,23020000000.0
SPOT,2026-08-15,estimate,revEstAnalysts,FY2027-12-31,37.0
SPOT,2026-08-15,estimate,revEstGrowth,FY2027-12-31,0.1418
SPOT,2026-08-15,estimate,epsRevUp7,FQ2026-09-30,7.0
SPOT,2026-08-15,estimate,epsRevUp30,FQ2026-09-30,6.0
SPOT,2026-08-15,estimate,epsRevDown7,FQ2026-09-30,8.0
SPOT,2026-08-15,estimate,epsRevDown30,FQ2026-09-30,10.0
SPOT,2026-08-15,estimate,epsRevUp7,FQ2026-12-31,4.0
SPOT,2026-08-15,estimate,epsRevUp30,FQ2026-12-31,6.0
SPOT,2026-08-15,estimate,epsRevDown7,FQ2026-12-31,12.0
SPOT,2026-08-15,estimate,epsRevDown30,FQ2026-12-31,11.0
SPOT,2026-08-15,estimate,epsRevUp7,FY2026-12-31,9.0
SPOT,2026-08-15,estimate,epsRevUp30,FY2026-12-31,10.0
SPOT,2026-08-15,estimate,epsRevDown7,FY2026-12-31,14.0
SPOT,2026-08-15,estimate,epsRevDown30,FY2026-12-31,13.0
SPOT,2026-08-15,estimate,epsRevUp7,FY2027-12-31,9.0
SPOT,2026-08-15,estimate,epsRevUp30,FY2027-12-31,7.0
SPOT,2026-08-15,estimate,epsRevDown7,FY2027-12-31,9.0
SPOT,2026-08-15,estimate,epsRevDown30,FY2027-12-31,12.0
PINS,2026-08-15,estimate,epsEst,FQ2026-09-30,0.47978
PINS,2026-08-08,estimate,epsEst,FQ2026-09-30,0.44288
PINS,2026-07-16,estimate,epsEst,FQ2026-09-30,0.44271
PINS,2026-06-16,estimate,epsEst,FQ2026-09-30,0.44415
PINS,2026-05-17,estimate,epsEst,FQ2026-09-30,0.44216
PINS,2026-08-15,estimate,epsEst,FQ2026-12-31,0.82099
PINS,2026-08-08,estimate,epsEst,FQ2026-12-31,0.78617
PINS,2026-07-16,estimate,epsEst,FQ2026-12-31,0.7845
PINS,2026-06-16,estimate,epsEst,FQ2026-12-31,0.78979
PINS,2026-05-17,estimate,epsEst,FQ2026-12-31,0.78979
PINS,2026-08-15,estimate,epsEst,FY2026-12-31,2.02679
PINS,2026-08-08,estimate,epsEst,FY2026-12-31,1.90119
PINS,2026-07-16,estimate,epsEst,FY2026-12-31,1.90202
PINS,2026-06-16,estimate,epsEst,FY2026-12-31,1.90754
PINS,2026-05-17,estimate,epsEst,FY2026-12-31,1.88156
PINS,2026-08-15,estimate,epsEst,FY2027-12-31,2.39819
PINS,2026-08-08,estimate,epsEst,FY2027-12-31,2.23158
PINS,2026-07-16,estimate,epsEst,FY2027-12-31,2.23827
PINS,2026-06-16,estimate,epsEst,FY2027-12-31,2.25114
PINS,2026-05-17,estimate,epsEst,FY2027-12-31,2.25509
PINS,2026-08-15,estimate,epsEstAvg,FQ2026-09-30,0.47978
PINS,2026-08-15,estimate,epsEstLow,FQ2026-09-30,0.36
PINS,2026-08-15,estimate,epsEstHigh,FQ2026-09-30,0.53
PINS,2026-08-15,estimate,epsEstAnalysts,FQ2026-09-30,21.0
PINS,2026-08-15,estimate,epsEstGrowth,FQ2026-09-30,0.2626
PINS,2026-08-15,estimate,epsEstAvg,FQ2026-12-31,0.82099
PINS,2026-08-15,estimate,epsEstLow,FQ2026-12-31,0.48
PINS,2026-08-15,estimate,epsEstHigh,FQ2026-12-31,0.92
PINS,2026-08-15,estimate,epsEstAnalysts,FQ2026-12-31,20.0
PINS,2026-08-15,estimate,epsEstGrowth,FQ2026-12-31,0.22540002
PINS,2026-08-15,estimate,epsEstAvg,FY2026-12-31,2.02679
PINS,2026-08-15,estimate,epsEstLow,FY2026-12-31,1.86
PINS,2026-08-15,estimate,epsEstHigh,FY2026-12-31,2.37
PINS,2026-08-15,estimate,epsEstAnalysts,FY2026-12-31,25.0
PINS,2026-08-15,estimate,epsEstGrowth,FY2026-12-31,0.2667
PINS,2026-08-15,estimate,epsEstAvg,FY2027-12-31,2.39819
PINS,2026-08-15,estimate,epsEstLow,FY2027-12-31,2.04
PINS,2026-08-15,estimate,epsEstHigh,FY2027-12-31,2.81
PINS,2026-08-15,estimate,epsEstAnalysts,FY2027-12-31,25.0
PINS,2026-08-15,estimate,epsEstGrowth,FY2027-12-31,0.1832
PINS,2026-08-15,estimate,revEstAvg,FQ2026-09-30,1205155000.0
PINS,2026-08-15,estimate,revEstLow,FQ2026-09-30,1192900000.0
PINS,2026-08-15,estimate,revEstHigh,FQ2026-09-30,1224100000.0
PINS,2026-08-15,estimate,revEstAnalysts,FQ2026-09-30,30.0
PINS,2026-08-15,estimate,revEstGrowth,FQ2026-09-30,0.1486
PINS,2026-08-15,estimate,revEstAvg,FQ2026-12-31,1514945660.0
PINS,2026-08-15,estimate,revEstLow,FQ2026-12-31,1434500000.0
PINS,2026-08-15,estimate,revEstHigh,FQ2026-12-31,1550707560.0
PINS,2026-08-15,estimate,revEstAnalysts,FQ2026-12-31,30.0
PINS,2026-08-15,estimate,revEstGrowth,FQ2026-12-31,0.14829999
PINS,2026-08-15,estimate,revEstAvg,FY2026-12-31,4908624660.0
PINS,2026-08-15,estimate,revEstLow,FY2026-12-31,4831114000.0
PINS,2026-08-15,estimate,revEstHigh,FY2026-12-31,5030154000.0
PINS,2026-08-15,estimate,revEstAnalysts,FY2026-12-31,35.0
PINS,2026-08-15,estimate,revEstGrowth,FY2026-12-31,0.1627
PINS,2026-08-15,estimate,revEstAvg,FY2027-12-31,5550010330.0
PINS,2026-08-15,estimate,revEstLow,FY2027-12-31,5295300000.0
PINS,2026-08-15,estimate,revEstHigh,FY2027-12-31,5721000000.0
PINS,2026-08-15,estimate,revEstAnalysts,FY2027-12-31,36.0
PINS,2026-08-15,estimate,revEstGrowth,FY2027-12-31,0.13069999
PINS,2026-08-15,estimate,epsRevUp7,FQ2026-09-30,0.0
PINS,2026-08-15,estimate,epsRevUp30,FQ2026-09-30,0.0
PINS,2026-08-15,estimate,epsRevDown7,FQ2026-09-30,1.0
PINS,2026-08-15,estimate,epsRevDown30,FQ2026-09-30,1.0
PINS,2026-08-15,estimate,epsRevUp7,FQ2026-12-31,0.0
PINS,2026-08-15,estimate,epsRevUp30,FQ2026-12-31,0.0
PINS,2026-08-15,estimate,epsRevDown7,FQ2026-12-31,1.0
PINS,2026-08-15,estimate,epsRevDown30,FQ2026-12-31,2.0
PINS,2026-08-15,estimate,epsRevUp7,FY2026-12-31,0.0
PINS,2026-08-15,estimate,epsRevUp30,FY2026-12-31,0.0
PINS,2026-08-15,estimate,epsRevDown7,FY2026-12-31,1.0
PINS,2026-08-15,estimate,epsRevDown30,FY2026-12-31,2.0
PINS,2026-08-15,estimate,epsRevUp7,FY2027-12-31,0.0
PINS,2026-08-15,estimate,epsRevUp30,FY2027-12-31,0.0
PINS,2026-08-15,estimate,epsRevDown7,FY2027-12-31,2.0
PINS,2026-08-15,estimate,epsRevDown30,FY2027-12-31,3.0
SNAP,2026-08-15,estimate,epsEst,FQ2026-09-30,0.00395
SNAP,2026-08-08,estimate,epsEst,FQ2026-09-30,-0.00435
SNAP,2026-07-16,estimate,epsEst,FQ2026-09-30,-0.00446
SNAP,2026-06-16,estimate,epsEst,FQ2026-09-30,-0.00598
SNAP,2026-05-17,estimate,epsEst,FQ2026-09-30,-0.00832
SNAP,2026-08-15,estimate,epsEst,FQ2026-12-31,0.08864
SNAP,2026-08-08,estimate,epsEst,FQ2026-12-31,0.08205
SNAP,2026-07-16,estimate,epsEst,FQ2026-12-31,0.08382
SNAP,2026-06-16,estimate,epsEst,FQ2026-12-31,0.08406
SNAP,2026-05-17,estimate,epsEst,FQ2026-12-31,0.08137
SNAP,2026-08-15,estimate,epsEst,FY2026-12-31,-0.06551
SNAP,2026-08-08,estimate,epsEst,FY2026-12-31,-0.10464
SNAP,2026-07-16,estimate,epsEst,FY2026-12-31,-0.09926
SNAP,2026-06-16,estimate,epsEst,FY2026-12-31,-0.10253
SNAP,2026-05-17,estimate,epsEst,FY2026-12-31,-0.1049
SNAP,2026-08-15,estimate,epsEst,FY2027-12-31,0.12393
SNAP,2026-08-08,estimate,epsEst,FY2027-12-31,0.09821
SNAP,2026-07-16,estimate,epsEst,FY2027-12-31,0.10172
SNAP,2026-06-16,estimate,epsEst,FY2027-12-31,0.10468
SNAP,2026-05-17,estimate,epsEst,FY2027-12-31,0.0956
SNAP,2026-08-15,estimate,epsEstAvg,FQ2026-09-30,0.00395
SNAP,2026-08-15,estimate,epsEstLow,FQ2026-09-30,-0.02
SNAP,2026-08-15,estimate,epsEstHigh,FQ2026-09-30,0.04
SNAP,2026-08-15,estimate,epsEstAnalysts,FQ2026-09-30,32.0
SNAP,2026-08-15,estimate,epsEstGrowth,FQ2026-09-30,1.0658001
SNAP,2026-08-15,estimate,epsEstAvg,FQ2026-12-31,0.08864
SNAP,2026-08-15,estimate,epsEstLow,FQ2026-12-31,0.04
SNAP,2026-08-15,estimate,epsEstHigh,FQ2026-12-31,0.22
SNAP,2026-08-15,estimate,epsEstAnalysts,FQ2026-12-31,32.0
SNAP,2026-08-15,estimate,epsEstGrowth,FQ2026-12-31,1.9547
SNAP,2026-08-15,estimate,epsEstAvg,FY2026-12-31,-0.06551
SNAP,2026-08-15,estimate,epsEstLow,FY2026-12-31,-0.24
SNAP,2026-08-15,estimate,epsEstHigh,FY2026-12-31,0.11
SNAP,2026-08-15,estimate,epsEstAnalysts,FY2026-12-31,37.0
SNAP,2026-08-15,estimate,epsEstGrowth,FY2026-12-31,0.7574
SNAP,2026-08-15,estimate,epsEstAvg,FY2027-12-31,0.12393
SNAP,2026-08-15,estimate,epsEstLow,FY2027-12-31,-0.15
SNAP,2026-08-15,estimate,epsEstHigh,FY2027-12-31,0.38
SNAP,2026-08-15,estimate,epsEstAnalysts,FY2027-12-31,38.0
SNAP,2026-08-15,estimate,epsEstGrowth,FY2027-12-31,2.8918
SNAP,2026-08-15,estimate,revEstAvg,FQ2026-09-30,1729019880.0
SNAP,2026-08-15,estimate,revEstLow,FQ2026-09-30,1719000000.0
SNAP,2026-08-15,estimate,revEstHigh,FQ2026-09-30,1744400000.0
SNAP,2026-08-15,estimate,revEstAnalysts,FQ2026-09-30,34.0
SNAP,2026-08-15,estimate,revEstGrowth,FQ2026-09-30,0.14739999
SNAP,2026-08-15,estimate,revEstAvg,FQ2026-12-31,1942784590.0
SNAP,2026-08-15,estimate,revEstLow,FQ2026-12-31,1731000000.0
SNAP,2026-08-15,estimate,revEstHigh,FQ2026-12-31,2015300000.0
SNAP,2026-08-15,estimate,revEstAnalysts,FQ2026-12-31,34.0
SNAP,2026-08-15,estimate,revEstGrowth,FQ2026-12-31,0.1319
SNAP,2026-08-15,estimate,revEstAvg,FY2026-12-31,6678965160.0
SNAP,2026-08-15,estimate,revEstLow,FY2026-12-31,1952000000.0
SNAP,2026-08-15,estimate,revEstHigh,FY2026-12-31,6887500000.0
SNAP,2026-08-15,estimate,revEstAnalysts,FY2026-12-31,38.0
SNAP,2026-08-15,estimate,revEstGrowth,FY2026-12-31,0.126
SNAP,2026-08-15,estimate,revEstAvg,FY2027-12-31,7509273080.0
SNAP,2026-08-15,estimate,revEstLow,FY2027-12-31,7226000000.0
SNAP,2026-08-15,estimate,revEstHigh,FY2027-12-31,7744700000.0
SNAP,2026-08-15,estimate,revEstAnalysts,FY2027-12-31,39.0
SNAP,2026-08-15,estimate,revEstGrowth,FY2027-12-31,0.1243
SNAP,2026-08-15,estimate,epsRevUp7,FQ2026-09-30,2.0
SNAP,2026-08-15,estimate,epsRevUp30,FQ2026-09-30,3.0
SNAP,2026-08-15,estimate,epsRevDown7,FQ2026-09-30,0.0
SNAP,2026-08-15,estimate,epsRevDown30,FQ2026-09-30,0.0
SNAP,2026-08-15,estimate,epsRevUp7,FQ2026-12-31,1.0
SNAP,2026-08-15,estimate,epsRevUp30,FQ2026-12-31,1.0
SNAP,2026-08-15,estimate,epsRevDown7,FQ2026-12-31,1.0
SNAP,2026-08-15,estimate,epsRevDown30,FQ2026-12-31,2.0
SNAP,2026-08-15,estimate,epsRevUp7,FY2026-12-31,1.0
SNAP,2026-08-15,estimate,epsRevUp30,FY2026-12-31,3.0
SNAP,2026-08-15,estimate,epsRevDown7,FY2026-12-31,3.0
SNAP,2026-08-15,estimate,epsRevDown30,FY2026-12-31,3.0
SNAP,2026-08-15,estimate,epsRevUp7,FY2027-12-31,2.0
SNAP,2026-08-15,estimate,epsRevUp30,FY2027-12-31,2.0
SNAP,2026-08-15,estimate,epsRevDown7,FY2027-12-31,3.0
SNAP,2026-08-15,estimate,epsRevDown30,FY2027-12-31,5.0
TTD,2026-08-15,estimate,epsEst,FQ2026-09-30,0.2692
TTD,2026-08-08,estimate,epsEst,FQ2026-09-30,0.49793
TTD,2026-07-16,estimate,epsEst,FQ2026-09-30,0.49793
TTD,2026-06-16,estimate,epsEst,FQ2026-09-30,0.49699
TTD,2026-05-17,estimate,epsEst,FQ2026-09-30,0.49737
TTD,2026-08-15,estimate,epsEst,FQ2026-12-31,0.28785
TTD,2026-08-08,estimate,epsEst,FQ2026-12-31,0.67198
TTD,2026-07-16,estimate,epsEst,FQ2026-12-31,0.67198
TTD,2026-06-16,estimate,epsEst,FQ2026-12-31,0.67187
TTD,2026-05-17,estimate,epsEst,FQ2026-12-31,0.67031
TTD,2026-08-15,estimate,epsEst,FY2026-12-31,1.16099
TTD,2026-08-08,estimate,epsEst,FY2026-12-31,1.84276
TTD,2026-07-16,estimate,epsEst,FY2026-12-31,1.84274
TTD,2026-06-16,estimate,epsEst,FY2026-12-31,1.84125
TTD,2026-05-17,estimate,epsEst,FY2026-12-31,1.85381
TTD,2026-08-15,estimate,epsEst,FY2027-12-31,0.99533
TTD,2026-08-08,estimate,epsEst,FY2027-12-31,2.14784
TTD,2026-07-16,estimate,epsEst,FY2027-12-31,2.14793
TTD,2026-06-16,estimate,epsEst,FY2027-12-31,2.14939
TTD,2026-05-17,estimate,epsEst,FY2027-12-31,2.18444
TTD,2026-08-15,estimate,epsEstAvg,FQ2026-09-30,0.2692
TTD,2026-08-15,estimate,epsEstLow,FQ2026-09-30,0.21
TTD,2026-08-15,estimate,epsEstHigh,FQ2026-09-30,0.55
TTD,2026-08-15,estimate,epsEstAnalysts,FQ2026-09-30,18.0
TTD,2026-08-15,estimate,epsEstGrowth,FQ2026-09-30,-0.4018
TTD,2026-08-15,estimate,epsEstAvg,FQ2026-12-31,0.28785
TTD,2026-08-15,estimate,epsEstLow,FQ2026-12-31,0.21
TTD,2026-08-15,estimate,epsEstHigh,FQ2026-12-31,0.41
TTD,2026-08-15,estimate,epsEstAnalysts,FQ2026-12-31,17.0
TTD,2026-08-15,estimate,epsEstGrowth,FQ2026-12-31,-0.5121
TTD,2026-08-15,estimate,epsEstAvg,FY2026-12-31,1.16099
TTD,2026-08-15,estimate,epsEstLow,FY2026-12-31,1.04
TTD,2026-08-15,estimate,epsEstHigh,FY2026-12-31,1.31176
TTD,2026-08-15,estimate,epsEstAnalysts,FY2026-12-31,20.0
TTD,2026-08-15,estimate,epsEstGrowth,FY2026-12-31,-0.3441
TTD,2026-08-15,estimate,epsEstAvg,FY2027-12-31,0.99533
TTD,2026-08-15,estimate,epsEstLow,FY2027-12-31,0.55
TTD,2026-08-15,estimate,epsEstHigh,FY2027-12-31,1.46
TTD,2026-08-15,estimate,epsEstAnalysts,FY2027-12-31,20.0
TTD,2026-08-15,estimate,epsEstGrowth,FY2027-12-31,-0.1427
TTD,2026-08-15,estimate,revEstAvg,FQ2026-09-30,666073410.0
TTD,2026-08-15,estimate,revEstLow,FQ2026-09-30,645197000.0
TTD,2026-08-15,estimate,revEstHigh,FQ2026-09-30,818592000.0
TTD,2026-08-15,estimate,revEstAnalysts,FQ2026-09-30,31.0
TTD,2026-08-15,estimate,revEstGrowth,FQ2026-09-30,-0.0992
TTD,2026-08-15,estimate,revEstAvg,FQ2026-12-31,699748040.0
TTD,2026-08-15,estimate,revEstLow,FQ2026-12-31,659842000.0
TTD,2026-08-15,estimate,revEstHigh,FQ2026-12-31,946740000.0
TTD,2026-08-15,estimate,revEstAnalysts,FQ2026-12-31,30.0
TTD,2026-08-15,estimate,revEstGrowth,FQ2026-12-31,-0.1736
TTD,2026-08-15,estimate,revEstAvg,FY2026-12-31,2777128200.0
TTD,2026-08-15,estimate,revEstLow,FY2026-12-31,2708954000.0
TTD,2026-08-15,estimate,revEstHigh,FY2026-12-31,3196000000.0
TTD,2026-08-15,estimate,revEstAnalysts,FY2026-12-31,35.0
TTD,2026-08-15,estimate,revEstGrowth,FY2026-12-31,-0.041100003
TTD,2026-08-15,estimate,revEstAvg,FY2027-12-31,2677264620.0
TTD,2026-08-15,estimate,revEstLow,FY2027-12-31,2461841000.0
TTD,2026-08-15,estimate,revEstHigh,FY2027-12-31,3421470000.0
TTD,2026-08-15,estimate,revEstAnalysts,FY2027-12-31,36.0
TTD,2026-08-15,estimate,revEstGrowth,FY2027-12-31,-0.036
TTD,2026-08-15,estimate,epsRevUp7,FQ2026-09-30,1.0
TTD,2026-08-15,estimate,epsRevUp30,FQ2026-09-30,1.0
TTD,2026-08-15,estimate,epsRevDown7,FQ2026-09-30,17.0
TTD,2026-08-15,estimate,epsRevDown30,FQ2026-09-30,16.0
TTD,2026-08-15,estimate,epsRevUp7,FQ2026-12-31,2.0
TTD,2026-08-15,estimate,epsRevUp30,FQ2026-12-31,2.0
TTD,2026-08-15,estimate,epsRevDown7,FQ2026-12-31,13.0
TTD,2026-08-15,estimate,epsRevDown30,FQ2026-12-31,13.0
TTD,2026-08-15,estimate,epsRevUp7,FY2026-12-31,2.0
TTD,2026-08-15,estimate,epsRevUp30,FY2026-12-31,2.0
TTD,2026-08-15,estimate,epsRevDown7,FY2026-12-31,19.0
TTD,2026-08-15,estimate,epsRevDown30,FY2026-12-31,19.0
TTD,2026-08-15,estimate,epsRevUp7,FY2027-12-31,2.0
TTD,2026-08-15,estimate,epsRevUp30,FY2027-12-31,1.0
TTD,2026-08-15,estimate,epsRevDown7,FY2027-12-31,19.0
TTD,2026-08-15,estimate,epsRevDown30,FY2027-12-31,20.0
RDDT,2026-08-15,estimate,epsEst,FQ2026-09-30,1.31513
RDDT,2026-08-08,estimate,epsEst,FQ2026-09-30,1.26019
RDDT,2026-07-16,estimate,epsEst,FQ2026-09-30,1.25485
RDDT,2026-06-16,estimate,epsEst,FQ2026-09-30,1.26102
RDDT,2026-05-17,estimate,epsEst,FQ2026-09-30,1.26007
RDDT,2026-08-15,estimate,epsEst,FQ2026-12-31,1.81158
RDDT,2026-08-08,estimate,epsEst,FQ2026-12-31,1.74053
RDDT,2026-07-16,estimate,epsEst,FQ2026-12-31,1.73392
RDDT,2026-06-16,estimate,epsEst,FQ2026-12-31,1.7377
RDDT,2026-05-17,estimate,epsEst,FQ2026-12-31,1.7367
RDDT,2026-08-15,estimate,epsEst,FY2026-12-31,5.34506
RDDT,2026-08-08,estimate,epsEst,FY2026-12-31,5.35449
RDDT,2026-07-16,estimate,epsEst,FY2026-12-31,4.97925
RDDT,2026-06-16,estimate,epsEst,FY2026-12-31,4.96579
RDDT,2026-05-17,estimate,epsEst,FY2026-12-31,4.91989
RDDT,2026-08-15,estimate,epsEst,FY2027-12-31,6.98067
RDDT,2026-08-08,estimate,epsEst,FY2027-12-31,6.92409
RDDT,2026-07-16,estimate,epsEst,FY2027-12-31,6.48832
RDDT,2026-06-16,estimate,epsEst,FY2027-12-31,6.46225
RDDT,2026-05-17,estimate,epsEst,FY2027-12-31,6.38911
RDDT,2026-08-15,estimate,epsEstAvg,FQ2026-09-30,1.31513
RDDT,2026-08-15,estimate,epsEstLow,FQ2026-09-30,1.15
RDDT,2026-08-15,estimate,epsEstHigh,FQ2026-09-30,1.62
RDDT,2026-08-15,estimate,epsEstAnalysts,FQ2026-09-30,23.0
RDDT,2026-08-15,estimate,epsEstGrowth,FQ2026-09-30,0.6439
RDDT,2026-08-15,estimate,epsEstAvg,FQ2026-12-31,1.81158
RDDT,2026-08-15,estimate,epsEstLow,FQ2026-12-31,1.38
RDDT,2026-08-15,estimate,epsEstHigh,FQ2026-12-31,2.05
RDDT,2026-08-15,estimate,epsEstAnalysts,FQ2026-12-31,23.0
RDDT,2026-08-15,estimate,epsEstGrowth,FQ2026-12-31,0.461
RDDT,2026-08-15,estimate,epsEstAvg,FY2026-12-31,5.34506
RDDT,2026-08-15,estimate,epsEstLow,FY2026-12-31,4.76
RDDT,2026-08-15,estimate,epsEstHigh,FY2026-12-31,5.98
RDDT,2026-08-15,estimate,epsEstAnalysts,FY2026-12-31,27.0
RDDT,2026-08-15,estimate,epsEstGrowth,FY2026-12-31,1.0401
RDDT,2026-08-15,estimate,epsEstAvg,FY2027-12-31,6.98067
RDDT,2026-08-15,estimate,epsEstLow,FY2027-12-31,4.35
RDDT,2026-08-15,estimate,epsEstHigh,FY2027-12-31,8.59
RDDT,2026-08-15,estimate,epsEstAnalysts,FY2027-12-31,28.0
RDDT,2026-08-15,estimate,epsEstGrowth,FY2027-12-31,0.306
RDDT,2026-08-15,estimate,revEstAvg,FQ2026-09-30,873015450.0
RDDT,2026-08-15,estimate,revEstLow,FQ2026-09-30,858000000.0
RDDT,2026-08-15,estimate,revEstHigh,FQ2026-09-30,924000000.0
RDDT,2026-08-15,estimate,revEstAnalysts,FQ2026-09-30,26.0
RDDT,2026-08-15,estimate,revEstGrowth,FQ2026-09-30,0.4926
RDDT,2026-08-15,estimate,revEstAvg,FQ2026-12-31,1038507390.0
RDDT,2026-08-15,estimate,revEstLow,FQ2026-12-31,947000000.0
RDDT,2026-08-15,estimate,revEstHigh,FQ2026-12-31,1129000000.0
RDDT,2026-08-15,estimate,revEstAnalysts,FQ2026-12-31,26.0
RDDT,2026-08-15,estimate,revEstGrowth,FQ2026-12-31,0.4312
RDDT,2026-08-15,estimate,revEstAvg,FY2026-12-31,3376259080.0
RDDT,2026-08-15,estimate,revEstLow,FY2026-12-31,3273000000.0
RDDT,2026-08-15,estimate,revEstHigh,FY2026-12-31,3520807190.0
RDDT,2026-08-15,estimate,revEstAnalysts,FY2026-12-31,27.0
RDDT,2026-08-15,estimate,revEstGrowth,FY2026-12-31,0.53290004
RDDT,2026-08-15,estimate,revEstAvg,FY2027-12-31,4429690870.0
RDDT,2026-08-15,estimate,revEstLow,FY2027-12-31,3881000000.0
RDDT,2026-08-15,estimate,revEstHigh,FY2027-12-31,4866000000.0
RDDT,2026-08-15,estimate,revEstAnalysts,FY2027-12-31,32.0
RDDT,2026-08-15,estimate,revEstGrowth,FY2027-12-31,0.312
RDDT,2026-08-15,estimate,epsRevUp7,FQ2026-09-30,1.0
RDDT,2026-08-15,estimate,epsRevUp30,FQ2026-09-30,3.0
RDDT,2026-08-15,estimate,epsRevDown7,FQ2026-09-30,0.0
RDDT,2026-08-15,estimate,epsRevDown30,FQ2026-09-30,0.0
RDDT,2026-08-15,estimate,epsRevUp7,FQ2026-12-31,1.0
RDDT,2026-08-15,estimate,epsRevUp30,FQ2026-12-31,2.0
RDDT,2026-08-15,estimate,epsRevDown7,FQ2026-12-31,0.0
RDDT,2026-08-15,estimate,epsRevDown30,FQ2026-12-31,0.0
RDDT,2026-08-15,estimate,epsRevUp7,FY2026-12-31,1.0
RDDT,2026-08-15,estimate,epsRevUp30,FY2026-12-31,3.0
RDDT,2026-08-15,estimate,epsRevDown7,FY2026-12-31,0.0
RDDT,2026-08-15,estimate,epsRevDown30,FY2026-12-31,0.0
RDDT,2026-08-15,estimate,epsRevUp7,FY2027-12-31,0.0
RDDT,2026-08-15,estimate,epsRevUp30,FY2027-12-31,2.0
RDDT,2026-08-15,estimate,epsRevDown7,FY2027-12-31,1.0
RDDT,2026-08-15,estimate,epsRevDown30,FY2027-12-31,1.0
NFLX,2026-08-15,estimate,epsEst,FQ2026-09-30,0.82233
NFLX,2026-08-08,estimate,epsEst,FQ2026-09-30,0.82119
NFLX,2026-07-16,estimate,epsEst,FQ2026-09-30,0.84195
NFLX,2026-06-16,estimate,epsEst,FQ2026-09-30,0.84225
NFLX,2026-05-17,estimate,epsEst,FQ2026-09-30,0.84225
NFLX,2026-08-15,estimate,epsEst,FQ2026-12-31,0.72953
NFLX,2026-08-08,estimate,epsEst,FQ2026-12-31,0.72921
NFLX,2026-07-16,estimate,epsEst,FQ2026-12-31,0.73768
NFLX,2026-06-16,estimate,epsEst,FQ2026-12-31,0.73705
NFLX,2026-05-17,estimate,epsEst,FQ2026-12-31,0.73705
NFLX,2026-08-15,estimate,epsEst,FY2026-12-31,3.58322
NFLX,2026-08-08,estimate,epsEst,FY2026-12-31,3.58135
NFLX,2026-07-16,estimate,epsEst,FY2026-12-31,3.59028
NFLX,2026-06-16,estimate,epsEst,FY2026-12-31,3.59207
NFLX,2026-05-17,estimate,epsEst,FY2026-12-31,3.59232
NFLX,2026-08-15,estimate,epsEst,FY2027-12-31,3.81213
NFLX,2026-08-08,estimate,epsEst,FY2027-12-31,3.81326
NFLX,2026-07-16,estimate,epsEst,FY2027-12-31,3.83084
NFLX,2026-06-16,estimate,epsEst,FY2027-12-31,3.82672
NFLX,2026-05-17,estimate,epsEst,FY2027-12-31,3.82763
NFLX,2026-08-15,estimate,epsEstAvg,FQ2026-09-30,0.82233
NFLX,2026-08-15,estimate,epsEstLow,FQ2026-09-30,0.79
NFLX,2026-08-15,estimate,epsEstHigh,FQ2026-09-30,0.87
NFLX,2026-08-15,estimate,epsEstAnalysts,FQ2026-09-30,34.0
NFLX,2026-08-15,estimate,epsEstGrowth,FQ2026-09-30,0.4009
NFLX,2026-08-15,estimate,epsEstAvg,FQ2026-12-31,0.72953
NFLX,2026-08-15,estimate,epsEstLow,FQ2026-12-31,0.67
NFLX,2026-08-15,estimate,epsEstHigh,FQ2026-12-31,0.82
NFLX,2026-08-15,estimate,epsEstAnalysts,FQ2026-12-31,32.0
NFLX,2026-08-15,estimate,epsEstGrowth,FQ2026-12-31,0.3027
NFLX,2026-08-15,estimate,epsEstAvg,FY2026-12-31,3.58322
NFLX,2026-08-15,estimate,epsEstLow,FY2026-12-31,3.51
NFLX,2026-08-15,estimate,epsEstHigh,FY2026-12-31,3.69
NFLX,2026-08-15,estimate,epsEstAnalysts,FY2026-12-31,40.0
NFLX,2026-08-15,estimate,epsEstGrowth,FY2026-12-31,0.4163
NFLX,2026-08-15,estimate,epsEstAvg,FY2027-12-31,3.81213
NFLX,2026-08-15,estimate,epsEstLow,FY2027-12-31,3.48
NFLX,2026-08-15,estimate,epsEstHigh,FY2027-12-31,4.09
NFLX,2026-08-15,estimate,epsEstAnalysts,FY2027-12-31,45.0
NFLX,2026-08-15,estimate,epsEstGrowth,FY2027-12-31,0.0639
NFLX,2026-08-15,estimate,revEstAvg,FQ2026-09-30,12880047060.0
NFLX,2026-08-15,estimate,revEstLow,FQ2026-09-30,12804000000.0
NFLX,2026-08-15,estimate,revEstHigh,FQ2026-09-30,13030000000.0
NFLX,2026-08-15,estimate,revEstAnalysts,FQ2026-09-30,38.0
NFLX,2026-08-15,estimate,revEstGrowth,FQ2026-09-30,0.118999995
NFLX,2026-08-15,estimate,revEstAvg,FQ2026-12-31,13533335420.0
NFLX,2026-08-15,estimate,revEstLow,FQ2026-12-31,13297000000.0
NFLX,2026-08-15,estimate,revEstHigh,FQ2026-12-31,13722000000.0
NFLX,2026-08-15,estimate,revEstAnalysts,FQ2026-12-31,37.0
NFLX,2026-08-15,estimate,revEstGrowth,FQ2026-12-31,0.123
NFLX,2026-08-15,estimate,revEstAvg,FY2026-12-31,51219495630.0
NFLX,2026-08-15,estimate,revEstLow,FY2026-12-31,50954000000.0
NFLX,2026-08-15,estimate,revEstHigh,FY2026-12-31,51513430150.0
NFLX,2026-08-15,estimate,revEstAnalysts,FY2026-12-31,46.0
NFLX,2026-08-15,estimate,revEstGrowth,FY2026-12-31,0.1336
NFLX,2026-08-15,estimate,revEstAvg,FY2027-12-31,57004492440.0
NFLX,2026-08-15,estimate,revEstLow,FY2027-12-31,55889000000.0
NFLX,2026-08-15,estimate,revEstHigh,FY2027-12-31,58333158000.0
NFLX,2026-08-15,estimate,revEstAnalysts,FY2027-12-31,45.0
NFLX,2026-08-15,estimate,revEstGrowth,FY2027-12-31,0.1129
NFLX,2026-08-15,estimate,epsRevUp7,FQ2026-09-30,2.0
NFLX,2026-08-15,estimate,epsRevUp30,FQ2026-09-30,8.0
NFLX,2026-08-15,estimate,epsRevDown7,FQ2026-09-30,2.0
NFLX,2026-08-15,estimate,epsRevDown30,FQ2026-09-30,20.0
NFLX,2026-08-15,estimate,epsRevUp7,FQ2026-12-31,1.0
NFLX,2026-08-15,estimate,epsRevUp30,FQ2026-12-31,9.0
NFLX,2026-08-15,estimate,epsRevDown7,FQ2026-12-31,1.0
NFLX,2026-08-15,estimate,epsRevDown30,FQ2026-12-31,17.0
NFLX,2026-08-15,estimate,epsRevUp7,FY2026-12-31,3.0
NFLX,2026-08-15,estimate,epsRevUp30,FY2026-12-31,12.0
NFLX,2026-08-15,estimate,epsRevDown7,FY2026-12-31,1.0
NFLX,2026-08-15,estimate,epsRevDown30,FY2026-12-31,23.0
NFLX,2026-08-15,estimate,epsRevUp7,FY2027-12-31,4.0
NFLX,2026-08-15,estimate,epsRevUp30,FY2027-12-31,13.0
NFLX,2026-08-15,estimate,epsRevDown7,FY2027-12-31,4.0
NFLX,2026-08-15,estimate,epsRevDown30,FY2027-12-31,24.0
DIS,2026-08-15,estimate,epsEst,FQ2026-09-30,1.66638
DIS,2026-08-08,estimate,epsEst,FQ2026-09-30,1.76513
DIS,2026-07-16,estimate,epsEst,FQ2026-09-30,1.78027
DIS,2026-06-16,estimate,epsEst,FQ2026-09-30,1.77077
DIS,2026-05-17,estimate,epsEst,FQ2026-09-30,1.73813
DIS,2026-08-15,estimate,epsEst,FQ2026-12-31,1.87162
DIS,2026-08-08,estimate,epsEst,FQ2026-12-31,1.91972
DIS,2026-07-16,estimate,epsEst,FQ2026-12-31,1.92859
DIS,2026-06-16,estimate,epsEst,FQ2026-12-31,1.94414
DIS,2026-05-17,estimate,epsEst,FQ2026-12-31,1.96247
DIS,2026-08-15,estimate,epsEst,FY2026-09-30,6.86993
DIS,2026-08-08,estimate,epsEst,FY2026-09-30,6.80726
DIS,2026-07-16,estimate,epsEst,FY2026-09-30,6.8236
DIS,2026-06-16,estimate,epsEst,FY2026-09-30,6.8254
DIS,2026-05-17,estimate,epsEst,FY2026-09-30,6.79824
DIS,2026-08-15,estimate,epsEst,FY2027-09-30,7.43593
DIS,2026-08-08,estimate,epsEst,FY2027-09-30,7.45755
DIS,2026-07-16,estimate,epsEst,FY2027-09-30,7.48462
DIS,2026-06-16,estimate,epsEst,FY2027-09-30,7.49104
DIS,2026-05-17,estimate,epsEst,FY2027-09-30,7.46916
DIS,2026-08-15,estimate,epsEstAvg,FQ2026-09-30,1.66638
DIS,2026-08-15,estimate,epsEstLow,FQ2026-09-30,1.42169
DIS,2026-08-15,estimate,epsEstHigh,FQ2026-09-30,1.89
DIS,2026-08-15,estimate,epsEstAnalysts,FQ2026-09-30,22.0
DIS,2026-08-15,estimate,epsEstGrowth,FQ2026-09-30,0.50119996
DIS,2026-08-15,estimate,epsEstAvg,FQ2026-12-31,1.87162
DIS,2026-08-15,estimate,epsEstLow,FQ2026-12-31,1.71
DIS,2026-08-15,estimate,epsEstHigh,FQ2026-12-31,2.18
DIS,2026-08-15,estimate,epsEstAnalysts,FQ2026-12-31,9.0
DIS,2026-08-15,estimate,epsEstGrowth,FQ2026-12-31,0.14819999
DIS,2026-08-15,estimate,epsEstAvg,FY2026-09-30,6.86993
DIS,2026-08-15,estimate,epsEstLow,FY2026-09-30,6.6
DIS,2026-08-15,estimate,epsEstHigh,FY2026-09-30,7.11
DIS,2026-08-15,estimate,epsEstAnalysts,FY2026-09-30,29.0
DIS,2026-08-15,estimate,epsEstGrowth,FY2026-09-30,0.1585
DIS,2026-08-15,estimate,epsEstAvg,FY2027-09-30,7.43593
DIS,2026-08-15,estimate,epsEstLow,FY2027-09-30,6.99
DIS,2026-08-15,estimate,epsEstHigh,FY2027-09-30,7.63
DIS,2026-08-15,estimate,epsEstAnalysts,FY2027-09-30,29.0
DIS,2026-08-15,estimate,epsEstGrowth,FY2027-09-30,0.082399994
DIS,2026-08-15,estimate,revEstAvg,FQ2026-09-30,25080347520.0
DIS,2026-08-15,estimate,revEstLow,FQ2026-09-30,23957000000.0
DIS,2026-08-15,estimate,revEstHigh,FQ2026-09-30,26339356410.0
DIS,2026-08-15,estimate,revEstAnalysts,FQ2026-09-30,22.0
DIS,2026-08-15,estimate,revEstGrowth,FQ2026-09-30,0.1165
DIS,2026-08-15,estimate,revEstAvg,FQ2026-12-31,27492901370.0
DIS,2026-08-15,estimate,revEstLow,FQ2026-12-31,27163900000.0
DIS,2026-08-15,estimate,revEstHigh,FQ2026-12-31,28035000000.0
DIS,2026-08-15,estimate,revEstAnalysts,FQ2026-12-31,8.0
DIS,2026-08-15,estimate,revEstGrowth,FQ2026-12-31,0.0582
DIS,2026-08-15,estimate,revEstAvg,FY2026-09-30,101433662200.0
DIS,2026-08-15,estimate,revEstLow,FY2026-09-30,100136000000.0
DIS,2026-08-15,estimate,revEstHigh,FY2026-09-30,102736356410.0
DIS,2026-08-15,estimate,revEstAnalysts,FY2026-09-30,29.0
DIS,2026-08-15,estimate,revEstGrowth,FY2026-09-30,0.074200004
DIS,2026-08-15,estimate,revEstAvg,FY2027-09-30,105970814430.0
DIS,2026-08-15,estimate,revEstLow,FY2027-09-30,102955000000.0
DIS,2026-08-15,estimate,revEstHigh,FY2027-09-30,109012000000.0
DIS,2026-08-15,estimate,revEstAnalysts,FY2027-09-30,30.0
DIS,2026-08-15,estimate,revEstGrowth,FY2027-09-30,0.044699997
DIS,2026-08-15,estimate,epsRevUp7,FQ2026-09-30,1.0
DIS,2026-08-15,estimate,epsRevUp30,FQ2026-09-30,3.0
DIS,2026-08-15,estimate,epsRevDown7,FQ2026-09-30,3.0
DIS,2026-08-15,estimate,epsRevDown30,FQ2026-09-30,6.0
DIS,2026-08-15,estimate,epsRevUp7,FQ2026-12-31,0.0
DIS,2026-08-15,estimate,epsRevUp30,FQ2026-12-31,2.0
DIS,2026-08-15,estimate,epsRevDown7,FQ2026-12-31,1.0
DIS,2026-08-15,estimate,epsRevDown30,FQ2026-12-31,5.0
DIS,2026-08-15,estimate,epsRevUp7,FY2026-09-30,1.0
DIS,2026-08-15,estimate,epsRevUp30,FY2026-09-30,1.0
DIS,2026-08-15,estimate,epsRevDown7,FY2026-09-30,3.0
DIS,2026-08-15,estimate,epsRevDown30,FY2026-09-30,7.0
DIS,2026-08-15,estimate,epsRevUp7,FY2027-09-30,1.0
DIS,2026-08-15,estimate,epsRevUp30,FY2027-09-30,2.0
DIS,2026-08-15,estimate,epsRevDown7,FY2027-09-30,3.0
DIS,2026-08-15,estimate,epsRevDown30,FY2027-09-30,8.0
CMCSA,2026-08-15,estimate,epsEst,FQ2026-09-30,1.00292
CMCSA,2026-08-08,estimate,epsEst,FQ2026-09-30,0.99938
CMCSA,2026-07-16,estimate,epsEst,FQ2026-09-30,1.02577
CMCSA,2026-06-16,estimate,epsEst,FQ2026-09-30,1.03662
CMCSA,2026-05-17,estimate,epsEst,FQ2026-09-30,1.03925
CMCSA,2026-08-15,estimate,epsEst,FQ2026-12-31,0.70004
CMCSA,2026-08-08,estimate,epsEst,FQ2026-12-31,0.71388
CMCSA,2026-07-16,estimate,epsEst,FQ2026-12-31,0.72423
CMCSA,2026-06-16,estimate,epsEst,FQ2026-12-31,0.73573
CMCSA,2026-05-17,estimate,epsEst,FQ2026-12-31,0.73573
CMCSA,2026-08-15,estimate,epsEst,FY2026-12-31,3.51572
CMCSA,2026-08-08,estimate,epsEst,FY2026-12-31,3.5092
CMCSA,2026-07-16,estimate,epsEst,FY2026-12-31,3.49682
CMCSA,2026-06-16,estimate,epsEst,FY2026-12-31,3.51085
CMCSA,2026-05-17,estimate,epsEst,FY2026-12-31,3.53172
CMCSA,2026-08-15,estimate,epsEst,FY2027-12-31,3.62223
CMCSA,2026-08-08,estimate,epsEst,FY2027-12-31,3.62223
CMCSA,2026-07-16,estimate,epsEst,FY2027-12-31,3.73794
CMCSA,2026-06-16,estimate,epsEst,FY2027-12-31,3.77892
CMCSA,2026-05-17,estimate,epsEst,FY2027-12-31,3.80701
CMCSA,2026-08-15,estimate,epsEstAvg,FQ2026-09-30,1.00292
CMCSA,2026-08-15,estimate,epsEstLow,FQ2026-09-30,0.91
CMCSA,2026-08-15,estimate,epsEstHigh,FQ2026-09-30,1.1
CMCSA,2026-08-15,estimate,epsEstAnalysts,FQ2026-09-30,19.0
CMCSA,2026-08-15,estimate,epsEstGrowth,FQ2026-09-30,-0.104499996
CMCSA,2026-08-15,estimate,epsEstAvg,FQ2026-12-31,0.70004
CMCSA,2026-08-15,estimate,epsEstLow,FQ2026-12-31,0.6
CMCSA,2026-08-15,estimate,epsEstHigh,FQ2026-12-31,0.82805
CMCSA,2026-08-15,estimate,epsEstAnalysts,FQ2026-12-31,18.0
CMCSA,2026-08-15,estimate,epsEstGrowth,FQ2026-12-31,-0.1666
CMCSA,2026-08-15,estimate,epsEstAvg,FY2026-12-31,3.51572
CMCSA,2026-08-15,estimate,epsEstLow,FY2026-12-31,3.29301
CMCSA,2026-08-15,estimate,epsEstHigh,FY2026-12-31,3.7
CMCSA,2026-08-15,estimate,epsEstAnalysts,FY2026-12-31,23.0
CMCSA,2026-08-15,estimate,epsEstGrowth,FY2026-12-31,-0.1843
CMCSA,2026-08-15,estimate,epsEstAvg,FY2027-12-31,3.62223
CMCSA,2026-08-15,estimate,epsEstLow,FY2027-12-31,3.19
CMCSA,2026-08-15,estimate,epsEstHigh,FY2027-12-31,4.23
CMCSA,2026-08-15,estimate,epsEstAnalysts,FY2027-12-31,20.0
CMCSA,2026-08-15,estimate,epsEstGrowth,FY2027-12-31,0.030299999
CMCSA,2026-08-15,estimate,revEstAvg,FQ2026-09-30,29491816040.0
CMCSA,2026-08-15,estimate,revEstLow,FQ2026-09-30,28785000000.0
CMCSA,2026-08-15,estimate,revEstHigh,FQ2026-09-30,30301000000.0
CMCSA,2026-08-15,estimate,revEstAnalysts,FQ2026-09-30,21.0
CMCSA,2026-08-15,estimate,revEstGrowth,FQ2026-09-30,-0.0547
CMCSA,2026-08-15,estimate,revEstAvg,FQ2026-12-31,30464864890.0
CMCSA,2026-08-15,estimate,revEstLow,FQ2026-12-31,29926109690.0
CMCSA,2026-08-15,estimate,revEstHigh,FQ2026-12-31,31404000000.0
CMCSA,2026-08-15,estimate,revEstAnalysts,FQ2026-12-31,20.0
CMCSA,2026-08-15,estimate,revEstGrowth,FQ2026-12-31,-0.0571
CMCSA,2026-08-15,estimate,revEstAvg,FY2026-12-31,120638805390.0
CMCSA,2026-08-15,estimate,revEstLow,FY2026-12-31,119430000000.0
CMCSA,2026-08-15,estimate,revEstHigh,FY2026-12-31,122135000000.0
CMCSA,2026-08-15,estimate,revEstAnalysts,FY2026-12-31,24.0
CMCSA,2026-08-15,estimate,revEstGrowth,FY2026-12-31,-0.0248
CMCSA,2026-08-15,estimate,revEstAvg,FY2027-12-31,118442938110.0
CMCSA,2026-08-15,estimate,revEstLow,FY2027-12-31,115911000000.0
CMCSA,2026-08-15,estimate,revEstHigh,FY2027-12-31,121510000000.0
CMCSA,2026-08-15,estimate,revEstAnalysts,FY2027-12-31,22.0
CMCSA,2026-08-15,estimate,revEstGrowth,FY2027-12-31,-0.0182
CMCSA,2026-08-15,estimate,epsRevUp7,FQ2026-09-30,3.0
CMCSA,2026-08-15,estimate,epsRevUp30,FQ2026-09-30,3.0
CMCSA,2026-08-15,estimate,epsRevDown7,FQ2026-09-30,9.0
CMCSA,2026-08-15,estimate,epsRevDown30,FQ2026-09-30,13.0
CMCSA,2026-08-15,estimate,epsRevUp7,FQ2026-12-31,4.0
CMCSA,2026-08-15,estimate,epsRevUp30,FQ2026-12-31,3.0
CMCSA,2026-08-15,estimate,epsRevDown7,FQ2026-12-31,7.0
CMCSA,2026-08-15,estimate,epsRevDown30,FQ2026-12-31,12.0
CMCSA,2026-08-15,estimate,epsRevUp7,FY2026-12-31,9.0
CMCSA,2026-08-15,estimate,epsRevUp30,FY2026-12-31,9.0
CMCSA,2026-08-15,estimate,epsRevDown7,FY2026-12-31,5.0
CMCSA,2026-08-15,estimate,epsRevDown30,FY2026-12-31,9.0
CMCSA,2026-08-15,estimate,epsRevUp7,FY2027-12-31,5.0
CMCSA,2026-08-15,estimate,epsRevUp30,FY2027-12-31,4.0
CMCSA,2026-08-15,estimate,epsRevDown7,FY2027-12-31,9.0
CMCSA,2026-08-15,estimate,epsRevDown30,FY2027-12-31,13.0
WBD,2026-08-15,estimate,epsEst,FQ2026-09-30,-0.00242
WBD,2026-08-08,estimate,epsEst,FQ2026-09-30,0.01178
WBD,2026-07-16,estimate,epsEst,FQ2026-09-30,0.01311
WBD,2026-06-16,estimate,epsEst,FQ2026-09-30,0.01244
WBD,2026-05-17,estimate,epsEst,FQ2026-09-30,0.01033
WBD,2026-08-15,estimate,epsEst,FQ2026-12-31,-0.02918
WBD,2026-08-08,estimate,epsEst,FQ2026-12-31,0.01556
WBD,2026-07-16,estimate,epsEst,FQ2026-12-31,0.01556
WBD,2026-06-16,estimate,epsEst,FQ2026-12-31,0.01484
WBD,2026-05-17,estimate,epsEst,FQ2026-12-31,0.02674
WBD,2026-08-15,estimate,epsEst,FY2026-12-31,-1.16619
WBD,2026-08-08,estimate,epsEst,FY2026-12-31,-1.25454
WBD,2026-07-16,estimate,epsEst,FY2026-12-31,-1.2474
WBD,2026-06-16,estimate,epsEst,FY2026-12-31,-1.24669
WBD,2026-05-17,estimate,epsEst,FY2026-12-31,0.0
WBD,2026-08-15,estimate,epsEst,FY2027-12-31,-0.0589
WBD,2026-08-08,estimate,epsEst,FY2027-12-31,0.03859
WBD,2026-07-16,estimate,epsEst,FY2027-12-31,0.04628
WBD,2026-06-16,estimate,epsEst,FY2027-12-31,0.0144
WBD,2026-05-17,estimate,epsEst,FY2027-12-31,0.00628
WBD,2026-08-15,estimate,epsEstAvg,FQ2026-09-30,-0.00242
WBD,2026-08-15,estimate,epsEstLow,FQ2026-09-30,-0.23
WBD,2026-08-15,estimate,epsEstHigh,FQ2026-09-30,0.23
WBD,2026-08-15,estimate,epsEstAnalysts,FQ2026-09-30,14.0
WBD,2026-08-15,estimate,epsEstGrowth,FQ2026-09-30,0.9597
WBD,2026-08-15,estimate,epsEstAvg,FQ2026-12-31,-0.02918
WBD,2026-08-15,estimate,epsEstLow,FQ2026-12-31,-0.29
WBD,2026-08-15,estimate,epsEstHigh,FQ2026-12-31,0.2
WBD,2026-08-15,estimate,epsEstAnalysts,FQ2026-12-31,14.0
WBD,2026-08-15,estimate,epsEstGrowth,FQ2026-12-31,0.7082
WBD,2026-08-15,estimate,epsEstAvg,FY2026-12-31,-1.16619
WBD,2026-08-15,estimate,epsEstLow,FY2026-12-31,-1.6
WBD,2026-08-15,estimate,epsEstHigh,FY2026-12-31,-0.66
WBD,2026-08-15,estimate,epsEstAnalysts,FY2026-12-31,14.0
WBD,2026-08-15,estimate,epsEstGrowth,FY2026-12-31,-5.0213
WBD,2026-08-15,estimate,epsEstAvg,FY2027-12-31,-0.0589
WBD,2026-08-15,estimate,epsEstLow,FY2027-12-31,-0.93
WBD,2026-08-15,estimate,epsEstHigh,FY2027-12-31,0.49
WBD,2026-08-15,estimate,epsEstAnalysts,FY2027-12-31,14.0
WBD,2026-08-15,estimate,epsEstGrowth,FY2027-12-31,0.94949996
WBD,2026-08-15,estimate,revEstAvg,FQ2026-09-30,8834124430.0
WBD,2026-08-15,estimate,revEstLow,FQ2026-09-30,8240000000.0
WBD,2026-08-15,estimate,revEstHigh,FQ2026-09-30,9412199860.0
WBD,2026-08-15,estimate,revEstAnalysts,FQ2026-09-30,18.0
WBD,2026-08-15,estimate,revEstGrowth,FQ2026-09-30,-0.0233
WBD,2026-08-15,estimate,revEstAvg,FQ2026-12-31,9794519400.0
WBD,2026-08-15,estimate,revEstLow,FQ2026-12-31,9309000000.0
WBD,2026-08-15,estimate,revEstHigh,FQ2026-12-31,10480752000.0
WBD,2026-08-15,estimate,revEstAnalysts,FQ2026-12-31,18.0
WBD,2026-08-15,estimate,revEstGrowth,FQ2026-12-31,0.0354
WBD,2026-08-15,estimate,revEstAvg,FY2026-12-31,36269746780.0
WBD,2026-08-15,estimate,revEstLow,FY2026-12-31,35306000000.0
WBD,2026-08-15,estimate,revEstHigh,FY2026-12-31,37146329000.0
WBD,2026-08-15,estimate,revEstAnalysts,FY2026-12-31,17.0
WBD,2026-08-15,estimate,revEstGrowth,FY2026-12-31,-0.0275
WBD,2026-08-15,estimate,revEstAvg,FY2027-12-31,37537368380.0
WBD,2026-08-15,estimate,revEstLow,FY2027-12-31,35446600000.0
WBD,2026-08-15,estimate,revEstHigh,FY2027-12-31,39353284640.0
WBD,2026-08-15,estimate,revEstAnalysts,FY2027-12-31,20.0
WBD,2026-08-15,estimate,revEstGrowth,FY2027-12-31,0.0349
WBD,2026-08-15,estimate,epsRevUp7,FQ2026-09-30,0.0
WBD,2026-08-15,estimate,epsRevUp30,FQ2026-09-30,1.0
WBD,2026-08-15,estimate,epsRevDown7,FQ2026-09-30,2.0
WBD,2026-08-15,estimate,epsRevDown30,FQ2026-09-30,2.0
WBD,2026-08-15,estimate,epsRevUp7,FQ2026-12-31,1.0
WBD,2026-08-15,estimate,epsRevUp30,FQ2026-12-31,2.0
WBD,2026-08-15,estimate,epsRevDown7,FQ2026-12-31,1.0
WBD,2026-08-15,estimate,epsRevDown30,FQ2026-12-31,1.0
WBD,2026-08-15,estimate,epsRevUp7,FY2026-12-31,0.0
WBD,2026-08-15,estimate,epsRevUp30,FY2026-12-31,1.0
WBD,2026-08-15,estimate,epsRevDown7,FY2026-12-31,2.0
WBD,2026-08-15,estimate,epsRevDown30,FY2026-12-31,3.0
WBD,2026-08-15,estimate,epsRevUp7,FY2027-12-31,0.0
WBD,2026-08-15,estimate,epsRevUp30,FY2027-12-31,0.0
WBD,2026-08-15,estimate,epsRevDown7,FY2027-12-31,1.0
WBD,2026-08-15,estimate,epsRevDown30,FY2027-12-31,3.0
LYV,2026-08-15,estimate,epsEst,FQ2026-09-30,1.54815
LYV,2026-08-08,estimate,epsEst,FQ2026-09-30,1.81657
LYV,2026-07-16,estimate,epsEst,FQ2026-09-30,1.82946
LYV,2026-06-16,estimate,epsEst,FQ2026-09-30,1.82946
LYV,2026-05-17,estimate,epsEst,FQ2026-09-30,1.76775
LYV,2026-08-15,estimate,epsEst,FQ2026-12-31,-1.20729
LYV,2026-08-08,estimate,epsEst,FQ2026-12-31,-1.02296
LYV,2026-07-16,estimate,epsEst,FQ2026-12-31,-1.03561
LYV,2026-06-16,estimate,epsEst,FQ2026-12-31,-1.03561
LYV,2026-05-17,estimate,epsEst,FQ2026-12-31,-1.1281
LYV,2026-08-15,estimate,epsEst,FY2026-12-31,-0.44231
LYV,2026-08-08,estimate,epsEst,FY2026-12-31,-0.44619
LYV,2026-07-16,estimate,epsEst,FY2026-12-31,-0.5774
LYV,2026-06-16,estimate,epsEst,FY2026-12-31,-0.57097
LYV,2026-05-17,estimate,epsEst,FY2026-12-31,-0.60566
LYV,2026-08-15,estimate,epsEst,FY2027-12-31,1.88822
LYV,2026-08-08,estimate,epsEst,FY2027-12-31,1.92696
LYV,2026-07-16,estimate,epsEst,FY2027-12-31,2.1813
LYV,2026-06-16,estimate,epsEst,FY2027-12-31,2.19943
LYV,2026-05-17,estimate,epsEst,FY2027-12-31,2.13872
LYV,2026-08-15,estimate,epsEstAvg,FQ2026-09-30,1.54815
LYV,2026-08-15,estimate,epsEstLow,FQ2026-09-30,1.3
LYV,2026-08-15,estimate,epsEstHigh,FQ2026-09-30,1.87413
LYV,2026-08-15,estimate,epsEstAnalysts,FQ2026-09-30,13.0
LYV,2026-08-15,estimate,epsEstGrowth,FQ2026-09-30,1.1208
LYV,2026-08-15,estimate,epsEstAvg,FQ2026-12-31,-1.20729
LYV,2026-08-15,estimate,epsEstLow,FQ2026-12-31,-2.02
LYV,2026-08-15,estimate,epsEstHigh,FQ2026-12-31,-0.78
LYV,2026-08-15,estimate,epsEstAnalysts,FQ2026-12-31,13.0
LYV,2026-08-15,estimate,epsEstGrowth,FQ2026-12-31,-0.139
LYV,2026-08-15,estimate,epsEstAvg,FY2026-12-31,-0.44231
LYV,2026-08-15,estimate,epsEstLow,FY2026-12-31,-1.19
LYV,2026-08-15,estimate,epsEstHigh,FY2026-12-31,-0.15
LYV,2026-08-15,estimate,epsEstAnalysts,FY2026-12-31,15.0
LYV,2026-08-15,estimate,epsEstGrowth,FY2026-12-31,-0.84300005
LYV,2026-08-15,estimate,epsEstAvg,FY2027-12-31,1.88822
LYV,2026-08-15,estimate,epsEstLow,FY2027-12-31,0.46
LYV,2026-08-15,estimate,epsEstHigh,FY2027-12-31,2.98
LYV,2026-08-15,estimate,epsEstAnalysts,FY2027-12-31,17.0
LYV,2026-08-15,estimate,epsEstGrowth,FY2027-12-31,5.269
LYV,2026-08-15,estimate,revEstAvg,FQ2026-09-30,9571414200.0
LYV,2026-08-15,estimate,revEstLow,FQ2026-09-30,9265000000.0
LYV,2026-08-15,estimate,revEstHigh,FQ2026-09-30,9843500000.0
LYV,2026-08-15,estimate,revEstAnalysts,FQ2026-09-30,22.0
LYV,2026-08-15,estimate,revEstGrowth,FQ2026-09-30,0.1262
LYV,2026-08-15,estimate,revEstAvg,FQ2026-12-31,7067258740.0
LYV,2026-08-15,estimate,revEstLow,FQ2026-12-31,6826900000.0
LYV,2026-08-15,estimate,revEstHigh,FQ2026-12-31,7407400000.0
LYV,2026-08-15,estimate,revEstAnalysts,FQ2026-12-31,22.0
LYV,2026-08-15,estimate,revEstGrowth,FQ2026-12-31,0.119399995
LYV,2026-08-15,estimate,revEstAvg,FY2026-12-31,28117564620.0
LYV,2026-08-15,estimate,revEstLow,FY2026-12-31,27734200000.0
LYV,2026-08-15,estimate,revEstHigh,FY2026-12-31,28468501630.0
LYV,2026-08-15,estimate,revEstAnalysts,FY2026-12-31,24.0
LYV,2026-08-15,estimate,revEstGrowth,FY2026-12-31,0.1157
LYV,2026-08-15,estimate,revEstAvg,FY2027-12-31,30699930310.0
LYV,2026-08-15,estimate,revEstLow,FY2027-12-31,29792553800.0
LYV,2026-08-15,estimate,revEstHigh,FY2027-12-31,31957074270.0
LYV,2026-08-15,estimate,revEstAnalysts,FY2027-12-31,25.0
LYV,2026-08-15,estimate,revEstGrowth,FY2027-12-31,0.091800004
LYV,2026-08-15,estimate,epsRevUp7,FQ2026-09-30,1.0
LYV,2026-08-15,estimate,epsRevUp30,FQ2026-09-30,0.0
LYV,2026-08-15,estimate,epsRevDown7,FQ2026-09-30,7.0
LYV,2026-08-15,estimate,epsRevDown30,FQ2026-09-30,3.0
LYV,2026-08-15,estimate,epsRevUp7,FQ2026-12-31,0.0
LYV,2026-08-15,estimate,epsRevUp30,FQ2026-12-31,1.0
LYV,2026-08-15,estimate,epsRevDown7,FQ2026-12-31,1.0
LYV,2026-08-15,estimate,epsRevDown30,FQ2026-12-31,7.0
LYV,2026-08-15,estimate,epsRevUp7,FY2026-12-31,6.0
LYV,2026-08-15,estimate,epsRevUp30,FY2026-12-31,1.0
LYV,2026-08-15,estimate,epsRevDown7,FY2026-12-31,3.0
LYV,2026-08-15,estimate,epsRevDown30,FY2026-12-31,3.0
LYV,2026-08-15,estimate,epsRevUp7,FY2027-12-31,2.0
LYV,2026-08-15,estimate,epsRevUp30,FY2027-12-31,1.0
LYV,2026-08-15,estimate,epsRevDown7,FY2027-12-31,8.0
LYV,2026-08-15,estimate,epsRevDown30,FY2027-12-31,2.0
EA,2026-08-15,estimate,epsEst,FQ2026-09-30,1.11266
EA,2026-08-08,estimate,epsEst,FQ2026-09-30,1.02178
EA,2026-07-16,estimate,epsEst,FQ2026-09-30,1.02178
EA,2026-06-16,estimate,epsEst,FQ2026-09-30,1.13507
EA,2026-05-17,estimate,epsEst,FQ2026-09-30,0.0
EA,2026-08-15,estimate,epsEst,FQ2026-12-31,2.53899
EA,2026-08-08,estimate,epsEst,FQ2026-12-31,1.91966
EA,2026-07-16,estimate,epsEst,FQ2026-12-31,1.91966
EA,2026-06-16,estimate,epsEst,FQ2026-12-31,1.8258
EA,2026-05-17,estimate,epsEst,FQ2026-12-31,0.0
EA,2026-08-15,estimate,epsEst,FY2027-03-31,4.82
EA,2026-08-08,estimate,epsEst,FY2027-03-31,5.57726
EA,2026-07-16,estimate,epsEst,FY2027-03-31,5.61874
EA,2026-06-16,estimate,epsEst,FY2027-03-31,5.59366
EA,2026-05-17,estimate,epsEst,FY2027-03-31,0.0
EA,2026-08-15,estimate,epsEst,FY2028-03-31,6.16464
EA,2026-08-08,estimate,epsEst,FY2028-03-31,6.1276
EA,2026-07-16,estimate,epsEst,FY2028-03-31,6.19703
EA,2026-06-16,estimate,epsEst,FY2028-03-31,6.01218
EA,2026-05-17,estimate,epsEst,FY2028-03-31,0.0
EA,2026-08-15,estimate,epsEstAvg,FQ2026-09-30,1.11266
EA,2026-08-15,estimate,epsEstLow,FQ2026-09-30,0.70533
EA,2026-08-15,estimate,epsEstHigh,FQ2026-09-30,1.52
EA,2026-08-15,estimate,epsEstAnalysts,FQ2026-09-30,2.0
EA,2026-08-15,estimate,epsEstGrowth,FQ2026-09-30,1.0605
EA,2026-08-15,estimate,epsEstAvg,FQ2026-12-31,2.53899
EA,2026-08-15,estimate,epsEstLow,FQ2026-12-31,2.53899
EA,2026-08-15,estimate,epsEstHigh,FQ2026-12-31,2.53899
EA,2026-08-15,estimate,epsEstAnalysts,FQ2026-12-31,1.0
EA,2026-08-15,estimate,epsEstGrowth,FQ2026-12-31,6.2543
EA,2026-08-15,estimate,epsEstAvg,FY2027-03-31,4.82
EA,2026-08-15,estimate,epsEstLow,FY2027-03-31,4.82
EA,2026-08-15,estimate,epsEstHigh,FY2027-03-31,4.82
EA,2026-08-15,estimate,epsEstAnalysts,FY2027-03-31,1.0
EA,2026-08-15,estimate,epsEstGrowth,FY2027-03-31,0.3732
EA,2026-08-15,estimate,epsEstAvg,FY2028-03-31,6.16464
EA,2026-08-15,estimate,epsEstLow,FY2028-03-31,5.47
EA,2026-08-15,estimate,epsEstHigh,FY2028-03-31,6.92
EA,2026-08-15,estimate,epsEstAnalysts,FY2028-03-31,5.0
EA,2026-08-15,estimate,epsEstGrowth,FY2028-03-31,0.27899998
EA,2026-08-15,estimate,revEstAvg,FQ2026-09-30,2043587380.0
EA,2026-08-15,estimate,revEstLow,FQ2026-09-30,1898638000.0
EA,2026-08-15,estimate,revEstHigh,FQ2026-09-30,2246000000.0
EA,2026-08-15,estimate,revEstAnalysts,FQ2026-09-30,8.0
EA,2026-08-15,estimate,revEstGrowth,FQ2026-09-30,0.1241
EA,2026-08-15,estimate,revEstAvg,FQ2026-12-31,2721725900.0
EA,2026-08-15,estimate,revEstLow,FQ2026-12-31,2472000000.0
EA,2026-08-15,estimate,revEstHigh,FQ2026-12-31,2921000000.0
EA,2026-08-15,estimate,revEstAnalysts,FQ2026-12-31,7.0
EA,2026-08-15,estimate,revEstGrowth,FQ2026-12-31,-0.1065
EA,2026-08-15,estimate,revEstAvg,FY2027-03-31,8108000000.0
EA,2026-08-15,estimate,revEstLow,FY2027-03-31,8108000000.0
EA,2026-08-15,estimate,revEstHigh,FY2027-03-31,8108000000.0
EA,2026-08-15,estimate,revEstAnalysts,FY2027-03-31,1.0
EA,2026-08-15,estimate,revEstGrowth,FY2027-03-31,0.010199999
EA,2026-08-15,estimate,revEstAvg,FY2028-03-31,8758883910.0
EA,2026-08-15,estimate,revEstLow,FY2028-03-31,8227121789.0
EA,2026-08-15,estimate,revEstHigh,FY2028-03-31,9717000000.0
EA,2026-08-15,estimate,revEstAnalysts,FY2028-03-31,11.0
EA,2026-08-15,estimate,revEstGrowth,FY2028-03-31,0.080299996
EA,2026-08-15,estimate,epsRevUp7,FQ2026-09-30,0.0
EA,2026-08-15,estimate,epsRevUp30,FQ2026-09-30,0.0
EA,2026-08-15,estimate,epsRevDown7,FQ2026-09-30,1.0
EA,2026-08-15,estimate,epsRevDown30,FQ2026-09-30,1.0
EA,2026-08-15,estimate,epsRevUp7,FQ2026-12-31,1.0
EA,2026-08-15,estimate,epsRevUp30,FQ2026-12-31,1.0
EA,2026-08-15,estimate,epsRevDown7,FQ2026-12-31,0.0
EA,2026-08-15,estimate,epsRevDown30,FQ2026-12-31,0.0
EA,2026-08-15,estimate,epsRevUp7,FY2027-03-31,0.0
EA,2026-08-15,estimate,epsRevUp30,FY2027-03-31,0.0
EA,2026-08-15,estimate,epsRevDown7,FY2027-03-31,1.0
EA,2026-08-15,estimate,epsRevDown30,FY2027-03-31,1.0
EA,2026-08-15,estimate,epsRevUp7,FY2028-03-31,0.0
EA,2026-08-15,estimate,epsRevUp30,FY2028-03-31,1.0
EA,2026-08-15,estimate,epsRevDown7,FY2028-03-31,1.0
EA,2026-08-15,estimate,epsRevDown30,FY2028-03-31,6.0
TTWO,2026-08-15,estimate,epsEst,FQ2026-09-30,-0.87646
TTWO,2026-08-08,estimate,epsEst,FQ2026-09-30,-0.63083
TTWO,2026-07-16,estimate,epsEst,FQ2026-09-30,-0.62091
TTWO,2026-06-16,estimate,epsEst,FQ2026-09-30,-0.66071
TTWO,2026-05-17,estimate,epsEst,FQ2026-09-30,-0.18154
TTWO,2026-08-15,estimate,epsEst,FQ2026-12-31,1.82315
TTWO,2026-08-08,estimate,epsEst,FQ2026-12-31,1.88718
TTWO,2026-07-16,estimate,epsEst,FQ2026-12-31,1.87414
TTWO,2026-06-16,estimate,epsEst,FQ2026-12-31,1.92777
TTWO,2026-05-17,estimate,epsEst,FQ2026-12-31,2.78042
TTWO,2026-08-15,estimate,epsEst,FY2027-03-31,2.03495
TTWO,2026-08-08,estimate,epsEst,FY2027-03-31,2.05205
TTWO,2026-07-16,estimate,epsEst,FY2027-03-31,1.96281
TTWO,2026-06-16,estimate,epsEst,FY2027-03-31,1.7245
TTWO,2026-05-17,estimate,epsEst,FY2027-03-31,3.68584
TTWO,2026-08-15,estimate,epsEst,FY2028-03-31,5.4532
TTWO,2026-08-08,estimate,epsEst,FY2028-03-31,5.43306
TTWO,2026-07-16,estimate,epsEst,FY2028-03-31,5.44699
TTWO,2026-06-16,estimate,epsEst,FY2028-03-31,5.48942
TTWO,2026-05-17,estimate,epsEst,FY2028-03-31,7.14816
TTWO,2026-08-15,estimate,epsEstAvg,FQ2026-09-30,-0.87646
TTWO,2026-08-15,estimate,epsEstLow,FQ2026-09-30,-1.14
TTWO,2026-08-15,estimate,epsEstHigh,FQ2026-09-30,-0.77461
TTWO,2026-08-15,estimate,epsEstAnalysts,FQ2026-09-30,10.0
TTWO,2026-08-15,estimate,epsEstGrowth,FQ2026-09-30,-0.2006
TTWO,2026-08-15,estimate,epsEstAvg,FQ2026-12-31,1.82315
TTWO,2026-08-15,estimate,epsEstLow,FQ2026-12-31,0.82
TTWO,2026-08-15,estimate,epsEstHigh,FQ2026-12-31,3.09
TTWO,2026-08-15,estimate,epsEstAnalysts,FQ2026-12-31,9.0
TTWO,2026-08-15,estimate,epsEstGrowth,FQ2026-12-31,4.6463
TTWO,2026-08-15,estimate,epsEstAvg,FY2027-03-31,2.03495
TTWO,2026-08-15,estimate,epsEstLow,FY2027-03-31,0.73
TTWO,2026-08-15,estimate,epsEstHigh,FY2027-03-31,3.76
TTWO,2026-08-15,estimate,epsEstAnalysts,FY2027-03-31,12.0
TTWO,2026-08-15,estimate,epsEstGrowth,FY2027-03-31,2.2561
TTWO,2026-08-15,estimate,epsEstAvg,FY2028-03-31,5.4532
TTWO,2026-08-15,estimate,epsEstLow,FY2028-03-31,2.03
TTWO,2026-08-15,estimate,epsEstHigh,FY2028-03-31,8.48
TTWO,2026-08-15,estimate,epsEstAnalysts,FY2028-03-31,15.0
TTWO,2026-08-15,estimate,epsEstGrowth,FY2028-03-31,1.6797999
TTWO,2026-08-15,estimate,revEstAvg,FQ2026-09-30,1659810810.0
TTWO,2026-08-15,estimate,revEstLow,FQ2026-09-30,1630300000.0
TTWO,2026-08-15,estimate,revEstHigh,FQ2026-09-30,1701200000.0
TTWO,2026-08-15,estimate,revEstAnalysts,FQ2026-09-30,16.0
TTWO,2026-08-15,estimate,revEstGrowth,FQ2026-09-30,-0.1534
TTWO,2026-08-15,estimate,revEstAvg,FQ2026-12-31,3338529600.0
TTWO,2026-08-15,estimate,revEstLow,FQ2026-12-31,2702092000.0
TTWO,2026-08-15,estimate,revEstHigh,FQ2026-12-31,3788900000.0
TTWO,2026-08-15,estimate,revEstAnalysts,FQ2026-12-31,15.0
TTWO,2026-08-15,estimate,revEstGrowth,FQ2026-12-31,0.9
TTWO,2026-08-15,estimate,revEstAvg,FY2027-03-31,8493261460.0
TTWO,2026-08-15,estimate,revEstLow,FY2027-03-31,8027000000.0
TTWO,2026-08-15,estimate,revEstHigh,FY2027-03-31,9161268040.0
TTWO,2026-08-15,estimate,revEstAnalysts,FY2027-03-31,19.0
TTWO,2026-08-15,estimate,revEstGrowth,FY2027-03-31,0.2637
TTWO,2026-08-15,estimate,revEstAvg,FY2028-03-31,9235781940.0
TTWO,2026-08-15,estimate,revEstLow,FY2028-03-31,8411500000.0
TTWO,2026-08-15,estimate,revEstHigh,FY2028-03-31,11192100000.0
TTWO,2026-08-15,estimate,revEstAnalysts,FY2028-03-31,20.0
TTWO,2026-08-15,estimate,revEstGrowth,FY2028-03-31,0.0874
TTWO,2026-08-15,estimate,epsRevUp7,FQ2026-09-30,3.0
TTWO,2026-08-15,estimate,epsRevUp30,FQ2026-09-30,2.0
TTWO,2026-08-15,estimate,epsRevDown7,FQ2026-09-30,3.0
TTWO,2026-08-15,estimate,epsRevDown30,FQ2026-09-30,3.0
TTWO,2026-08-15,estimate,epsRevUp7,FQ2026-12-31,1.0
TTWO,2026-08-15,estimate,epsRevUp30,FQ2026-12-31,2.0
TTWO,2026-08-15,estimate,epsRevDown7,FQ2026-12-31,0.0
TTWO,2026-08-15,estimate,epsRevDown30,FQ2026-12-31,0.0
TTWO,2026-08-15,estimate,epsRevUp7,FY2027-03-31,1.0
TTWO,2026-08-15,estimate,epsRevUp30,FY2027-03-31,4.0
TTWO,2026-08-15,estimate,epsRevDown7,FY2027-03-31,0.0
TTWO,2026-08-15,estimate,epsRevDown30,FY2027-03-31,0.0
TTWO,2026-08-15,estimate,epsRevUp7,FY2028-03-31,1.0
TTWO,2026-08-15,estimate,epsRevUp30,FY2028-03-31,4.0
TTWO,2026-08-15,estimate,epsRevDown7,FY2028-03-31,0.0
TTWO,2026-08-15,estimate,epsRevDown30,FY2028-03-31,1.0
RBLX,2026-08-15,estimate,epsEst,FQ2026-09-30,-0.41841
RBLX,2026-08-08,estimate,epsEst,FQ2026-09-30,-0.42016
RBLX,2026-07-16,estimate,epsEst,FQ2026-09-30,-0.43252
RBLX,2026-06-16,estimate,epsEst,FQ2026-09-30,-0.43572
RBLX,2026-05-17,estimate,epsEst,FQ2026-09-30,-0.43372
RBLX,2026-08-15,estimate,epsEst,FQ2026-12-31,-0.43367
RBLX,2026-08-08,estimate,epsEst,FQ2026-12-31,-0.41427
RBLX,2026-07-16,estimate,epsEst,FQ2026-12-31,-0.42417
RBLX,2026-06-16,estimate,epsEst,FQ2026-12-31,-0.42121
RBLX,2026-05-17,estimate,epsEst,FQ2026-12-31,-0.41455
RBLX,2026-08-15,estimate,epsEst,FY2026-12-31,-1.48364
RBLX,2026-08-08,estimate,epsEst,FY2026-12-31,-1.48097
RBLX,2026-07-16,estimate,epsEst,FY2026-12-31,-1.50964
RBLX,2026-06-16,estimate,epsEst,FY2026-12-31,-1.52384
RBLX,2026-05-17,estimate,epsEst,FY2026-12-31,-1.52384
RBLX,2026-08-15,estimate,epsEst,FY2027-12-31,-1.17171
RBLX,2026-08-08,estimate,epsEst,FY2027-12-31,-1.14358
RBLX,2026-07-16,estimate,epsEst,FY2027-12-31,-1.13704
RBLX,2026-06-16,estimate,epsEst,FY2027-12-31,-1.14367
RBLX,2026-05-17,estimate,epsEst,FY2027-12-31,-1.14367
RBLX,2026-08-15,estimate,epsEstAvg,FQ2026-09-30,-0.41841
RBLX,2026-08-15,estimate,epsEstLow,FQ2026-09-30,-0.47
RBLX,2026-08-15,estimate,epsEstHigh,FQ2026-09-30,-0.28
RBLX,2026-08-15,estimate,epsEstAnalysts,FQ2026-09-30,17.0
RBLX,2026-08-15,estimate,epsEstGrowth,FQ2026-09-30,-0.1308
RBLX,2026-08-15,estimate,epsEstAvg,FQ2026-12-31,-0.43367
RBLX,2026-08-15,estimate,epsEstLow,FQ2026-12-31,-0.61
RBLX,2026-08-15,estimate,epsEstHigh,FQ2026-12-31,-0.24419
RBLX,2026-08-15,estimate,epsEstAnalysts,FQ2026-12-31,17.0
RBLX,2026-08-15,estimate,epsEstGrowth,FQ2026-12-31,0.0363
RBLX,2026-08-15,estimate,epsEstAvg,FY2026-12-31,-1.48364
RBLX,2026-08-15,estimate,epsEstLow,FY2026-12-31,-2.05
RBLX,2026-08-15,estimate,epsEstHigh,FY2026-12-31,-1.25872
RBLX,2026-08-15,estimate,epsEstAnalysts,FY2026-12-31,22.0
RBLX,2026-08-15,estimate,epsEstGrowth,FY2026-12-31,0.0366
RBLX,2026-08-15,estimate,epsEstAvg,FY2027-12-31,-1.17171
RBLX,2026-08-15,estimate,epsEstLow,FY2027-12-31,-1.99
RBLX,2026-08-15,estimate,epsEstHigh,FY2027-12-31,-0.31
RBLX,2026-08-15,estimate,epsEstAnalysts,FY2027-12-31,26.0
RBLX,2026-08-15,estimate,epsEstGrowth,FY2027-12-31,0.21020001
RBLX,2026-08-15,estimate,revEstAvg,FQ2026-09-30,1618329260.0
RBLX,2026-08-15,estimate,revEstLow,FQ2026-09-30,1581000000.0
RBLX,2026-08-15,estimate,revEstHigh,FQ2026-09-30,1717000000.0
RBLX,2026-08-15,estimate,revEstAnalysts,FQ2026-09-30,19.0
RBLX,2026-08-15,estimate,revEstGrowth,FQ2026-09-30,-0.1579
RBLX,2026-08-15,estimate,revEstAvg,FQ2026-12-31,2026406610.0
RBLX,2026-08-15,estimate,revEstLow,FQ2026-12-31,1860000000.0
RBLX,2026-08-15,estimate,revEstHigh,FQ2026-12-31,2462000000.0
RBLX,2026-08-15,estimate,revEstAnalysts,FQ2026-12-31,19.0
RBLX,2026-08-15,estimate,revEstGrowth,FQ2026-12-31,-0.0881
RBLX,2026-08-15,estimate,revEstAvg,FY2026-12-31,6902536210.0
RBLX,2026-08-15,estimate,revEstLow,FY2026-12-31,6144000000.0
RBLX,2026-08-15,estimate,revEstHigh,FY2026-12-31,7467000000.0
RBLX,2026-08-15,estimate,revEstAnalysts,FY2026-12-31,23.0
RBLX,2026-08-15,estimate,revEstGrowth,FY2026-12-31,0.0168
RBLX,2026-08-15,estimate,revEstAvg,FY2027-12-31,7873889060.0
RBLX,2026-08-15,estimate,revEstLow,FY2027-12-31,7053947000.0
RBLX,2026-08-15,estimate,revEstHigh,FY2027-12-31,9271000000.0
RBLX,2026-08-15,estimate,revEstAnalysts,FY2027-12-31,24.0
RBLX,2026-08-15,estimate,revEstGrowth,FY2027-12-31,0.1407
RBLX,2026-08-15,estimate,epsRevUp7,FQ2026-09-30,4.0
RBLX,2026-08-15,estimate,epsRevUp30,FQ2026-09-30,5.0
RBLX,2026-08-15,estimate,epsRevDown7,FQ2026-09-30,8.0
RBLX,2026-08-15,estimate,epsRevDown30,FQ2026-09-30,7.0
RBLX,2026-08-15,estimate,epsRevUp7,FQ2026-12-31,6.0
RBLX,2026-08-15,estimate,epsRevUp30,FQ2026-12-31,6.0
RBLX,2026-08-15,estimate,epsRevDown7,FQ2026-12-31,7.0
RBLX,2026-08-15,estimate,epsRevDown30,FQ2026-12-31,7.0
RBLX,2026-08-15,estimate,epsRevUp7,FY2026-12-31,9.0
RBLX,2026-08-15,estimate,epsRevUp30,FY2026-12-31,10.0
RBLX,2026-08-15,estimate,epsRevDown7,FY2026-12-31,8.0
RBLX,2026-08-15,estimate,epsRevDown30,FY2026-12-31,7.0
RBLX,2026-08-15,estimate,epsRevUp7,FY2027-12-31,8.0
RBLX,2026-08-15,estimate,epsRevUp30,FY2027-12-31,8.0
RBLX,2026-08-15,estimate,epsRevDown7,FY2027-12-31,13.0
RBLX,2026-08-15,estimate,epsRevDown30,FY2027-12-31,14.0
TMUS,2026-08-15,estimate,epsEst,FQ2026-09-30,2.9015
TMUS,2026-08-08,estimate,epsEst,FQ2026-09-30,2.90759
TMUS,2026-07-16,estimate,epsEst,FQ2026-09-30,2.87715
TMUS,2026-06-16,estimate,epsEst,FQ2026-09-30,2.87768
TMUS,2026-05-17,estimate,epsEst,FQ2026-09-30,2.886
TMUS,2026-08-15,estimate,epsEst,FQ2026-12-31,2.76657
TMUS,2026-08-08,estimate,epsEst,FQ2026-12-31,2.72177
TMUS,2026-07-16,estimate,epsEst,FQ2026-12-31,2.67743
TMUS,2026-06-16,estimate,epsEst,FQ2026-12-31,2.68089
TMUS,2026-05-17,estimate,epsEst,FQ2026-12-31,2.61694
TMUS,2026-08-15,estimate,epsEst,FY2026-12-31,10.94575
TMUS,2026-08-08,estimate,epsEst,FY2026-12-31,10.92813
TMUS,2026-07-16,estimate,epsEst,FY2026-12-31,10.44163
TMUS,2026-06-16,estimate,epsEst,FY2026-12-31,10.46448
TMUS,2026-05-17,estimate,epsEst,FY2026-12-31,0.0
TMUS,2026-08-15,estimate,epsEst,FY2027-12-31,13.89549
TMUS,2026-08-08,estimate,epsEst,FY2027-12-31,13.88358
TMUS,2026-07-16,estimate,epsEst,FY2027-12-31,13.54396
TMUS,2026-06-16,estimate,epsEst,FY2027-12-31,13.5431
TMUS,2026-05-17,estimate,epsEst,FY2027-12-31,13.5431
TMUS,2026-08-15,estimate,epsEstAvg,FQ2026-09-30,2.9015
TMUS,2026-08-15,estimate,epsEstLow,FQ2026-09-30,2.67
TMUS,2026-08-15,estimate,epsEstHigh,FQ2026-09-30,3.1
TMUS,2026-08-15,estimate,epsEstAnalysts,FQ2026-09-30,17.0
TMUS,2026-08-15,estimate,epsEstGrowth,FQ2026-09-30,0.2039
TMUS,2026-08-15,estimate,epsEstAvg,FQ2026-12-31,2.76657
TMUS,2026-08-15,estimate,epsEstLow,FQ2026-12-31,2.42
TMUS,2026-08-15,estimate,epsEstHigh,FQ2026-12-31,3.13
TMUS,2026-08-15,estimate,epsEstAnalysts,FQ2026-12-31,17.0
TMUS,2026-08-15,estimate,epsEstGrowth,FQ2026-12-31,0.4716
TMUS,2026-08-15,estimate,epsEstAvg,FY2026-12-31,10.94575
TMUS,2026-08-15,estimate,epsEstLow,FY2026-12-31,10.35
TMUS,2026-08-15,estimate,epsEstHigh,FY2026-12-31,11.44
TMUS,2026-08-15,estimate,epsEstAnalysts,FY2026-12-31,21.0
TMUS,2026-08-15,estimate,epsEstGrowth,FY2026-12-31,0.1261
TMUS,2026-08-15,estimate,epsEstAvg,FY2027-12-31,13.89549
TMUS,2026-08-15,estimate,epsEstLow,FY2027-12-31,11.5
TMUS,2026-08-15,estimate,epsEstHigh,FY2027-12-31,16.58
TMUS,2026-08-15,estimate,epsEstAnalysts,FY2027-12-31,21.0
TMUS,2026-08-15,estimate,epsEstGrowth,FY2027-12-31,0.26950002
TMUS,2026-08-15,estimate,revEstAvg,FQ2026-09-30,23149415170.0
TMUS,2026-08-15,estimate,revEstLow,FQ2026-09-30,23037000000.0
TMUS,2026-08-15,estimate,revEstHigh,FQ2026-09-30,23296000000.0
TMUS,2026-08-15,estimate,revEstAnalysts,FQ2026-09-30,19.0
TMUS,2026-08-15,estimate,revEstGrowth,FQ2026-09-30,0.0543
TMUS,2026-08-15,estimate,revEstAvg,FQ2026-12-31,25426315160.0
TMUS,2026-08-15,estimate,revEstLow,FQ2026-12-31,25209000000.0
TMUS,2026-08-15,estimate,revEstHigh,FQ2026-12-31,25795000000.0
TMUS,2026-08-15,estimate,revEstAnalysts,FQ2026-12-31,18.0
TMUS,2026-08-15,estimate,revEstGrowth,FQ2026-12-31,0.044899996
TMUS,2026-08-15,estimate,revEstAvg,FY2026-12-31,94368790330.0
TMUS,2026-08-15,estimate,revEstLow,FY2026-12-31,93142000000.0
TMUS,2026-08-15,estimate,revEstHigh,FY2026-12-31,94904000000.0
TMUS,2026-08-15,estimate,revEstAnalysts,FY2026-12-31,25.0
TMUS,2026-08-15,estimate,revEstGrowth,FY2026-12-31,0.0686
TMUS,2026-08-15,estimate,revEstAvg,FY2027-12-31,98601818360.0
TMUS,2026-08-15,estimate,revEstLow,FY2027-12-31,96182000000.0
TMUS,2026-08-15,estimate,revEstHigh,FY2027-12-31,99574000000.0
TMUS,2026-08-15,estimate,revEstAnalysts,FY2027-12-31,23.0
TMUS,2026-08-15,estimate,revEstGrowth,FY2027-12-31,0.044899996
TMUS,2026-08-15,estimate,epsRevUp7,FQ2026-09-30,6.0
TMUS,2026-08-15,estimate,epsRevUp30,FQ2026-09-30,7.0
TMUS,2026-08-15,estimate,epsRevDown7,FQ2026-09-30,8.0
TMUS,2026-08-15,estimate,epsRevDown30,FQ2026-09-30,9.0
TMUS,2026-08-15,estimate,epsRevUp7,FQ2026-12-31,10.0
TMUS,2026-08-15,estimate,epsRevUp30,FQ2026-12-31,10.0
TMUS,2026-08-15,estimate,epsRevDown7,FQ2026-12-31,4.0
TMUS,2026-08-15,estimate,epsRevDown30,FQ2026-12-31,6.0
TMUS,2026-08-15,estimate,epsRevUp7,FY2026-12-31,16.0
TMUS,2026-08-15,estimate,epsRevUp30,FY2026-12-31,15.0
TMUS,2026-08-15,estimate,epsRevDown7,FY2026-12-31,2.0
TMUS,2026-08-15,estimate,epsRevDown30,FY2026-12-31,3.0
TMUS,2026-08-15,estimate,epsRevUp7,FY2027-12-31,13.0
TMUS,2026-08-15,estimate,epsRevUp30,FY2027-12-31,12.0
TMUS,2026-08-15,estimate,epsRevDown7,FY2027-12-31,5.0
TMUS,2026-08-15,estimate,epsRevDown30,FY2027-12-31,6.0
VZ,2026-08-15,estimate,epsEst,FQ2026-09-30,1.28508
VZ,2026-08-08,estimate,epsEst,FQ2026-09-30,1.28592
VZ,2026-07-16,estimate,epsEst,FQ2026-09-30,1.29526
VZ,2026-06-16,estimate,epsEst,FQ2026-09-30,1.29264
VZ,2026-05-17,estimate,epsEst,FQ2026-09-30,1.29422
VZ,2026-08-15,estimate,epsEst,FQ2026-12-31,1.14685
VZ,2026-08-08,estimate,epsEst,FQ2026-12-31,1.14685
VZ,2026-07-16,estimate,epsEst,FQ2026-12-31,1.12065
VZ,2026-06-16,estimate,epsEst,FQ2026-12-31,1.13058
VZ,2026-05-17,estimate,epsEst,FQ2026-12-31,1.12606
VZ,2026-08-15,estimate,epsEst,FY2026-12-31,5.01242
VZ,2026-08-08,estimate,epsEst,FY2026-12-31,5.02707
VZ,2026-07-16,estimate,epsEst,FY2026-12-31,4.94113
VZ,2026-06-16,estimate,epsEst,FY2026-12-31,4.97301
VZ,2026-05-17,estimate,epsEst,FY2026-12-31,4.95537
VZ,2026-08-15,estimate,epsEst,FY2027-12-31,5.28049
VZ,2026-08-08,estimate,epsEst,FY2027-12-31,5.27369
VZ,2026-07-16,estimate,epsEst,FY2027-12-31,5.27019
VZ,2026-06-16,estimate,epsEst,FY2027-12-31,5.27221
VZ,2026-05-17,estimate,epsEst,FY2027-12-31,5.27379
VZ,2026-08-15,estimate,epsEstAvg,FQ2026-09-30,1.28508
VZ,2026-08-15,estimate,epsEstLow,FQ2026-09-30,1.23
VZ,2026-08-15,estimate,epsEstHigh,FQ2026-09-30,1.38
VZ,2026-08-15,estimate,epsEstAnalysts,FQ2026-09-30,19.0
VZ,2026-08-15,estimate,epsEstGrowth,FQ2026-09-30,0.062
VZ,2026-08-15,estimate,epsEstAvg,FQ2026-12-31,1.14685
VZ,2026-08-15,estimate,epsEstLow,FQ2026-12-31,1.05
VZ,2026-08-15,estimate,epsEstHigh,FQ2026-12-31,1.21
VZ,2026-08-15,estimate,epsEstAnalysts,FQ2026-12-31,17.0
VZ,2026-08-15,estimate,epsEstGrowth,FQ2026-12-31,0.052199997
VZ,2026-08-15,estimate,epsEstAvg,FY2026-12-31,5.01242
VZ,2026-08-15,estimate,epsEstLow,FY2026-12-31,4.85
VZ,2026-08-15,estimate,epsEstHigh,FY2026-12-31,5.22
VZ,2026-08-15,estimate,epsEstAnalysts,FY2026-12-31,26.0
VZ,2026-08-15,estimate,epsEstGrowth,FY2026-12-31,0.0642
VZ,2026-08-15,estimate,epsEstAvg,FY2027-12-31,5.28049
VZ,2026-08-15,estimate,epsEstLow,FY2027-12-31,5.04
VZ,2026-08-15,estimate,epsEstHigh,FY2027-12-31,5.51
VZ,2026-08-15,estimate,epsEstAnalysts,FY2027-12-31,25.0
VZ,2026-08-15,estimate,epsEstGrowth,FY2027-12-31,0.0535
VZ,2026-08-15,estimate,revEstAvg,FQ2026-09-30,34805591780.0
VZ,2026-08-15,estimate,revEstLow,FQ2026-09-30,34193000000.0
VZ,2026-08-15,estimate,revEstHigh,FQ2026-09-30,35324000000.0
VZ,2026-08-15,estimate,revEstAnalysts,FQ2026-09-30,18.0
VZ,2026-08-15,estimate,revEstGrowth,FQ2026-09-30,0.0291
VZ,2026-08-15,estimate,revEstAvg,FQ2026-12-31,37345087310.0
VZ,2026-08-15,estimate,revEstLow,FQ2026-12-31,36758000000.0
VZ,2026-08-15,estimate,revEstHigh,FQ2026-12-31,37834583650.0
VZ,2026-08-15,estimate,revEstAnalysts,FQ2026-12-31,16.0
VZ,2026-08-15,estimate,revEstGrowth,FQ2026-12-31,0.026500002
VZ,2026-08-15,estimate,revEstAvg,FY2026-12-31,140911270240.0
VZ,2026-08-15,estimate,revEstLow,FY2026-12-31,139545561210.0
VZ,2026-08-15,estimate,revEstHigh,FY2026-12-31,143093000000.0
VZ,2026-08-15,estimate,revEstAnalysts,FY2026-12-31,21.0
VZ,2026-08-15,estimate,revEstGrowth,FY2026-12-31,0.0197
VZ,2026-08-15,estimate,revEstAvg,FY2027-12-31,143591664920.0
VZ,2026-08-15,estimate,revEstLow,FY2027-12-31,140490900000.0
VZ,2026-08-15,estimate,revEstHigh,FY2027-12-31,147908939750.0
VZ,2026-08-15,estimate,revEstAnalysts,FY2027-12-31,23.0
VZ,2026-08-15,estimate,revEstGrowth,FY2027-12-31,0.019
VZ,2026-08-15,estimate,epsRevUp7,FQ2026-09-30,1.0
VZ,2026-08-15,estimate,epsRevUp30,FQ2026-09-30,4.0
VZ,2026-08-15,estimate,epsRevDown7,FQ2026-09-30,2.0
VZ,2026-08-15,estimate,epsRevDown30,FQ2026-09-30,4.0
VZ,2026-08-15,estimate,epsRevUp7,FQ2026-12-31,3.0
VZ,2026-08-15,estimate,epsRevUp30,FQ2026-12-31,7.0
VZ,2026-08-15,estimate,epsRevDown7,FQ2026-12-31,0.0
VZ,2026-08-15,estimate,epsRevDown30,FQ2026-12-31,1.0
VZ,2026-08-15,estimate,epsRevUp7,FY2026-12-31,7.0
VZ,2026-08-15,estimate,epsRevUp30,FY2026-12-31,10.0
VZ,2026-08-15,estimate,epsRevDown7,FY2026-12-31,1.0
VZ,2026-08-15,estimate,epsRevDown30,FY2026-12-31,2.0
VZ,2026-08-15,estimate,epsRevUp7,FY2027-12-31,4.0
VZ,2026-08-15,estimate,epsRevUp30,FY2027-12-31,9.0
VZ,2026-08-15,estimate,epsRevDown7,FY2027-12-31,4.0
VZ,2026-08-15,estimate,epsRevDown30,FY2027-12-31,4.0
T,2026-08-15,estimate,epsEst,FQ2026-09-30,0.60395
T,2026-08-08,estimate,epsEst,FQ2026-09-30,0.59968
T,2026-07-16,estimate,epsEst,FQ2026-09-30,0.60746
T,2026-06-16,estimate,epsEst,FQ2026-09-30,0.6085
T,2026-05-17,estimate,epsEst,FQ2026-09-30,0.60899
T,2026-08-15,estimate,epsEst,FQ2026-12-31,0.52508
T,2026-08-08,estimate,epsEst,FQ2026-12-31,0.53544
T,2026-07-16,estimate,epsEst,FQ2026-12-31,0.54526
T,2026-06-16,estimate,epsEst,FQ2026-12-31,0.5476
T,2026-05-17,estimate,epsEst,FQ2026-12-31,0.54659
T,2026-08-15,estimate,epsEst,FY2026-12-31,2.33771
T,2026-08-08,estimate,epsEst,FY2026-12-31,2.33563
T,2026-07-16,estimate,epsEst,FY2026-12-31,2.31486
T,2026-06-16,estimate,epsEst,FY2026-12-31,2.31575
T,2026-05-17,estimate,epsEst,FY2026-12-31,2.31731
T,2026-08-15,estimate,epsEst,FY2027-12-31,2.56372
T,2026-08-08,estimate,epsEst,FY2027-12-31,2.56872
T,2026-07-16,estimate,epsEst,FY2027-12-31,2.55019
T,2026-06-16,estimate,epsEst,FY2027-12-31,2.55231
T,2026-05-17,estimate,epsEst,FY2027-12-31,2.55743
T,2026-08-15,estimate,epsEstAvg,FQ2026-09-30,0.60395
T,2026-08-15,estimate,epsEstLow,FQ2026-09-30,0.565
T,2026-08-15,estimate,epsEstHigh,FQ2026-09-30,0.64101
T,2026-08-15,estimate,epsEstAnalysts,FQ2026-09-30,18.0
T,2026-08-15,estimate,epsEstGrowth,FQ2026-09-30,0.1184
T,2026-08-15,estimate,epsEstAvg,FQ2026-12-31,0.52508
T,2026-08-15,estimate,epsEstLow,FQ2026-12-31,0.48
T,2026-08-15,estimate,epsEstHigh,FQ2026-12-31,0.58
T,2026-08-15,estimate,epsEstAnalysts,FQ2026-12-31,18.0
T,2026-08-15,estimate,epsEstGrowth,FQ2026-12-31,0.0098
T,2026-08-15,estimate,epsEstAvg,FY2026-12-31,2.33771
T,2026-08-15,estimate,epsEstLow,FY2026-12-31,2.29
T,2026-08-15,estimate,epsEstHigh,FY2026-12-31,2.41
T,2026-08-15,estimate,epsEstAnalysts,FY2026-12-31,24.0
T,2026-08-15,estimate,epsEstGrowth,FY2026-12-31,0.1027
T,2026-08-15,estimate,epsEstAvg,FY2027-12-31,2.56372
T,2026-08-15,estimate,epsEstLow,FY2027-12-31,2.43
T,2026-08-15,estimate,epsEstHigh,FY2027-12-31,2.7
T,2026-08-15,estimate,epsEstAnalysts,FY2027-12-31,24.0
T,2026-08-15,estimate,epsEstGrowth,FY2027-12-31,0.0967
T,2026-08-15,estimate,revEstAvg,FQ2026-09-30,31673678930.0
T,2026-08-15,estimate,revEstLow,FQ2026-09-30,31362044580.0
T,2026-08-15,estimate,revEstHigh,FQ2026-09-30,31907855000.0
T,2026-08-15,estimate,revEstAnalysts,FQ2026-09-30,16.0
T,2026-08-15,estimate,revEstGrowth,FQ2026-09-30,0.031400003
T,2026-08-15,estimate,revEstAvg,FQ2026-12-31,34526158890.0
T,2026-08-15,estimate,revEstLow,FQ2026-12-31,33991000000.0
T,2026-08-15,estimate,revEstHigh,FQ2026-12-31,35254000000.0
T,2026-08-15,estimate,revEstAnalysts,FQ2026-12-31,16.0
T,2026-08-15,estimate,revEstGrowth,FQ2026-12-31,0.0317
T,2026-08-15,estimate,revEstAvg,FY2026-12-31,129269014450.0
T,2026-08-15,estimate,revEstLow,FY2026-12-31,128469857830.0
T,2026-08-15,estimate,revEstHigh,FY2026-12-31,130148000000.0
T,2026-08-15,estimate,revEstAnalysts,FY2026-12-31,22.0
T,2026-08-15,estimate,revEstGrowth,FY2026-12-31,0.028800001
T,2026-08-15,estimate,revEstAvg,FY2027-12-31,131968670390.0
T,2026-08-15,estimate,revEstLow,FY2027-12-31,130447548630.0
T,2026-08-15,estimate,revEstHigh,FY2027-12-31,133621000000.0
T,2026-08-15,estimate,revEstAnalysts,FY2027-12-31,22.0
T,2026-08-15,estimate,revEstGrowth,FY2027-12-31,0.0209
T,2026-08-15,estimate,epsRevUp7,FQ2026-09-30,7.0
T,2026-08-15,estimate,epsRevUp30,FQ2026-09-30,7.0
T,2026-08-15,estimate,epsRevDown7,FQ2026-09-30,8.0
T,2026-08-15,estimate,epsRevDown30,FQ2026-09-30,7.0
T,2026-08-15,estimate,epsRevUp7,FQ2026-12-31,2.0
T,2026-08-15,estimate,epsRevUp30,FQ2026-12-31,2.0
T,2026-08-15,estimate,epsRevDown7,FQ2026-12-31,12.0
T,2026-08-15,estimate,epsRevDown30,FQ2026-12-31,13.0
T,2026-08-15,estimate,epsRevUp7,FY2026-12-31,12.0
T,2026-08-15,estimate,epsRevUp30,FY2026-12-31,15.0
T,2026-08-15,estimate,epsRevDown7,FY2026-12-31,6.0
T,2026-08-15,estimate,epsRevDown30,FY2026-12-31,3.0
T,2026-08-15,estimate,epsRevUp7,FY2027-12-31,13.0
T,2026-08-15,estimate,epsRevUp30,FY2027-12-31,13.0
T,2026-08-15,estimate,epsRevDown7,FY2027-12-31,6.0
T,2026-08-15,estimate,epsRevDown30,FY2027-12-31,5.0
CHTR,2026-08-15,estimate,epsEst,FQ2026-09-30,10.01555
CHTR,2026-08-08,estimate,epsEst,FQ2026-09-30,10.10126
CHTR,2026-07-16,estimate,epsEst,FQ2026-09-30,10.32463
CHTR,2026-06-16,estimate,epsEst,FQ2026-09-30,10.40005
CHTR,2026-05-17,estimate,epsEst,FQ2026-09-30,10.40005
CHTR,2026-08-15,estimate,epsEst,FQ2026-12-31,11.76241
CHTR,2026-08-08,estimate,epsEst,FQ2026-12-31,11.82526
CHTR,2026-07-16,estimate,epsEst,FQ2026-12-31,12.10026
CHTR,2026-06-16,estimate,epsEst,FQ2026-12-31,12.23451
CHTR,2026-05-17,estimate,epsEst,FQ2026-12-31,12.23451
CHTR,2026-08-15,estimate,epsEst,FY2026-12-31,41.91909
CHTR,2026-08-08,estimate,epsEst,FY2026-12-31,42.10439
CHTR,2026-07-16,estimate,epsEst,FY2026-12-31,41.66137
CHTR,2026-06-16,estimate,epsEst,FY2026-12-31,41.90553
CHTR,2026-05-17,estimate,epsEst,FY2026-12-31,41.90553
CHTR,2026-08-15,estimate,epsEst,FY2027-12-31,45.26115
CHTR,2026-08-08,estimate,epsEst,FY2027-12-31,45.26879
CHTR,2026-07-16,estimate,epsEst,FY2027-12-31,45.1982
CHTR,2026-06-16,estimate,epsEst,FY2027-12-31,45.58407
CHTR,2026-05-17,estimate,epsEst,FY2027-12-31,45.58407
CHTR,2026-08-15,estimate,epsEstAvg,FQ2026-09-30,10.01555
CHTR,2026-08-15,estimate,epsEstLow,FQ2026-09-30,8.307
CHTR,2026-08-15,estimate,epsEstHigh,FQ2026-09-30,12.01
CHTR,2026-08-15,estimate,epsEstAnalysts,FQ2026-09-30,14.0
CHTR,2026-08-15,estimate,epsEstGrowth,FQ2026-09-30,0.2009
CHTR,2026-08-15,estimate,epsEstAvg,FQ2026-12-31,11.76241
CHTR,2026-08-15,estimate,epsEstLow,FQ2026-12-31,9.2
CHTR,2026-08-15,estimate,epsEstHigh,FQ2026-12-31,13.82
CHTR,2026-08-15,estimate,epsEstAnalysts,FQ2026-12-31,14.0
CHTR,2026-08-15,estimate,epsEstGrowth,FQ2026-12-31,0.1376
CHTR,2026-08-15,estimate,epsEstAvg,FY2026-12-31,41.91909
CHTR,2026-08-15,estimate,epsEstLow,FY2026-12-31,36.057
CHTR,2026-08-15,estimate,epsEstHigh,FY2026-12-31,48.94
CHTR,2026-08-15,estimate,epsEstAnalysts,FY2026-12-31,17.0
CHTR,2026-08-15,estimate,epsEstGrowth,FY2026-12-31,0.1577
CHTR,2026-08-15,estimate,epsEstAvg,FY2027-12-31,45.26115
CHTR,2026-08-15,estimate,epsEstLow,FY2027-12-31,36.62
CHTR,2026-08-15,estimate,epsEstHigh,FY2027-12-31,55.15
CHTR,2026-08-15,estimate,epsEstAnalysts,FY2027-12-31,17.0
CHTR,2026-08-15,estimate,epsEstGrowth,FY2027-12-31,0.0797
CHTR,2026-08-15,estimate,revEstAvg,FQ2026-09-30,13545724100.0
CHTR,2026-08-15,estimate,revEstLow,FQ2026-09-30,13399000000.0
CHTR,2026-08-15,estimate,revEstHigh,FQ2026-09-30,13607000000.0
CHTR,2026-08-15,estimate,revEstAnalysts,FQ2026-09-30,14.0
CHTR,2026-08-15,estimate,revEstGrowth,FQ2026-09-30,-0.0092
CHTR,2026-08-15,estimate,revEstAvg,FQ2026-12-31,13593487470.0
CHTR,2026-08-15,estimate,revEstLow,FQ2026-12-31,13390000000.0
CHTR,2026-08-15,estimate,revEstHigh,FQ2026-12-31,13718200000.0
CHTR,2026-08-15,estimate,revEstAnalysts,FQ2026-12-31,13.0
CHTR,2026-08-15,estimate,revEstGrowth,FQ2026-12-31,-0.00059999997
CHTR,2026-08-15,estimate,revEstAvg,FY2026-12-31,54248918870.0
CHTR,2026-08-15,estimate,revEstLow,FY2026-12-31,53913000000.0
CHTR,2026-08-15,estimate,revEstHigh,FY2026-12-31,54442000000.0
CHTR,2026-08-15,estimate,revEstAnalysts,FY2026-12-31,18.0
CHTR,2026-08-15,estimate,revEstGrowth,FY2026-12-31,-0.0095999995
CHTR,2026-08-15,estimate,revEstAvg,FY2027-12-31,53703877180.0
CHTR,2026-08-15,estimate,revEstLow,FY2027-12-31,52950599810.0
CHTR,2026-08-15,estimate,revEstHigh,FY2027-12-31,54381000000.0
CHTR,2026-08-15,estimate,revEstAnalysts,FY2027-12-31,17.0
CHTR,2026-08-15,estimate,revEstGrowth,FY2027-12-31,-0.01
CHTR,2026-08-15,estimate,epsRevUp7,FQ2026-09-30,0.0
CHTR,2026-08-15,estimate,epsRevUp30,FQ2026-09-30,0.0
CHTR,2026-08-15,estimate,epsRevDown7,FQ2026-09-30,2.0
CHTR,2026-08-15,estimate,epsRevDown30,FQ2026-09-30,3.0
CHTR,2026-08-15,estimate,epsRevUp7,FQ2026-12-31,0.0
CHTR,2026-08-15,estimate,epsRevUp30,FQ2026-12-31,0.0
CHTR,2026-08-15,estimate,epsRevDown7,FQ2026-12-31,2.0
CHTR,2026-08-15,estimate,epsRevDown30,FQ2026-12-31,3.0
CHTR,2026-08-15,estimate,epsRevUp7,FY2026-12-31,1.0
CHTR,2026-08-15,estimate,epsRevUp30,FY2026-12-31,1.0
CHTR,2026-08-15,estimate,epsRevDown7,FY2026-12-31,3.0
CHTR,2026-08-15,estimate,epsRevDown30,FY2026-12-31,5.0
CHTR,2026-08-15,estimate,epsRevUp7,FY2027-12-31,1.0
CHTR,2026-08-15,estimate,epsRevUp30,FY2027-12-31,1.0
CHTR,2026-08-15,estimate,epsRevDown7,FY2027-12-31,3.0
CHTR,2026-08-15,estimate,epsRevDown30,FY2027-12-31,11.0
AAPL,2026-08-15,estimate,epsEst,FQ2026-09-30,1.97656
AAPL,2026-08-08,estimate,epsEst,FQ2026-09-30,1.97549
AAPL,2026-07-16,estimate,epsEst,FQ2026-09-30,2.00825
AAPL,2026-06-16,estimate,epsEst,FQ2026-09-30,2.00801
AAPL,2026-05-17,estimate,epsEst,FQ2026-09-30,2.00366
AAPL,2026-08-15,estimate,epsEst,FQ2026-12-31,2.91256
AAPL,2026-08-08,estimate,epsEst,FQ2026-12-31,2.90908
AAPL,2026-07-16,estimate,epsEst,FQ2026-12-31,2.9496
AAPL,2026-06-16,estimate,epsEst,FQ2026-12-31,2.94699
AAPL,2026-05-17,estimate,epsEst,FQ2026-12-31,2.93003
AAPL,2026-08-15,estimate,epsEst,FY2026-09-30,8.80268
AAPL,2026-08-08,estimate,epsEst,FY2026-09-30,8.81384
AAPL,2026-07-16,estimate,epsEst,FY2026-09-30,8.7595
AAPL,2026-06-16,estimate,epsEst,FY2026-09-30,8.75705
AAPL,2026-05-17,estimate,epsEst,FY2026-09-30,8.736
AAPL,2026-08-15,estimate,epsEst,FY2027-09-30,9.53474
AAPL,2026-08-08,estimate,epsEst,FY2027-09-30,9.54902
AAPL,2026-07-16,estimate,epsEst,FY2027-09-30,9.68261
AAPL,2026-06-16,estimate,epsEst,FY2027-09-30,9.66703
AAPL,2026-05-17,estimate,epsEst,FY2027-09-30,9.61815
AAPL,2026-08-15,estimate,epsEstAvg,FQ2026-09-30,1.97656
AAPL,2026-08-15,estimate,epsEstLow,FQ2026-09-30,1.93
AAPL,2026-08-15,estimate,epsEstHigh,FQ2026-09-30,2.07
AAPL,2026-08-15,estimate,epsEstAnalysts,FQ2026-09-30,28.0
AAPL,2026-08-15,estimate,epsEstGrowth,FQ2026-09-30,0.0684
AAPL,2026-08-15,estimate,epsEstAvg,FQ2026-12-31,2.91256
AAPL,2026-08-15,estimate,epsEstLow,FQ2026-12-31,2.51
AAPL,2026-08-15,estimate,epsEstHigh,FQ2026-12-31,3.42
AAPL,2026-08-15,estimate,epsEstAnalysts,FQ2026-12-31,23.0
AAPL,2026-08-15,estimate,epsEstGrowth,FQ2026-12-31,0.0255
AAPL,2026-08-15,estimate,epsEstAvg,FY2026-09-30,8.80268
AAPL,2026-08-15,estimate,epsEstLow,FY2026-09-30,8.28
AAPL,2026-08-15,estimate,epsEstHigh,FY2026-09-30,8.94
AAPL,2026-08-15,estimate,epsEstAnalysts,FY2026-09-30,38.0
AAPL,2026-08-15,estimate,epsEstGrowth,FY2026-09-30,0.18
AAPL,2026-08-15,estimate,epsEstAvg,FY2027-09-30,9.53474
AAPL,2026-08-15,estimate,epsEstLow,FY2027-09-30,8.24
AAPL,2026-08-15,estimate,epsEstHigh,FY2027-09-30,10.67
AAPL,2026-08-15,estimate,epsEstAnalysts,FY2027-09-30,40.0
AAPL,2026-08-15,estimate,epsEstGrowth,FY2027-09-30,0.0832
AAPL,2026-08-15,estimate,revEstAvg,FQ2026-09-30,113550860190.0
AAPL,2026-08-15,estimate,revEstLow,FQ2026-09-30,112137000000.0
AAPL,2026-08-15,estimate,revEstHigh,FQ2026-09-30,117219700000.0
AAPL,2026-08-15,estimate,revEstAnalysts,FQ2026-09-30,28.0
AAPL,2026-08-15,estimate,revEstGrowth,FQ2026-09-30,0.1082
AAPL,2026-08-15,estimate,revEstAvg,FQ2026-12-31,154215461860.0
AAPL,2026-08-15,estimate,revEstLow,FQ2026-12-31,132850061129.0
AAPL,2026-08-15,estimate,revEstHigh,FQ2026-12-31,170414000000.0
AAPL,2026-08-15,estimate,revEstAnalysts,FQ2026-12-31,21.0
AAPL,2026-08-15,estimate,revEstGrowth,FQ2026-12-31,0.0728
AAPL,2026-08-15,estimate,revEstAvg,FY2026-09-30,477605184860.0
AAPL,2026-08-15,estimate,revEstLow,FY2026-09-30,471800000000.0
AAPL,2026-08-15,estimate,revEstHigh,FY2026-09-30,483750000000.0
AAPL,2026-08-15,estimate,revEstAnalysts,FY2026-09-30,33.0
AAPL,2026-08-15,estimate,revEstGrowth,FY2026-09-30,0.1476
AAPL,2026-08-15,estimate,revEstAvg,FY2027-09-30,523204888660.0
AAPL,2026-08-15,estimate,revEstLow,FY2027-09-30,483496000000.0
AAPL,2026-08-15,estimate,revEstHigh,FY2027-09-30,594863000000.0
AAPL,2026-08-15,estimate,revEstAnalysts,FY2027-09-30,40.0
AAPL,2026-08-15,estimate,revEstGrowth,FY2027-09-30,0.0955
AAPL,2026-08-15,estimate,epsRevUp7,FQ2026-09-30,1.0
AAPL,2026-08-15,estimate,epsRevUp30,FQ2026-09-30,4.0
AAPL,2026-08-15,estimate,epsRevDown7,FQ2026-09-30,1.0
AAPL,2026-08-15,estimate,epsRevDown30,FQ2026-09-30,2.0
AAPL,2026-08-15,estimate,epsRevUp7,FQ2026-12-31,2.0
AAPL,2026-08-15,estimate,epsRevUp30,FQ2026-12-31,5.0
AAPL,2026-08-15,estimate,epsRevDown7,FQ2026-12-31,0.0
AAPL,2026-08-15,estimate,epsRevDown30,FQ2026-12-31,0.0
AAPL,2026-08-15,estimate,epsRevUp7,FY2026-09-30,0.0
AAPL,2026-08-15,estimate,epsRevUp30,FY2026-09-30,5.0
AAPL,2026-08-15,estimate,epsRevDown7,FY2026-09-30,1.0
AAPL,2026-08-15,estimate,epsRevDown30,FY2026-09-30,2.0
AAPL,2026-08-15,estimate,epsRevUp7,FY2027-09-30,2.0
AAPL,2026-08-15,estimate,epsRevUp30,FY2027-09-30,7.0
AAPL,2026-08-15,estimate,epsRevDown7,FY2027-09-30,0.0
AAPL,2026-08-15,estimate,epsRevDown30,FY2027-09-30,1.0
CSCO,2026-08-15,estimate,epsEst,FQ2026-10-31,1.16883
CSCO,2026-08-08,estimate,epsEst,FQ2026-10-31,1.17034
CSCO,2026-07-16,estimate,epsEst,FQ2026-10-31,1.17009
CSCO,2026-06-16,estimate,epsEst,FQ2026-10-31,1.17009
CSCO,2026-05-17,estimate,epsEst,FQ2026-10-31,1.07223
CSCO,2026-08-15,estimate,epsEst,FQ2027-01-31,1.14495
CSCO,2026-08-08,estimate,epsEst,FQ2027-01-31,1.14445
CSCO,2026-07-16,estimate,epsEst,FQ2027-01-31,1.14445
CSCO,2026-06-16,estimate,epsEst,FQ2027-01-31,1.15395
CSCO,2026-05-17,estimate,epsEst,FQ2027-01-31,1.07637
CSCO,2026-08-15,estimate,epsEst,FY2027-07-31,4.27775
CSCO,2026-08-08,estimate,epsEst,FY2027-07-31,4.27764
CSCO,2026-07-16,estimate,epsEst,FY2027-07-31,4.27693
CSCO,2026-06-16,estimate,epsEst,FY2027-07-31,4.27693
CSCO,2026-05-17,estimate,epsEst,FY2027-07-31,4.15608
CSCO,2026-08-15,estimate,epsEst,FY2028-07-31,4.7958
CSCO,2026-08-08,estimate,epsEst,FY2028-07-31,4.79201
CSCO,2026-07-16,estimate,epsEst,FY2028-07-31,4.77673
CSCO,2026-06-16,estimate,epsEst,FY2028-07-31,4.77233
CSCO,2026-05-17,estimate,epsEst,FY2028-07-31,4.51158
CSCO,2026-08-15,estimate,epsEstAvg,FQ2026-10-31,1.16883
CSCO,2026-08-15,estimate,epsEstLow,FQ2026-10-31,1.15
CSCO,2026-08-15,estimate,epsEstHigh,FQ2026-10-31,1.19
CSCO,2026-08-15,estimate,epsEstAnalysts,FQ2026-10-31,21.0
CSCO,2026-08-15,estimate,epsEstGrowth,FQ2026-10-31,0.18059999
CSCO,2026-08-15,estimate,epsEstAvg,FQ2027-01-31,1.14495
CSCO,2026-08-15,estimate,epsEstLow,FQ2027-01-31,1.0
CSCO,2026-08-15,estimate,epsEstHigh,FQ2027-01-31,1.19
CSCO,2026-08-15,estimate,epsEstAnalysts,FQ2027-01-31,20.0
CSCO,2026-08-15,estimate,epsEstGrowth,FQ2027-01-31,0.1449
CSCO,2026-08-15,estimate,epsEstAvg,FY2027-07-31,4.27775
CSCO,2026-08-15,estimate,epsEstLow,FY2027-07-31,4.25
CSCO,2026-08-15,estimate,epsEstHigh,FY2027-07-31,4.32
CSCO,2026-08-15,estimate,epsEstAnalysts,FY2027-07-31,25.0
CSCO,2026-08-15,estimate,epsEstGrowth,FY2027-07-31,0.1228
CSCO,2026-08-15,estimate,epsEstAvg,FY2028-07-31,4.7958
CSCO,2026-08-15,estimate,epsEstLow,FY2028-07-31,4.63
CSCO,2026-08-15,estimate,epsEstHigh,FY2028-07-31,4.97
CSCO,2026-08-15,estimate,epsEstAnalysts,FY2028-07-31,25.0
CSCO,2026-08-15,estimate,epsEstGrowth,FY2028-07-31,0.12109999
CSCO,2026-08-15,estimate,revEstAvg,FQ2026-10-31,16827267250.0
CSCO,2026-08-15,estimate,revEstLow,FQ2026-10-31,16750797999.0
CSCO,2026-08-15,estimate,revEstHigh,FQ2026-10-31,16978000000.0
CSCO,2026-08-15,estimate,revEstAnalysts,FQ2026-10-31,20.0
CSCO,2026-08-15,estimate,revEstGrowth,FQ2026-10-31,0.1468
CSCO,2026-08-15,estimate,revEstAvg,FQ2027-01-31,16658125860.0
CSCO,2026-08-15,estimate,revEstLow,FQ2027-01-31,14883000000.0
CSCO,2026-08-15,estimate,revEstHigh,FQ2027-01-31,17172000000.0
CSCO,2026-08-15,estimate,revEstAnalysts,FQ2027-01-31,18.0
CSCO,2026-08-15,estimate,revEstGrowth,FQ2027-01-31,0.1193
CSCO,2026-08-15,estimate,revEstAvg,FY2027-07-31,62907091040.0
CSCO,2026-08-15,estimate,revEstLow,FY2027-07-31,62823798000.0
CSCO,2026-08-15,estimate,revEstHigh,FY2027-07-31,63065470000.0
CSCO,2026-08-15,estimate,revEstAnalysts,FY2027-07-31,24.0
CSCO,2026-08-15,estimate,revEstGrowth,FY2027-07-31,0.1104
CSCO,2026-08-15,estimate,revEstAvg,FY2028-07-31,68818006300.0
CSCO,2026-08-15,estimate,revEstLow,FY2028-07-31,67810464179.0
CSCO,2026-08-15,estimate,revEstHigh,FY2028-07-31,69896265650.0
CSCO,2026-08-15,estimate,revEstAnalysts,FY2028-07-31,24.0
CSCO,2026-08-15,estimate,revEstGrowth,FY2028-07-31,0.094
CSCO,2026-08-15,estimate,epsRevUp7,FQ2026-10-31,1.0
CSCO,2026-08-15,estimate,epsRevUp30,FQ2026-10-31,1.0
CSCO,2026-08-15,estimate,epsRevDown7,FQ2026-10-31,0.0
CSCO,2026-08-15,estimate,epsRevDown30,FQ2026-10-31,0.0
CSCO,2026-08-15,estimate,epsRevUp7,FQ2027-01-31,1.0
CSCO,2026-08-15,estimate,epsRevUp30,FQ2027-01-31,15.0
CSCO,2026-08-15,estimate,epsRevDown7,FQ2027-01-31,0.0
CSCO,2026-08-15,estimate,epsRevDown30,FQ2027-01-31,0.0
CSCO,2026-08-15,estimate,epsRevUp7,FY2027-07-31,1.0
CSCO,2026-08-15,estimate,epsRevUp30,FY2027-07-31,1.0
CSCO,2026-08-15,estimate,epsRevDown7,FY2027-07-31,0.0
CSCO,2026-08-15,estimate,epsRevDown30,FY2027-07-31,0.0
CSCO,2026-08-15,estimate,epsRevUp7,FY2028-07-31,2.0
CSCO,2026-08-15,estimate,epsRevUp30,FY2028-07-31,3.0
CSCO,2026-08-15,estimate,epsRevDown7,FY2028-07-31,0.0
CSCO,2026-08-15,estimate,epsRevDown30,FY2028-07-31,0.0
DELL,2026-08-15,estimate,epsEst,FQ2026-07-31,4.89675
DELL,2026-08-08,estimate,epsEst,FQ2026-07-31,4.90022
DELL,2026-07-16,estimate,epsEst,FQ2026-07-31,4.89104
DELL,2026-06-16,estimate,epsEst,FQ2026-07-31,4.87972
DELL,2026-05-17,estimate,epsEst,FQ2026-07-31,2.93619
DELL,2026-08-15,estimate,epsEst,FQ2026-10-31,3.8925
DELL,2026-08-08,estimate,epsEst,FQ2026-10-31,3.8925
DELL,2026-07-16,estimate,epsEst,FQ2026-10-31,3.8925
DELL,2026-06-16,estimate,epsEst,FQ2026-10-31,2.71667
DELL,2026-05-17,estimate,epsEst,FQ2026-10-31,2.76333
DELL,2026-08-15,estimate,epsEst,FY2027-01-31,18.53612
DELL,2026-08-08,estimate,epsEst,FY2027-01-31,18.41304
DELL,2026-07-16,estimate,epsEst,FY2027-01-31,18.38601
DELL,2026-06-16,estimate,epsEst,FY2027-01-31,18.35084
DELL,2026-05-17,estimate,epsEst,FY2027-01-31,12.9854
DELL,2026-08-15,estimate,epsEst,FY2028-01-31,19.4275
DELL,2026-08-08,estimate,epsEst,FY2028-01-31,19.4275
DELL,2026-07-16,estimate,epsEst,FY2028-01-31,18.3525
DELL,2026-06-16,estimate,epsEst,FY2028-01-31,18.3525
DELL,2026-05-17,estimate,epsEst,FY2028-01-31,12.53
DELL,2026-08-15,estimate,epsEstAvg,FQ2026-07-31,4.89675
DELL,2026-08-15,estimate,epsEstLow,FQ2026-07-31,4.75
DELL,2026-08-15,estimate,epsEstHigh,FQ2026-07-31,5.19
DELL,2026-08-15,estimate,epsEstAnalysts,FQ2026-07-31,23.0
DELL,2026-08-15,estimate,epsEstGrowth,FQ2026-07-31,1.1107
DELL,2026-08-15,estimate,epsEstAvg,FQ2026-10-31,3.8925
DELL,2026-08-15,estimate,epsEstLow,FQ2026-10-31,3.65
DELL,2026-08-15,estimate,epsEstHigh,FQ2026-10-31,4.28
DELL,2026-08-15,estimate,epsEstAnalysts,FQ2026-10-31,4.0
DELL,2026-08-15,estimate,epsEstGrowth,FQ2026-10-31,0.7072
DELL,2026-08-15,estimate,epsEstAvg,FY2027-01-31,18.53612
DELL,2026-08-15,estimate,epsEstLow,FY2027-01-31,15.03
DELL,2026-08-15,estimate,epsEstHigh,FY2027-01-31,23.93
DELL,2026-08-15,estimate,epsEstAnalysts,FY2027-01-31,26.0
DELL,2026-08-15,estimate,epsEstGrowth,FY2027-01-31,0.7996
DELL,2026-08-15,estimate,epsEstAvg,FY2028-01-31,19.4275
DELL,2026-08-15,estimate,epsEstLow,FY2028-01-31,9.67
DELL,2026-08-15,estimate,epsEstHigh,FY2028-01-31,23.66
DELL,2026-08-15,estimate,epsEstAnalysts,FY2028-01-31,8.0
DELL,2026-08-15,estimate,epsEstGrowth,FY2028-01-31,0.14039999
DELL,2026-08-15,estimate,revEstAvg,FQ2026-07-31,44418978920.0
DELL,2026-08-15,estimate,revEstLow,FQ2026-07-31,35101000000.0
DELL,2026-08-15,estimate,revEstHigh,FQ2026-07-31,46214669350.0
DELL,2026-08-15,estimate,revEstAnalysts,FQ2026-07-31,21.0
DELL,2026-08-15,estimate,revEstGrowth,FQ2026-07-31,0.4918
DELL,2026-08-15,estimate,revEstAvg,FQ2026-10-31,40633142510.0
DELL,2026-08-15,estimate,revEstLow,FQ2026-10-31,34325000000.0
DELL,2026-08-15,estimate,revEstHigh,FQ2026-10-31,46001000000.0
DELL,2026-08-15,estimate,revEstAnalysts,FQ2026-10-31,21.0
DELL,2026-08-15,estimate,revEstGrowth,FQ2026-10-31,0.5047
DELL,2026-08-15,estimate,revEstAvg,FY2027-01-31,171625346340.0
DELL,2026-08-15,estimate,revEstLow,FY2027-01-31,150538000000.0
DELL,2026-08-15,estimate,revEstHigh,FY2027-01-31,213286750030.0
DELL,2026-08-15,estimate,revEstAnalysts,FY2027-01-31,24.0
DELL,2026-08-15,estimate,revEstGrowth,FY2027-01-31,0.5116
DELL,2026-08-15,estimate,revEstAvg,FY2028-01-31,193857124860.0
DELL,2026-08-15,estimate,revEstLow,FY2028-01-31,137501000000.0
DELL,2026-08-15,estimate,revEstHigh,FY2028-01-31,254213418260.0
DELL,2026-08-15,estimate,revEstAnalysts,FY2028-01-31,25.0
DELL,2026-08-15,estimate,revEstGrowth,FY2028-01-31,0.1295
DELL,2026-08-15,estimate,epsRevUp7,FQ2026-07-31,1.0
DELL,2026-08-15,estimate,epsRevUp30,FQ2026-07-31,2.0
DELL,2026-08-15,estimate,epsRevDown7,FQ2026-07-31,0.0
DELL,2026-08-15,estimate,epsRevDown30,FQ2026-07-31,0.0
DELL,2026-08-15,estimate,epsRevUp7,FQ2026-10-31,1.0
DELL,2026-08-15,estimate,epsRevUp30,FQ2026-10-31,1.0
DELL,2026-08-15,estimate,epsRevDown7,FQ2026-10-31,0.0
DELL,2026-08-15,estimate,epsRevDown30,FQ2026-10-31,0.0
DELL,2026-08-15,estimate,epsRevUp7,FY2027-01-31,1.0
DELL,2026-08-15,estimate,epsRevUp30,FY2027-01-31,3.0
DELL,2026-08-15,estimate,epsRevDown7,FY2027-01-31,0.0
DELL,2026-08-15,estimate,epsRevDown30,FY2027-01-31,0.0
DELL,2026-08-15,estimate,epsRevUp7,FY2028-01-31,1.0
DELL,2026-08-15,estimate,epsRevUp30,FY2028-01-31,1.0
DELL,2026-08-15,estimate,epsRevDown7,FY2028-01-31,0.0
DELL,2026-08-15,estimate,epsRevDown30,FY2028-01-31,0.0
SMCI,2026-08-15,estimate,epsEst,FQ2026-09-30,0.75544
SMCI,2026-08-08,estimate,epsEst,FQ2026-09-30,0.75544
SMCI,2026-07-16,estimate,epsEst,FQ2026-09-30,0.6606
SMCI,2026-06-16,estimate,epsEst,FQ2026-09-30,0.67597
SMCI,2026-05-17,estimate,epsEst,FQ2026-09-30,0.66131
SMCI,2026-08-15,estimate,epsEst,FQ2026-12-31,0.82723
SMCI,2026-08-08,estimate,epsEst,FQ2026-12-31,0.82723
SMCI,2026-07-16,estimate,epsEst,FQ2026-12-31,0.76474
SMCI,2026-06-16,estimate,epsEst,FQ2026-12-31,0.78506
SMCI,2026-05-17,estimate,epsEst,FQ2026-12-31,0.78772
SMCI,2026-08-15,estimate,epsEst,FY2027-06-30,3.31159
SMCI,2026-08-08,estimate,epsEst,FY2027-06-30,3.31159
SMCI,2026-07-16,estimate,epsEst,FY2027-06-30,3.17161
SMCI,2026-06-16,estimate,epsEst,FY2027-06-30,3.24058
SMCI,2026-05-17,estimate,epsEst,FY2027-06-30,3.22944
SMCI,2026-08-15,estimate,epsEst,FY2028-06-30,3.85795
SMCI,2026-08-08,estimate,epsEst,FY2028-06-30,3.85795
SMCI,2026-07-16,estimate,epsEst,FY2028-06-30,3.70913
SMCI,2026-06-16,estimate,epsEst,FY2028-06-30,3.70913
SMCI,2026-05-17,estimate,epsEst,FY2028-06-30,3.77527
SMCI,2026-08-15,estimate,epsEstAvg,FQ2026-09-30,0.75544
SMCI,2026-08-15,estimate,epsEstLow,FQ2026-09-30,0.52
SMCI,2026-08-15,estimate,epsEstHigh,FQ2026-09-30,1.32
SMCI,2026-08-15,estimate,epsEstAnalysts,FQ2026-09-30,15.0
SMCI,2026-08-15,estimate,epsEstGrowth,FQ2026-09-30,1.1583999
SMCI,2026-08-15,estimate,epsEstAvg,FQ2026-12-31,0.82723
SMCI,2026-08-15,estimate,epsEstLow,FQ2026-12-31,0.55
SMCI,2026-08-15,estimate,epsEstHigh,FQ2026-12-31,1.06
SMCI,2026-08-15,estimate,epsEstAnalysts,FQ2026-12-31,15.0
SMCI,2026-08-15,estimate,epsEstGrowth,FQ2026-12-31,0.1989
SMCI,2026-08-15,estimate,epsEstAvg,FY2027-06-30,3.31159
SMCI,2026-08-15,estimate,epsEstLow,FY2027-06-30,2.25
SMCI,2026-08-15,estimate,epsEstHigh,FY2027-06-30,4.64
SMCI,2026-08-15,estimate,epsEstAnalysts,FY2027-06-30,19.0
SMCI,2026-08-15,estimate,epsEstGrowth,FY2027-06-30,-0.0877
SMCI,2026-08-15,estimate,epsEstAvg,FY2028-06-30,3.85795
SMCI,2026-08-15,estimate,epsEstLow,FY2028-06-30,3.15
SMCI,2026-08-15,estimate,epsEstHigh,FY2028-06-30,4.87
SMCI,2026-08-15,estimate,epsEstAnalysts,FY2028-06-30,9.0
SMCI,2026-08-15,estimate,epsEstGrowth,FY2028-06-30,0.165
SMCI,2026-08-15,estimate,revEstAvg,FQ2026-09-30,12089437830.0
SMCI,2026-08-15,estimate,revEstLow,FQ2026-09-30,10537400000.0
SMCI,2026-08-15,estimate,revEstHigh,FQ2026-09-30,15409000000.0
SMCI,2026-08-15,estimate,revEstAnalysts,FQ2026-09-30,14.0
SMCI,2026-08-15,estimate,revEstGrowth,FQ2026-09-30,1.4093
SMCI,2026-08-15,estimate,revEstAvg,FQ2026-12-31,13257752540.0
SMCI,2026-08-15,estimate,revEstLow,FQ2026-12-31,11949196000.0
SMCI,2026-08-15,estimate,revEstHigh,FQ2026-12-31,15073660910.0
SMCI,2026-08-15,estimate,revEstAnalysts,FQ2026-12-31,14.0
SMCI,2026-08-15,estimate,revEstGrowth,FQ2026-12-31,0.0454
SMCI,2026-08-15,estimate,revEstAvg,FY2027-06-30,53291700140.0
SMCI,2026-08-15,estimate,revEstLow,FY2027-06-30,47030400000.0
SMCI,2026-08-15,estimate,revEstHigh,FY2027-06-30,63613446730.0
SMCI,2026-08-15,estimate,revEstAnalysts,FY2027-06-30,16.0
SMCI,2026-08-15,estimate,revEstGrowth,FY2027-06-30,0.3642
SMCI,2026-08-15,estimate,revEstAvg,FY2028-06-30,64866883440.0
SMCI,2026-08-15,estimate,revEstLow,FY2028-06-30,54104230000.0
SMCI,2026-08-15,estimate,revEstHigh,FY2028-06-30,80301536150.0
SMCI,2026-08-15,estimate,revEstAnalysts,FY2028-06-30,9.0
SMCI,2026-08-15,estimate,revEstGrowth,FY2028-06-30,0.2172
SMCI,2026-08-15,estimate,epsRevUp7,FQ2026-09-30,5.0
SMCI,2026-08-15,estimate,epsRevUp30,FQ2026-09-30,5.0
SMCI,2026-08-15,estimate,epsRevDown7,FQ2026-09-30,0.0
SMCI,2026-08-15,estimate,epsRevDown30,FQ2026-09-30,1.0
SMCI,2026-08-15,estimate,epsRevUp7,FQ2026-12-31,5.0
SMCI,2026-08-15,estimate,epsRevUp30,FQ2026-12-31,5.0
SMCI,2026-08-15,estimate,epsRevDown7,FQ2026-12-31,0.0
SMCI,2026-08-15,estimate,epsRevDown30,FQ2026-12-31,1.0
SMCI,2026-08-15,estimate,epsRevUp7,FY2027-06-30,5.0
SMCI,2026-08-15,estimate,epsRevUp30,FY2027-06-30,6.0
SMCI,2026-08-15,estimate,epsRevDown7,FY2027-06-30,1.0
SMCI,2026-08-15,estimate,epsRevDown30,FY2027-06-30,1.0
SMCI,2026-08-15,estimate,epsRevUp7,FY2028-06-30,2.0
SMCI,2026-08-15,estimate,epsRevUp30,FY2028-06-30,3.0
SMCI,2026-08-15,estimate,epsRevDown7,FY2028-06-30,1.0
SMCI,2026-08-15,estimate,epsRevDown30,FY2028-06-30,1.0
ANET,2026-08-15,estimate,epsEst,FQ2026-09-30,1.07679
ANET,2026-08-08,estimate,epsEst,FQ2026-09-30,0.9167
ANET,2026-07-16,estimate,epsEst,FQ2026-09-30,0.91297
ANET,2026-06-16,estimate,epsEst,FQ2026-09-30,0.9131
ANET,2026-05-17,estimate,epsEst,FQ2026-09-30,0.91297
ANET,2026-08-15,estimate,epsEst,FQ2026-12-31,1.14825
ANET,2026-08-08,estimate,epsEst,FQ2026-12-31,0.97067
ANET,2026-07-16,estimate,epsEst,FQ2026-12-31,0.96653
ANET,2026-06-16,estimate,epsEst,FQ2026-12-31,0.96669
ANET,2026-05-17,estimate,epsEst,FQ2026-12-31,0.96653
ANET,2026-08-15,estimate,epsEst,FY2026-12-31,4.11295
ANET,2026-08-08,estimate,epsEst,FY2026-12-31,3.63631
ANET,2026-07-16,estimate,epsEst,FY2026-12-31,3.62724
ANET,2026-06-16,estimate,epsEst,FY2026-12-31,3.62941
ANET,2026-05-17,estimate,epsEst,FY2026-12-31,3.62926
ANET,2026-08-15,estimate,epsEst,FY2027-12-31,5.15956
ANET,2026-08-08,estimate,epsEst,FY2027-12-31,4.46749
ANET,2026-07-16,estimate,epsEst,FY2027-12-31,4.45434
ANET,2026-06-16,estimate,epsEst,FY2027-12-31,4.44965
ANET,2026-05-17,estimate,epsEst,FY2027-12-31,4.43436
ANET,2026-08-15,estimate,epsEstAvg,FQ2026-09-30,1.07679
ANET,2026-08-15,estimate,epsEstLow,FQ2026-09-30,1.059
ANET,2026-08-15,estimate,epsEstHigh,FQ2026-09-30,1.12
ANET,2026-08-15,estimate,epsEstAnalysts,FQ2026-09-30,24.0
ANET,2026-08-15,estimate,epsEstGrowth,FQ2026-09-30,0.4357
ANET,2026-08-15,estimate,epsEstAvg,FQ2026-12-31,1.14825
ANET,2026-08-15,estimate,epsEstLow,FQ2026-12-31,1.09
ANET,2026-08-15,estimate,epsEstHigh,FQ2026-12-31,1.22
ANET,2026-08-15,estimate,epsEstAnalysts,FQ2026-12-31,23.0
ANET,2026-08-15,estimate,epsEstGrowth,FQ2026-12-31,0.4003
ANET,2026-08-15,estimate,epsEstAvg,FY2026-12-31,4.11295
ANET,2026-08-15,estimate,epsEstLow,FY2026-12-31,4.05
ANET,2026-08-15,estimate,epsEstHigh,FY2026-12-31,4.22
ANET,2026-08-15,estimate,epsEstAnalysts,FY2026-12-31,26.0
ANET,2026-08-15,estimate,epsEstGrowth,FY2026-12-31,0.3802
ANET,2026-08-15,estimate,epsEstAvg,FY2027-12-31,5.15956
ANET,2026-08-15,estimate,epsEstLow,FY2027-12-31,4.4
ANET,2026-08-15,estimate,epsEstHigh,FY2027-12-31,5.73
ANET,2026-08-15,estimate,epsEstAnalysts,FY2027-12-31,27.0
ANET,2026-08-15,estimate,epsEstGrowth,FY2027-12-31,0.2545
ANET,2026-08-15,estimate,revEstAvg,FQ2026-09-30,3326661280.0
ANET,2026-08-15,estimate,revEstLow,FQ2026-09-30,3300000000.0
ANET,2026-08-15,estimate,revEstHigh,FQ2026-09-30,3482751000.0
ANET,2026-08-15,estimate,revEstAnalysts,FQ2026-09-30,21.0
ANET,2026-08-15,estimate,revEstGrowth,FQ2026-09-30,0.4412
ANET,2026-08-15,estimate,revEstAvg,FQ2026-12-31,3587305380.0
ANET,2026-08-15,estimate,revEstLow,FQ2026-12-31,3535600000.0
ANET,2026-08-15,estimate,revEstHigh,FQ2026-12-31,3775165000.0
ANET,2026-08-15,estimate,revEstAnalysts,FQ2026-12-31,20.0
ANET,2026-08-15,estimate,revEstGrowth,FQ2026-12-31,0.442
ANET,2026-08-15,estimate,revEstAvg,FY2026-12-31,12667512030.0
ANET,2026-08-15,estimate,revEstLow,FY2026-12-31,12598100000.0
ANET,2026-08-15,estimate,revEstHigh,FY2026-12-31,13002616000.0
ANET,2026-08-15,estimate,revEstAnalysts,FY2026-12-31,24.0
ANET,2026-08-15,estimate,revEstGrowth,FY2026-12-31,0.4066
ANET,2026-08-15,estimate,revEstAvg,FY2027-12-31,16156969840.0
ANET,2026-08-15,estimate,revEstLow,FY2027-12-31,14122340000.0
ANET,2026-08-15,estimate,revEstHigh,FY2027-12-31,17212981000.0
ANET,2026-08-15,estimate,revEstAnalysts,FY2027-12-31,26.0
ANET,2026-08-15,estimate,revEstGrowth,FY2027-12-31,0.2755
ANET,2026-08-15,estimate,epsRevUp7,FQ2026-09-30,3.0
ANET,2026-08-15,estimate,epsRevUp30,FQ2026-09-30,3.0
ANET,2026-08-15,estimate,epsRevDown7,FQ2026-09-30,0.0
ANET,2026-08-15,estimate,epsRevDown30,FQ2026-09-30,0.0
ANET,2026-08-15,estimate,epsRevUp7,FQ2026-12-31,3.0
ANET,2026-08-15,estimate,epsRevUp30,FQ2026-12-31,3.0
ANET,2026-08-15,estimate,epsRevDown7,FQ2026-12-31,0.0
ANET,2026-08-15,estimate,epsRevDown30,FQ2026-12-31,0.0
ANET,2026-08-15,estimate,epsRevUp7,FY2026-12-31,3.0
ANET,2026-08-15,estimate,epsRevUp30,FY2026-12-31,3.0
ANET,2026-08-15,estimate,epsRevDown7,FY2026-12-31,0.0
ANET,2026-08-15,estimate,epsRevDown30,FY2026-12-31,0.0
ANET,2026-08-15,estimate,epsRevUp7,FY2027-12-31,3.0
ANET,2026-08-15,estimate,epsRevUp30,FY2027-12-31,4.0
ANET,2026-08-15,estimate,epsRevDown7,FY2027-12-31,0.0
ANET,2026-08-15,estimate,epsRevDown30,FY2027-12-31,0.0
WDC,2026-08-15,estimate,epsEst,FQ2026-09-30,4.0424
WDC,2026-08-08,estimate,epsEst,FQ2026-09-30,3.77727
WDC,2026-07-16,estimate,epsEst,FQ2026-09-30,3.70829
WDC,2026-06-16,estimate,epsEst,FQ2026-09-30,3.63707
WDC,2026-05-17,estimate,epsEst,FQ2026-09-30,3.59048
WDC,2026-08-15,estimate,epsEst,FQ2026-12-31,4.67158
WDC,2026-08-08,estimate,epsEst,FQ2026-12-31,4.38966
WDC,2026-07-16,estimate,epsEst,FQ2026-12-31,4.23439
WDC,2026-06-16,estimate,epsEst,FQ2026-12-31,4.11047
WDC,2026-05-17,estimate,epsEst,FQ2026-12-31,3.99139
WDC,2026-08-15,estimate,epsEst,FY2027-06-30,20.10436
WDC,2026-08-08,estimate,epsEst,FY2027-06-30,18.45008
WDC,2026-07-16,estimate,epsEst,FY2027-06-30,17.97708
WDC,2026-06-16,estimate,epsEst,FY2027-06-30,17.51922
WDC,2026-05-17,estimate,epsEst,FY2027-06-30,17.04047
WDC,2026-08-15,estimate,epsEst,FY2028-06-30,31.69948
WDC,2026-08-08,estimate,epsEst,FY2028-06-30,29.33886
WDC,2026-07-16,estimate,epsEst,FY2028-06-30,26.08407
WDC,2026-06-16,estimate,epsEst,FY2028-06-30,25.78421
WDC,2026-05-17,estimate,epsEst,FY2028-06-30,24.58101
WDC,2026-08-15,estimate,epsEstAvg,FQ2026-09-30,4.0424
WDC,2026-08-15,estimate,epsEstLow,FQ2026-09-30,3.996
WDC,2026-08-15,estimate,epsEstHigh,FQ2026-09-30,4.23
WDC,2026-08-15,estimate,epsEstAnalysts,FQ2026-09-30,19.0
WDC,2026-08-15,estimate,epsEstGrowth,FQ2026-09-30,1.271
WDC,2026-08-15,estimate,epsEstAvg,FQ2026-12-31,4.67158
WDC,2026-08-15,estimate,epsEstLow,FQ2026-12-31,4.19
WDC,2026-08-15,estimate,epsEstHigh,FQ2026-12-31,5.24
WDC,2026-08-15,estimate,epsEstAnalysts,FQ2026-12-31,19.0
WDC,2026-08-15,estimate,epsEstGrowth,FQ2026-12-31,1.1932
WDC,2026-08-15,estimate,epsEstAvg,FY2027-06-30,20.10436
WDC,2026-08-15,estimate,epsEstLow,FY2027-06-30,15.76
WDC,2026-08-15,estimate,epsEstHigh,FY2027-06-30,23.5
WDC,2026-08-15,estimate,epsEstAnalysts,FY2027-06-30,21.0
WDC,2026-08-15,estimate,epsEstGrowth,FY2027-06-30,0.96720004
WDC,2026-08-15,estimate,epsEstAvg,FY2028-06-30,31.69948
WDC,2026-08-15,estimate,epsEstLow,FY2028-06-30,21.95
WDC,2026-08-15,estimate,epsEstHigh,FY2028-06-30,45.36
WDC,2026-08-15,estimate,epsEstAnalysts,FY2028-06-30,18.0
WDC,2026-08-15,estimate,epsEstGrowth,FY2028-06-30,0.5767
WDC,2026-08-15,estimate,revEstAvg,FQ2026-09-30,4133316480.0
WDC,2026-08-15,estimate,revEstLow,FQ2026-09-30,4099800000.0
WDC,2026-08-15,estimate,revEstHigh,FQ2026-09-30,4269893850.0
WDC,2026-08-15,estimate,revEstAnalysts,FQ2026-09-30,19.0
WDC,2026-08-15,estimate,revEstGrowth,FQ2026-09-30,0.4668
WDC,2026-08-15,estimate,revEstAvg,FQ2026-12-31,4542081280.0
WDC,2026-08-15,estimate,revEstLow,FQ2026-12-31,4335700000.0
WDC,2026-08-15,estimate,revEstHigh,FQ2026-12-31,5025665060.0
WDC,2026-08-15,estimate,revEstAnalysts,FQ2026-12-31,19.0
WDC,2026-08-15,estimate,revEstGrowth,FQ2026-12-31,0.5055
WDC,2026-08-15,estimate,revEstAvg,FY2027-06-30,19212460640.0
WDC,2026-08-15,estimate,revEstLow,FY2027-06-30,18460000000.0
WDC,2026-08-15,estimate,revEstHigh,FY2027-06-30,21749669150.0
WDC,2026-08-15,estimate,revEstAnalysts,FY2027-06-30,20.0
WDC,2026-08-15,estimate,revEstGrowth,FY2027-06-30,0.4871
WDC,2026-08-15,estimate,revEstAvg,FY2028-06-30,26157059330.0
WDC,2026-08-15,estimate,revEstLow,FY2028-06-30,20254000000.0
WDC,2026-08-15,estimate,revEstHigh,FY2028-06-30,34240450100.0
WDC,2026-08-15,estimate,revEstAnalysts,FY2028-06-30,20.0
WDC,2026-08-15,estimate,revEstGrowth,FY2028-06-30,0.36150002
WDC,2026-08-15,estimate,epsRevUp7,FQ2026-09-30,1.0
WDC,2026-08-15,estimate,epsRevUp30,FQ2026-09-30,4.0
WDC,2026-08-15,estimate,epsRevDown7,FQ2026-09-30,0.0
WDC,2026-08-15,estimate,epsRevDown30,FQ2026-09-30,0.0
WDC,2026-08-15,estimate,epsRevUp7,FQ2026-12-31,1.0
WDC,2026-08-15,estimate,epsRevUp30,FQ2026-12-31,4.0
WDC,2026-08-15,estimate,epsRevDown7,FQ2026-12-31,0.0
WDC,2026-08-15,estimate,epsRevDown30,FQ2026-12-31,0.0
WDC,2026-08-15,estimate,epsRevUp7,FY2027-06-30,2.0
WDC,2026-08-15,estimate,epsRevUp30,FY2027-06-30,5.0
WDC,2026-08-15,estimate,epsRevDown7,FY2027-06-30,1.0
WDC,2026-08-15,estimate,epsRevDown30,FY2027-06-30,1.0
WDC,2026-08-15,estimate,epsRevUp7,FY2028-06-30,2.0
WDC,2026-08-15,estimate,epsRevUp30,FY2028-06-30,4.0
WDC,2026-08-15,estimate,epsRevDown7,FY2028-06-30,1.0
WDC,2026-08-15,estimate,epsRevDown30,FY2028-06-30,1.0
STX,2026-08-15,estimate,epsEst,FQ2026-09-30,7.34882
STX,2026-08-08,estimate,epsEst,FQ2026-09-30,7.34882
STX,2026-07-16,estimate,epsEst,FQ2026-09-30,5.75413
STX,2026-06-16,estimate,epsEst,FQ2026-09-30,5.6448
STX,2026-05-17,estimate,epsEst,FQ2026-09-30,5.55651
STX,2026-08-15,estimate,epsEst,FQ2026-12-31,8.38022
STX,2026-08-08,estimate,epsEst,FQ2026-12-31,8.38022
STX,2026-07-16,estimate,epsEst,FQ2026-12-31,6.55145
STX,2026-06-16,estimate,epsEst,FQ2026-12-31,6.33869
STX,2026-05-17,estimate,epsEst,FQ2026-12-31,6.17175
STX,2026-08-15,estimate,epsEst,FY2027-06-30,35.78091
STX,2026-08-08,estimate,epsEst,FY2027-06-30,35.78091
STX,2026-07-16,estimate,epsEst,FY2027-06-30,27.73976
STX,2026-06-16,estimate,epsEst,FY2027-06-30,26.94133
STX,2026-05-17,estimate,epsEst,FY2027-06-30,26.17989
STX,2026-08-15,estimate,epsEst,FY2028-06-30,55.3714
STX,2026-08-08,estimate,epsEst,FY2028-06-30,55.3714
STX,2026-07-16,estimate,epsEst,FY2028-06-30,43.44371
STX,2026-06-16,estimate,epsEst,FY2028-06-30,40.87729
STX,2026-05-17,estimate,epsEst,FY2028-06-30,38.91701
STX,2026-08-15,estimate,epsEstAvg,FQ2026-09-30,7.34882
STX,2026-08-15,estimate,epsEstLow,FQ2026-09-30,7.29
STX,2026-08-15,estimate,epsEstHigh,FQ2026-09-30,7.59
STX,2026-08-15,estimate,epsEstAnalysts,FQ2026-09-30,20.0
STX,2026-08-15,estimate,epsEstGrowth,FQ2026-09-30,1.8155999
STX,2026-08-15,estimate,epsEstAvg,FQ2026-12-31,8.38022
STX,2026-08-15,estimate,epsEstLow,FQ2026-12-31,7.63
STX,2026-08-15,estimate,epsEstHigh,FQ2026-12-31,9.39
STX,2026-08-15,estimate,epsEstAnalysts,FQ2026-12-31,20.0
STX,2026-08-15,estimate,epsEstGrowth,FQ2026-12-31,1.6946001
STX,2026-08-15,estimate,epsEstAvg,FY2027-06-30,35.78091
STX,2026-08-15,estimate,epsEstLow,FY2027-06-30,32.06
STX,2026-08-15,estimate,epsEstHigh,FY2027-06-30,41.89
STX,2026-08-15,estimate,epsEstAnalysts,FY2027-06-30,21.0
STX,2026-08-15,estimate,epsEstGrowth,FY2027-06-30,1.2966
STX,2026-08-15,estimate,epsEstAvg,FY2028-06-30,55.3714
STX,2026-08-15,estimate,epsEstLow,FY2028-06-30,35.24
STX,2026-08-15,estimate,epsEstHigh,FY2028-06-30,80.11
STX,2026-08-15,estimate,epsEstAnalysts,FY2028-06-30,19.0
STX,2026-08-15,estimate,epsEstGrowth,FY2028-06-30,0.5475
STX,2026-08-15,estimate,revEstAvg,FQ2026-09-30,4120498170.0
STX,2026-08-15,estimate,revEstLow,FQ2026-09-30,4027500000.0
STX,2026-08-15,estimate,revEstHigh,FQ2026-09-30,4212057210.0
STX,2026-08-15,estimate,revEstAnalysts,FQ2026-09-30,19.0
STX,2026-08-15,estimate,revEstGrowth,FQ2026-09-30,0.5673
STX,2026-08-15,estimate,revEstAvg,FQ2026-12-31,4486240850.0
STX,2026-08-15,estimate,revEstLow,FQ2026-12-31,4234000000.0
STX,2026-08-15,estimate,revEstHigh,FQ2026-12-31,5007599270.0
STX,2026-08-15,estimate,revEstAnalysts,FQ2026-12-31,19.0
STX,2026-08-15,estimate,revEstGrowth,FQ2026-12-31,0.588
STX,2026-08-15,estimate,revEstAvg,FY2027-06-30,18806865590.0
STX,2026-08-15,estimate,revEstLow,FY2027-06-30,17470229080.0
STX,2026-08-15,estimate,revEstHigh,FY2027-06-30,21978227700.0
STX,2026-08-15,estimate,revEstAnalysts,FY2027-06-30,20.0
STX,2026-08-15,estimate,revEstGrowth,FY2027-06-30,0.5422
STX,2026-08-15,estimate,revEstAvg,FY2028-06-30,25012034460.0
STX,2026-08-15,estimate,revEstLow,FY2028-06-30,19100000000.0
STX,2026-08-15,estimate,revEstHigh,FY2028-06-30,35515262180.0
STX,2026-08-15,estimate,revEstAnalysts,FY2028-06-30,20.0
STX,2026-08-15,estimate,revEstGrowth,FY2028-06-30,0.32990003
STX,2026-08-15,estimate,epsRevUp7,FQ2026-09-30,3.0
STX,2026-08-15,estimate,epsRevUp30,FQ2026-09-30,6.0
STX,2026-08-15,estimate,epsRevDown7,FQ2026-09-30,0.0
STX,2026-08-15,estimate,epsRevDown30,FQ2026-09-30,0.0
STX,2026-08-15,estimate,epsRevUp7,FQ2026-12-31,2.0
STX,2026-08-15,estimate,epsRevUp30,FQ2026-12-31,5.0
STX,2026-08-15,estimate,epsRevDown7,FQ2026-12-31,0.0
STX,2026-08-15,estimate,epsRevDown30,FQ2026-12-31,0.0
STX,2026-08-15,estimate,epsRevUp7,FY2027-06-30,3.0
STX,2026-08-15,estimate,epsRevUp30,FY2027-06-30,6.0
STX,2026-08-15,estimate,epsRevDown7,FY2027-06-30,1.0
STX,2026-08-15,estimate,epsRevDown30,FY2027-06-30,1.0
STX,2026-08-15,estimate,epsRevUp7,FY2028-06-30,5.0
STX,2026-08-15,estimate,epsRevUp30,FY2028-06-30,7.0
STX,2026-08-15,estimate,epsRevDown7,FY2028-06-30,0.0
STX,2026-08-15,estimate,epsRevDown30,FY2028-06-30,0.0
NTAP,2026-08-15,estimate,epsEst,FQ2026-07-31,2.11118
NTAP,2026-08-08,estimate,epsEst,FQ2026-07-31,2.11059
NTAP,2026-07-16,estimate,epsEst,FQ2026-07-31,2.11102
NTAP,2026-06-16,estimate,epsEst,FQ2026-07-31,2.10921
NTAP,2026-05-17,estimate,epsEst,FQ2026-07-31,1.84317
NTAP,2026-08-15,estimate,epsEst,FQ2026-10-31,2.15376
NTAP,2026-08-08,estimate,epsEst,FQ2026-10-31,2.14493
NTAP,2026-07-16,estimate,epsEst,FQ2026-10-31,2.14455
NTAP,2026-06-16,estimate,epsEst,FQ2026-10-31,2.14421
NTAP,2026-05-17,estimate,epsEst,FQ2026-10-31,2.10846
NTAP,2026-08-15,estimate,epsEst,FY2027-04-30,8.97066
NTAP,2026-08-08,estimate,epsEst,FY2027-04-30,8.90487
NTAP,2026-07-16,estimate,epsEst,FY2027-04-30,8.90464
NTAP,2026-06-16,estimate,epsEst,FY2027-04-30,8.89934
NTAP,2026-05-17,estimate,epsEst,FY2027-04-30,8.52967
NTAP,2026-08-15,estimate,epsEst,FY2028-04-30,9.96054
NTAP,2026-08-08,estimate,epsEst,FY2028-04-30,9.83832
NTAP,2026-07-16,estimate,epsEst,FY2028-04-30,9.84372
NTAP,2026-06-16,estimate,epsEst,FY2028-04-30,9.85982
NTAP,2026-05-17,estimate,epsEst,FY2028-04-30,9.40976
NTAP,2026-08-15,estimate,epsEstAvg,FQ2026-07-31,2.11118
NTAP,2026-08-15,estimate,epsEstLow,FQ2026-07-31,2.08202
NTAP,2026-08-15,estimate,epsEstHigh,FQ2026-07-31,2.16
NTAP,2026-08-15,estimate,epsEstAnalysts,FQ2026-07-31,17.0
NTAP,2026-08-15,estimate,epsEstGrowth,FQ2026-07-31,0.3621
NTAP,2026-08-15,estimate,epsEstAvg,FQ2026-10-31,2.15376
NTAP,2026-08-15,estimate,epsEstLow,FQ2026-10-31,2.05
NTAP,2026-08-15,estimate,epsEstHigh,FQ2026-10-31,2.42
NTAP,2026-08-15,estimate,epsEstAnalysts,FQ2026-10-31,17.0
NTAP,2026-08-15,estimate,epsEstGrowth,FQ2026-10-31,0.0506
NTAP,2026-08-15,estimate,epsEstAvg,FY2027-04-30,8.97066
NTAP,2026-08-15,estimate,epsEstLow,FY2027-04-30,8.85
NTAP,2026-08-15,estimate,epsEstHigh,FY2027-04-30,9.83
NTAP,2026-08-15,estimate,epsEstAnalysts,FY2027-04-30,19.0
NTAP,2026-08-15,estimate,epsEstGrowth,FY2027-04-30,0.1034
NTAP,2026-08-15,estimate,epsEstAvg,FY2028-04-30,9.96054
NTAP,2026-08-15,estimate,epsEstLow,FY2028-04-30,9.03
NTAP,2026-08-15,estimate,epsEstHigh,FY2028-04-30,11.56
NTAP,2026-08-15,estimate,epsEstAnalysts,FY2028-04-30,18.0
NTAP,2026-08-15,estimate,epsEstGrowth,FY2028-04-30,0.1103
NTAP,2026-08-15,estimate,revEstAvg,FQ2026-07-31,1830542010.0
NTAP,2026-08-15,estimate,revEstLow,FQ2026-07-31,1810000000.0
NTAP,2026-08-15,estimate,revEstHigh,FQ2026-07-31,1876600000.0
NTAP,2026-08-15,estimate,revEstAnalysts,FQ2026-07-31,15.0
NTAP,2026-08-15,estimate,revEstGrowth,FQ2026-07-31,0.1742
NTAP,2026-08-15,estimate,revEstAvg,FQ2026-10-31,1839123380.0
NTAP,2026-08-15,estimate,revEstLow,FQ2026-10-31,1768500000.0
NTAP,2026-08-15,estimate,revEstHigh,FQ2026-10-31,1946125000.0
NTAP,2026-08-15,estimate,revEstAnalysts,FQ2026-10-31,15.0
NTAP,2026-08-15,estimate,revEstGrowth,FQ2026-10-31,0.0787
NTAP,2026-08-15,estimate,revEstAvg,FY2027-04-30,7514796020.0
NTAP,2026-08-15,estimate,revEstLow,FY2027-04-30,7450000000.0
NTAP,2026-08-15,estimate,revEstHigh,FY2027-04-30,7892448100.0
NTAP,2026-08-15,estimate,revEstAnalysts,FY2027-04-30,18.0
NTAP,2026-08-15,estimate,revEstGrowth,FY2027-04-30,0.085200004
NTAP,2026-08-15,estimate,revEstAvg,FY2028-04-30,7945481900.0
NTAP,2026-08-15,estimate,revEstLow,FY2028-04-30,7601500000.0
NTAP,2026-08-15,estimate,revEstHigh,FY2028-04-30,8413953770.0
NTAP,2026-08-15,estimate,revEstAnalysts,FY2028-04-30,17.0
NTAP,2026-08-15,estimate,revEstGrowth,FY2028-04-30,0.0573
NTAP,2026-08-15,estimate,epsRevUp7,FQ2026-07-31,0.0
NTAP,2026-08-15,estimate,epsRevUp30,FQ2026-07-31,0.0
NTAP,2026-08-15,estimate,epsRevDown7,FQ2026-07-31,1.0
NTAP,2026-08-15,estimate,epsRevDown30,FQ2026-07-31,1.0
NTAP,2026-08-15,estimate,epsRevUp7,FQ2026-10-31,1.0
NTAP,2026-08-15,estimate,epsRevUp30,FQ2026-10-31,1.0
NTAP,2026-08-15,estimate,epsRevDown7,FQ2026-10-31,0.0
NTAP,2026-08-15,estimate,epsRevDown30,FQ2026-10-31,0.0
NTAP,2026-08-15,estimate,epsRevUp7,FY2027-04-30,1.0
NTAP,2026-08-15,estimate,epsRevUp30,FY2027-04-30,1.0
NTAP,2026-08-15,estimate,epsRevDown7,FY2027-04-30,0.0
NTAP,2026-08-15,estimate,epsRevDown30,FY2027-04-30,0.0
NTAP,2026-08-15,estimate,epsRevUp7,FY2028-04-30,0.0
NTAP,2026-08-15,estimate,epsRevUp30,FY2028-04-30,0.0
NTAP,2026-08-15,estimate,epsRevDown7,FY2028-04-30,1.0
NTAP,2026-08-15,estimate,epsRevDown30,FY2028-04-30,1.0
MSI,2026-08-15,estimate,epsEst,FQ2026-09-30,4.42598
MSI,2026-08-08,estimate,epsEst,FQ2026-09-30,4.42793
MSI,2026-07-16,estimate,epsEst,FQ2026-09-30,4.42496
MSI,2026-06-16,estimate,epsEst,FQ2026-09-30,4.42496
MSI,2026-05-17,estimate,epsEst,FQ2026-09-30,4.42704
MSI,2026-08-15,estimate,epsEst,FQ2026-12-31,5.48216
MSI,2026-08-08,estimate,epsEst,FQ2026-12-31,5.29039
MSI,2026-07-16,estimate,epsEst,FQ2026-12-31,5.28804
MSI,2026-06-16,estimate,epsEst,FQ2026-12-31,5.28804
MSI,2026-05-17,estimate,epsEst,FQ2026-12-31,5.28621
MSI,2026-08-15,estimate,epsEst,FY2026-12-31,17.69282
MSI,2026-08-08,estimate,epsEst,FY2026-12-31,16.98393
MSI,2026-07-16,estimate,epsEst,FY2026-12-31,16.9762
MSI,2026-06-16,estimate,epsEst,FY2026-12-31,16.9762
MSI,2026-05-17,estimate,epsEst,FY2026-12-31,16.9804
MSI,2026-08-15,estimate,epsEst,FY2027-12-31,19.08092
MSI,2026-08-08,estimate,epsEst,FY2027-12-31,18.53727
MSI,2026-07-16,estimate,epsEst,FY2027-12-31,18.51922
MSI,2026-06-16,estimate,epsEst,FY2027-12-31,18.51922
MSI,2026-05-17,estimate,epsEst,FY2027-12-31,18.49279
MSI,2026-08-15,estimate,epsEstAvg,FQ2026-09-30,4.42598
MSI,2026-08-15,estimate,epsEstLow,FQ2026-09-30,4.39258
MSI,2026-08-15,estimate,epsEstHigh,FQ2026-09-30,4.51
MSI,2026-08-15,estimate,epsEstAnalysts,FQ2026-09-30,13.0
MSI,2026-08-15,estimate,epsEstGrowth,FQ2026-09-30,0.090100005
MSI,2026-08-15,estimate,epsEstAvg,FQ2026-12-31,5.48216
MSI,2026-08-15,estimate,epsEstLow,FQ2026-12-31,5.39
MSI,2026-08-15,estimate,epsEstHigh,FQ2026-12-31,5.57
MSI,2026-08-15,estimate,epsEstAnalysts,FQ2026-12-31,13.0
MSI,2026-08-15,estimate,epsEstGrowth,FQ2026-12-31,0.19440001
MSI,2026-08-15,estimate,epsEstAvg,FY2026-12-31,17.69282
MSI,2026-08-15,estimate,epsEstLow,FY2026-12-31,17.62346
MSI,2026-08-15,estimate,epsEstHigh,FY2026-12-31,17.82
MSI,2026-08-15,estimate,epsEstAnalysts,FY2026-12-31,14.0
MSI,2026-08-15,estimate,epsEstGrowth,FY2026-12-31,0.1504
MSI,2026-08-15,estimate,epsEstAvg,FY2027-12-31,19.08092
MSI,2026-08-15,estimate,epsEstLow,FY2027-12-31,18.28
MSI,2026-08-15,estimate,epsEstHigh,FY2027-12-31,19.75338
MSI,2026-08-15,estimate,epsEstAnalysts,FY2027-12-31,14.0
MSI,2026-08-15,estimate,epsEstGrowth,FY2027-12-31,0.0785
MSI,2026-08-15,estimate,revEstAvg,FQ2026-09-30,3260032600.0
MSI,2026-08-15,estimate,revEstLow,FQ2026-09-30,3249600000.0
MSI,2026-08-15,estimate,revEstHigh,FQ2026-09-30,3288000000.0
MSI,2026-08-15,estimate,revEstAnalysts,FQ2026-09-30,10.0
MSI,2026-08-15,estimate,revEstGrowth,FQ2026-09-30,0.0834
MSI,2026-08-15,estimate,revEstAvg,FQ2026-12-31,3874470780.0
MSI,2026-08-15,estimate,revEstLow,FQ2026-12-31,3858000000.0
MSI,2026-08-15,estimate,revEstHigh,FQ2026-12-31,3893000000.0
MSI,2026-08-15,estimate,revEstAnalysts,FQ2026-12-31,10.0
MSI,2026-08-15,estimate,revEstGrowth,FQ2026-12-31,0.1463
MSI,2026-08-15,estimate,revEstAvg,FY2026-12-31,12978033190.0
MSI,2026-08-15,estimate,revEstLow,FY2026-12-31,12945450000.0
MSI,2026-08-15,estimate,revEstHigh,FY2026-12-31,13028000000.0
MSI,2026-08-15,estimate,revEstAnalysts,FY2026-12-31,11.0
MSI,2026-08-15,estimate,revEstGrowth,FY2026-12-31,0.1109
MSI,2026-08-15,estimate,revEstAvg,FY2027-12-31,13873989390.0
MSI,2026-08-15,estimate,revEstLow,FY2027-12-31,13699000000.0
MSI,2026-08-15,estimate,revEstHigh,FY2027-12-31,14176122200.0
MSI,2026-08-15,estimate,revEstAnalysts,FY2027-12-31,11.0
MSI,2026-08-15,estimate,revEstGrowth,FY2027-12-31,0.069
MSI,2026-08-15,estimate,epsRevUp7,FQ2026-09-30,5.0
MSI,2026-08-15,estimate,epsRevUp30,FQ2026-09-30,1.0
MSI,2026-08-15,estimate,epsRevDown7,FQ2026-09-30,3.0
MSI,2026-08-15,estimate,epsRevDown30,FQ2026-09-30,0.0
MSI,2026-08-15,estimate,epsRevUp7,FQ2026-12-31,11.0
MSI,2026-08-15,estimate,epsRevUp30,FQ2026-12-31,11.0
MSI,2026-08-15,estimate,epsRevDown7,FQ2026-12-31,0.0
MSI,2026-08-15,estimate,epsRevDown30,FQ2026-12-31,0.0
MSI,2026-08-15,estimate,epsRevUp7,FY2026-12-31,8.0
MSI,2026-08-15,estimate,epsRevUp30,FY2026-12-31,8.0
MSI,2026-08-15,estimate,epsRevDown7,FY2026-12-31,0.0
MSI,2026-08-15,estimate,epsRevDown30,FY2026-12-31,0.0
MSI,2026-08-15,estimate,epsRevUp7,FY2027-12-31,12.0
MSI,2026-08-15,estimate,epsRevUp30,FY2027-12-31,12.0
MSI,2026-08-15,estimate,epsRevDown7,FY2027-12-31,0.0
MSI,2026-08-15,estimate,epsRevDown30,FY2027-12-31,0.0
GLW,2026-08-15,estimate,epsEst,FQ2026-09-30,0.873
GLW,2026-08-08,estimate,epsEst,FQ2026-09-30,0.85007
GLW,2026-07-16,estimate,epsEst,FQ2026-09-30,0.85113
GLW,2026-06-16,estimate,epsEst,FQ2026-09-30,0.85448
GLW,2026-05-17,estimate,epsEst,FQ2026-09-30,0.84897
GLW,2026-08-15,estimate,epsEst,FQ2026-12-31,0.91676
GLW,2026-08-08,estimate,epsEst,FQ2026-12-31,0.87612
GLW,2026-07-16,estimate,epsEst,FQ2026-12-31,0.87335
GLW,2026-06-16,estimate,epsEst,FQ2026-12-31,0.87051
GLW,2026-05-17,estimate,epsEst,FQ2026-12-31,0.86009
GLW,2026-08-15,estimate,epsEst,FY2026-12-31,3.26986
GLW,2026-08-08,estimate,epsEst,FY2026-12-31,3.19671
GLW,2026-07-16,estimate,epsEst,FY2026-12-31,3.18695
GLW,2026-06-16,estimate,epsEst,FY2026-12-31,3.18129
GLW,2026-05-17,estimate,epsEst,FY2026-12-31,3.17132
GLW,2026-08-15,estimate,epsEst,FY2027-12-31,4.32048
GLW,2026-08-08,estimate,epsEst,FY2027-12-31,4.29016
GLW,2026-07-16,estimate,epsEst,FY2027-12-31,4.24548
GLW,2026-06-16,estimate,epsEst,FY2027-12-31,4.18691
GLW,2026-05-17,estimate,epsEst,FY2027-12-31,4.04233
GLW,2026-08-15,estimate,epsEstAvg,FQ2026-09-30,0.873
GLW,2026-08-15,estimate,epsEstLow,FQ2026-09-30,0.85
GLW,2026-08-15,estimate,epsEstHigh,FQ2026-09-30,0.89
GLW,2026-08-15,estimate,epsEstAnalysts,FQ2026-09-30,12.0
GLW,2026-08-15,estimate,epsEstGrowth,FQ2026-09-30,0.303
GLW,2026-08-15,estimate,epsEstAvg,FQ2026-12-31,0.91676
GLW,2026-08-15,estimate,epsEstLow,FQ2026-12-31,0.87
GLW,2026-08-15,estimate,epsEstHigh,FQ2026-12-31,0.991
GLW,2026-08-15,estimate,epsEstAnalysts,FQ2026-12-31,12.0
GLW,2026-08-15,estimate,epsEstGrowth,FQ2026-12-31,0.2733
GLW,2026-08-15,estimate,epsEstAvg,FY2026-12-31,3.26986
GLW,2026-08-15,estimate,epsEstLow,FY2026-12-31,3.2
GLW,2026-08-15,estimate,epsEstHigh,FY2026-12-31,3.34
GLW,2026-08-15,estimate,epsEstAnalysts,FY2026-12-31,14.0
GLW,2026-08-15,estimate,epsEstGrowth,FY2026-12-31,0.2976
GLW,2026-08-15,estimate,epsEstAvg,FY2027-12-31,4.32048
GLW,2026-08-15,estimate,epsEstLow,FY2027-12-31,3.85297
GLW,2026-08-15,estimate,epsEstHigh,FY2027-12-31,4.99
GLW,2026-08-15,estimate,epsEstAnalysts,FY2027-12-31,16.0
GLW,2026-08-15,estimate,epsEstGrowth,FY2027-12-31,0.3213
GLW,2026-08-15,estimate,revEstAvg,FQ2026-09-30,4991573770.0
GLW,2026-08-15,estimate,revEstLow,FQ2026-09-30,4950000000.0
GLW,2026-08-15,estimate,revEstHigh,FQ2026-09-30,5108020550.0
GLW,2026-08-15,estimate,revEstAnalysts,FQ2026-09-30,9.0
GLW,2026-08-15,estimate,revEstGrowth,FQ2026-09-30,0.1684
GLW,2026-08-15,estimate,revEstAvg,FQ2026-12-31,5115343240.0
GLW,2026-08-15,estimate,revEstLow,FQ2026-12-31,5049367780.0
GLW,2026-08-15,estimate,revEstHigh,FQ2026-12-31,5171000000.0
GLW,2026-08-15,estimate,revEstAnalysts,FQ2026-12-31,9.0
GLW,2026-08-15,estimate,revEstGrowth,FQ2026-12-31,0.1594
GLW,2026-08-15,estimate,revEstAvg,FY2026-12-31,19217109460.0
GLW,2026-08-15,estimate,revEstLow,FY2026-12-31,19104415750.0
GLW,2026-08-15,estimate,revEstHigh,FY2026-12-31,19392000000.0
GLW,2026-08-15,estimate,revEstAnalysts,FY2026-12-31,11.0
GLW,2026-08-15,estimate,revEstGrowth,FY2026-12-31,0.1712
GLW,2026-08-15,estimate,revEstAvg,FY2027-12-31,22876459370.0
GLW,2026-08-15,estimate,revEstLow,FY2027-12-31,21735724070.0
GLW,2026-08-15,estimate,revEstHigh,FY2027-12-31,24872836010.0
GLW,2026-08-15,estimate,revEstAnalysts,FY2027-12-31,11.0
GLW,2026-08-15,estimate,revEstGrowth,FY2027-12-31,0.1904
GLW,2026-08-15,estimate,epsRevUp7,FQ2026-09-30,1.0
GLW,2026-08-15,estimate,epsRevUp30,FQ2026-09-30,1.0
GLW,2026-08-15,estimate,epsRevDown7,FQ2026-09-30,2.0
GLW,2026-08-15,estimate,epsRevDown30,FQ2026-09-30,2.0
GLW,2026-08-15,estimate,epsRevUp7,FQ2026-12-31,1.0
GLW,2026-08-15,estimate,epsRevUp30,FQ2026-12-31,1.0
GLW,2026-08-15,estimate,epsRevDown7,FQ2026-12-31,2.0
GLW,2026-08-15,estimate,epsRevDown30,FQ2026-12-31,2.0
GLW,2026-08-15,estimate,epsRevUp7,FY2026-12-31,1.0
GLW,2026-08-15,estimate,epsRevUp30,FY2026-12-31,3.0
GLW,2026-08-15,estimate,epsRevDown7,FY2026-12-31,2.0
GLW,2026-08-15,estimate,epsRevDown30,FY2026-12-31,1.0
GLW,2026-08-15,estimate,epsRevUp7,FY2027-12-31,3.0
GLW,2026-08-15,estimate,epsRevUp30,FY2027-12-31,6.0
GLW,2026-08-15,estimate,epsRevDown7,FY2027-12-31,0.0
GLW,2026-08-15,estimate,epsRevDown30,FY2027-12-31,0.0
COHR,2026-08-15,estimate,epsEst,FQ2026-09-30,1.61709
COHR,2026-08-08,estimate,epsEst,FQ2026-09-30,1.61518
COHR,2026-07-16,estimate,epsEst,FQ2026-09-30,1.61518
COHR,2026-06-16,estimate,epsEst,FQ2026-09-30,1.61518
COHR,2026-05-17,estimate,epsEst,FQ2026-09-30,1.53952
COHR,2026-08-15,estimate,epsEst,FQ2026-12-31,1.77092
COHR,2026-08-08,estimate,epsEst,FQ2026-12-31,1.76824
COHR,2026-07-16,estimate,epsEst,FQ2026-12-31,1.76561
COHR,2026-06-16,estimate,epsEst,FQ2026-12-31,1.76561
COHR,2026-05-17,estimate,epsEst,FQ2026-12-31,1.67277
COHR,2026-08-15,estimate,epsEst,FY2027-06-30,5.44892
COHR,2026-08-08,estimate,epsEst,FY2027-06-30,5.44892
COHR,2026-07-16,estimate,epsEst,FY2027-06-30,5.45213
COHR,2026-06-16,estimate,epsEst,FY2027-06-30,5.45903
COHR,2026-05-17,estimate,epsEst,FY2027-06-30,5.44204
COHR,2026-08-15,estimate,epsEst,FY2028-06-30,8.37117
COHR,2026-08-08,estimate,epsEst,FY2028-06-30,8.29025
COHR,2026-07-16,estimate,epsEst,FY2028-06-30,8.25475
COHR,2026-06-16,estimate,epsEst,FY2028-06-30,8.09568
COHR,2026-05-17,estimate,epsEst,FY2028-06-30,7.78993
COHR,2026-08-15,estimate,epsEstAvg,FQ2026-09-30,1.61709
COHR,2026-08-15,estimate,epsEstLow,FQ2026-09-30,1.49
COHR,2026-08-15,estimate,epsEstHigh,FQ2026-09-30,1.75
COHR,2026-08-15,estimate,epsEstAnalysts,FQ2026-09-30,19.0
COHR,2026-08-15,estimate,epsEstGrowth,FQ2026-09-30,0.6171
COHR,2026-08-15,estimate,epsEstAvg,FQ2026-12-31,1.77092
COHR,2026-08-15,estimate,epsEstLow,FQ2026-12-31,1.5
COHR,2026-08-15,estimate,epsEstHigh,FQ2026-12-31,2.02
COHR,2026-08-15,estimate,epsEstAnalysts,FQ2026-12-31,18.0
COHR,2026-08-15,estimate,epsEstGrowth,FQ2026-12-31,0.52669996
COHR,2026-08-15,estimate,epsEstAvg,FY2027-06-30,5.44892
COHR,2026-08-15,estimate,epsEstLow,FY2027-06-30,5.33
COHR,2026-08-15,estimate,epsEstHigh,FY2027-06-30,5.53104
COHR,2026-08-15,estimate,epsEstAnalysts,FY2027-06-30,19.0
COHR,2026-08-15,estimate,epsEstGrowth,FY2027-06-30,0.5436
COHR,2026-08-15,estimate,epsEstAvg,FY2028-06-30,8.37117
COHR,2026-08-15,estimate,epsEstLow,FY2028-06-30,7.34
COHR,2026-08-15,estimate,epsEstHigh,FY2028-06-30,10.18
COHR,2026-08-15,estimate,epsEstAnalysts,FY2028-06-30,22.0
COHR,2026-08-15,estimate,epsEstGrowth,FY2028-06-30,0.5363
COHR,2026-08-15,estimate,revEstAvg,FQ2026-09-30,1981007580.0
COHR,2026-08-15,estimate,revEstLow,FQ2026-09-30,1923000000.0
COHR,2026-08-15,estimate,revEstHigh,FQ2026-09-30,2021000000.0
COHR,2026-08-15,estimate,revEstAnalysts,FQ2026-09-30,17.0
COHR,2026-08-15,estimate,revEstGrowth,FQ2026-09-30,0.2953
COHR,2026-08-15,estimate,revEstAvg,FQ2026-12-31,2128198820.0
COHR,2026-08-15,estimate,revEstLow,FQ2026-12-31,2026000000.0
COHR,2026-08-15,estimate,revEstHigh,FQ2026-12-31,2296000000.0
COHR,2026-08-15,estimate,revEstAnalysts,FQ2026-12-31,16.0
COHR,2026-08-15,estimate,revEstGrowth,FQ2026-12-31,0.3458
COHR,2026-08-15,estimate,revEstAvg,FY2027-06-30,7056072660.0
COHR,2026-08-15,estimate,revEstLow,FY2027-06-30,6986000000.0
COHR,2026-08-15,estimate,revEstHigh,FY2027-06-30,7093183180.0
COHR,2026-08-15,estimate,revEstAnalysts,FY2027-06-30,20.0
COHR,2026-08-15,estimate,revEstGrowth,FY2027-06-30,0.21440001
COHR,2026-08-15,estimate,revEstAvg,FY2028-06-30,9660876640.0
COHR,2026-08-15,estimate,revEstLow,FY2028-06-30,8580000000.0
COHR,2026-08-15,estimate,revEstHigh,FY2028-06-30,11172000000.0
COHR,2026-08-15,estimate,revEstAnalysts,FY2028-06-30,20.0
COHR,2026-08-15,estimate,revEstGrowth,FY2028-06-30,0.3692
COHR,2026-08-15,estimate,epsRevUp7,FQ2026-09-30,2.0
COHR,2026-08-15,estimate,epsRevUp30,FQ2026-09-30,2.0
COHR,2026-08-15,estimate,epsRevDown7,FQ2026-09-30,0.0
COHR,2026-08-15,estimate,epsRevDown30,FQ2026-09-30,0.0
COHR,2026-08-15,estimate,epsRevUp7,FQ2026-12-31,2.0
COHR,2026-08-15,estimate,epsRevUp30,FQ2026-12-31,4.0
COHR,2026-08-15,estimate,epsRevDown7,FQ2026-12-31,0.0
COHR,2026-08-15,estimate,epsRevDown30,FQ2026-12-31,0.0
COHR,2026-08-15,estimate,epsRevUp7,FY2027-06-30,3.0
COHR,2026-08-15,estimate,epsRevUp30,FY2027-06-30,4.0
COHR,2026-08-15,estimate,epsRevDown7,FY2027-06-30,0.0
COHR,2026-08-15,estimate,epsRevDown30,FY2027-06-30,0.0
COHR,2026-08-15,estimate,epsRevUp7,FY2028-06-30,3.0
COHR,2026-08-15,estimate,epsRevUp30,FY2028-06-30,5.0
COHR,2026-08-15,estimate,epsRevDown7,FY2028-06-30,0.0
COHR,2026-08-15,estimate,epsRevDown30,FY2028-06-30,1.0
LITE,2026-08-15,estimate,epsEst,FQ2026-09-30,4.2098
LITE,2026-08-08,estimate,epsEst,FQ2026-09-30,3.63134
LITE,2026-07-16,estimate,epsEst,FQ2026-09-30,3.62668
LITE,2026-06-16,estimate,epsEst,FQ2026-09-30,3.60906
LITE,2026-05-17,estimate,epsEst,FQ2026-09-30,3.60906
LITE,2026-08-15,estimate,epsEst,FQ2026-12-31,5.01354
LITE,2026-08-08,estimate,epsEst,FQ2026-12-31,4.38118
LITE,2026-07-16,estimate,epsEst,FQ2026-12-31,4.3636
LITE,2026-06-16,estimate,epsEst,FQ2026-12-31,4.34598
LITE,2026-05-17,estimate,epsEst,FQ2026-12-31,4.34598
LITE,2026-08-15,estimate,epsEst,FY2027-06-30,21.62373
LITE,2026-08-08,estimate,epsEst,FY2027-06-30,18.73451
LITE,2026-07-16,estimate,epsEst,FY2027-06-30,18.22222
LITE,2026-06-16,estimate,epsEst,FY2027-06-30,18.13147
LITE,2026-05-17,estimate,epsEst,FY2027-06-30,18.04527
LITE,2026-08-15,estimate,epsEst,FY2028-06-30,33.01317
LITE,2026-08-08,estimate,epsEst,FY2028-06-30,29.84915
LITE,2026-07-16,estimate,epsEst,FY2028-06-30,28.53857
LITE,2026-06-16,estimate,epsEst,FY2028-06-30,28.27911
LITE,2026-05-17,estimate,epsEst,FY2028-06-30,27.92281
LITE,2026-08-15,estimate,epsEstAvg,FQ2026-09-30,2.96892
LITE,2026-08-15,estimate,epsEstLow,FQ2026-09-30,2.87
LITE,2026-08-15,estimate,epsEstHigh,FQ2026-09-30,3.07658
LITE,2026-08-15,estimate,epsEstAnalysts,FQ2026-09-30,20.0
LITE,2026-08-15,estimate,epsEstGrowth,FQ2026-09-30,2.3738
LITE,2026-08-15,estimate,epsEstAvg,FQ2026-12-31,5.01354
LITE,2026-08-15,estimate,epsEstLow,FQ2026-12-31,4.6
LITE,2026-08-15,estimate,epsEstHigh,FQ2026-12-31,5.37
LITE,2026-08-15,estimate,epsEstAnalysts,FQ2026-12-31,21.0
LITE,2026-08-15,estimate,epsEstGrowth,FQ2026-12-31,2.0021
LITE,2026-08-15,estimate,epsEstAvg,FY2028-06-30,33.01317
LITE,2026-08-15,estimate,epsEstLow,FY2028-06-30,24.84
LITE,2026-08-15,estimate,epsEstHigh,FY2028-06-30,38.4
LITE,2026-08-15,estimate,epsEstAnalysts,FY2028-06-30,20.0
LITE,2026-08-15,estimate,epsEstGrowth,FY2028-06-30,3.0129998
LITE,2026-08-15,estimate,revEstAvg,FQ2026-09-30,987699020.0
LITE,2026-08-15,estimate,revEstLow,FQ2026-09-30,966800000.0
LITE,2026-08-15,estimate,revEstHigh,FQ2026-09-30,1003400000.0
LITE,2026-08-15,estimate,revEstAnalysts,FQ2026-09-30,17.0
LITE,2026-08-15,estimate,revEstGrowth,FQ2026-09-30,1.0547
LITE,2026-08-15,estimate,revEstAvg,FQ2026-12-31,1468019460.0
LITE,2026-08-15,estimate,revEstLow,FQ2026-12-31,1357100000.0
LITE,2026-08-15,estimate,revEstHigh,FQ2026-12-31,1526400000.0
LITE,2026-08-15,estimate,revEstAnalysts,FQ2026-12-31,18.0
LITE,2026-08-15,estimate,revEstGrowth,FQ2026-12-31,1.2059
LITE,2026-08-15,estimate,revEstAvg,FY2027-06-30,2993255270.0
LITE,2026-08-15,estimate,revEstLow,FY2027-06-30,2952000000.0
LITE,2026-08-15,estimate,revEstHigh,FY2027-06-30,3016000000.0
LITE,2026-08-15,estimate,revEstAnalysts,FY2027-06-30,21.0
LITE,2026-08-15,estimate,revEstGrowth,FY2027-06-30,0.8196
LITE,2026-08-15,estimate,revEstAvg,FY2028-06-30,9368795920.0
LITE,2026-08-15,estimate,revEstLow,FY2028-06-30,7254500000.0
LITE,2026-08-15,estimate,revEstHigh,FY2028-06-30,10867200000.0
LITE,2026-08-15,estimate,revEstAnalysts,FY2028-06-30,19.0
LITE,2026-08-15,estimate,revEstGrowth,FY2028-06-30,0.4952
LITE,2026-08-15,estimate,epsRevUp7,FQ2026-09-30,2.0
LITE,2026-08-15,estimate,epsRevUp30,FQ2026-09-30,2.0
LITE,2026-08-15,estimate,epsRevDown7,FQ2026-09-30,0.0
LITE,2026-08-15,estimate,epsRevDown30,FQ2026-09-30,0.0
LITE,2026-08-15,estimate,epsRevUp7,FQ2026-12-31,3.0
LITE,2026-08-15,estimate,epsRevUp30,FQ2026-12-31,5.0
LITE,2026-08-15,estimate,epsRevDown7,FQ2026-12-31,0.0
LITE,2026-08-15,estimate,epsRevDown30,FQ2026-12-31,0.0
LITE,2026-08-15,estimate,epsRevUp7,FY2027-06-30,2.0
LITE,2026-08-15,estimate,epsRevUp30,FY2027-06-30,3.0
LITE,2026-08-15,estimate,epsRevDown7,FY2027-06-30,0.0
LITE,2026-08-15,estimate,epsRevDown30,FY2027-06-30,0.0
LITE,2026-08-15,estimate,epsRevUp7,FY2028-06-30,4.0
LITE,2026-08-15,estimate,epsRevUp30,FY2028-06-30,6.0
LITE,2026-08-15,estimate,epsRevDown7,FY2028-06-30,0.0
LITE,2026-08-15,estimate,epsRevDown30,FY2028-06-30,0.0
CIEN,2026-08-15,estimate,epsEst,FQ2026-07-31,1.72068
CIEN,2026-08-08,estimate,epsEst,FQ2026-07-31,1.72068
CIEN,2026-07-16,estimate,epsEst,FQ2026-07-31,1.72068
CIEN,2026-06-16,estimate,epsEst,FQ2026-07-31,1.57728
CIEN,2026-05-17,estimate,epsEst,FQ2026-07-31,1.57541
CIEN,2026-08-15,estimate,epsEst,FQ2026-10-31,1.81102
CIEN,2026-08-08,estimate,epsEst,FQ2026-10-31,1.81102
CIEN,2026-07-16,estimate,epsEst,FQ2026-10-31,1.80602
CIEN,2026-06-16,estimate,epsEst,FQ2026-10-31,1.78188
CIEN,2026-05-17,estimate,epsEst,FQ2026-10-31,1.77438
CIEN,2026-08-15,estimate,epsEst,FY2026-10-31,6.53977
CIEN,2026-08-08,estimate,epsEst,FY2026-10-31,6.53977
CIEN,2026-07-16,estimate,epsEst,FY2026-10-31,6.53977
CIEN,2026-06-16,estimate,epsEst,FY2026-10-31,6.24015
CIEN,2026-05-17,estimate,epsEst,FY2026-10-31,6.14827
CIEN,2026-08-15,estimate,epsEst,FY2027-10-31,9.63816
CIEN,2026-08-08,estimate,epsEst,FY2027-10-31,9.63816
CIEN,2026-07-16,estimate,epsEst,FY2027-10-31,9.63816
CIEN,2026-06-16,estimate,epsEst,FY2027-10-31,8.74491
CIEN,2026-05-17,estimate,epsEst,FY2027-10-31,8.45091
CIEN,2026-08-15,estimate,epsEstAvg,FQ2026-07-31,1.72068
CIEN,2026-08-15,estimate,epsEstLow,FQ2026-07-31,1.68
CIEN,2026-08-15,estimate,epsEstHigh,FQ2026-07-31,1.76361
CIEN,2026-08-15,estimate,epsEstAnalysts,FQ2026-07-31,16.0
CIEN,2026-08-15,estimate,epsEstGrowth,FQ2026-07-31,1.5682001
CIEN,2026-08-15,estimate,epsEstAvg,FQ2026-10-31,1.81102
CIEN,2026-08-15,estimate,epsEstLow,FQ2026-10-31,1.74
CIEN,2026-08-15,estimate,epsEstHigh,FQ2026-10-31,1.95
CIEN,2026-08-15,estimate,epsEstAnalysts,FQ2026-10-31,16.0
CIEN,2026-08-15,estimate,epsEstGrowth,FQ2026-10-31,0.9901
CIEN,2026-08-15,estimate,epsEstAvg,FY2026-10-31,6.53977
CIEN,2026-08-15,estimate,epsEstLow,FY2026-10-31,6.43
CIEN,2026-08-15,estimate,epsEstHigh,FY2026-10-31,6.71989
CIEN,2026-08-15,estimate,epsEstAnalysts,FY2026-10-31,19.0
CIEN,2026-08-15,estimate,epsEstGrowth,FY2026-10-31,1.4772
CIEN,2026-08-15,estimate,epsEstAvg,FY2027-10-31,9.63816
CIEN,2026-08-15,estimate,epsEstLow,FY2027-10-31,7.59
CIEN,2026-08-15,estimate,epsEstHigh,FY2027-10-31,11.33
CIEN,2026-08-15,estimate,epsEstAnalysts,FY2027-10-31,19.0
CIEN,2026-08-15,estimate,epsEstGrowth,FY2027-10-31,0.4738
CIEN,2026-08-15,estimate,revEstAvg,FQ2026-07-31,1633122820.0
CIEN,2026-08-15,estimate,revEstLow,FQ2026-07-31,1621247000.0
CIEN,2026-08-15,estimate,revEstHigh,FQ2026-07-31,1656747610.0
CIEN,2026-08-15,estimate,revEstAnalysts,FQ2026-07-31,13.0
CIEN,2026-08-15,estimate,revEstGrowth,FQ2026-07-31,0.3393
CIEN,2026-08-15,estimate,revEstAvg,FQ2026-10-31,1695594750.0
CIEN,2026-08-15,estimate,revEstLow,FQ2026-10-31,1674000000.0
CIEN,2026-08-15,estimate,revEstHigh,FQ2026-10-31,1754000000.0
CIEN,2026-08-15,estimate,revEstAnalysts,FQ2026-10-31,13.0
CIEN,2026-08-15,estimate,revEstGrowth,FQ2026-10-31,0.2542
CIEN,2026-08-15,estimate,revEstAvg,FY2026-10-31,6328241250.0
CIEN,2026-08-15,estimate,revEstLow,FY2026-10-31,6297848440.0
CIEN,2026-08-15,estimate,revEstHigh,FY2026-10-31,6401000000.0
CIEN,2026-08-15,estimate,revEstAnalysts,FY2026-10-31,15.0
CIEN,2026-08-15,estimate,revEstGrowth,FY2026-10-31,0.3268
CIEN,2026-08-15,estimate,revEstAvg,FY2027-10-31,8013671800.0
CIEN,2026-08-15,estimate,revEstLow,FY2027-10-31,7426000000.0
CIEN,2026-08-15,estimate,revEstHigh,FY2027-10-31,8954127150.0
CIEN,2026-08-15,estimate,revEstAnalysts,FY2027-10-31,17.0
CIEN,2026-08-15,estimate,revEstGrowth,FY2027-10-31,0.2663
CIEN,2026-08-15,estimate,epsRevUp7,FQ2026-07-31,17.0
CIEN,2026-08-15,estimate,epsRevUp30,FQ2026-07-31,16.0
CIEN,2026-08-15,estimate,epsRevDown7,FQ2026-07-31,0.0
CIEN,2026-08-15,estimate,epsRevDown30,FQ2026-07-31,0.0
CIEN,2026-08-15,estimate,epsRevUp7,FQ2026-10-31,1.0
CIEN,2026-08-15,estimate,epsRevUp30,FQ2026-10-31,11.0
CIEN,2026-08-15,estimate,epsRevDown7,FQ2026-10-31,0.0
CIEN,2026-08-15,estimate,epsRevDown30,FQ2026-10-31,5.0
CIEN,2026-08-15,estimate,epsRevUp7,FY2026-10-31,1.0
CIEN,2026-08-15,estimate,epsRevUp30,FY2026-10-31,18.0
CIEN,2026-08-15,estimate,epsRevDown7,FY2026-10-31,0.0
CIEN,2026-08-15,estimate,epsRevDown30,FY2026-10-31,1.0
CIEN,2026-08-15,estimate,epsRevUp7,FY2027-10-31,1.0
CIEN,2026-08-15,estimate,epsRevUp30,FY2027-10-31,17.0
CIEN,2026-08-15,estimate,epsRevDown7,FY2027-10-31,0.0
CIEN,2026-08-15,estimate,epsRevDown30,FY2027-10-31,0.0
IBM,2026-08-15,estimate,epsEst,FQ2026-09-30,2.88811
IBM,2026-08-08,estimate,epsEst,FQ2026-09-30,2.88811
IBM,2026-07-16,estimate,epsEst,FQ2026-09-30,2.94471
IBM,2026-06-16,estimate,epsEst,FQ2026-09-30,2.9336
IBM,2026-05-17,estimate,epsEst,FQ2026-09-30,2.93498
IBM,2026-08-15,estimate,epsEst,FQ2026-12-31,4.60169
IBM,2026-08-08,estimate,epsEst,FQ2026-12-31,4.60169
IBM,2026-07-16,estimate,epsEst,FQ2026-12-31,4.56437
IBM,2026-06-16,estimate,epsEst,FQ2026-12-31,4.56826
IBM,2026-05-17,estimate,epsEst,FQ2026-12-31,4.55639
IBM,2026-08-15,estimate,epsEst,FY2026-12-31,12.3266
IBM,2026-08-08,estimate,epsEst,FY2026-12-31,12.3266
IBM,2026-07-16,estimate,epsEst,FY2026-12-31,12.46778
IBM,2026-06-16,estimate,epsEst,FY2026-12-31,12.4254
IBM,2026-05-17,estimate,epsEst,FY2026-12-31,12.42947
IBM,2026-08-15,estimate,epsEst,FY2027-12-31,13.17491
IBM,2026-08-08,estimate,epsEst,FY2027-12-31,13.17491
IBM,2026-07-16,estimate,epsEst,FY2027-12-31,13.46863
IBM,2026-06-16,estimate,epsEst,FY2027-12-31,13.42266
IBM,2026-05-17,estimate,epsEst,FY2027-12-31,13.45374
IBM,2026-08-15,estimate,epsEstAvg,FQ2026-09-30,2.88811
IBM,2026-08-15,estimate,epsEstLow,FQ2026-09-30,2.78
IBM,2026-08-15,estimate,epsEstHigh,FQ2026-09-30,3.12
IBM,2026-08-15,estimate,epsEstAnalysts,FQ2026-09-30,20.0
IBM,2026-08-15,estimate,epsEstGrowth,FQ2026-09-30,0.089899994
IBM,2026-08-15,estimate,epsEstAvg,FQ2026-12-31,4.60169
IBM,2026-08-15,estimate,epsEstLow,FQ2026-12-31,4.41
IBM,2026-08-15,estimate,epsEstHigh,FQ2026-12-31,4.768
IBM,2026-08-15,estimate,epsEstAnalysts,FQ2026-12-31,19.0
IBM,2026-08-15,estimate,epsEstGrowth,FQ2026-12-31,0.018099999
IBM,2026-08-15,estimate,epsEstAvg,FY2026-12-31,12.3266
IBM,2026-08-15,estimate,epsEstLow,FY2026-12-31,12.08
IBM,2026-08-15,estimate,epsEstHigh,FY2026-12-31,12.63
IBM,2026-08-15,estimate,epsEstAnalysts,FY2026-12-31,24.0
IBM,2026-08-15,estimate,epsEstGrowth,FY2026-12-31,0.0636
IBM,2026-08-15,estimate,epsEstAvg,FY2027-12-31,13.17491
IBM,2026-08-15,estimate,epsEstLow,FY2027-12-31,12.30183
IBM,2026-08-15,estimate,epsEstHigh,FY2027-12-31,13.86
IBM,2026-08-15,estimate,epsEstAnalysts,FY2027-12-31,24.0
IBM,2026-08-15,estimate,epsEstGrowth,FY2027-12-31,0.0688
IBM,2026-08-15,estimate,revEstAvg,FQ2026-09-30,16837324630.0
IBM,2026-08-15,estimate,revEstLow,FQ2026-09-30,16669833600.0
IBM,2026-08-15,estimate,revEstHigh,FQ2026-09-30,17050000000.0
IBM,2026-08-15,estimate,revEstAnalysts,FQ2026-09-30,18.0
IBM,2026-08-15,estimate,revEstGrowth,FQ2026-09-30,0.031
IBM,2026-08-15,estimate,revEstAvg,FQ2026-12-31,20476970520.0
IBM,2026-08-15,estimate,revEstLow,FQ2026-12-31,20120884580.0
IBM,2026-08-15,estimate,revEstHigh,FQ2026-12-31,20713000000.0
IBM,2026-08-15,estimate,revEstAnalysts,FQ2026-12-31,16.0
IBM,2026-08-15,estimate,revEstGrowth,FQ2026-12-31,0.0402
IBM,2026-08-15,estimate,revEstAvg,FY2026-12-31,70375241150.0
IBM,2026-08-15,estimate,revEstLow,FY2026-12-31,69869318180.0
IBM,2026-08-15,estimate,revEstHigh,FY2026-12-31,70930000000.0
IBM,2026-08-15,estimate,revEstAnalysts,FY2026-12-31,21.0
IBM,2026-08-15,estimate,revEstGrowth,FY2026-12-31,0.0421
IBM,2026-08-15,estimate,revEstAvg,FY2027-12-31,73259816370.0
IBM,2026-08-15,estimate,revEstLow,FY2027-12-31,71325270790.0
IBM,2026-08-15,estimate,revEstHigh,FY2027-12-31,75372200000.0
IBM,2026-08-15,estimate,revEstAnalysts,FY2027-12-31,23.0
IBM,2026-08-15,estimate,revEstGrowth,FY2027-12-31,0.040999997
IBM,2026-08-15,estimate,epsRevUp7,FQ2026-09-30,6.0
IBM,2026-08-15,estimate,epsRevUp30,FQ2026-09-30,6.0
IBM,2026-08-15,estimate,epsRevDown7,FQ2026-09-30,3.0
IBM,2026-08-15,estimate,epsRevDown30,FQ2026-09-30,8.0
IBM,2026-08-15,estimate,epsRevUp7,FQ2026-12-31,9.0
IBM,2026-08-15,estimate,epsRevUp30,FQ2026-12-31,7.0
IBM,2026-08-15,estimate,epsRevDown7,FQ2026-12-31,1.0
IBM,2026-08-15,estimate,epsRevDown30,FQ2026-12-31,7.0
IBM,2026-08-15,estimate,epsRevUp7,FY2026-12-31,10.0
IBM,2026-08-15,estimate,epsRevUp30,FY2026-12-31,6.0
IBM,2026-08-15,estimate,epsRevDown7,FY2026-12-31,2.0
IBM,2026-08-15,estimate,epsRevDown30,FY2026-12-31,12.0
IBM,2026-08-15,estimate,epsRevUp7,FY2027-12-31,10.0
IBM,2026-08-15,estimate,epsRevUp30,FY2027-12-31,3.0
IBM,2026-08-15,estimate,epsRevDown7,FY2027-12-31,8.0
IBM,2026-08-15,estimate,epsRevDown30,FY2027-12-31,14.0
ACN,2026-08-15,estimate,epsEst,FQ2026-08-31,3.17936
ACN,2026-08-08,estimate,epsEst,FQ2026-08-31,3.17736
ACN,2026-07-16,estimate,epsEst,FQ2026-08-31,3.19873
ACN,2026-06-16,estimate,epsEst,FQ2026-08-31,3.28417
ACN,2026-05-17,estimate,epsEst,FQ2026-08-31,3.28417
ACN,2026-08-15,estimate,epsEst,FQ2026-11-30,3.99015
ACN,2026-08-08,estimate,epsEst,FQ2026-11-30,3.99064
ACN,2026-07-16,estimate,epsEst,FQ2026-11-30,4.01534
ACN,2026-06-16,estimate,epsEst,FQ2026-11-30,4.05036
ACN,2026-05-17,estimate,epsEst,FQ2026-11-30,4.05036
ACN,2026-08-15,estimate,epsEst,FY2026-08-31,13.87236
ACN,2026-08-08,estimate,epsEst,FY2026-08-31,13.87236
ACN,2026-07-16,estimate,epsEst,FY2026-08-31,13.86125
ACN,2026-06-16,estimate,epsEst,FY2026-08-31,13.85417
ACN,2026-05-17,estimate,epsEst,FY2026-08-31,13.87037
ACN,2026-08-15,estimate,epsEst,FY2027-08-31,14.68338
ACN,2026-08-08,estimate,epsEst,FY2027-08-31,14.68338
ACN,2026-07-16,estimate,epsEst,FY2027-08-31,14.67052
ACN,2026-06-16,estimate,epsEst,FY2027-08-31,14.85713
ACN,2026-05-17,estimate,epsEst,FY2027-08-31,14.88426
ACN,2026-08-15,estimate,epsEstAvg,FQ2026-08-31,3.17936
ACN,2026-08-15,estimate,epsEstLow,FQ2026-08-31,3.12
ACN,2026-08-15,estimate,epsEstHigh,FQ2026-08-31,3.23
ACN,2026-08-15,estimate,epsEstAnalysts,FQ2026-08-31,20.0
ACN,2026-08-15,estimate,epsEstGrowth,FQ2026-08-31,0.0493
ACN,2026-08-15,estimate,epsEstAvg,FQ2026-11-30,3.99015
ACN,2026-08-15,estimate,epsEstLow,FQ2026-11-30,3.84
ACN,2026-08-15,estimate,epsEstHigh,FQ2026-11-30,4.16
ACN,2026-08-15,estimate,epsEstAnalysts,FQ2026-11-30,19.0
ACN,2026-08-15,estimate,epsEstGrowth,FQ2026-11-30,0.0127
ACN,2026-08-15,estimate,epsEstAvg,FY2026-08-31,13.87236
ACN,2026-08-15,estimate,epsEstLow,FY2026-08-31,13.79
ACN,2026-08-15,estimate,epsEstHigh,FY2026-08-31,14.13
ACN,2026-08-15,estimate,epsEstAnalysts,FY2026-08-31,27.0
ACN,2026-08-15,estimate,epsEstGrowth,FY2026-08-31,0.0729
ACN,2026-08-15,estimate,epsEstAvg,FY2027-08-31,14.68338
ACN,2026-08-15,estimate,epsEstLow,FY2027-08-31,14.07379
ACN,2026-08-15,estimate,epsEstHigh,FY2027-08-31,15.18
ACN,2026-08-15,estimate,epsEstAnalysts,FY2027-08-31,28.0
ACN,2026-08-15,estimate,epsEstGrowth,FY2027-08-31,0.0585
ACN,2026-08-15,estimate,revEstAvg,FQ2026-08-31,18040245700.0
ACN,2026-08-15,estimate,revEstLow,FQ2026-08-31,17816000000.0
ACN,2026-08-15,estimate,revEstHigh,FQ2026-08-31,18169000000.0
ACN,2026-08-15,estimate,revEstAnalysts,FQ2026-08-31,20.0
ACN,2026-08-15,estimate,revEstGrowth,FQ2026-08-31,0.0252
ACN,2026-08-15,estimate,revEstAvg,FQ2026-11-30,19408068090.0
ACN,2026-08-15,estimate,revEstLow,FQ2026-11-30,19002900000.0
ACN,2026-08-15,estimate,revEstHigh,FQ2026-11-30,19743000000.0
ACN,2026-08-15,estimate,revEstAnalysts,FQ2026-11-30,16.0
ACN,2026-08-15,estimate,revEstGrowth,FQ2026-11-30,0.0355
ACN,2026-08-15,estimate,revEstAvg,FY2026-08-31,73588899040.0
ACN,2026-08-15,estimate,revEstLow,FY2026-08-31,73320000000.0
ACN,2026-08-15,estimate,revEstHigh,FY2026-08-31,74162935080.0
ACN,2026-08-15,estimate,revEstAnalysts,FY2026-08-31,24.0
ACN,2026-08-15,estimate,revEstGrowth,FY2026-08-31,0.056199998
ACN,2026-08-15,estimate,revEstAvg,FY2027-08-31,76614923730.0
ACN,2026-08-15,estimate,revEstLow,FY2027-08-31,75166000000.0
ACN,2026-08-15,estimate,revEstHigh,FY2027-08-31,79304000000.0
ACN,2026-08-15,estimate,revEstAnalysts,FY2027-08-31,26.0
ACN,2026-08-15,estimate,revEstGrowth,FY2027-08-31,0.041100003
ACN,2026-08-15,estimate,epsRevUp7,FQ2026-08-31,1.0
ACN,2026-08-15,estimate,epsRevUp30,FQ2026-08-31,2.0
ACN,2026-08-15,estimate,epsRevDown7,FQ2026-08-31,0.0
ACN,2026-08-15,estimate,epsRevDown30,FQ2026-08-31,3.0
ACN,2026-08-15,estimate,epsRevUp7,FQ2026-11-30,1.0
ACN,2026-08-15,estimate,epsRevUp30,FQ2026-11-30,2.0
ACN,2026-08-15,estimate,epsRevDown7,FQ2026-11-30,0.0
ACN,2026-08-15,estimate,epsRevDown30,FQ2026-11-30,5.0
ACN,2026-08-15,estimate,epsRevUp7,FY2026-08-31,2.0
ACN,2026-08-15,estimate,epsRevUp30,FY2026-08-31,5.0
ACN,2026-08-15,estimate,epsRevDown7,FY2026-08-31,0.0
ACN,2026-08-15,estimate,epsRevDown30,FY2026-08-31,2.0
ACN,2026-08-15,estimate,epsRevUp7,FY2027-08-31,2.0
ACN,2026-08-15,estimate,epsRevUp30,FY2027-08-31,2.0
ACN,2026-08-15,estimate,epsRevDown7,FY2027-08-31,0.0
ACN,2026-08-15,estimate,epsRevDown30,FY2027-08-31,7.0
CTSH,2026-08-15,estimate,epsEst,FQ2026-09-30,1.46446
CTSH,2026-08-08,estimate,epsEst,FQ2026-09-30,1.46451
CTSH,2026-07-16,estimate,epsEst,FQ2026-09-30,1.46491
CTSH,2026-06-16,estimate,epsEst,FQ2026-09-30,1.46534
CTSH,2026-05-17,estimate,epsEst,FQ2026-09-30,1.46558
CTSH,2026-08-15,estimate,epsEst,FQ2026-12-31,1.5161
CTSH,2026-08-08,estimate,epsEst,FQ2026-12-31,1.50014
CTSH,2026-07-16,estimate,epsEst,FQ2026-12-31,1.46663
CTSH,2026-06-16,estimate,epsEst,FQ2026-12-31,1.47054
CTSH,2026-05-17,estimate,epsEst,FQ2026-12-31,1.47011
CTSH,2026-08-15,estimate,epsEst,FY2026-12-31,5.73621
CTSH,2026-08-08,estimate,epsEst,FY2026-12-31,5.73441
CTSH,2026-07-16,estimate,epsEst,FY2026-12-31,5.70977
CTSH,2026-06-16,estimate,epsEst,FY2026-12-31,5.68742
CTSH,2026-05-17,estimate,epsEst,FY2026-12-31,5.68233
CTSH,2026-08-15,estimate,epsEst,FY2027-12-31,6.31409
CTSH,2026-08-08,estimate,epsEst,FY2027-12-31,6.26242
CTSH,2026-07-16,estimate,epsEst,FY2027-12-31,6.18538
CTSH,2026-06-16,estimate,epsEst,FY2027-12-31,6.16154
CTSH,2026-05-17,estimate,epsEst,FY2027-12-31,6.15981
CTSH,2026-08-15,estimate,epsEstAvg,FQ2026-09-30,1.46446
CTSH,2026-08-15,estimate,epsEstLow,FQ2026-09-30,1.42
CTSH,2026-08-15,estimate,epsEstHigh,FQ2026-09-30,1.5
CTSH,2026-08-15,estimate,epsEstAnalysts,FQ2026-09-30,22.0
CTSH,2026-08-15,estimate,epsEstGrowth,FQ2026-09-30,0.053600002
CTSH,2026-08-15,estimate,epsEstAvg,FQ2026-12-31,1.5161
CTSH,2026-08-15,estimate,epsEstLow,FQ2026-12-31,1.4
CTSH,2026-08-15,estimate,epsEstHigh,FQ2026-12-31,1.59
CTSH,2026-08-15,estimate,epsEstAnalysts,FQ2026-12-31,22.0
CTSH,2026-08-15,estimate,epsEstGrowth,FQ2026-12-31,0.123
CTSH,2026-08-15,estimate,epsEstAvg,FY2026-12-31,5.73621
CTSH,2026-08-15,estimate,epsEstLow,FY2026-12-31,5.43
CTSH,2026-08-15,estimate,epsEstHigh,FY2026-12-31,5.81
CTSH,2026-08-15,estimate,epsEstAnalysts,FY2026-12-31,28.0
CTSH,2026-08-15,estimate,epsEstGrowth,FY2026-12-31,0.0864
CTSH,2026-08-15,estimate,epsEstAvg,FY2027-12-31,6.31409
CTSH,2026-08-15,estimate,epsEstLow,FY2027-12-31,5.95
CTSH,2026-08-15,estimate,epsEstHigh,FY2027-12-31,6.54
CTSH,2026-08-15,estimate,epsEstAnalysts,FY2027-12-31,28.0
CTSH,2026-08-15,estimate,epsEstGrowth,FY2027-12-31,0.1007
CTSH,2026-08-15,estimate,revEstAvg,FQ2026-09-30,5646563660.0
CTSH,2026-08-15,estimate,revEstLow,FQ2026-09-30,5637015000.0
CTSH,2026-08-15,estimate,revEstHigh,FQ2026-09-30,5690000000.0
CTSH,2026-08-15,estimate,revEstAnalysts,FQ2026-09-30,20.0
CTSH,2026-08-15,estimate,revEstGrowth,FQ2026-09-30,0.0428
CTSH,2026-08-15,estimate,revEstAvg,FQ2026-12-31,5649186700.0
CTSH,2026-08-15,estimate,revEstLow,FQ2026-12-31,5590000000.0
CTSH,2026-08-15,estimate,revEstHigh,FQ2026-12-31,5673657000.0
CTSH,2026-08-15,estimate,revEstAnalysts,FQ2026-12-31,19.0
CTSH,2026-08-15,estimate,revEstGrowth,FQ2026-12-31,0.059299998
CTSH,2026-08-15,estimate,revEstAvg,FY2026-12-31,22194192070.0
CTSH,2026-08-15,estimate,revEstLow,FY2026-12-31,22124000000.0
CTSH,2026-08-15,estimate,revEstHigh,FY2026-12-31,22320000000.0
CTSH,2026-08-15,estimate,revEstAnalysts,FY2026-12-31,28.0
CTSH,2026-08-15,estimate,revEstGrowth,FY2026-12-31,0.0515
CTSH,2026-08-15,estimate,revEstAvg,FY2027-12-31,23258724810.0
CTSH,2026-08-15,estimate,revEstLow,FY2027-12-31,22821000000.0
CTSH,2026-08-15,estimate,revEstHigh,FY2027-12-31,23673000000.0
CTSH,2026-08-15,estimate,revEstAnalysts,FY2027-12-31,29.0
CTSH,2026-08-15,estimate,revEstGrowth,FY2027-12-31,0.048
CTSH,2026-08-15,estimate,epsRevUp7,FQ2026-09-30,1.0
CTSH,2026-08-15,estimate,epsRevUp30,FQ2026-09-30,1.0
CTSH,2026-08-15,estimate,epsRevDown7,FQ2026-09-30,1.0
CTSH,2026-08-15,estimate,epsRevDown30,FQ2026-09-30,3.0
CTSH,2026-08-15,estimate,epsRevUp7,FQ2026-12-31,0.0
CTSH,2026-08-15,estimate,epsRevUp30,FQ2026-12-31,0.0
CTSH,2026-08-15,estimate,epsRevDown7,FQ2026-12-31,1.0
CTSH,2026-08-15,estimate,epsRevDown30,FQ2026-12-31,3.0
CTSH,2026-08-15,estimate,epsRevUp7,FY2026-12-31,2.0
CTSH,2026-08-15,estimate,epsRevUp30,FY2026-12-31,4.0
CTSH,2026-08-15,estimate,epsRevDown7,FY2026-12-31,1.0
CTSH,2026-08-15,estimate,epsRevDown30,FY2026-12-31,4.0
CTSH,2026-08-15,estimate,epsRevUp7,FY2027-12-31,2.0
CTSH,2026-08-15,estimate,epsRevUp30,FY2027-12-31,3.0
CTSH,2026-08-15,estimate,epsRevDown7,FY2027-12-31,1.0
CTSH,2026-08-15,estimate,epsRevDown30,FY2027-12-31,5.0
INFY,2026-08-15,estimate,epsEst,FQ2026-09-30,0.20543
INFY,2026-08-08,estimate,epsEst,FQ2026-09-30,0.20833
INFY,2026-07-16,estimate,epsEst,FQ2026-09-30,0.21
INFY,2026-06-16,estimate,epsEst,FQ2026-09-30,0.21067
INFY,2026-05-17,estimate,epsEst,FQ2026-09-30,0.2108
INFY,2026-08-15,estimate,epsEst,FQ2026-12-31,0.19871
INFY,2026-08-08,estimate,epsEst,FQ2026-12-31,0.204
INFY,2026-07-16,estimate,epsEst,FQ2026-12-31,0.205
INFY,2026-06-16,estimate,epsEst,FQ2026-12-31,0.20683
INFY,2026-05-17,estimate,epsEst,FQ2026-12-31,0.2062
INFY,2026-08-15,estimate,epsEst,FY2027-03-31,0.80501
INFY,2026-08-08,estimate,epsEst,FY2027-03-31,0.82272
INFY,2026-07-16,estimate,epsEst,FY2027-03-31,0.82772
INFY,2026-06-16,estimate,epsEst,FY2027-03-31,0.82935
INFY,2026-05-17,estimate,epsEst,FY2027-03-31,0.82926
INFY,2026-08-15,estimate,epsEst,FY2028-03-31,0.84893
INFY,2026-08-08,estimate,epsEst,FY2028-03-31,0.88422
INFY,2026-07-16,estimate,epsEst,FY2028-03-31,0.88547
INFY,2026-06-16,estimate,epsEst,FY2028-03-31,0.87025
INFY,2026-05-17,estimate,epsEst,FY2028-03-31,0.87153
INFY,2026-08-15,estimate,epsEstAvg,FQ2026-09-30,0.20543
INFY,2026-08-15,estimate,epsEstLow,FQ2026-09-30,0.2
INFY,2026-08-15,estimate,epsEstHigh,FQ2026-09-30,0.21
INFY,2026-08-15,estimate,epsEstAnalysts,FQ2026-09-30,7.0
INFY,2026-08-15,estimate,epsEstGrowth,FQ2026-09-30,0.0271
INFY,2026-08-15,estimate,epsEstAvg,FQ2026-12-31,0.19871
INFY,2026-08-15,estimate,epsEstLow,FQ2026-12-31,0.18
INFY,2026-08-15,estimate,epsEstHigh,FQ2026-12-31,0.21
INFY,2026-08-15,estimate,epsEstAnalysts,FQ2026-12-31,7.0
INFY,2026-08-15,estimate,epsEstGrowth,FQ2026-12-31,-0.0538
INFY,2026-08-15,estimate,epsEstAvg,FY2027-03-31,0.80501
INFY,2026-08-15,estimate,epsEstLow,FY2027-03-31,0.79
INFY,2026-08-15,estimate,epsEstHigh,FY2027-03-31,0.82
INFY,2026-08-15,estimate,epsEstAnalysts,FY2027-03-31,9.0
INFY,2026-08-15,estimate,epsEstGrowth,FY2027-03-31,-0.0301
INFY,2026-08-15,estimate,epsEstAvg,FY2028-03-31,0.84893
INFY,2026-08-15,estimate,epsEstLow,FY2028-03-31,0.82
INFY,2026-08-15,estimate,epsEstHigh,FY2028-03-31,0.887
INFY,2026-08-15,estimate,epsEstAnalysts,FY2028-03-31,9.0
INFY,2026-08-15,estimate,epsEstGrowth,FY2028-03-31,0.0546
INFY,2026-08-15,estimate,revEstAvg,FQ2026-09-30,491583366190.0
INFY,2026-08-15,estimate,revEstLow,FQ2026-09-30,472000000000.0
INFY,2026-08-15,estimate,revEstHigh,FQ2026-09-30,510007656000.0
INFY,2026-08-15,estimate,revEstAnalysts,FQ2026-09-30,16.0
INFY,2026-08-15,estimate,revEstGrowth,FQ2026-09-30,0.104899995
INFY,2026-08-15,estimate,revEstAvg,FQ2026-12-31,491851002340.0
INFY,2026-08-15,estimate,revEstLow,FQ2026-12-31,479000000000.0
INFY,2026-08-15,estimate,revEstHigh,FQ2026-12-31,503674202000.0
INFY,2026-08-15,estimate,revEstAnalysts,FQ2026-12-31,13.0
INFY,2026-08-15,estimate,revEstGrowth,FQ2026-12-31,0.081499994
INFY,2026-08-15,estimate,revEstAvg,FY2027-03-31,1948390103590.0
INFY,2026-08-15,estimate,revEstLow,FY2027-03-31,1899379000000.0
INFY,2026-08-15,estimate,revEstHigh,FY2027-03-31,1998040018000.0
INFY,2026-08-15,estimate,revEstAnalysts,FY2027-03-31,50.0
INFY,2026-08-15,estimate,revEstGrowth,FY2027-03-31,0.09060001
INFY,2026-08-15,estimate,revEstAvg,FY2028-03-31,2021721656890.0
INFY,2026-08-15,estimate,revEstLow,FY2028-03-31,1963129605820.0
INFY,2026-08-15,estimate,revEstHigh,FY2028-03-31,2099058000000.0
INFY,2026-08-15,estimate,revEstAnalysts,FY2028-03-31,50.0
INFY,2026-08-15,estimate,revEstGrowth,FY2028-03-31,0.0376
INFY,2026-08-15,estimate,epsRevUp7,FQ2026-09-30,1.0
INFY,2026-08-15,estimate,epsRevUp30,FQ2026-09-30,1.0
INFY,2026-08-15,estimate,epsRevDown7,FQ2026-09-30,2.0
INFY,2026-08-15,estimate,epsRevDown30,FQ2026-09-30,3.0
INFY,2026-08-15,estimate,epsRevUp7,FQ2026-12-31,1.0
INFY,2026-08-15,estimate,epsRevUp30,FQ2026-12-31,1.0
INFY,2026-08-15,estimate,epsRevDown7,FQ2026-12-31,2.0
INFY,2026-08-15,estimate,epsRevDown30,FQ2026-12-31,3.0
INFY,2026-08-15,estimate,epsRevUp7,FY2027-03-31,1.0
INFY,2026-08-15,estimate,epsRevUp30,FY2027-03-31,1.0
INFY,2026-08-15,estimate,epsRevDown7,FY2027-03-31,6.0
INFY,2026-08-15,estimate,epsRevDown30,FY2027-03-31,6.0
INFY,2026-08-15,estimate,epsRevUp7,FY2028-03-31,1.0
INFY,2026-08-15,estimate,epsRevUp30,FY2028-03-31,1.0
INFY,2026-08-15,estimate,epsRevDown7,FY2028-03-31,6.0
INFY,2026-08-15,estimate,epsRevDown30,FY2028-03-31,6.0
EPAM,2026-08-15,estimate,epsEst,FQ2026-09-30,3.4134
EPAM,2026-08-08,estimate,epsEst,FQ2026-09-30,3.44238
EPAM,2026-07-16,estimate,epsEst,FQ2026-09-30,3.44591
EPAM,2026-06-16,estimate,epsEst,FQ2026-09-30,3.45218
EPAM,2026-05-17,estimate,epsEst,FQ2026-09-30,3.45218
EPAM,2026-08-15,estimate,epsEst,FQ2026-12-31,3.507
EPAM,2026-08-08,estimate,epsEst,FQ2026-12-31,3.60763
EPAM,2026-07-16,estimate,epsEst,FQ2026-12-31,3.60888
EPAM,2026-06-16,estimate,epsEst,FQ2026-12-31,3.61222
EPAM,2026-05-17,estimate,epsEst,FQ2026-12-31,3.61222
EPAM,2026-08-15,estimate,epsEst,FY2026-12-31,13.15495
EPAM,2026-08-08,estimate,epsEst,FY2026-12-31,13.04353
EPAM,2026-07-16,estimate,epsEst,FY2026-12-31,13.05422
EPAM,2026-06-16,estimate,epsEst,FY2026-12-31,13.06254
EPAM,2026-05-17,estimate,epsEst,FY2026-12-31,13.06254
EPAM,2026-08-15,estimate,epsEst,FY2027-12-31,14.04063
EPAM,2026-08-08,estimate,epsEst,FY2027-12-31,14.12777
EPAM,2026-07-16,estimate,epsEst,FY2027-12-31,14.15241
EPAM,2026-06-16,estimate,epsEst,FY2027-12-31,14.1065
EPAM,2026-05-17,estimate,epsEst,FY2027-12-31,14.1065
EPAM,2026-08-15,estimate,epsEstAvg,FQ2026-09-30,3.4134
EPAM,2026-08-15,estimate,epsEstLow,FQ2026-09-30,3.38
EPAM,2026-08-15,estimate,epsEstHigh,FQ2026-09-30,3.44
EPAM,2026-08-15,estimate,epsEstAnalysts,FQ2026-09-30,16.0
EPAM,2026-08-15,estimate,epsEstGrowth,FQ2026-09-30,0.1082
EPAM,2026-08-15,estimate,epsEstAvg,FQ2026-12-31,3.507
EPAM,2026-08-15,estimate,epsEstLow,FQ2026-12-31,3.46
EPAM,2026-08-15,estimate,epsEstHigh,FQ2026-12-31,3.62
EPAM,2026-08-15,estimate,epsEstAnalysts,FQ2026-12-31,16.0
EPAM,2026-08-15,estimate,epsEstGrowth,FQ2026-12-31,0.0758
EPAM,2026-08-15,estimate,epsEstAvg,FY2026-12-31,13.15495
EPAM,2026-08-15,estimate,epsEstLow,FY2026-12-31,13.09
EPAM,2026-08-15,estimate,epsEstHigh,FY2026-12-31,13.3
EPAM,2026-08-15,estimate,epsEstAnalysts,FY2026-12-31,18.0
EPAM,2026-08-15,estimate,epsEstGrowth,FY2026-12-31,0.1439
EPAM,2026-08-15,estimate,epsEstAvg,FY2027-12-31,14.04063
EPAM,2026-08-15,estimate,epsEstLow,FY2027-12-31,13.27
EPAM,2026-08-15,estimate,epsEstHigh,FY2027-12-31,14.69
EPAM,2026-08-15,estimate,epsEstAnalysts,FY2027-12-31,18.0
EPAM,2026-08-15,estimate,epsEstGrowth,FY2027-12-31,0.0673
EPAM,2026-08-15,estimate,revEstAvg,FQ2026-09-30,1419865710.0
EPAM,2026-08-15,estimate,revEstLow,FQ2026-09-30,1414300000.0
EPAM,2026-08-15,estimate,revEstHigh,FQ2026-09-30,1429000000.0
EPAM,2026-08-15,estimate,revEstAnalysts,FQ2026-09-30,15.0
EPAM,2026-08-15,estimate,revEstGrowth,FQ2026-09-30,0.0183
EPAM,2026-08-15,estimate,revEstAvg,FQ2026-12-31,1424316060.0
EPAM,2026-08-15,estimate,revEstLow,FQ2026-12-31,1400510000.0
EPAM,2026-08-15,estimate,revEstHigh,FQ2026-12-31,1450000000.0
EPAM,2026-08-15,estimate,revEstAnalysts,FQ2026-12-31,15.0
EPAM,2026-08-15,estimate,revEstGrowth,FQ2026-12-31,0.0119
EPAM,2026-08-15,estimate,revEstAvg,FY2026-12-31,5658227080.0
EPAM,2026-08-15,estimate,revEstLow,FY2026-12-31,5633400000.0
EPAM,2026-08-15,estimate,revEstHigh,FY2026-12-31,5694000000.0
EPAM,2026-08-15,estimate,revEstAnalysts,FY2026-12-31,18.0
EPAM,2026-08-15,estimate,revEstGrowth,FY2026-12-31,0.0369
EPAM,2026-08-15,estimate,revEstAvg,FY2027-12-31,5855190260.0
EPAM,2026-08-15,estimate,revEstLow,FY2027-12-31,5682700000.0
EPAM,2026-08-15,estimate,revEstHigh,FY2027-12-31,5985344000.0
EPAM,2026-08-15,estimate,revEstAnalysts,FY2027-12-31,18.0
EPAM,2026-08-15,estimate,revEstGrowth,FY2027-12-31,0.0348
EPAM,2026-08-15,estimate,epsRevUp7,FQ2026-09-30,0.0
EPAM,2026-08-15,estimate,epsRevUp30,FQ2026-09-30,0.0
EPAM,2026-08-15,estimate,epsRevDown7,FQ2026-09-30,2.0
EPAM,2026-08-15,estimate,epsRevDown30,FQ2026-09-30,5.0
EPAM,2026-08-15,estimate,epsRevUp7,FQ2026-12-31,1.0
EPAM,2026-08-15,estimate,epsRevUp30,FQ2026-12-31,2.0
EPAM,2026-08-15,estimate,epsRevDown7,FQ2026-12-31,1.0
EPAM,2026-08-15,estimate,epsRevDown30,FQ2026-12-31,3.0
EPAM,2026-08-15,estimate,epsRevUp7,FY2026-12-31,0.0
EPAM,2026-08-15,estimate,epsRevUp30,FY2026-12-31,0.0
EPAM,2026-08-15,estimate,epsRevDown7,FY2026-12-31,2.0
EPAM,2026-08-15,estimate,epsRevDown30,FY2026-12-31,5.0
EPAM,2026-08-15,estimate,epsRevUp7,FY2027-12-31,0.0
EPAM,2026-08-15,estimate,epsRevUp30,FY2027-12-31,0.0
EPAM,2026-08-15,estimate,epsRevDown7,FY2027-12-31,2.0
EPAM,2026-08-15,estimate,epsRevDown30,FY2027-12-31,5.0
BA,2026-08-15,estimate,epsEst,FQ2026-09-30,-0.1425
BA,2026-08-08,estimate,epsEst,FQ2026-09-30,-0.1335
BA,2026-07-16,estimate,epsEst,FQ2026-09-30,-0.09108
BA,2026-06-16,estimate,epsEst,FQ2026-09-30,-0.0925
BA,2026-05-17,estimate,epsEst,FQ2026-09-30,-0.06785
BA,2026-08-15,estimate,epsEst,FQ2026-12-31,0.01311
BA,2026-08-08,estimate,epsEst,FQ2026-12-31,0.02258
BA,2026-07-16,estimate,epsEst,FQ2026-12-31,0.08023
BA,2026-06-16,estimate,epsEst,FQ2026-12-31,0.05218
BA,2026-05-17,estimate,epsEst,FQ2026-12-31,0.08323
BA,2026-08-15,estimate,epsEst,FY2026-12-31,-1.06608
BA,2026-08-08,estimate,epsEst,FY2026-12-31,-1.09502
BA,2026-07-16,estimate,epsEst,FY2026-12-31,-0.38562
BA,2026-06-16,estimate,epsEst,FY2026-12-31,-0.41784
BA,2026-05-17,estimate,epsEst,FY2026-12-31,-0.39981
BA,2026-08-15,estimate,epsEst,FY2027-12-31,4.13402
BA,2026-08-08,estimate,epsEst,FY2027-12-31,4.17144
BA,2026-07-16,estimate,epsEst,FY2027-12-31,4.16109
BA,2026-06-16,estimate,epsEst,FY2027-12-31,4.15054
BA,2026-05-17,estimate,epsEst,FY2027-12-31,4.21546
BA,2026-08-15,estimate,epsEstAvg,FQ2026-09-30,-0.1425
BA,2026-08-15,estimate,epsEstLow,FQ2026-09-30,-0.5
BA,2026-08-15,estimate,epsEstHigh,FQ2026-09-30,0.23
BA,2026-08-15,estimate,epsEstAnalysts,FQ2026-09-30,20.0
BA,2026-08-15,estimate,epsEstGrowth,FQ2026-09-30,0.9809
BA,2026-08-15,estimate,epsEstAvg,FQ2026-12-31,0.01311
BA,2026-08-15,estimate,epsEstLow,FQ2026-12-31,-0.45
BA,2026-08-15,estimate,epsEstHigh,FQ2026-12-31,0.48
BA,2026-08-15,estimate,epsEstAnalysts,FQ2026-12-31,19.0
BA,2026-08-15,estimate,epsEstGrowth,FQ2026-12-31,-0.9987
BA,2026-08-15,estimate,epsEstAvg,FY2026-12-31,-1.06608
BA,2026-08-15,estimate,epsEstLow,FY2026-12-31,-1.85
BA,2026-08-15,estimate,epsEstHigh,FY2026-12-31,-0.3
BA,2026-08-15,estimate,epsEstAnalysts,FY2026-12-31,22.0
BA,2026-08-15,estimate,epsEstGrowth,FY2026-12-31,-1.8959
BA,2026-08-15,estimate,epsEstAvg,FY2027-12-31,4.13402
BA,2026-08-15,estimate,epsEstLow,FY2027-12-31,2.0
BA,2026-08-15,estimate,epsEstHigh,FY2027-12-31,6.8
BA,2026-08-15,estimate,epsEstAnalysts,FY2027-12-31,22.0
BA,2026-08-15,estimate,epsEstGrowth,FY2027-12-31,4.8778
BA,2026-08-15,estimate,revEstAvg,FQ2026-09-30,25025471920.0
BA,2026-08-15,estimate,revEstLow,FQ2026-09-30,23869000000.0
BA,2026-08-15,estimate,revEstHigh,FQ2026-09-30,26998000000.0
BA,2026-08-15,estimate,revEstAnalysts,FQ2026-09-30,22.0
BA,2026-08-15,estimate,revEstGrowth,FQ2026-09-30,0.0754
BA,2026-08-15,estimate,revEstAvg,FQ2026-12-31,26348551020.0
BA,2026-08-15,estimate,revEstLow,FQ2026-12-31,25355229400.0
BA,2026-08-15,estimate,revEstHigh,FQ2026-12-31,28520000000.0
BA,2026-08-15,estimate,revEstAnalysts,FQ2026-12-31,22.0
BA,2026-08-15,estimate,revEstGrowth,FQ2026-12-31,0.100200005
BA,2026-08-15,estimate,revEstAvg,FY2026-12-31,98012001290.0
BA,2026-08-15,estimate,revEstLow,FY2026-12-31,95017000000.0
BA,2026-08-15,estimate,revEstHigh,FY2026-12-31,102295000000.0
BA,2026-08-15,estimate,revEstAnalysts,FY2026-12-31,26.0
BA,2026-08-15,estimate,revEstGrowth,FY2026-12-31,0.0956
BA,2026-08-15,estimate,revEstAvg,FY2027-12-31,112830045460.0
BA,2026-08-15,estimate,revEstLow,FY2027-12-31,106781520730.0
BA,2026-08-15,estimate,revEstHigh,FY2027-12-31,118556230900.0
BA,2026-08-15,estimate,revEstAnalysts,FY2027-12-31,26.0
BA,2026-08-15,estimate,revEstGrowth,FY2027-12-31,0.1512
BA,2026-08-15,estimate,epsRevUp7,FQ2026-09-30,2.0
BA,2026-08-15,estimate,epsRevUp30,FQ2026-09-30,3.0
BA,2026-08-15,estimate,epsRevDown7,FQ2026-09-30,1.0
BA,2026-08-15,estimate,epsRevDown30,FQ2026-09-30,2.0
BA,2026-08-15,estimate,epsRevUp7,FQ2026-12-31,0.0
BA,2026-08-15,estimate,epsRevUp30,FQ2026-12-31,4.0
BA,2026-08-15,estimate,epsRevDown7,FQ2026-12-31,1.0
BA,2026-08-15,estimate,epsRevDown30,FQ2026-12-31,5.0
BA,2026-08-15,estimate,epsRevUp7,FY2026-12-31,2.0
BA,2026-08-15,estimate,epsRevUp30,FY2026-12-31,5.0
BA,2026-08-15,estimate,epsRevDown7,FY2026-12-31,0.0
BA,2026-08-15,estimate,epsRevDown30,FY2026-12-31,4.0
BA,2026-08-15,estimate,epsRevUp7,FY2027-12-31,1.0
BA,2026-08-15,estimate,epsRevUp30,FY2027-12-31,4.0
BA,2026-08-15,estimate,epsRevDown7,FY2027-12-31,0.0
BA,2026-08-15,estimate,epsRevDown30,FY2027-12-31,2.0
RTX,2026-08-15,estimate,epsEst,FQ2026-09-30,1.76732
RTX,2026-08-08,estimate,epsEst,FQ2026-09-30,1.76565
RTX,2026-07-16,estimate,epsEst,FQ2026-09-30,1.73017
RTX,2026-06-16,estimate,epsEst,FQ2026-09-30,1.72792
RTX,2026-05-17,estimate,epsEst,FQ2026-09-30,1.72903
RTX,2026-08-15,estimate,epsEst,FQ2026-12-31,1.82618
RTX,2026-08-08,estimate,epsEst,FQ2026-12-31,1.8234
RTX,2026-07-16,estimate,epsEst,FQ2026-12-31,1.78426
RTX,2026-06-16,estimate,epsEst,FQ2026-12-31,1.77505
RTX,2026-05-17,estimate,epsEst,FQ2026-12-31,1.77838
RTX,2026-08-15,estimate,epsEst,FY2026-12-31,7.24243
RTX,2026-08-08,estimate,epsEst,FY2026-12-31,7.19749
RTX,2026-07-16,estimate,epsEst,FY2026-12-31,6.9139
RTX,2026-06-16,estimate,epsEst,FY2026-12-31,6.91127
RTX,2026-05-17,estimate,epsEst,FY2026-12-31,6.90587
RTX,2026-08-15,estimate,epsEst,FY2027-12-31,7.85325
RTX,2026-08-08,estimate,epsEst,FY2027-12-31,7.80477
RTX,2026-07-16,estimate,epsEst,FY2027-12-31,7.57957
RTX,2026-06-16,estimate,epsEst,FY2027-12-31,7.57993
RTX,2026-05-17,estimate,epsEst,FY2027-12-31,7.5495
RTX,2026-08-15,estimate,epsEstAvg,FQ2026-09-30,1.76732
RTX,2026-08-15,estimate,epsEstLow,FQ2026-09-30,1.69
RTX,2026-08-15,estimate,epsEstHigh,FQ2026-09-30,1.85
RTX,2026-08-15,estimate,epsEstAnalysts,FQ2026-09-30,18.0
RTX,2026-08-15,estimate,epsEstGrowth,FQ2026-09-30,0.0396
RTX,2026-08-15,estimate,epsEstAvg,FQ2026-12-31,1.82618
RTX,2026-08-15,estimate,epsEstLow,FQ2026-12-31,1.72
RTX,2026-08-15,estimate,epsEstHigh,FQ2026-12-31,1.89
RTX,2026-08-15,estimate,epsEstAnalysts,FQ2026-12-31,18.0
RTX,2026-08-15,estimate,epsEstGrowth,FQ2026-12-31,0.17819999
RTX,2026-08-15,estimate,epsEstAvg,FY2026-12-31,7.24243
RTX,2026-08-15,estimate,epsEstLow,FY2026-12-31,7.1
RTX,2026-08-15,estimate,epsEstHigh,FY2026-12-31,7.4
RTX,2026-08-15,estimate,epsEstAnalysts,FY2026-12-31,22.0
RTX,2026-08-15,estimate,epsEstGrowth,FY2026-12-31,0.1514
RTX,2026-08-15,estimate,epsEstAvg,FY2027-12-31,7.85325
RTX,2026-08-15,estimate,epsEstLow,FY2027-12-31,7.33
RTX,2026-08-15,estimate,epsEstHigh,FY2027-12-31,8.2
RTX,2026-08-15,estimate,epsEstAnalysts,FY2027-12-31,23.0
RTX,2026-08-15,estimate,epsEstGrowth,FY2027-12-31,0.084300004
RTX,2026-08-15,estimate,revEstAvg,FQ2026-09-30,23998172470.0
RTX,2026-08-15,estimate,revEstLow,FQ2026-09-30,23493000000.0
RTX,2026-08-15,estimate,revEstHigh,FQ2026-09-30,24479000000.0
RTX,2026-08-15,estimate,revEstAnalysts,FQ2026-09-30,18.0
RTX,2026-08-15,estimate,revEstGrowth,FQ2026-09-30,0.067600004
RTX,2026-08-15,estimate,revEstAvg,FQ2026-12-31,25499425750.0
RTX,2026-08-15,estimate,revEstLow,FQ2026-12-31,24302000000.0
RTX,2026-08-15,estimate,revEstHigh,FQ2026-12-31,26374000000.0
RTX,2026-08-15,estimate,revEstAnalysts,FQ2026-12-31,18.0
RTX,2026-08-15,estimate,revEstGrowth,FQ2026-12-31,0.051999997
RTX,2026-08-15,estimate,revEstAvg,FY2026-12-31,96233678600.0
RTX,2026-08-15,estimate,revEstLow,FY2026-12-31,95257000000.0
RTX,2026-08-15,estimate,revEstHigh,FY2026-12-31,97363000000.0
RTX,2026-08-15,estimate,revEstAnalysts,FY2026-12-31,21.0
RTX,2026-08-15,estimate,revEstGrowth,FY2026-12-31,0.0861
RTX,2026-08-15,estimate,revEstAvg,FY2027-12-31,103136202870.0
RTX,2026-08-15,estimate,revEstLow,FY2027-12-31,99271690000.0
RTX,2026-08-15,estimate,revEstHigh,FY2027-12-31,107003491350.0
RTX,2026-08-15,estimate,revEstAnalysts,FY2027-12-31,22.0
RTX,2026-08-15,estimate,revEstGrowth,FY2027-12-31,0.0717
RTX,2026-08-15,estimate,epsRevUp7,FQ2026-09-30,1.0
RTX,2026-08-15,estimate,epsRevUp30,FQ2026-09-30,15.0
RTX,2026-08-15,estimate,epsRevDown7,FQ2026-09-30,0.0
RTX,2026-08-15,estimate,epsRevDown30,FQ2026-09-30,2.0
RTX,2026-08-15,estimate,epsRevUp7,FQ2026-12-31,1.0
RTX,2026-08-15,estimate,epsRevUp30,FQ2026-12-31,15.0
RTX,2026-08-15,estimate,epsRevDown7,FQ2026-12-31,0.0
RTX,2026-08-15,estimate,epsRevDown30,FQ2026-12-31,2.0
RTX,2026-08-15,estimate,epsRevUp7,FY2026-12-31,2.0
RTX,2026-08-15,estimate,epsRevUp30,FY2026-12-31,22.0
RTX,2026-08-15,estimate,epsRevDown7,FY2026-12-31,0.0
RTX,2026-08-15,estimate,epsRevDown30,FY2026-12-31,0.0
RTX,2026-08-15,estimate,epsRevUp7,FY2027-12-31,3.0
RTX,2026-08-15,estimate,epsRevUp30,FY2027-12-31,22.0
RTX,2026-08-15,estimate,epsRevDown7,FY2027-12-31,0.0
RTX,2026-08-15,estimate,epsRevDown30,FY2027-12-31,0.0
LMT,2026-08-15,estimate,epsEst,FQ2026-09-30,7.47162
LMT,2026-08-08,estimate,epsEst,FQ2026-09-30,7.47407
LMT,2026-07-16,estimate,epsEst,FQ2026-09-30,7.59156
LMT,2026-06-16,estimate,epsEst,FQ2026-09-30,7.58484
LMT,2026-05-17,estimate,epsEst,FQ2026-09-30,7.57681
LMT,2026-08-15,estimate,epsEst,FQ2026-12-31,8.42939
LMT,2026-08-08,estimate,epsEst,FQ2026-12-31,8.43302
LMT,2026-07-16,estimate,epsEst,FQ2026-12-31,8.67364
LMT,2026-06-16,estimate,epsEst,FQ2026-12-31,8.71013
LMT,2026-05-17,estimate,epsEst,FQ2026-12-31,8.6662
LMT,2026-08-15,estimate,epsEst,FY2026-12-31,30.46459
LMT,2026-08-08,estimate,epsEst,FY2026-12-31,30.41572
LMT,2026-07-16,estimate,epsEst,FY2026-12-31,29.89505
LMT,2026-06-16,estimate,epsEst,FY2026-12-31,29.89073
LMT,2026-05-17,estimate,epsEst,FY2026-12-31,29.88246
LMT,2026-08-15,estimate,epsEst,FY2027-12-31,32.68794
LMT,2026-08-08,estimate,epsEst,FY2027-12-31,32.64608
LMT,2026-07-16,estimate,epsEst,FY2027-12-31,32.14062
LMT,2026-06-16,estimate,epsEst,FY2027-12-31,32.10768
LMT,2026-05-17,estimate,epsEst,FY2027-12-31,32.11371
LMT,2026-08-15,estimate,epsEstAvg,FQ2026-09-30,7.47162
LMT,2026-08-15,estimate,epsEstLow,FQ2026-09-30,5.8
LMT,2026-08-15,estimate,epsEstHigh,FQ2026-09-30,7.87
LMT,2026-08-15,estimate,epsEstAnalysts,FQ2026-09-30,18.0
LMT,2026-08-15,estimate,epsEstGrowth,FQ2026-09-30,0.075100005
LMT,2026-08-15,estimate,epsEstAvg,FQ2026-12-31,8.42939
LMT,2026-08-15,estimate,epsEstLow,FQ2026-12-31,5.8
LMT,2026-08-15,estimate,epsEstHigh,FQ2026-12-31,9.0
LMT,2026-08-15,estimate,epsEstAnalysts,FQ2026-12-31,18.0
LMT,2026-08-15,estimate,epsEstGrowth,FQ2026-12-31,0.45330003
LMT,2026-08-15,estimate,epsEstAvg,FY2026-12-31,30.46459
LMT,2026-08-15,estimate,epsEstLow,FY2026-12-31,30.0
LMT,2026-08-15,estimate,epsEstHigh,FY2026-12-31,30.91
LMT,2026-08-15,estimate,epsEstAnalysts,FY2026-12-31,20.0
LMT,2026-08-15,estimate,epsEstGrowth,FY2026-12-31,0.41759998
LMT,2026-08-15,estimate,epsEstAvg,FY2027-12-31,32.68794
LMT,2026-08-15,estimate,epsEstLow,FY2027-12-31,30.71
LMT,2026-08-15,estimate,epsEstHigh,FY2027-12-31,35.02
LMT,2026-08-15,estimate,epsEstAnalysts,FY2027-12-31,21.0
LMT,2026-08-15,estimate,epsEstGrowth,FY2027-12-31,0.073
LMT,2026-08-15,estimate,revEstAvg,FQ2026-09-30,20439692520.0
LMT,2026-08-15,estimate,revEstLow,FQ2026-09-30,19791000000.0
LMT,2026-08-15,estimate,revEstHigh,FQ2026-09-30,20820000000.0
LMT,2026-08-15,estimate,revEstAnalysts,FQ2026-09-30,18.0
LMT,2026-08-15,estimate,revEstGrowth,FQ2026-09-30,0.098400004
LMT,2026-08-15,estimate,revEstAvg,FQ2026-12-31,22468885000.0
LMT,2026-08-15,estimate,revEstLow,FQ2026-12-31,21925000000.0
LMT,2026-08-15,estimate,revEstHigh,FQ2026-12-31,22899000000.0
LMT,2026-08-15,estimate,revEstAnalysts,FQ2026-12-31,18.0
LMT,2026-08-15,estimate,revEstGrowth,FQ2026-12-31,0.10569999
LMT,2026-08-15,estimate,revEstAvg,FY2026-12-31,80960773760.0
LMT,2026-08-15,estimate,revEstLow,FY2026-12-31,79697000000.0
LMT,2026-08-15,estimate,revEstHigh,FY2026-12-31,81472000000.0
LMT,2026-08-15,estimate,revEstAnalysts,FY2026-12-31,20.0
LMT,2026-08-15,estimate,revEstGrowth,FY2026-12-31,0.0788
LMT,2026-08-15,estimate,revEstAvg,FY2027-12-31,85308163680.0
LMT,2026-08-15,estimate,revEstLow,FY2027-12-31,81756750000.0
LMT,2026-08-15,estimate,revEstHigh,FY2027-12-31,87641732000.0
LMT,2026-08-15,estimate,revEstAnalysts,FY2027-12-31,21.0
LMT,2026-08-15,estimate,revEstGrowth,FY2027-12-31,0.0537
LMT,2026-08-15,estimate,epsRevUp7,FQ2026-09-30,5.0
LMT,2026-08-15,estimate,epsRevUp30,FQ2026-09-30,7.0
LMT,2026-08-15,estimate,epsRevDown7,FQ2026-09-30,3.0
LMT,2026-08-15,estimate,epsRevDown30,FQ2026-09-30,4.0
LMT,2026-08-15,estimate,epsRevUp7,FQ2026-12-31,1.0
LMT,2026-08-15,estimate,epsRevUp30,FQ2026-12-31,2.0
LMT,2026-08-15,estimate,epsRevDown7,FQ2026-12-31,7.0
LMT,2026-08-15,estimate,epsRevDown30,FQ2026-12-31,9.0
LMT,2026-08-15,estimate,epsRevUp7,FY2026-12-31,10.0
LMT,2026-08-15,estimate,epsRevUp30,FY2026-12-31,12.0
LMT,2026-08-15,estimate,epsRevDown7,FY2026-12-31,1.0
LMT,2026-08-15,estimate,epsRevDown30,FY2026-12-31,2.0
LMT,2026-08-15,estimate,epsRevUp7,FY2027-12-31,10.0
LMT,2026-08-15,estimate,epsRevUp30,FY2027-12-31,12.0
LMT,2026-08-15,estimate,epsRevDown7,FY2027-12-31,0.0
LMT,2026-08-15,estimate,epsRevDown30,FY2027-12-31,1.0
GD,2026-08-15,estimate,epsEst,FQ2026-09-30,4.13652
GD,2026-08-08,estimate,epsEst,FQ2026-09-30,4.13241
GD,2026-07-16,estimate,epsEst,FQ2026-09-30,4.06828
GD,2026-06-16,estimate,epsEst,FQ2026-09-30,4.07443
GD,2026-05-17,estimate,epsEst,FQ2026-09-30,4.0772
GD,2026-08-15,estimate,epsEst,FQ2026-12-31,4.51165
GD,2026-08-08,estimate,epsEst,FQ2026-12-31,4.51047
GD,2026-07-16,estimate,epsEst,FQ2026-12-31,4.5583
GD,2026-06-16,estimate,epsEst,FQ2026-12-31,4.55839
GD,2026-05-17,estimate,epsEst,FQ2026-12-31,4.54204
GD,2026-08-15,estimate,epsEst,FY2026-12-31,16.99896
GD,2026-08-08,estimate,epsEst,FY2026-12-31,16.96007
GD,2026-07-16,estimate,epsEst,FY2026-12-31,16.67816
GD,2026-06-16,estimate,epsEst,FY2026-12-31,16.66199
GD,2026-05-17,estimate,epsEst,FY2026-12-31,16.64876
GD,2026-08-15,estimate,epsEst,FY2027-12-31,18.59454
GD,2026-08-08,estimate,epsEst,FY2027-12-31,18.54404
GD,2026-07-16,estimate,epsEst,FY2027-12-31,18.24492
GD,2026-06-16,estimate,epsEst,FY2027-12-31,18.22832
GD,2026-05-17,estimate,epsEst,FY2027-12-31,18.16332
GD,2026-08-15,estimate,epsEstAvg,FQ2026-09-30,4.13652
GD,2026-08-15,estimate,epsEstLow,FQ2026-09-30,3.99
GD,2026-08-15,estimate,epsEstHigh,FQ2026-09-30,4.24613
GD,2026-08-15,estimate,epsEstAnalysts,FQ2026-09-30,17.0
GD,2026-08-15,estimate,epsEstGrowth,FQ2026-09-30,0.0661
GD,2026-08-15,estimate,epsEstAvg,FQ2026-12-31,4.51165
GD,2026-08-15,estimate,epsEstLow,FQ2026-12-31,4.27
GD,2026-08-15,estimate,epsEstHigh,FQ2026-12-31,4.94
GD,2026-08-15,estimate,epsEstAnalysts,FQ2026-12-31,17.0
GD,2026-08-15,estimate,epsEstGrowth,FQ2026-12-31,0.08189999
GD,2026-08-15,estimate,epsEstAvg,FY2026-12-31,16.99896
GD,2026-08-15,estimate,epsEstLow,FY2026-12-31,16.81
GD,2026-08-15,estimate,epsEstHigh,FY2026-12-31,17.35
GD,2026-08-15,estimate,epsEstAnalysts,FY2026-12-31,18.0
GD,2026-08-15,estimate,epsEstGrowth,FY2026-12-31,0.1003
GD,2026-08-15,estimate,epsEstAvg,FY2027-12-31,18.59454
GD,2026-08-15,estimate,epsEstLow,FY2027-12-31,17.59
GD,2026-08-15,estimate,epsEstHigh,FY2027-12-31,19.35
GD,2026-08-15,estimate,epsEstAnalysts,FY2027-12-31,20.0
GD,2026-08-15,estimate,epsEstGrowth,FY2027-12-31,0.0939
GD,2026-08-15,estimate,revEstAvg,FQ2026-09-30,13722144820.0
GD,2026-08-15,estimate,revEstLow,FQ2026-09-30,13425545000.0
GD,2026-08-15,estimate,revEstHigh,FQ2026-09-30,14040400000.0
GD,2026-08-15,estimate,revEstAnalysts,FQ2026-09-30,20.0
GD,2026-08-15,estimate,revEstGrowth,FQ2026-09-30,0.063200004
GD,2026-08-15,estimate,revEstAvg,FQ2026-12-31,14673264170.0
GD,2026-08-15,estimate,revEstLow,FQ2026-12-31,14135920000.0
GD,2026-08-15,estimate,revEstHigh,FQ2026-12-31,15457000000.0
GD,2026-08-15,estimate,revEstAnalysts,FQ2026-12-31,20.0
GD,2026-08-15,estimate,revEstGrowth,FQ2026-12-31,0.020499999
GD,2026-08-15,estimate,revEstAvg,FY2026-12-31,55923031580.0
GD,2026-08-15,estimate,revEstLow,FY2026-12-31,55530000000.0
GD,2026-08-15,estimate,revEstHigh,FY2026-12-31,56629980000.0
GD,2026-08-15,estimate,revEstAnalysts,FY2026-12-31,22.0
GD,2026-08-15,estimate,revEstGrowth,FY2026-12-31,0.0642
GD,2026-08-15,estimate,revEstAvg,FY2027-12-31,58536910550.0
GD,2026-08-15,estimate,revEstLow,FY2027-12-31,56947380000.0
GD,2026-08-15,estimate,revEstHigh,FY2027-12-31,59463508400.0
GD,2026-08-15,estimate,revEstAnalysts,FY2027-12-31,23.0
GD,2026-08-15,estimate,revEstGrowth,FY2027-12-31,0.0467
GD,2026-08-15,estimate,epsRevUp7,FQ2026-09-30,1.0
GD,2026-08-15,estimate,epsRevUp30,FQ2026-09-30,6.0
GD,2026-08-15,estimate,epsRevDown7,FQ2026-09-30,1.0
GD,2026-08-15,estimate,epsRevDown30,FQ2026-09-30,3.0
GD,2026-08-15,estimate,epsRevUp7,FQ2026-12-31,1.0
GD,2026-08-15,estimate,epsRevUp30,FQ2026-12-31,3.0
GD,2026-08-15,estimate,epsRevDown7,FQ2026-12-31,1.0
GD,2026-08-15,estimate,epsRevDown30,FQ2026-12-31,6.0
GD,2026-08-15,estimate,epsRevUp7,FY2026-12-31,1.0
GD,2026-08-15,estimate,epsRevUp30,FY2026-12-31,5.0
GD,2026-08-15,estimate,epsRevDown7,FY2026-12-31,0.0
GD,2026-08-15,estimate,epsRevDown30,FY2026-12-31,2.0
GD,2026-08-15,estimate,epsRevUp7,FY2027-12-31,1.0
GD,2026-08-15,estimate,epsRevUp30,FY2027-12-31,6.0
GD,2026-08-15,estimate,epsRevDown7,FY2027-12-31,0.0
GD,2026-08-15,estimate,epsRevDown30,FY2027-12-31,0.0
NOC,2026-08-15,estimate,epsEst,FQ2026-09-30,7.15237
NOC,2026-08-08,estimate,epsEst,FQ2026-09-30,7.13862
NOC,2026-07-16,estimate,epsEst,FQ2026-09-30,7.00072
NOC,2026-06-16,estimate,epsEst,FQ2026-09-30,6.99827
NOC,2026-05-17,estimate,epsEst,FQ2026-09-30,7.00448
NOC,2026-08-15,estimate,epsEst,FQ2026-12-31,8.0158
NOC,2026-08-08,estimate,epsEst,FQ2026-12-31,8.0133
NOC,2026-07-16,estimate,epsEst,FQ2026-12-31,7.97188
NOC,2026-06-16,estimate,epsEst,FQ2026-12-31,7.96431
NOC,2026-05-17,estimate,epsEst,FQ2026-12-31,7.97574
NOC,2026-08-15,estimate,epsEst,FY2026-12-31,29.01474
NOC,2026-08-08,estimate,epsEst,FY2026-12-31,28.96324
NOC,2026-07-16,estimate,epsEst,FY2026-12-31,27.94965
NOC,2026-06-16,estimate,epsEst,FY2026-12-31,27.94252
NOC,2026-05-17,estimate,epsEst,FY2026-12-31,27.93286
NOC,2026-08-15,estimate,epsEst,FY2027-12-31,30.43133
NOC,2026-08-08,estimate,epsEst,FY2027-12-31,30.36815
NOC,2026-07-16,estimate,epsEst,FY2027-12-31,30.16312
NOC,2026-06-16,estimate,epsEst,FY2027-12-31,30.13849
NOC,2026-05-17,estimate,epsEst,FY2027-12-31,30.1831
NOC,2026-08-15,estimate,epsEstAvg,FQ2026-09-30,7.15237
NOC,2026-08-15,estimate,epsEstLow,FQ2026-09-30,6.68819
NOC,2026-08-15,estimate,epsEstHigh,FQ2026-09-30,7.35
NOC,2026-08-15,estimate,epsEstAnalysts,FQ2026-09-30,16.0
NOC,2026-08-15,estimate,epsEstGrowth,FQ2026-09-30,-0.0675
NOC,2026-08-15,estimate,epsEstAvg,FQ2026-12-31,8.0158
NOC,2026-08-15,estimate,epsEstLow,FQ2026-12-31,7.7
NOC,2026-08-15,estimate,epsEstHigh,FQ2026-12-31,8.28814
NOC,2026-08-15,estimate,epsEstAnalysts,FQ2026-12-31,16.0
NOC,2026-08-15,estimate,epsEstGrowth,FQ2026-12-31,0.1087
NOC,2026-08-15,estimate,epsEstAvg,FY2026-12-31,29.01474
NOC,2026-08-15,estimate,epsEstLow,FY2026-12-31,28.77
NOC,2026-08-15,estimate,epsEstHigh,FY2026-12-31,29.63
NOC,2026-08-15,estimate,epsEstAnalysts,FY2026-12-31,20.0
NOC,2026-08-15,estimate,epsEstGrowth,FY2026-12-31,0.1015
NOC,2026-08-15,estimate,epsEstAvg,FY2027-12-31,30.43133
NOC,2026-08-15,estimate,epsEstLow,FY2027-12-31,29.5
NOC,2026-08-15,estimate,epsEstHigh,FY2027-12-31,31.84
NOC,2026-08-15,estimate,epsEstAnalysts,FY2027-12-31,22.0
NOC,2026-08-15,estimate,epsEstGrowth,FY2027-12-31,0.048800003
NOC,2026-08-15,estimate,revEstAvg,FQ2026-09-30,11125511270.0
NOC,2026-08-15,estimate,revEstLow,FQ2026-09-30,10914000000.0
NOC,2026-08-15,estimate,revEstHigh,FQ2026-09-30,11379000000.0
NOC,2026-08-15,estimate,revEstAnalysts,FQ2026-09-30,17.0
NOC,2026-08-15,estimate,revEstGrowth,FQ2026-09-30,0.0674
NOC,2026-08-15,estimate,revEstAvg,FQ2026-12-31,12184821700.0
NOC,2026-08-15,estimate,revEstLow,FQ2026-12-31,11861000000.0
NOC,2026-08-15,estimate,revEstHigh,FQ2026-12-31,12438302350.0
NOC,2026-08-15,estimate,revEstAnalysts,FQ2026-12-31,17.0
NOC,2026-08-15,estimate,revEstGrowth,FQ2026-12-31,0.0404
NOC,2026-08-15,estimate,revEstAvg,FY2026-12-31,44046717090.0
NOC,2026-08-15,estimate,revEstLow,FY2026-12-31,43758020000.0
NOC,2026-08-15,estimate,revEstHigh,FY2026-12-31,44357000000.0
NOC,2026-08-15,estimate,revEstAnalysts,FY2026-12-31,22.0
NOC,2026-08-15,estimate,revEstGrowth,FY2026-12-31,0.0499
NOC,2026-08-15,estimate,revEstAvg,FY2027-12-31,47003847290.0
NOC,2026-08-15,estimate,revEstLow,FY2027-12-31,46164710000.0
NOC,2026-08-15,estimate,revEstHigh,FY2027-12-31,47860000000.0
NOC,2026-08-15,estimate,revEstAnalysts,FY2027-12-31,22.0
NOC,2026-08-15,estimate,revEstGrowth,FY2027-12-31,0.0671
NOC,2026-08-15,estimate,epsRevUp7,FQ2026-09-30,1.0
NOC,2026-08-15,estimate,epsRevUp30,FQ2026-09-30,12.0
NOC,2026-08-15,estimate,epsRevDown7,FQ2026-09-30,0.0
NOC,2026-08-15,estimate,epsRevDown30,FQ2026-09-30,2.0
NOC,2026-08-15,estimate,epsRevUp7,FQ2026-12-31,1.0
NOC,2026-08-15,estimate,epsRevUp30,FQ2026-12-31,10.0
NOC,2026-08-15,estimate,epsRevDown7,FQ2026-12-31,0.0
NOC,2026-08-15,estimate,epsRevDown30,FQ2026-12-31,4.0
NOC,2026-08-15,estimate,epsRevUp7,FY2026-12-31,1.0
NOC,2026-08-15,estimate,epsRevUp30,FY2026-12-31,18.0
NOC,2026-08-15,estimate,epsRevDown7,FY2026-12-31,0.0
NOC,2026-08-15,estimate,epsRevDown30,FY2026-12-31,0.0
NOC,2026-08-15,estimate,epsRevUp7,FY2027-12-31,13.0
NOC,2026-08-15,estimate,epsRevUp30,FY2027-12-31,14.0
NOC,2026-08-15,estimate,epsRevDown7,FY2027-12-31,4.0
NOC,2026-08-15,estimate,epsRevDown30,FY2027-12-31,3.0
LHX,2026-08-15,estimate,epsEst,FQ2026-09-30,2.95518
LHX,2026-08-08,estimate,epsEst,FQ2026-09-30,3.02536
LHX,2026-07-16,estimate,epsEst,FQ2026-09-30,3.04177
LHX,2026-06-16,estimate,epsEst,FQ2026-09-30,3.04344
LHX,2026-05-17,estimate,epsEst,FQ2026-09-30,3.05011
LHX,2026-08-15,estimate,epsEst,FQ2026-12-31,3.11767
LHX,2026-08-08,estimate,epsEst,FQ2026-12-31,3.1267
LHX,2026-07-16,estimate,epsEst,FQ2026-12-31,3.12198
LHX,2026-06-16,estimate,epsEst,FQ2026-12-31,3.12948
LHX,2026-05-17,estimate,epsEst,FQ2026-12-31,3.16198
LHX,2026-08-15,estimate,epsEst,FY2026-12-31,11.99302
LHX,2026-08-08,estimate,epsEst,FY2026-12-31,11.77526
LHX,2026-07-16,estimate,epsEst,FY2026-12-31,11.77992
LHX,2026-06-16,estimate,epsEst,FY2026-12-31,11.75593
LHX,2026-05-17,estimate,epsEst,FY2026-12-31,11.77266
LHX,2026-08-15,estimate,epsEst,FY2027-12-31,13.42416
LHX,2026-08-08,estimate,epsEst,FY2027-12-31,13.63323
LHX,2026-07-16,estimate,epsEst,FY2027-12-31,13.65073
LHX,2026-06-16,estimate,epsEst,FY2027-12-31,13.65073
LHX,2026-05-17,estimate,epsEst,FY2027-12-31,13.63448
LHX,2026-08-15,estimate,epsEstAvg,FQ2026-09-30,2.95518
LHX,2026-08-15,estimate,epsEstLow,FQ2026-09-30,2.84992
LHX,2026-08-15,estimate,epsEstHigh,FQ2026-09-30,3.02
LHX,2026-08-15,estimate,epsEstAnalysts,FQ2026-09-30,6.0
LHX,2026-08-15,estimate,epsEstGrowth,FQ2026-09-30,0.0945
LHX,2026-08-15,estimate,epsEstAvg,FQ2026-12-31,3.11767
LHX,2026-08-15,estimate,epsEstLow,FQ2026-12-31,2.99
LHX,2026-08-15,estimate,epsEstHigh,FQ2026-12-31,3.27
LHX,2026-08-15,estimate,epsEstAnalysts,FQ2026-12-31,6.0
LHX,2026-08-15,estimate,epsEstGrowth,FQ2026-12-31,0.090100005
LHX,2026-08-15,estimate,epsEstAvg,FY2026-12-31,11.99302
LHX,2026-08-15,estimate,epsEstLow,FY2026-12-31,11.79
LHX,2026-08-15,estimate,epsEstHigh,FY2026-12-31,12.31009
LHX,2026-08-15,estimate,epsEstAnalysts,FY2026-12-31,8.0
LHX,2026-08-15,estimate,epsEstGrowth,FY2026-12-31,0.1177
LHX,2026-08-15,estimate,epsEstAvg,FY2027-12-31,13.42416
LHX,2026-08-15,estimate,epsEstLow,FY2027-12-31,12.75
LHX,2026-08-15,estimate,epsEstHigh,FY2027-12-31,13.78
LHX,2026-08-15,estimate,epsEstAnalysts,FY2027-12-31,8.0
LHX,2026-08-15,estimate,epsEstGrowth,FY2027-12-31,0.1193
LHX,2026-08-15,estimate,revEstAvg,FQ2026-09-30,5999477430.0
LHX,2026-08-15,estimate,revEstLow,FQ2026-09-30,5861000000.0
LHX,2026-08-15,estimate,revEstHigh,FQ2026-09-30,6316000000.0
LHX,2026-08-15,estimate,revEstAnalysts,FQ2026-09-30,9.0
LHX,2026-08-15,estimate,revEstGrowth,FQ2026-09-30,0.0602
LHX,2026-08-15,estimate,revEstAvg,FQ2026-12-31,6022406650.0
LHX,2026-08-15,estimate,revEstLow,FQ2026-12-31,5913000000.0
LHX,2026-08-15,estimate,revEstHigh,FQ2026-12-31,6170000000.0
LHX,2026-08-15,estimate,revEstAnalysts,FQ2026-12-31,9.0
LHX,2026-08-15,estimate,revEstGrowth,FQ2026-12-31,0.066300005
LHX,2026-08-15,estimate,revEstAvg,FY2026-12-31,23634295670.0
LHX,2026-08-15,estimate,revEstLow,FY2026-12-31,23450000000.0
LHX,2026-08-15,estimate,revEstHigh,FY2026-12-31,24111000000.0
LHX,2026-08-15,estimate,revEstAnalysts,FY2026-12-31,10.0
LHX,2026-08-15,estimate,revEstGrowth,FY2026-12-31,0.0809
LHX,2026-08-15,estimate,revEstAvg,FY2027-12-31,25212880990.0
LHX,2026-08-15,estimate,revEstLow,FY2027-12-31,24812000000.0
LHX,2026-08-15,estimate,revEstHigh,FY2027-12-31,25768000000.0
LHX,2026-08-15,estimate,revEstAnalysts,FY2027-12-31,10.0
LHX,2026-08-15,estimate,revEstGrowth,FY2027-12-31,0.0668
LHX,2026-08-15,estimate,epsRevUp7,FQ2026-09-30,1.0
LHX,2026-08-15,estimate,epsRevUp30,FQ2026-09-30,1.0
LHX,2026-08-15,estimate,epsRevDown7,FQ2026-09-30,0.0
LHX,2026-08-15,estimate,epsRevDown30,FQ2026-09-30,1.0
LHX,2026-08-15,estimate,epsRevUp7,FQ2026-12-31,2.0
LHX,2026-08-15,estimate,epsRevUp30,FQ2026-12-31,2.0
LHX,2026-08-15,estimate,epsRevDown7,FQ2026-12-31,0.0
LHX,2026-08-15,estimate,epsRevDown30,FQ2026-12-31,1.0
LHX,2026-08-15,estimate,epsRevUp7,FY2026-12-31,8.0
LHX,2026-08-15,estimate,epsRevUp30,FY2026-12-31,9.0
LHX,2026-08-15,estimate,epsRevDown7,FY2026-12-31,1.0
LHX,2026-08-15,estimate,epsRevDown30,FY2026-12-31,3.0
LHX,2026-08-15,estimate,epsRevUp7,FY2027-12-31,8.0
LHX,2026-08-15,estimate,epsRevUp30,FY2027-12-31,9.0
LHX,2026-08-15,estimate,epsRevDown7,FY2027-12-31,2.0
LHX,2026-08-15,estimate,epsRevDown30,FY2027-12-31,4.0
TDG,2026-08-15,estimate,epsEst,FQ2026-09-30,12.12057
TDG,2026-08-08,estimate,epsEst,FQ2026-09-30,11.6419
TDG,2026-07-16,estimate,epsEst,FQ2026-09-30,11.63812
TDG,2026-06-16,estimate,epsEst,FQ2026-09-30,11.6637
TDG,2026-05-17,estimate,epsEst,FQ2026-09-30,11.64417
TDG,2026-08-15,estimate,epsEst,FQ2026-12-31,9.68549
TDG,2026-08-08,estimate,epsEst,FQ2026-12-31,9.80569
TDG,2026-07-16,estimate,epsEst,FQ2026-12-31,9.7895
TDG,2026-06-16,estimate,epsEst,FQ2026-12-31,9.78635
TDG,2026-05-17,estimate,epsEst,FQ2026-12-31,9.80388
TDG,2026-08-15,estimate,epsEst,FY2026-09-30,41.13928
TDG,2026-08-08,estimate,epsEst,FY2026-09-30,40.01499
TDG,2026-07-16,estimate,epsEst,FY2026-09-30,40.04403
TDG,2026-06-16,estimate,epsEst,FY2026-09-30,40.01463
TDG,2026-05-17,estimate,epsEst,FY2026-09-30,40.01014
TDG,2026-08-15,estimate,epsEst,FY2027-09-30,48.35363
TDG,2026-08-08,estimate,epsEst,FY2027-09-30,46.92848
TDG,2026-07-16,estimate,epsEst,FY2027-09-30,46.87189
TDG,2026-06-16,estimate,epsEst,FY2027-09-30,46.88868
TDG,2026-05-17,estimate,epsEst,FY2027-09-30,46.7252
TDG,2026-08-15,estimate,epsEstAvg,FQ2026-09-30,12.12057
TDG,2026-08-15,estimate,epsEstLow,FQ2026-09-30,11.2
TDG,2026-08-15,estimate,epsEstHigh,FQ2026-09-30,12.58
TDG,2026-08-15,estimate,epsEstAnalysts,FQ2026-09-30,16.0
TDG,2026-08-15,estimate,epsEstGrowth,FQ2026-09-30,0.12020001
TDG,2026-08-15,estimate,epsEstAvg,FQ2026-12-31,9.68549
TDG,2026-08-15,estimate,epsEstLow,FQ2026-12-31,9.01
TDG,2026-08-15,estimate,epsEstHigh,FQ2026-12-31,10.26279
TDG,2026-08-15,estimate,epsEstAnalysts,FQ2026-12-31,7.0
TDG,2026-08-15,estimate,epsEstGrowth,FQ2026-12-31,0.1769
TDG,2026-08-15,estimate,epsEstAvg,FY2026-09-30,41.13928
TDG,2026-08-15,estimate,epsEstLow,FY2026-09-30,40.05
TDG,2026-08-15,estimate,epsEstHigh,FY2026-09-30,41.75
TDG,2026-08-15,estimate,epsEstAnalysts,FY2026-09-30,18.0
TDG,2026-08-15,estimate,epsEstGrowth,FY2026-09-30,0.102
TDG,2026-08-15,estimate,epsEstAvg,FY2027-09-30,48.35363
TDG,2026-08-15,estimate,epsEstLow,FY2027-09-30,45.44722
TDG,2026-08-15,estimate,epsEstHigh,FY2027-09-30,51.10878
TDG,2026-08-15,estimate,epsEstAnalysts,FY2027-09-30,20.0
TDG,2026-08-15,estimate,epsEstGrowth,FY2027-09-30,0.1754
TDG,2026-08-15,estimate,revEstAvg,FQ2026-09-30,2937548090.0
TDG,2026-08-15,estimate,revEstLow,FQ2026-09-30,2854000000.0
TDG,2026-08-15,estimate,revEstHigh,FQ2026-09-30,2975530000.0
TDG,2026-08-15,estimate,revEstAnalysts,FQ2026-09-30,17.0
TDG,2026-08-15,estimate,revEstGrowth,FQ2026-09-30,0.2054
TDG,2026-08-15,estimate,revEstAvg,FQ2026-12-31,2586922220.0
TDG,2026-08-15,estimate,revEstLow,FQ2026-12-31,2479000000.0
TDG,2026-08-15,estimate,revEstHigh,FQ2026-12-31,2678000000.0
TDG,2026-08-15,estimate,revEstAnalysts,FQ2026-12-31,8.0
TDG,2026-08-15,estimate,revEstGrowth,FQ2026-12-31,0.1321
TDG,2026-08-15,estimate,revEstAvg,FY2026-09-30,10499933380.0
TDG,2026-08-15,estimate,revEstLow,FY2026-09-30,10391000000.0
TDG,2026-08-15,estimate,revEstHigh,FY2026-09-30,10545530000.0
TDG,2026-08-15,estimate,revEstAnalysts,FY2026-09-30,20.0
TDG,2026-08-15,estimate,revEstGrowth,FY2026-09-30,0.189
TDG,2026-08-15,estimate,revEstAvg,FY2027-09-30,11563362440.0
TDG,2026-08-15,estimate,revEstLow,FY2027-09-30,11203000000.0
TDG,2026-08-15,estimate,revEstHigh,FY2027-09-30,12228000000.0
TDG,2026-08-15,estimate,revEstAnalysts,FY2027-09-30,20.0
TDG,2026-08-15,estimate,revEstGrowth,FY2027-09-30,0.1013
TDG,2026-08-15,estimate,epsRevUp7,FQ2026-09-30,1.0
TDG,2026-08-15,estimate,epsRevUp30,FQ2026-09-30,2.0
TDG,2026-08-15,estimate,epsRevDown7,FQ2026-09-30,2.0
TDG,2026-08-15,estimate,epsRevDown30,FQ2026-09-30,4.0
TDG,2026-08-15,estimate,epsRevUp7,FQ2026-12-31,1.0
TDG,2026-08-15,estimate,epsRevUp30,FQ2026-12-31,1.0
TDG,2026-08-15,estimate,epsRevDown7,FQ2026-12-31,0.0
TDG,2026-08-15,estimate,epsRevDown30,FQ2026-12-31,1.0
TDG,2026-08-15,estimate,epsRevUp7,FY2026-09-30,2.0
TDG,2026-08-15,estimate,epsRevUp30,FY2026-09-30,4.0
TDG,2026-08-15,estimate,epsRevDown7,FY2026-09-30,1.0
TDG,2026-08-15,estimate,epsRevDown30,FY2026-09-30,1.0
TDG,2026-08-15,estimate,epsRevUp7,FY2027-09-30,2.0
TDG,2026-08-15,estimate,epsRevUp30,FY2027-09-30,3.0
TDG,2026-08-15,estimate,epsRevDown7,FY2027-09-30,1.0
TDG,2026-08-15,estimate,epsRevDown30,FY2027-09-30,2.0
HWM,2026-08-15,estimate,epsEst,FQ2026-09-30,1.36676
HWM,2026-08-08,estimate,epsEst,FQ2026-09-30,1.26022
HWM,2026-07-16,estimate,epsEst,FQ2026-09-30,1.26097
HWM,2026-06-16,estimate,epsEst,FQ2026-09-30,1.26219
HWM,2026-05-17,estimate,epsEst,FQ2026-09-30,1.26196
HWM,2026-08-15,estimate,epsEst,FQ2026-12-31,1.41183
HWM,2026-08-08,estimate,epsEst,FQ2026-12-31,1.3158
HWM,2026-07-16,estimate,epsEst,FQ2026-12-31,1.31234
HWM,2026-06-16,estimate,epsEst,FQ2026-12-31,1.31062
HWM,2026-05-17,estimate,epsEst,FQ2026-12-31,1.30991
HWM,2026-08-15,estimate,epsEst,FY2026-12-31,5.33111
HWM,2026-08-08,estimate,epsEst,FY2026-12-31,5.05696
HWM,2026-07-16,estimate,epsEst,FY2026-12-31,5.0543
HWM,2026-06-16,estimate,epsEst,FY2026-12-31,5.03724
HWM,2026-05-17,estimate,epsEst,FY2026-12-31,5.03019
HWM,2026-08-15,estimate,epsEst,FY2027-12-31,6.36962
HWM,2026-08-08,estimate,epsEst,FY2027-12-31,6.05312
HWM,2026-07-16,estimate,epsEst,FY2027-12-31,6.04232
HWM,2026-06-16,estimate,epsEst,FY2027-12-31,6.01658
HWM,2026-05-17,estimate,epsEst,FY2027-12-31,5.95231
HWM,2026-08-15,estimate,epsEstAvg,FQ2026-09-30,1.36676
HWM,2026-08-15,estimate,epsEstLow,FQ2026-09-30,1.35
HWM,2026-08-15,estimate,epsEstHigh,FQ2026-09-30,1.39447
HWM,2026-08-15,estimate,epsEstAnalysts,FQ2026-09-30,14.0
HWM,2026-08-15,estimate,epsEstGrowth,FQ2026-09-30,0.4387
HWM,2026-08-15,estimate,epsEstAvg,FQ2026-12-31,1.41183
HWM,2026-08-15,estimate,epsEstLow,FQ2026-12-31,1.34
HWM,2026-08-15,estimate,epsEstHigh,FQ2026-12-31,1.47185
HWM,2026-08-15,estimate,epsEstAnalysts,FQ2026-12-31,13.0
HWM,2026-08-15,estimate,epsEstGrowth,FQ2026-12-31,0.3446
HWM,2026-08-15,estimate,epsEstAvg,FY2026-12-31,5.33111
HWM,2026-08-15,estimate,epsEstLow,FY2026-12-31,5.25
HWM,2026-08-15,estimate,epsEstHigh,FY2026-12-31,5.41
HWM,2026-08-15,estimate,epsEstAnalysts,FY2026-12-31,16.0
HWM,2026-08-15,estimate,epsEstGrowth,FY2026-12-31,0.4141
HWM,2026-08-15,estimate,epsEstAvg,FY2027-12-31,6.36962
HWM,2026-08-15,estimate,epsEstLow,FY2027-12-31,5.75
HWM,2026-08-15,estimate,epsEstHigh,FY2027-12-31,6.9
HWM,2026-08-15,estimate,epsEstAnalysts,FY2027-12-31,20.0
HWM,2026-08-15,estimate,epsEstGrowth,FY2027-12-31,0.19479999
HWM,2026-08-15,estimate,revEstAvg,FQ2026-09-30,2583363140.0
HWM,2026-08-15,estimate,revEstLow,FQ2026-09-30,2561977290.0
HWM,2026-08-15,estimate,revEstHigh,FQ2026-09-30,2599000000.0
HWM,2026-08-15,estimate,revEstAnalysts,FQ2026-09-30,14.0
HWM,2026-08-15,estimate,revEstGrowth,FQ2026-09-30,0.2367
HWM,2026-08-15,estimate,revEstAvg,FQ2026-12-31,2658014640.0
HWM,2026-08-15,estimate,revEstLow,FQ2026-12-31,2611000000.0
HWM,2026-08-15,estimate,revEstHigh,FQ2026-12-31,2707000000.0
HWM,2026-08-15,estimate,revEstAnalysts,FQ2026-12-31,13.0
HWM,2026-08-15,estimate,revEstGrowth,FQ2026-12-31,0.22600001
HWM,2026-08-15,estimate,revEstAvg,FY2026-12-31,10086272200.0
HWM,2026-08-15,estimate,revEstLow,FY2026-12-31,9900000000.0
HWM,2026-08-15,estimate,revEstHigh,FY2026-12-31,10166000000.0
HWM,2026-08-15,estimate,revEstAnalysts,FY2026-12-31,17.0
HWM,2026-08-15,estimate,revEstGrowth,FY2026-12-31,0.2223
HWM,2026-08-15,estimate,revEstAvg,FY2027-12-31,11416790360.0
HWM,2026-08-15,estimate,revEstLow,FY2027-12-31,10841000000.0
HWM,2026-08-15,estimate,revEstHigh,FY2027-12-31,11901000000.0
HWM,2026-08-15,estimate,revEstAnalysts,FY2027-12-31,19.0
HWM,2026-08-15,estimate,revEstGrowth,FY2027-12-31,0.1319
HWM,2026-08-15,estimate,epsRevUp7,FQ2026-09-30,4.0
HWM,2026-08-15,estimate,epsRevUp30,FQ2026-09-30,5.0
HWM,2026-08-15,estimate,epsRevDown7,FQ2026-09-30,1.0
HWM,2026-08-15,estimate,epsRevDown30,FQ2026-09-30,2.0
HWM,2026-08-15,estimate,epsRevUp7,FQ2026-12-31,2.0
HWM,2026-08-15,estimate,epsRevUp30,FQ2026-12-31,6.0
HWM,2026-08-15,estimate,epsRevDown7,FQ2026-12-31,2.0
HWM,2026-08-15,estimate,epsRevDown30,FQ2026-12-31,3.0
HWM,2026-08-15,estimate,epsRevUp7,FY2026-12-31,4.0
HWM,2026-08-15,estimate,epsRevUp30,FY2026-12-31,6.0
HWM,2026-08-15,estimate,epsRevDown7,FY2026-12-31,1.0
HWM,2026-08-15,estimate,epsRevDown30,FY2026-12-31,1.0
HWM,2026-08-15,estimate,epsRevUp7,FY2027-12-31,4.0
HWM,2026-08-15,estimate,epsRevUp30,FY2027-12-31,5.0
HWM,2026-08-15,estimate,epsRevDown7,FY2027-12-31,2.0
HWM,2026-08-15,estimate,epsRevDown30,FY2027-12-31,3.0
CAT,2026-08-15,estimate,epsEst,FQ2026-09-30,6.92037
CAT,2026-08-08,estimate,epsEst,FQ2026-09-30,6.89437
CAT,2026-07-16,estimate,epsEst,FQ2026-09-30,6.46167
CAT,2026-06-16,estimate,epsEst,FQ2026-09-30,6.39441
CAT,2026-05-17,estimate,epsEst,FQ2026-09-30,6.36899
CAT,2026-08-15,estimate,epsEst,FQ2026-12-31,6.92561
CAT,2026-08-08,estimate,epsEst,FQ2026-12-31,6.89961
CAT,2026-07-16,estimate,epsEst,FQ2026-12-31,6.69791
CAT,2026-06-16,estimate,epsEst,FQ2026-12-31,6.66888
CAT,2026-05-17,estimate,epsEst,FQ2026-12-31,6.66224
CAT,2026-08-15,estimate,epsEst,FY2026-12-31,27.06406
CAT,2026-08-08,estimate,epsEst,FY2026-12-31,26.85022
CAT,2026-07-16,estimate,epsEst,FY2026-12-31,24.75542
CAT,2026-06-16,estimate,epsEst,FY2026-12-31,24.65654
CAT,2026-05-17,estimate,epsEst,FY2026-12-31,24.53079
CAT,2026-08-15,estimate,epsEst,FY2027-12-31,32.05457
CAT,2026-08-08,estimate,epsEst,FY2027-12-31,31.96753
CAT,2026-07-16,estimate,epsEst,FY2027-12-31,30.40565
CAT,2026-06-16,estimate,epsEst,FY2027-12-31,30.13907
CAT,2026-05-17,estimate,epsEst,FY2027-12-31,29.77319
CAT,2026-08-15,estimate,epsEstAvg,FQ2026-09-30,6.92037
CAT,2026-08-15,estimate,epsEstLow,FQ2026-09-30,6.23
CAT,2026-08-15,estimate,epsEstHigh,FQ2026-09-30,7.95814
CAT,2026-08-15,estimate,epsEstAnalysts,FQ2026-09-30,20.0
CAT,2026-08-15,estimate,epsEstGrowth,FQ2026-09-30,0.39810002
CAT,2026-08-15,estimate,epsEstAvg,FQ2026-12-31,6.92561
CAT,2026-08-15,estimate,epsEstLow,FQ2026-12-31,6.01
CAT,2026-08-15,estimate,epsEstHigh,FQ2026-12-31,7.84
CAT,2026-08-15,estimate,epsEstAnalysts,FQ2026-12-31,20.0
CAT,2026-08-15,estimate,epsEstGrowth,FQ2026-12-31,0.3422
CAT,2026-08-15,estimate,epsEstAvg,FY2026-12-31,27.06406
CAT,2026-08-15,estimate,epsEstLow,FY2026-12-31,24.33
CAT,2026-08-15,estimate,epsEstHigh,FY2026-12-31,29.15177
CAT,2026-08-15,estimate,epsEstAnalysts,FY2026-12-31,26.0
CAT,2026-08-15,estimate,epsEstGrowth,FY2026-12-31,0.41990003
CAT,2026-08-15,estimate,epsEstAvg,FY2027-12-31,32.05457
CAT,2026-08-15,estimate,epsEstLow,FY2027-12-31,27.17
CAT,2026-08-15,estimate,epsEstHigh,FY2027-12-31,36.23
CAT,2026-08-15,estimate,epsEstAnalysts,FY2027-12-31,27.0
CAT,2026-08-15,estimate,epsEstGrowth,FY2027-12-31,0.1844
CAT,2026-08-15,estimate,revEstAvg,FQ2026-09-30,20354652740.0
CAT,2026-08-15,estimate,revEstLow,FQ2026-09-30,19956000000.0
CAT,2026-08-15,estimate,revEstHigh,FQ2026-09-30,21042680160.0
CAT,2026-08-15,estimate,revEstAnalysts,FQ2026-09-30,11.0
CAT,2026-08-15,estimate,revEstGrowth,FQ2026-09-30,0.154
CAT,2026-08-15,estimate,revEstAvg,FQ2026-12-31,20965715450.0
CAT,2026-08-15,estimate,revEstLow,FQ2026-12-31,19663000000.0
CAT,2026-08-15,estimate,revEstHigh,FQ2026-12-31,21478000000.0
CAT,2026-08-15,estimate,revEstAnalysts,FQ2026-12-31,11.0
CAT,2026-08-15,estimate,revEstGrowth,FQ2026-12-31,0.0958
CAT,2026-08-15,estimate,revEstAvg,FY2026-12-31,79040663700.0
CAT,2026-08-15,estimate,revEstLow,FY2026-12-31,75927000000.0
CAT,2026-08-15,estimate,revEstHigh,FY2026-12-31,80317850150.0
CAT,2026-08-15,estimate,revEstAnalysts,FY2026-12-31,15.0
CAT,2026-08-15,estimate,revEstGrowth,FY2026-12-31,0.1694
CAT,2026-08-15,estimate,revEstAvg,FY2027-12-31,87139057130.0
CAT,2026-08-15,estimate,revEstLow,FY2027-12-31,81149000000.0
CAT,2026-08-15,estimate,revEstHigh,FY2027-12-31,94114000000.0
CAT,2026-08-15,estimate,revEstAnalysts,FY2027-12-31,17.0
CAT,2026-08-15,estimate,revEstGrowth,FY2027-12-31,0.1025
CAT,2026-08-15,estimate,epsRevUp7,FQ2026-09-30,14.0
CAT,2026-08-15,estimate,epsRevUp30,FQ2026-09-30,15.0
CAT,2026-08-15,estimate,epsRevDown7,FQ2026-09-30,2.0
CAT,2026-08-15,estimate,epsRevDown30,FQ2026-09-30,1.0
CAT,2026-08-15,estimate,epsRevUp7,FQ2026-12-31,13.0
CAT,2026-08-15,estimate,epsRevUp30,FQ2026-12-31,14.0
CAT,2026-08-15,estimate,epsRevDown7,FQ2026-12-31,3.0
CAT,2026-08-15,estimate,epsRevDown30,FQ2026-12-31,2.0
CAT,2026-08-15,estimate,epsRevUp7,FY2026-12-31,18.0
CAT,2026-08-15,estimate,epsRevUp30,FY2026-12-31,18.0
CAT,2026-08-15,estimate,epsRevDown7,FY2026-12-31,0.0
CAT,2026-08-15,estimate,epsRevDown30,FY2026-12-31,1.0
CAT,2026-08-15,estimate,epsRevUp7,FY2027-12-31,20.0
CAT,2026-08-15,estimate,epsRevUp30,FY2027-12-31,20.0
CAT,2026-08-15,estimate,epsRevDown7,FY2027-12-31,1.0
CAT,2026-08-15,estimate,epsRevDown30,FY2027-12-31,2.0
DE,2026-08-15,estimate,epsEst,FQ2026-07-31,4.69875
DE,2026-08-08,estimate,epsEst,FQ2026-07-31,4.72227
DE,2026-07-16,estimate,epsEst,FQ2026-07-31,4.71286
DE,2026-06-16,estimate,epsEst,FQ2026-07-31,4.71286
DE,2026-05-17,estimate,epsEst,FQ2026-07-31,5.08573
DE,2026-08-15,estimate,epsEst,FQ2026-10-31,4.44501
DE,2026-08-08,estimate,epsEst,FQ2026-10-31,4.48278
DE,2026-07-16,estimate,epsEst,FQ2026-10-31,4.48945
DE,2026-06-16,estimate,epsEst,FQ2026-10-31,4.48945
DE,2026-05-17,estimate,epsEst,FQ2026-10-31,4.61113
DE,2026-08-15,estimate,epsEst,FY2026-10-31,18.1045
DE,2026-08-08,estimate,epsEst,FY2026-10-31,18.1045
DE,2026-07-16,estimate,epsEst,FY2026-10-31,18.10259
DE,2026-06-16,estimate,epsEst,FY2026-10-31,18.10259
DE,2026-05-17,estimate,epsEst,FY2026-10-31,17.89574
DE,2026-08-15,estimate,epsEst,FY2027-10-31,22.73211
DE,2026-08-08,estimate,epsEst,FY2027-10-31,22.82973
DE,2026-07-16,estimate,epsEst,FY2027-10-31,22.80153
DE,2026-06-16,estimate,epsEst,FY2027-10-31,22.83248
DE,2026-05-17,estimate,epsEst,FY2027-10-31,23.01832
DE,2026-08-15,estimate,epsEstAvg,FQ2026-07-31,4.69875
DE,2026-08-15,estimate,epsEstLow,FQ2026-07-31,4.33
DE,2026-08-15,estimate,epsEstHigh,FQ2026-07-31,5.02
DE,2026-08-15,estimate,epsEstAnalysts,FQ2026-07-31,17.0
DE,2026-08-15,estimate,epsEstGrowth,FQ2026-07-31,-0.0108
DE,2026-08-15,estimate,epsEstAvg,FQ2026-10-31,4.44501
DE,2026-08-15,estimate,epsEstLow,FQ2026-10-31,3.85
DE,2026-08-15,estimate,epsEstHigh,FQ2026-10-31,5.04
DE,2026-08-15,estimate,epsEstAnalysts,FQ2026-10-31,18.0
DE,2026-08-15,estimate,epsEstGrowth,FQ2026-10-31,0.131
DE,2026-08-15,estimate,epsEstAvg,FY2026-10-31,18.1045
DE,2026-08-15,estimate,epsEstLow,FY2026-10-31,17.55
DE,2026-08-15,estimate,epsEstHigh,FY2026-10-31,18.83007
DE,2026-08-15,estimate,epsEstAnalysts,FY2026-10-31,21.0
DE,2026-08-15,estimate,epsEstGrowth,FY2026-10-31,-0.0214
DE,2026-08-15,estimate,epsEstAvg,FY2027-10-31,22.73211
DE,2026-08-15,estimate,epsEstLow,FY2027-10-31,20.4
DE,2026-08-15,estimate,epsEstHigh,FY2027-10-31,25.26369
DE,2026-08-15,estimate,epsEstAnalysts,FY2027-10-31,21.0
DE,2026-08-15,estimate,epsEstGrowth,FY2027-10-31,0.2556
DE,2026-08-15,estimate,revEstAvg,FQ2026-07-31,10731542210.0
DE,2026-08-15,estimate,revEstLow,FQ2026-07-31,10319000000.0
DE,2026-08-15,estimate,revEstHigh,FQ2026-07-31,11295200000.0
DE,2026-08-15,estimate,revEstAnalysts,FQ2026-07-31,14.0
DE,2026-08-15,estimate,revEstGrowth,FQ2026-07-31,0.036199998
DE,2026-08-15,estimate,revEstAvg,FQ2026-10-31,10920803080.0
DE,2026-08-15,estimate,revEstLow,FQ2026-10-31,10587400000.0
DE,2026-08-15,estimate,revEstHigh,FQ2026-10-31,11248700000.0
DE,2026-08-15,estimate,revEstAnalysts,FQ2026-10-31,13.0
DE,2026-08-15,estimate,revEstGrowth,FQ2026-10-31,0.0323
DE,2026-08-15,estimate,revEstAvg,FY2026-10-31,41418802070.0
DE,2026-08-15,estimate,revEstLow,FY2026-10-31,40995000000.0
DE,2026-08-15,estimate,revEstHigh,FY2026-10-31,42322900000.0
DE,2026-08-15,estimate,revEstAnalysts,FY2026-10-31,15.0
DE,2026-08-15,estimate,revEstGrowth,FY2026-10-31,0.0643
DE,2026-08-15,estimate,revEstAvg,FY2027-10-31,44677914000.0
DE,2026-08-15,estimate,revEstLow,FY2027-10-31,43356300000.0
DE,2026-08-15,estimate,revEstHigh,FY2027-10-31,46164200000.0
DE,2026-08-15,estimate,revEstAnalysts,FY2027-10-31,15.0
DE,2026-08-15,estimate,revEstGrowth,FY2027-10-31,0.0787
DE,2026-08-15,estimate,epsRevUp7,FQ2026-07-31,2.0
DE,2026-08-15,estimate,epsRevUp30,FQ2026-07-31,2.0
DE,2026-08-15,estimate,epsRevDown7,FQ2026-07-31,0.0
DE,2026-08-15,estimate,epsRevDown30,FQ2026-07-31,0.0
DE,2026-08-15,estimate,epsRevUp7,FQ2026-10-31,1.0
DE,2026-08-15,estimate,epsRevUp30,FQ2026-10-31,1.0
DE,2026-08-15,estimate,epsRevDown7,FQ2026-10-31,2.0
DE,2026-08-15,estimate,epsRevDown30,FQ2026-10-31,2.0
DE,2026-08-15,estimate,epsRevUp7,FY2026-10-31,3.0
DE,2026-08-15,estimate,epsRevUp30,FY2026-10-31,3.0
DE,2026-08-15,estimate,epsRevDown7,FY2026-10-31,0.0
DE,2026-08-15,estimate,epsRevDown30,FY2026-10-31,0.0
DE,2026-08-15,estimate,epsRevUp7,FY2027-10-31,1.0
DE,2026-08-15,estimate,epsRevUp30,FY2027-10-31,2.0
DE,2026-08-15,estimate,epsRevDown7,FY2027-10-31,2.0
DE,2026-08-15,estimate,epsRevDown30,FY2027-10-31,4.0
CMI,2026-08-15,estimate,epsEst,FQ2026-09-30,8.43044
CMI,2026-08-08,estimate,epsEst,FQ2026-09-30,7.81864
CMI,2026-07-16,estimate,epsEst,FQ2026-09-30,7.75443
CMI,2026-06-16,estimate,epsEst,FQ2026-09-30,7.63866
CMI,2026-05-17,estimate,epsEst,FQ2026-09-30,7.61267
CMI,2026-08-15,estimate,epsEst,FQ2026-12-31,8.55076
CMI,2026-08-08,estimate,epsEst,FQ2026-12-31,8.01303
CMI,2026-07-16,estimate,epsEst,FQ2026-12-31,7.91648
CMI,2026-06-16,estimate,epsEst,FQ2026-12-31,7.74541
CMI,2026-05-17,estimate,epsEst,FQ2026-12-31,7.71209
CMI,2026-08-15,estimate,epsEst,FY2026-12-31,28.96612
CMI,2026-08-08,estimate,epsEst,FY2026-12-31,28.38816
CMI,2026-07-16,estimate,epsEst,FY2026-12-31,28.3614
CMI,2026-06-16,estimate,epsEst,FY2026-12-31,27.81313
CMI,2026-05-17,estimate,epsEst,FY2026-12-31,28.41847
CMI,2026-08-15,estimate,epsEst,FY2027-12-31,33.89036
CMI,2026-08-08,estimate,epsEst,FY2027-12-31,32.28896
CMI,2026-07-16,estimate,epsEst,FY2027-12-31,32.29708
CMI,2026-06-16,estimate,epsEst,FY2027-12-31,31.81325
CMI,2026-05-17,estimate,epsEst,FY2027-12-31,32.11666
CMI,2026-08-15,estimate,epsEstAvg,FQ2026-09-30,8.43044
CMI,2026-08-15,estimate,epsEstLow,FQ2026-09-30,8.00823
CMI,2026-08-15,estimate,epsEstHigh,FQ2026-09-30,8.94
CMI,2026-08-15,estimate,epsEstAnalysts,FQ2026-09-30,8.0
CMI,2026-08-15,estimate,epsEstGrowth,FQ2026-09-30,1.1841
CMI,2026-08-15,estimate,epsEstAvg,FQ2026-12-31,8.55076
CMI,2026-08-15,estimate,epsEstLow,FQ2026-12-31,8.03
CMI,2026-08-15,estimate,epsEstHigh,FQ2026-12-31,9.0
CMI,2026-08-15,estimate,epsEstAnalysts,FQ2026-12-31,8.0
CMI,2026-08-15,estimate,epsEstGrowth,FQ2026-12-31,1.0025
CMI,2026-08-15,estimate,epsEstAvg,FY2026-12-31,28.96612
CMI,2026-08-15,estimate,epsEstLow,FY2026-12-31,27.56
CMI,2026-08-15,estimate,epsEstHigh,FY2026-12-31,30.53
CMI,2026-08-15,estimate,epsEstAnalysts,FY2026-12-31,9.0
CMI,2026-08-15,estimate,epsEstGrowth,FY2026-12-31,0.413
CMI,2026-08-15,estimate,epsEstAvg,FY2027-12-31,33.89036
CMI,2026-08-15,estimate,epsEstLow,FY2027-12-31,27.22
CMI,2026-08-15,estimate,epsEstHigh,FY2027-12-31,37.26
CMI,2026-08-15,estimate,epsEstAnalysts,FY2027-12-31,11.0
CMI,2026-08-15,estimate,epsEstGrowth,FY2027-12-31,0.17
CMI,2026-08-15,estimate,revEstAvg,FQ2026-09-30,9842783880.0
CMI,2026-08-15,estimate,revEstLow,FQ2026-09-30,9541000000.0
CMI,2026-08-15,estimate,revEstHigh,FQ2026-09-30,10302000000.0
CMI,2026-08-15,estimate,revEstAnalysts,FQ2026-09-30,13.0
CMI,2026-08-15,estimate,revEstGrowth,FQ2026-09-30,0.1835
CMI,2026-08-15,estimate,revEstAvg,FQ2026-12-31,9999410840.0
CMI,2026-08-15,estimate,revEstLow,FQ2026-12-31,9386687970.0
CMI,2026-08-15,estimate,revEstHigh,FQ2026-12-31,10550700000.0
CMI,2026-08-15,estimate,revEstAnalysts,FQ2026-12-31,13.0
CMI,2026-08-15,estimate,revEstGrowth,FQ2026-12-31,0.1714
CMI,2026-08-15,estimate,revEstAvg,FY2026-12-31,37733754530.0
CMI,2026-08-15,estimate,revEstLow,FY2026-12-31,37037777970.0
CMI,2026-08-15,estimate,revEstHigh,FY2026-12-31,38729500000.0
CMI,2026-08-15,estimate,revEstAnalysts,FY2026-12-31,15.0
CMI,2026-08-15,estimate,revEstGrowth,FY2026-12-31,0.120699994
CMI,2026-08-15,estimate,revEstAvg,FY2027-12-31,40910330420.0
CMI,2026-08-15,estimate,revEstLow,FY2027-12-31,38541210000.0
CMI,2026-08-15,estimate,revEstHigh,FY2027-12-31,42980000000.0
CMI,2026-08-15,estimate,revEstAnalysts,FY2027-12-31,17.0
CMI,2026-08-15,estimate,revEstGrowth,FY2027-12-31,0.0842
CMI,2026-08-15,estimate,epsRevUp7,FQ2026-09-30,2.0
CMI,2026-08-15,estimate,epsRevUp30,FQ2026-09-30,3.0
CMI,2026-08-15,estimate,epsRevDown7,FQ2026-09-30,0.0
CMI,2026-08-15,estimate,epsRevDown30,FQ2026-09-30,0.0
CMI,2026-08-15,estimate,epsRevUp7,FQ2026-12-31,2.0
CMI,2026-08-15,estimate,epsRevUp30,FQ2026-12-31,2.0
CMI,2026-08-15,estimate,epsRevDown7,FQ2026-12-31,0.0
CMI,2026-08-15,estimate,epsRevDown30,FQ2026-12-31,1.0
CMI,2026-08-15,estimate,epsRevUp7,FY2026-12-31,2.0
CMI,2026-08-15,estimate,epsRevUp30,FY2026-12-31,3.0
CMI,2026-08-15,estimate,epsRevDown7,FY2026-12-31,0.0
CMI,2026-08-15,estimate,epsRevDown30,FY2026-12-31,0.0
CMI,2026-08-15,estimate,epsRevUp7,FY2027-12-31,1.0
CMI,2026-08-15,estimate,epsRevUp30,FY2027-12-31,2.0
CMI,2026-08-15,estimate,epsRevDown7,FY2027-12-31,1.0
CMI,2026-08-15,estimate,epsRevDown30,FY2027-12-31,1.0
PCAR,2026-08-15,estimate,epsEst,FQ2026-09-30,1.59444
PCAR,2026-08-08,estimate,epsEst,FQ2026-09-30,1.58844
PCAR,2026-07-16,estimate,epsEst,FQ2026-09-30,1.53092
PCAR,2026-06-16,estimate,epsEst,FQ2026-09-30,1.51981
PCAR,2026-05-17,estimate,epsEst,FQ2026-09-30,1.52026
PCAR,2026-08-15,estimate,epsEst,FQ2026-12-31,1.73693
PCAR,2026-08-08,estimate,epsEst,FQ2026-12-31,1.73793
PCAR,2026-07-16,estimate,epsEst,FQ2026-12-31,1.64445
PCAR,2026-06-16,estimate,epsEst,FQ2026-12-31,1.63222
PCAR,2026-05-17,estimate,epsEst,FQ2026-12-31,1.63174
PCAR,2026-08-15,estimate,epsEst,FY2026-12-31,5.97158
PCAR,2026-08-08,estimate,epsEst,FY2026-12-31,5.94825
PCAR,2026-07-16,estimate,epsEst,FY2026-12-31,5.7051
PCAR,2026-06-16,estimate,epsEst,FY2026-12-31,5.67317
PCAR,2026-05-17,estimate,epsEst,FY2026-12-31,5.67328
PCAR,2026-08-15,estimate,epsEst,FY2027-12-31,7.18495
PCAR,2026-08-08,estimate,epsEst,FY2027-12-31,7.20687
PCAR,2026-07-16,estimate,epsEst,FY2027-12-31,6.76223
PCAR,2026-06-16,estimate,epsEst,FY2027-12-31,6.71223
PCAR,2026-05-17,estimate,epsEst,FY2027-12-31,6.71242
PCAR,2026-08-15,estimate,epsEstAvg,FQ2026-09-30,1.59444
PCAR,2026-08-15,estimate,epsEstLow,FQ2026-09-30,1.47
PCAR,2026-08-15,estimate,epsEstHigh,FQ2026-09-30,1.76
PCAR,2026-08-15,estimate,epsEstAnalysts,FQ2026-09-30,10.0
PCAR,2026-08-15,estimate,epsEstGrowth,FQ2026-09-30,0.42360002
PCAR,2026-08-15,estimate,epsEstAvg,FQ2026-12-31,1.73693
PCAR,2026-08-15,estimate,epsEstLow,FQ2026-12-31,1.62
PCAR,2026-08-15,estimate,epsEstHigh,FQ2026-12-31,1.9
PCAR,2026-08-15,estimate,epsEstAnalysts,FQ2026-12-31,10.0
PCAR,2026-08-15,estimate,epsEstGrowth,FQ2026-12-31,0.6386
PCAR,2026-08-15,estimate,epsEstAvg,FY2026-12-31,5.97158
PCAR,2026-08-15,estimate,epsEstLow,FY2026-12-31,5.7
PCAR,2026-08-15,estimate,epsEstHigh,FY2026-12-31,6.27
PCAR,2026-08-15,estimate,epsEstAnalysts,FY2026-12-31,12.0
PCAR,2026-08-15,estimate,epsEstGrowth,FY2026-12-31,0.3241
PCAR,2026-08-15,estimate,epsEstAvg,FY2027-12-31,7.18495
PCAR,2026-08-15,estimate,epsEstLow,FY2027-12-31,6.6
PCAR,2026-08-15,estimate,epsEstHigh,FY2027-12-31,8.03
PCAR,2026-08-15,estimate,epsEstAnalysts,FY2027-12-31,14.0
PCAR,2026-08-15,estimate,epsEstGrowth,FY2027-12-31,0.2032
PCAR,2026-08-15,estimate,revEstAvg,FQ2026-09-30,7586170000.0
PCAR,2026-08-15,estimate,revEstLow,FQ2026-09-30,7052000000.0
PCAR,2026-08-15,estimate,revEstHigh,FQ2026-09-30,8233000000.0
PCAR,2026-08-15,estimate,revEstAnalysts,FQ2026-09-30,10.0
PCAR,2026-08-15,estimate,revEstGrowth,FQ2026-09-30,0.24229999
PCAR,2026-08-15,estimate,revEstAvg,FQ2026-12-31,7793219690.0
PCAR,2026-08-15,estimate,revEstLow,FQ2026-12-31,7187000000.0
PCAR,2026-08-15,estimate,revEstHigh,FQ2026-12-31,8478000000.0
PCAR,2026-08-15,estimate,revEstAnalysts,FQ2026-12-31,8.0
PCAR,2026-08-15,estimate,revEstGrowth,FQ2026-12-31,0.2465
PCAR,2026-08-15,estimate,revEstAvg,FY2026-12-31,28864633290.0
PCAR,2026-08-15,estimate,revEstLow,FY2026-12-31,27470000000.0
PCAR,2026-08-15,estimate,revEstHigh,FY2026-12-31,31655000000.0
PCAR,2026-08-15,estimate,revEstAnalysts,FY2026-12-31,12.0
PCAR,2026-08-15,estimate,revEstGrowth,FY2026-12-31,0.100200005
PCAR,2026-08-15,estimate,revEstAvg,FY2027-12-31,31646777150.0
PCAR,2026-08-15,estimate,revEstLow,FY2027-12-31,29991900000.0
PCAR,2026-08-15,estimate,revEstHigh,FY2027-12-31,34025000000.0
PCAR,2026-08-15,estimate,revEstAnalysts,FY2027-12-31,12.0
PCAR,2026-08-15,estimate,revEstGrowth,FY2027-12-31,0.0964
PCAR,2026-08-15,estimate,epsRevUp7,FQ2026-09-30,1.0
PCAR,2026-08-15,estimate,epsRevUp30,FQ2026-09-30,4.0
PCAR,2026-08-15,estimate,epsRevDown7,FQ2026-09-30,0.0
PCAR,2026-08-15,estimate,epsRevDown30,FQ2026-09-30,0.0
PCAR,2026-08-15,estimate,epsRevUp7,FQ2026-12-31,1.0
PCAR,2026-08-15,estimate,epsRevUp30,FQ2026-12-31,4.0
PCAR,2026-08-15,estimate,epsRevDown7,FQ2026-12-31,0.0
PCAR,2026-08-15,estimate,epsRevDown30,FQ2026-12-31,0.0
PCAR,2026-08-15,estimate,epsRevUp7,FY2026-12-31,1.0
PCAR,2026-08-15,estimate,epsRevUp30,FY2026-12-31,4.0
PCAR,2026-08-15,estimate,epsRevDown7,FY2026-12-31,0.0
PCAR,2026-08-15,estimate,epsRevDown30,FY2026-12-31,1.0
PCAR,2026-08-15,estimate,epsRevUp7,FY2027-12-31,1.0
PCAR,2026-08-15,estimate,epsRevUp30,FY2027-12-31,5.0
PCAR,2026-08-15,estimate,epsRevDown7,FY2027-12-31,0.0
PCAR,2026-08-15,estimate,epsRevDown30,FY2027-12-31,0.0
ITW,2026-08-15,estimate,epsEst,FQ2026-09-30,2.97108
ITW,2026-08-08,estimate,epsEst,FQ2026-09-30,2.95936
ITW,2026-07-16,estimate,epsEst,FQ2026-09-30,2.9333
ITW,2026-06-16,estimate,epsEst,FQ2026-09-30,2.93072
ITW,2026-05-17,estimate,epsEst,FQ2026-09-30,2.92923
ITW,2026-08-15,estimate,epsEst,FQ2026-12-31,2.97623
ITW,2026-08-08,estimate,epsEst,FQ2026-12-31,2.9677
ITW,2026-07-16,estimate,epsEst,FQ2026-12-31,2.92529
ITW,2026-06-16,estimate,epsEst,FQ2026-12-31,2.92103
ITW,2026-05-17,estimate,epsEst,FQ2026-12-31,2.91962
ITW,2026-08-15,estimate,epsEst,FY2026-12-31,11.44163
ITW,2026-08-08,estimate,epsEst,FY2026-12-31,11.43099
ITW,2026-07-16,estimate,epsEst,FY2026-12-31,11.34553
ITW,2026-06-16,estimate,epsEst,FY2026-12-31,11.3274
ITW,2026-05-17,estimate,epsEst,FY2026-12-31,11.3211
ITW,2026-08-15,estimate,epsEst,FY2027-12-31,12.37495
ITW,2026-08-08,estimate,epsEst,FY2027-12-31,12.32852
ITW,2026-07-16,estimate,epsEst,FY2027-12-31,12.20226
ITW,2026-06-16,estimate,epsEst,FY2027-12-31,12.13939
ITW,2026-05-17,estimate,epsEst,FY2027-12-31,12.1414
ITW,2026-08-15,estimate,epsEstAvg,FQ2026-09-30,2.97108
ITW,2026-08-15,estimate,epsEstLow,FQ2026-09-30,2.9
ITW,2026-08-15,estimate,epsEstHigh,FQ2026-09-30,3.07
ITW,2026-08-15,estimate,epsEstAnalysts,FQ2026-09-30,12.0
ITW,2026-08-15,estimate,epsEstGrowth,FQ2026-09-30,0.0573
ITW,2026-08-15,estimate,epsEstAvg,FQ2026-12-31,2.97623
ITW,2026-08-15,estimate,epsEstLow,FQ2026-12-31,2.87295
ITW,2026-08-15,estimate,epsEstHigh,FQ2026-12-31,3.12679
ITW,2026-08-15,estimate,epsEstAnalysts,FQ2026-12-31,12.0
ITW,2026-08-15,estimate,epsEstGrowth,FQ2026-12-31,0.0942
ITW,2026-08-15,estimate,epsEstAvg,FY2026-12-31,11.44163
ITW,2026-08-15,estimate,epsEstLow,FY2026-12-31,11.28884
ITW,2026-08-15,estimate,epsEstHigh,FY2026-12-31,11.60454
ITW,2026-08-15,estimate,epsEstAnalysts,FY2026-12-31,14.0
ITW,2026-08-15,estimate,epsEstGrowth,FY2026-12-31,0.0907
ITW,2026-08-15,estimate,epsEstAvg,FY2027-12-31,12.37495
ITW,2026-08-15,estimate,epsEstLow,FY2027-12-31,11.9447
ITW,2026-08-15,estimate,epsEstHigh,FY2027-12-31,13.01096
ITW,2026-08-15,estimate,epsEstAnalysts,FY2027-12-31,14.0
ITW,2026-08-15,estimate,epsEstGrowth,FY2027-12-31,0.081599995
ITW,2026-08-15,estimate,revEstAvg,FQ2026-09-30,4247847990.0
ITW,2026-08-15,estimate,revEstLow,FQ2026-09-30,4203000000.0
ITW,2026-08-15,estimate,revEstHigh,FQ2026-09-30,4293579000.0
ITW,2026-08-15,estimate,revEstAnalysts,FQ2026-09-30,13.0
ITW,2026-08-15,estimate,revEstGrowth,FQ2026-09-30,0.0465
ITW,2026-08-15,estimate,revEstAvg,FQ2026-12-31,4258523680.0
ITW,2026-08-15,estimate,revEstLow,FQ2026-12-31,4203768360.0
ITW,2026-08-15,estimate,revEstHigh,FQ2026-12-31,4328008000.0
ITW,2026-08-15,estimate,revEstAnalysts,FQ2026-12-31,13.0
ITW,2026-08-15,estimate,revEstGrowth,FQ2026-12-31,0.0404
ITW,2026-08-15,estimate,revEstAvg,FY2026-12-31,16825798330.0
ITW,2026-08-15,estimate,revEstLow,FY2026-12-31,16747549410.0
ITW,2026-08-15,estimate,revEstHigh,FY2026-12-31,16938587000.0
ITW,2026-08-15,estimate,revEstAnalysts,FY2026-12-31,14.0
ITW,2026-08-15,estimate,revEstGrowth,FY2026-12-31,0.048699997
ITW,2026-08-15,estimate,revEstAvg,FY2027-12-31,17463930190.0
ITW,2026-08-15,estimate,revEstLow,FY2027-12-31,17071015790.0
ITW,2026-08-15,estimate,revEstHigh,FY2027-12-31,17633120950.0
ITW,2026-08-15,estimate,revEstAnalysts,FY2027-12-31,14.0
ITW,2026-08-15,estimate,revEstGrowth,FY2027-12-31,0.0379
ITW,2026-08-15,estimate,epsRevUp7,FQ2026-09-30,2.0
ITW,2026-08-15,estimate,epsRevUp30,FQ2026-09-30,9.0
ITW,2026-08-15,estimate,epsRevDown7,FQ2026-09-30,0.0
ITW,2026-08-15,estimate,epsRevDown30,FQ2026-09-30,0.0
ITW,2026-08-15,estimate,epsRevUp7,FQ2026-12-31,1.0
ITW,2026-08-15,estimate,epsRevUp30,FQ2026-12-31,6.0
ITW,2026-08-15,estimate,epsRevDown7,FQ2026-12-31,1.0
ITW,2026-08-15,estimate,epsRevDown30,FQ2026-12-31,3.0
ITW,2026-08-15,estimate,epsRevUp7,FY2026-12-31,1.0
ITW,2026-08-15,estimate,epsRevUp30,FY2026-12-31,8.0
ITW,2026-08-15,estimate,epsRevDown7,FY2026-12-31,2.0
ITW,2026-08-15,estimate,epsRevDown30,FY2026-12-31,0.0
ITW,2026-08-15,estimate,epsRevUp7,FY2027-12-31,8.0
ITW,2026-08-15,estimate,epsRevUp30,FY2027-12-31,9.0
ITW,2026-08-15,estimate,epsRevDown7,FY2027-12-31,1.0
ITW,2026-08-15,estimate,epsRevDown30,FY2027-12-31,1.0
PH,2026-08-15,estimate,epsEst,FQ2026-09-30,8.14707
PH,2026-08-08,estimate,epsEst,FQ2026-09-30,8.07052
PH,2026-07-16,estimate,epsEst,FQ2026-09-30,8.07965
PH,2026-06-16,estimate,epsEst,FQ2026-09-30,8.06886
PH,2026-05-17,estimate,epsEst,FQ2026-09-30,8.07809
PH,2026-08-15,estimate,epsEst,FQ2026-12-31,8.32988
PH,2026-08-08,estimate,epsEst,FQ2026-12-31,8.18972
PH,2026-07-16,estimate,epsEst,FQ2026-12-31,8.20606
PH,2026-06-16,estimate,epsEst,FQ2026-12-31,8.19751
PH,2026-05-17,estimate,epsEst,FQ2026-12-31,8.21674
PH,2026-08-15,estimate,epsEst,FY2027-06-30,34.94378
PH,2026-08-08,estimate,epsEst,FY2027-06-30,34.086
PH,2026-07-16,estimate,epsEst,FY2027-06-30,34.12065
PH,2026-06-16,estimate,epsEst,FY2027-06-30,34.09701
PH,2026-05-17,estimate,epsEst,FY2027-06-30,34.09384
PH,2026-08-15,estimate,epsEst,FY2028-06-30,38.26974
PH,2026-08-08,estimate,epsEst,FY2028-06-30,37.35029
PH,2026-07-16,estimate,epsEst,FY2028-06-30,37.46862
PH,2026-06-16,estimate,epsEst,FY2028-06-30,37.33353
PH,2026-05-17,estimate,epsEst,FY2028-06-30,37.23632
PH,2026-08-15,estimate,epsEstAvg,FQ2026-09-30,8.14707
PH,2026-08-15,estimate,epsEstLow,FQ2026-09-30,7.99
PH,2026-08-15,estimate,epsEstHigh,FQ2026-09-30,8.54
PH,2026-08-15,estimate,epsEstAnalysts,FQ2026-09-30,20.0
PH,2026-08-15,estimate,epsEstGrowth,FQ2026-09-30,0.1284
PH,2026-08-15,estimate,epsEstAvg,FQ2026-12-31,8.32988
PH,2026-08-15,estimate,epsEstLow,FQ2026-12-31,8.08
PH,2026-08-15,estimate,epsEstHigh,FQ2026-12-31,8.61
PH,2026-08-15,estimate,epsEstAnalysts,FQ2026-12-31,20.0
PH,2026-08-15,estimate,epsEstGrowth,FQ2026-12-31,0.0889
PH,2026-08-15,estimate,epsEstAvg,FY2027-06-30,34.94378
PH,2026-08-15,estimate,epsEstLow,FY2027-06-30,33.97
PH,2026-08-15,estimate,epsEstHigh,FY2027-06-30,36.24
PH,2026-08-15,estimate,epsEstAnalysts,FY2027-06-30,24.0
PH,2026-08-15,estimate,epsEstGrowth,FY2027-06-30,0.081499994
PH,2026-08-15,estimate,epsEstAvg,FY2028-06-30,38.26974
PH,2026-08-15,estimate,epsEstLow,FY2028-06-30,36.13
PH,2026-08-15,estimate,epsEstHigh,FY2028-06-30,39.91
PH,2026-08-15,estimate,epsEstAnalysts,FY2028-06-30,21.0
PH,2026-08-15,estimate,epsEstGrowth,FY2028-06-30,0.0952
PH,2026-08-15,estimate,revEstAvg,FQ2026-09-30,5523594620.0
PH,2026-08-15,estimate,revEstLow,FQ2026-09-30,5320000000.0
PH,2026-08-15,estimate,revEstHigh,FQ2026-09-30,5572500000.0
PH,2026-08-15,estimate,revEstAnalysts,FQ2026-09-30,17.0
PH,2026-08-15,estimate,revEstGrowth,FQ2026-09-30,0.0865
PH,2026-08-15,estimate,revEstAvg,FQ2026-12-31,5552293930.0
PH,2026-08-15,estimate,revEstLow,FQ2026-12-31,5451000000.0
PH,2026-08-15,estimate,revEstHigh,FQ2026-12-31,5671397320.0
PH,2026-08-15,estimate,revEstAnalysts,FQ2026-12-31,17.0
PH,2026-08-15,estimate,revEstGrowth,FQ2026-12-31,0.0731
PH,2026-08-15,estimate,revEstAvg,FY2027-06-30,23004251720.0
PH,2026-08-15,estimate,revEstLow,FY2027-06-30,22496000000.0
PH,2026-08-15,estimate,revEstHigh,FY2027-06-30,23201572000.0
PH,2026-08-15,estimate,revEstAnalysts,FY2027-06-30,22.0
PH,2026-08-15,estimate,revEstGrowth,FY2027-06-30,0.07
PH,2026-08-15,estimate,revEstAvg,FY2028-06-30,24412807470.0
PH,2026-08-15,estimate,revEstLow,FY2028-06-30,23709900690.0
PH,2026-08-15,estimate,revEstHigh,FY2028-06-30,24917000000.0
PH,2026-08-15,estimate,revEstAnalysts,FY2028-06-30,19.0
PH,2026-08-15,estimate,revEstGrowth,FY2028-06-30,0.0612
PH,2026-08-15,estimate,epsRevUp7,FQ2026-09-30,1.0
PH,2026-08-15,estimate,epsRevUp30,FQ2026-09-30,1.0
PH,2026-08-15,estimate,epsRevDown7,FQ2026-09-30,0.0
PH,2026-08-15,estimate,epsRevDown30,FQ2026-09-30,0.0
PH,2026-08-15,estimate,epsRevUp7,FQ2026-12-31,1.0
PH,2026-08-15,estimate,epsRevUp30,FQ2026-12-31,1.0
PH,2026-08-15,estimate,epsRevDown7,FQ2026-12-31,0.0
PH,2026-08-15,estimate,epsRevDown30,FQ2026-12-31,0.0
PH,2026-08-15,estimate,epsRevUp7,FY2027-06-30,1.0
PH,2026-08-15,estimate,epsRevUp30,FY2027-06-30,3.0
PH,2026-08-15,estimate,epsRevDown7,FY2027-06-30,1.0
PH,2026-08-15,estimate,epsRevDown30,FY2027-06-30,5.0
PH,2026-08-15,estimate,epsRevUp7,FY2028-06-30,1.0
PH,2026-08-15,estimate,epsRevUp30,FY2028-06-30,3.0
PH,2026-08-15,estimate,epsRevDown7,FY2028-06-30,1.0
PH,2026-08-15,estimate,epsRevDown30,FY2028-06-30,3.0
DOV,2026-08-15,estimate,epsEst,FQ2026-09-30,2.8602
DOV,2026-08-08,estimate,epsEst,FQ2026-09-30,2.86354
DOV,2026-07-16,estimate,epsEst,FQ2026-09-30,2.89405
DOV,2026-06-16,estimate,epsEst,FQ2026-09-30,2.89512
DOV,2026-05-17,estimate,epsEst,FQ2026-09-30,2.89416
DOV,2026-08-15,estimate,epsEst,FQ2026-12-31,2.81433
DOV,2026-08-08,estimate,epsEst,FQ2026-12-31,2.80366
DOV,2026-07-16,estimate,epsEst,FQ2026-12-31,2.77128
DOV,2026-06-16,estimate,epsEst,FQ2026-12-31,2.76503
DOV,2026-05-17,estimate,epsEst,FQ2026-12-31,2.76886
DOV,2026-08-15,estimate,epsEst,FY2026-12-31,10.67041
DOV,2026-08-08,estimate,epsEst,FY2026-12-31,10.66319
DOV,2026-07-16,estimate,epsEst,FY2026-12-31,10.63474
DOV,2026-06-16,estimate,epsEst,FY2026-12-31,10.63251
DOV,2026-05-17,estimate,epsEst,FY2026-12-31,10.63576
DOV,2026-08-15,estimate,epsEst,FY2027-12-31,11.63543
DOV,2026-08-08,estimate,epsEst,FY2027-12-31,11.63266
DOV,2026-07-16,estimate,epsEst,FY2027-12-31,11.58324
DOV,2026-06-16,estimate,epsEst,FY2027-12-31,11.5654
DOV,2026-05-17,estimate,epsEst,FY2027-12-31,11.56555
DOV,2026-08-15,estimate,epsEstAvg,FQ2026-09-30,2.8602
DOV,2026-08-15,estimate,epsEstLow,FQ2026-09-30,2.77421
DOV,2026-08-15,estimate,epsEstHigh,FQ2026-09-30,2.91018
DOV,2026-08-15,estimate,epsEstAnalysts,FQ2026-09-30,15.0
DOV,2026-08-15,estimate,epsEstGrowth,FQ2026-09-30,0.0917
DOV,2026-08-15,estimate,epsEstAvg,FQ2026-12-31,2.81433
DOV,2026-08-15,estimate,epsEstLow,FQ2026-12-31,2.73
DOV,2026-08-15,estimate,epsEstHigh,FQ2026-12-31,2.91
DOV,2026-08-15,estimate,epsEstAnalysts,FQ2026-12-31,15.0
DOV,2026-08-15,estimate,epsEstGrowth,FQ2026-12-31,0.121199995
DOV,2026-08-15,estimate,epsEstAvg,FY2026-12-31,10.67041
DOV,2026-08-15,estimate,epsEstLow,FY2026-12-31,10.5
DOV,2026-08-15,estimate,epsEstHigh,FY2026-12-31,10.79
DOV,2026-08-15,estimate,epsEstAnalysts,FY2026-12-31,18.0
DOV,2026-08-15,estimate,epsEstGrowth,FY2026-12-31,0.1103
DOV,2026-08-15,estimate,epsEstAvg,FY2027-12-31,11.63543
DOV,2026-08-15,estimate,epsEstLow,FY2027-12-31,10.57
DOV,2026-08-15,estimate,epsEstHigh,FY2027-12-31,12.15
DOV,2026-08-15,estimate,epsEstAnalysts,FY2027-12-31,18.0
DOV,2026-08-15,estimate,epsEstGrowth,FY2027-12-31,0.0904
DOV,2026-08-15,estimate,revEstAvg,FQ2026-09-30,2210077540.0
DOV,2026-08-15,estimate,revEstLow,FQ2026-09-30,2188825640.0
DOV,2026-08-15,estimate,revEstHigh,FQ2026-09-30,2244120460.0
DOV,2026-08-15,estimate,revEstAnalysts,FQ2026-09-30,14.0
DOV,2026-08-15,estimate,revEstGrowth,FQ2026-09-30,0.0636
DOV,2026-08-15,estimate,revEstAvg,FQ2026-12-31,2215756660.0
DOV,2026-08-15,estimate,revEstLow,FQ2026-12-31,2156127980.0
DOV,2026-08-15,estimate,revEstHigh,FQ2026-12-31,2245126000.0
DOV,2026-08-15,estimate,revEstAnalysts,FQ2026-12-31,14.0
DOV,2026-08-15,estimate,revEstGrowth,FQ2026-12-31,0.0556
DOV,2026-08-15,estimate,revEstAvg,FY2026-12-31,8659181190.0
DOV,2026-08-15,estimate,revEstLow,FY2026-12-31,8537690000.0
DOV,2026-08-15,estimate,revEstHigh,FY2026-12-31,8728666310.0
DOV,2026-08-15,estimate,revEstAnalysts,FY2026-12-31,18.0
DOV,2026-08-15,estimate,revEstGrowth,FY2026-12-31,0.07
DOV,2026-08-15,estimate,revEstAvg,FY2027-12-31,9094668230.0
DOV,2026-08-15,estimate,revEstLow,FY2027-12-31,8947500000.0
DOV,2026-08-15,estimate,revEstHigh,FY2027-12-31,9217000000.0
DOV,2026-08-15,estimate,revEstAnalysts,FY2027-12-31,18.0
DOV,2026-08-15,estimate,revEstGrowth,FY2027-12-31,0.050300002
DOV,2026-08-15,estimate,epsRevUp7,FQ2026-09-30,1.0
DOV,2026-08-15,estimate,epsRevUp30,FQ2026-09-30,2.0
DOV,2026-08-15,estimate,epsRevDown7,FQ2026-09-30,10.0
DOV,2026-08-15,estimate,epsRevDown30,FQ2026-09-30,9.0
DOV,2026-08-15,estimate,epsRevUp7,FQ2026-12-31,8.0
DOV,2026-08-15,estimate,epsRevUp30,FQ2026-12-31,8.0
DOV,2026-08-15,estimate,epsRevDown7,FQ2026-12-31,3.0
DOV,2026-08-15,estimate,epsRevDown30,FQ2026-12-31,3.0
DOV,2026-08-15,estimate,epsRevUp7,FY2026-12-31,8.0
DOV,2026-08-15,estimate,epsRevUp30,FY2026-12-31,10.0
DOV,2026-08-15,estimate,epsRevDown7,FY2026-12-31,2.0
DOV,2026-08-15,estimate,epsRevDown30,FY2026-12-31,2.0
DOV,2026-08-15,estimate,epsRevUp7,FY2027-12-31,8.0
DOV,2026-08-15,estimate,epsRevUp30,FY2027-12-31,9.0
DOV,2026-08-15,estimate,epsRevDown7,FY2027-12-31,2.0
DOV,2026-08-15,estimate,epsRevDown30,FY2027-12-31,3.0
UNP,2026-08-15,estimate,epsEst,FQ2026-09-30,3.44405
UNP,2026-08-08,estimate,epsEst,FQ2026-09-30,3.44696
UNP,2026-07-16,estimate,epsEst,FQ2026-09-30,3.33509
UNP,2026-06-16,estimate,epsEst,FQ2026-09-30,3.3111
UNP,2026-05-17,estimate,epsEst,FQ2026-09-30,3.3061
UNP,2026-08-15,estimate,epsEst,FQ2026-12-31,3.28197
UNP,2026-08-08,estimate,epsEst,FQ2026-12-31,3.28481
UNP,2026-07-16,estimate,epsEst,FQ2026-12-31,3.2283
UNP,2026-06-16,estimate,epsEst,FQ2026-12-31,3.22696
UNP,2026-05-17,estimate,epsEst,FQ2026-12-31,3.22246
UNP,2026-08-15,estimate,epsEst,FY2026-12-31,13.05258
UNP,2026-08-08,estimate,epsEst,FY2026-12-31,13.05208
UNP,2026-07-16,estimate,epsEst,FY2026-12-31,12.67376
UNP,2026-06-16,estimate,epsEst,FY2026-12-31,12.58675
UNP,2026-05-17,estimate,epsEst,FY2026-12-31,12.57311
UNP,2026-08-15,estimate,epsEst,FY2027-12-31,14.15497
UNP,2026-08-08,estimate,epsEst,FY2027-12-31,14.11641
UNP,2026-07-16,estimate,epsEst,FY2027-12-31,13.79703
UNP,2026-06-16,estimate,epsEst,FY2027-12-31,13.70146
UNP,2026-05-17,estimate,epsEst,FY2027-12-31,13.68555
UNP,2026-08-15,estimate,epsEstAvg,FQ2026-09-30,3.44405
UNP,2026-08-15,estimate,epsEstLow,FQ2026-09-30,3.27169
UNP,2026-08-15,estimate,epsEstHigh,FQ2026-09-30,3.57
UNP,2026-08-15,estimate,epsEstAnalysts,FQ2026-09-30,22.0
UNP,2026-08-15,estimate,epsEstGrowth,FQ2026-09-30,0.1182
UNP,2026-08-15,estimate,epsEstAvg,FQ2026-12-31,3.28197
UNP,2026-08-15,estimate,epsEstLow,FQ2026-12-31,3.12
UNP,2026-08-15,estimate,epsEstHigh,FQ2026-12-31,3.51
UNP,2026-08-15,estimate,epsEstAnalysts,FQ2026-12-31,21.0
UNP,2026-08-15,estimate,epsEstGrowth,FQ2026-12-31,0.1475
UNP,2026-08-15,estimate,epsEstAvg,FY2026-12-31,13.05258
UNP,2026-08-15,estimate,epsEstLow,FY2026-12-31,12.73
UNP,2026-08-15,estimate,epsEstHigh,FY2026-12-31,13.35
UNP,2026-08-15,estimate,epsEstAnalysts,FY2026-12-31,24.0
UNP,2026-08-15,estimate,epsEstGrowth,FY2026-12-31,0.119399995
UNP,2026-08-15,estimate,epsEstAvg,FY2027-12-31,14.15497
UNP,2026-08-15,estimate,epsEstLow,FY2027-12-31,13.32
UNP,2026-08-15,estimate,epsEstHigh,FY2027-12-31,14.81228
UNP,2026-08-15,estimate,epsEstAnalysts,FY2027-12-31,24.0
UNP,2026-08-15,estimate,epsEstGrowth,FY2027-12-31,0.0845
UNP,2026-08-15,estimate,revEstAvg,FQ2026-09-30,6944478660.0
UNP,2026-08-15,estimate,revEstLow,FQ2026-09-30,6707000000.0
UNP,2026-08-15,estimate,revEstHigh,FQ2026-09-30,7153000000.0
UNP,2026-08-15,estimate,revEstAnalysts,FQ2026-09-30,19.0
UNP,2026-08-15,estimate,revEstGrowth,FQ2026-09-30,0.1122
UNP,2026-08-15,estimate,revEstAvg,FQ2026-12-31,6751743050.0
UNP,2026-08-15,estimate,revEstLow,FQ2026-12-31,6519000000.0
UNP,2026-08-15,estimate,revEstHigh,FQ2026-12-31,6982500000.0
UNP,2026-08-15,estimate,revEstAnalysts,FQ2026-12-31,18.0
UNP,2026-08-15,estimate,revEstGrowth,FQ2026-12-31,0.1096
UNP,2026-08-15,estimate,revEstAvg,FY2026-12-31,26762497740.0
UNP,2026-08-15,estimate,revEstLow,FY2026-12-31,26304000000.0
UNP,2026-08-15,estimate,revEstHigh,FY2026-12-31,27192000000.0
UNP,2026-08-15,estimate,revEstAnalysts,FY2026-12-31,23.0
UNP,2026-08-15,estimate,revEstGrowth,FY2026-12-31,0.0919
UNP,2026-08-15,estimate,revEstAvg,FY2027-12-31,27934170140.0
UNP,2026-08-15,estimate,revEstLow,FY2027-12-31,27041776450.0
UNP,2026-08-15,estimate,revEstHigh,FY2027-12-31,28717000000.0
UNP,2026-08-15,estimate,revEstAnalysts,FY2027-12-31,22.0
UNP,2026-08-15,estimate,revEstGrowth,FY2027-12-31,0.0438
UNP,2026-08-15,estimate,epsRevUp7,FQ2026-09-30,14.0
UNP,2026-08-15,estimate,epsRevUp30,FQ2026-09-30,16.0
UNP,2026-08-15,estimate,epsRevDown7,FQ2026-09-30,2.0
UNP,2026-08-15,estimate,epsRevDown30,FQ2026-09-30,1.0
UNP,2026-08-15,estimate,epsRevUp7,FQ2026-12-31,12.0
UNP,2026-08-15,estimate,epsRevUp30,FQ2026-12-31,14.0
UNP,2026-08-15,estimate,epsRevDown7,FQ2026-12-31,3.0
UNP,2026-08-15,estimate,epsRevDown30,FQ2026-12-31,2.0
UNP,2026-08-15,estimate,epsRevUp7,FY2026-12-31,18.0
UNP,2026-08-15,estimate,epsRevUp30,FY2026-12-31,18.0
UNP,2026-08-15,estimate,epsRevDown7,FY2026-12-31,1.0
UNP,2026-08-15,estimate,epsRevDown30,FY2026-12-31,0.0
UNP,2026-08-15,estimate,epsRevUp7,FY2027-12-31,18.0
UNP,2026-08-15,estimate,epsRevUp30,FY2027-12-31,21.0
UNP,2026-08-15,estimate,epsRevDown7,FY2027-12-31,0.0
UNP,2026-08-15,estimate,epsRevDown30,FY2027-12-31,0.0
CSX,2026-08-15,estimate,epsEst,FQ2026-09-30,0.53763
CSX,2026-08-08,estimate,epsEst,FQ2026-09-30,0.53763
CSX,2026-07-16,estimate,epsEst,FQ2026-09-30,0.51093
CSX,2026-06-16,estimate,epsEst,FQ2026-09-30,0.5096
CSX,2026-05-17,estimate,epsEst,FQ2026-09-30,0.50615
CSX,2026-08-15,estimate,epsEst,FQ2026-12-31,0.49736
CSX,2026-08-08,estimate,epsEst,FQ2026-12-31,0.4969
CSX,2026-07-16,estimate,epsEst,FQ2026-12-31,0.48308
CSX,2026-06-16,estimate,epsEst,FQ2026-12-31,0.48142
CSX,2026-05-17,estimate,epsEst,FQ2026-12-31,0.47684
CSX,2026-08-15,estimate,epsEst,FY2026-12-31,2.00572
CSX,2026-08-08,estimate,epsEst,FY2026-12-31,2.00132
CSX,2026-07-16,estimate,epsEst,FY2026-12-31,1.92491
CSX,2026-06-16,estimate,epsEst,FY2026-12-31,1.91067
CSX,2026-05-17,estimate,epsEst,FY2026-12-31,1.90013
CSX,2026-08-15,estimate,epsEst,FY2027-12-31,2.27151
CSX,2026-08-08,estimate,epsEst,FY2027-12-31,2.26471
CSX,2026-07-16,estimate,epsEst,FY2027-12-31,2.19091
CSX,2026-06-16,estimate,epsEst,FY2027-12-31,2.16743
CSX,2026-05-17,estimate,epsEst,FY2027-12-31,2.15224
CSX,2026-08-15,estimate,epsEstAvg,FQ2026-09-30,0.53763
CSX,2026-08-15,estimate,epsEstLow,FQ2026-09-30,0.5
CSX,2026-08-15,estimate,epsEstHigh,FQ2026-09-30,0.56
CSX,2026-08-15,estimate,epsEstAnalysts,FQ2026-09-30,22.0
CSX,2026-08-15,estimate,epsEstGrowth,FQ2026-09-30,0.2219
CSX,2026-08-15,estimate,epsEstAvg,FQ2026-12-31,0.49736
CSX,2026-08-15,estimate,epsEstLow,FQ2026-12-31,0.46
CSX,2026-08-15,estimate,epsEstHigh,FQ2026-12-31,0.53
CSX,2026-08-15,estimate,epsEstAnalysts,FQ2026-12-31,22.0
CSX,2026-08-15,estimate,epsEstGrowth,FQ2026-12-31,0.2753
CSX,2026-08-15,estimate,epsEstAvg,FY2026-12-31,2.00572
CSX,2026-08-15,estimate,epsEstLow,FY2026-12-31,1.95
CSX,2026-08-15,estimate,epsEstHigh,FY2026-12-31,2.05
CSX,2026-08-15,estimate,epsEstAnalysts,FY2026-12-31,25.0
CSX,2026-08-15,estimate,epsEstGrowth,FY2026-12-31,0.2458
CSX,2026-08-15,estimate,epsEstAvg,FY2027-12-31,2.27151
CSX,2026-08-15,estimate,epsEstLow,FY2027-12-31,2.15211
CSX,2026-08-15,estimate,epsEstHigh,FY2027-12-31,2.45
CSX,2026-08-15,estimate,epsEstAnalysts,FY2027-12-31,25.0
CSX,2026-08-15,estimate,epsEstGrowth,FY2027-12-31,0.1325
CSX,2026-08-15,estimate,revEstAvg,FQ2026-09-30,3929082820.0
CSX,2026-08-15,estimate,revEstLow,FQ2026-09-30,3809183140.0
CSX,2026-08-15,estimate,revEstHigh,FQ2026-09-30,4027792480.0
CSX,2026-08-15,estimate,revEstAnalysts,FQ2026-09-30,18.0
CSX,2026-08-15,estimate,revEstGrowth,FQ2026-09-30,0.0954
CSX,2026-08-15,estimate,revEstAvg,FQ2026-12-31,3836564340.0
CSX,2026-08-15,estimate,revEstLow,FQ2026-12-31,3713000000.0
CSX,2026-08-15,estimate,revEstHigh,FQ2026-12-31,3991700080.0
CSX,2026-08-15,estimate,revEstAnalysts,FQ2026-12-31,17.0
CSX,2026-08-15,estimate,revEstGrowth,FQ2026-12-31,0.0937
CSX,2026-08-15,estimate,revEstAvg,FY2026-12-31,15187769660.0
CSX,2026-08-15,estimate,revEstLow,FY2026-12-31,14947000000.0
CSX,2026-08-15,estimate,revEstHigh,FY2026-12-31,15436458560.0
CSX,2026-08-15,estimate,revEstAnalysts,FY2026-12-31,21.0
CSX,2026-08-15,estimate,revEstGrowth,FY2026-12-31,0.077800006
CSX,2026-08-15,estimate,revEstAvg,FY2027-12-31,15941620330.0
CSX,2026-08-15,estimate,revEstLow,FY2027-12-31,15526000000.0
CSX,2026-08-15,estimate,revEstHigh,FY2027-12-31,16389000000.0
CSX,2026-08-15,estimate,revEstAnalysts,FY2027-12-31,21.0
CSX,2026-08-15,estimate,revEstGrowth,FY2027-12-31,0.0496
CSX,2026-08-15,estimate,epsRevUp7,FQ2026-09-30,16.0
CSX,2026-08-15,estimate,epsRevUp30,FQ2026-09-30,19.0
CSX,2026-08-15,estimate,epsRevDown7,FQ2026-09-30,0.0
CSX,2026-08-15,estimate,epsRevDown30,FQ2026-09-30,0.0
CSX,2026-08-15,estimate,epsRevUp7,FQ2026-12-31,11.0
CSX,2026-08-15,estimate,epsRevUp30,FQ2026-12-31,14.0
CSX,2026-08-15,estimate,epsRevDown7,FQ2026-12-31,2.0
CSX,2026-08-15,estimate,epsRevDown30,FQ2026-12-31,1.0
CSX,2026-08-15,estimate,epsRevUp7,FY2026-12-31,20.0
CSX,2026-08-15,estimate,epsRevUp30,FY2026-12-31,22.0
CSX,2026-08-15,estimate,epsRevDown7,FY2026-12-31,0.0
CSX,2026-08-15,estimate,epsRevDown30,FY2026-12-31,0.0
CSX,2026-08-15,estimate,epsRevUp7,FY2027-12-31,20.0
CSX,2026-08-15,estimate,epsRevUp30,FY2027-12-31,21.0
CSX,2026-08-15,estimate,epsRevDown7,FY2027-12-31,1.0
CSX,2026-08-15,estimate,epsRevDown30,FY2027-12-31,0.0
NSC,2026-08-15,estimate,epsEst,FQ2026-09-30,3.58751
NSC,2026-08-08,estimate,epsEst,FQ2026-09-30,3.58237
NSC,2026-07-16,estimate,epsEst,FQ2026-09-30,3.3583
NSC,2026-06-16,estimate,epsEst,FQ2026-09-30,3.29379
NSC,2026-05-17,estimate,epsEst,FQ2026-09-30,3.2932
NSC,2026-08-15,estimate,epsEst,FQ2026-12-31,3.22363
NSC,2026-08-08,estimate,epsEst,FQ2026-12-31,3.22796
NSC,2026-07-16,estimate,epsEst,FQ2026-12-31,3.07428
NSC,2026-06-16,estimate,epsEst,FQ2026-12-31,3.04414
NSC,2026-05-17,estimate,epsEst,FQ2026-12-31,3.04473
NSC,2026-08-15,estimate,epsEst,FY2026-12-31,12.97314
NSC,2026-08-08,estimate,epsEst,FY2026-12-31,12.98082
NSC,2026-07-16,estimate,epsEst,FY2026-12-31,12.35802
NSC,2026-06-16,estimate,epsEst,FY2026-12-31,12.15855
NSC,2026-05-17,estimate,epsEst,FY2026-12-31,12.1395
NSC,2026-08-15,estimate,epsEst,FY2027-12-31,14.30248
NSC,2026-08-08,estimate,epsEst,FY2027-12-31,14.26433
NSC,2026-07-16,estimate,epsEst,FY2027-12-31,13.7761
NSC,2026-06-16,estimate,epsEst,FY2027-12-31,13.54536
NSC,2026-05-17,estimate,epsEst,FY2027-12-31,13.52036
NSC,2026-08-15,estimate,epsEstAvg,FQ2026-09-30,3.58751
NSC,2026-08-15,estimate,epsEstLow,FQ2026-09-30,3.39817
NSC,2026-08-15,estimate,epsEstHigh,FQ2026-09-30,3.7
NSC,2026-08-15,estimate,epsEstAnalysts,FQ2026-09-30,19.0
NSC,2026-08-15,estimate,epsEstGrowth,FQ2026-09-30,0.0871
NSC,2026-08-15,estimate,epsEstAvg,FQ2026-12-31,3.22363
NSC,2026-08-15,estimate,epsEstLow,FQ2026-12-31,2.99
NSC,2026-08-15,estimate,epsEstHigh,FQ2026-12-31,3.39
NSC,2026-08-15,estimate,epsEstAnalysts,FQ2026-12-31,18.0
NSC,2026-08-15,estimate,epsEstGrowth,FQ2026-12-31,0.0011
NSC,2026-08-15,estimate,epsEstAvg,FY2026-12-31,12.97314
NSC,2026-08-15,estimate,epsEstLow,FY2026-12-31,12.58
NSC,2026-08-15,estimate,epsEstHigh,FY2026-12-31,13.26
NSC,2026-08-15,estimate,epsEstAnalysts,FY2026-12-31,21.0
NSC,2026-08-15,estimate,epsEstGrowth,FY2026-12-31,0.0387
NSC,2026-08-15,estimate,epsEstAvg,FY2027-12-31,14.30248
NSC,2026-08-15,estimate,epsEstLow,FY2027-12-31,13.27
NSC,2026-08-15,estimate,epsEstHigh,FY2027-12-31,14.7
NSC,2026-08-15,estimate,epsEstAnalysts,FY2027-12-31,22.0
NSC,2026-08-15,estimate,epsEstGrowth,FY2027-12-31,0.1025
NSC,2026-08-15,estimate,revEstAvg,FQ2026-09-30,3456894800.0
NSC,2026-08-15,estimate,revEstLow,FQ2026-09-30,3376408500.0
NSC,2026-08-15,estimate,revEstHigh,FQ2026-09-30,3522000000.0
NSC,2026-08-15,estimate,revEstAnalysts,FQ2026-09-30,15.0
NSC,2026-08-15,estimate,revEstGrowth,FQ2026-09-30,0.11399999
NSC,2026-08-15,estimate,revEstAvg,FQ2026-12-31,3339449460.0
NSC,2026-08-15,estimate,revEstLow,FQ2026-12-31,3194000000.0
NSC,2026-08-15,estimate,revEstHigh,FQ2026-12-31,3464000000.0
NSC,2026-08-15,estimate,revEstAnalysts,FQ2026-12-31,14.0
NSC,2026-08-15,estimate,revEstGrowth,FQ2026-12-31,0.1229
NSC,2026-08-15,estimate,revEstAvg,FY2026-12-31,13235485150.0
NSC,2026-08-15,estimate,revEstLow,FY2026-12-31,12884000000.0
NSC,2026-08-15,estimate,revEstHigh,FY2026-12-31,13412000000.0
NSC,2026-08-15,estimate,revEstAnalysts,FY2026-12-31,20.0
NSC,2026-08-15,estimate,revEstGrowth,FY2026-12-31,0.0867
NSC,2026-08-15,estimate,revEstAvg,FY2027-12-31,13801021870.0
NSC,2026-08-15,estimate,revEstLow,FY2027-12-31,13374000000.0
NSC,2026-08-15,estimate,revEstHigh,FY2027-12-31,14224000000.0
NSC,2026-08-15,estimate,revEstAnalysts,FY2027-12-31,19.0
NSC,2026-08-15,estimate,revEstGrowth,FY2027-12-31,0.0427
NSC,2026-08-15,estimate,epsRevUp7,FQ2026-09-30,11.0
NSC,2026-08-15,estimate,epsRevUp30,FQ2026-09-30,13.0
NSC,2026-08-15,estimate,epsRevDown7,FQ2026-09-30,0.0
NSC,2026-08-15,estimate,epsRevDown30,FQ2026-09-30,0.0
NSC,2026-08-15,estimate,epsRevUp7,FQ2026-12-31,9.0
NSC,2026-08-15,estimate,epsRevUp30,FQ2026-12-31,13.0
NSC,2026-08-15,estimate,epsRevDown7,FQ2026-12-31,1.0
NSC,2026-08-15,estimate,epsRevDown30,FQ2026-12-31,1.0
NSC,2026-08-15,estimate,epsRevUp7,FY2026-12-31,17.0
NSC,2026-08-15,estimate,epsRevUp30,FY2026-12-31,18.0
NSC,2026-08-15,estimate,epsRevDown7,FY2026-12-31,0.0
NSC,2026-08-15,estimate,epsRevDown30,FY2026-12-31,0.0
NSC,2026-08-15,estimate,epsRevUp7,FY2027-12-31,16.0
NSC,2026-08-15,estimate,epsRevUp30,FY2027-12-31,19.0
NSC,2026-08-15,estimate,epsRevDown7,FY2027-12-31,0.0
NSC,2026-08-15,estimate,epsRevDown30,FY2027-12-31,0.0
UPS,2026-08-15,estimate,epsEst,FQ2026-09-30,1.63314
UPS,2026-08-08,estimate,epsEst,FQ2026-09-30,1.73261
UPS,2026-07-16,estimate,epsEst,FQ2026-09-30,1.72988
UPS,2026-06-16,estimate,epsEst,FQ2026-09-30,1.73006
UPS,2026-05-17,estimate,epsEst,FQ2026-09-30,1.72914
UPS,2026-08-15,estimate,epsEst,FQ2026-12-31,2.7446
UPS,2026-08-08,estimate,epsEst,FQ2026-12-31,2.66653
UPS,2026-07-16,estimate,epsEst,FQ2026-12-31,2.66013
UPS,2026-06-16,estimate,epsEst,FQ2026-12-31,2.66013
UPS,2026-05-17,estimate,epsEst,FQ2026-12-31,2.65558
UPS,2026-08-15,estimate,epsEst,FY2026-12-31,7.21206
UPS,2026-08-08,estimate,epsEst,FY2026-12-31,7.20885
UPS,2026-07-16,estimate,epsEst,FY2026-12-31,7.13037
UPS,2026-06-16,estimate,epsEst,FY2026-12-31,7.1327
UPS,2026-05-17,estimate,epsEst,FY2026-12-31,7.12403
UPS,2026-08-15,estimate,epsEst,FY2027-12-31,8.08133
UPS,2026-08-08,estimate,epsEst,FY2027-12-31,8.0736
UPS,2026-07-16,estimate,epsEst,FY2027-12-31,8.02108
UPS,2026-06-16,estimate,epsEst,FY2027-12-31,8.00236
UPS,2026-05-17,estimate,epsEst,FY2027-12-31,7.99153
UPS,2026-08-15,estimate,epsEstAvg,FQ2026-09-30,1.63314
UPS,2026-08-15,estimate,epsEstLow,FQ2026-09-30,1.54881
UPS,2026-08-15,estimate,epsEstHigh,FQ2026-09-30,1.74
UPS,2026-08-15,estimate,epsEstAnalysts,FQ2026-09-30,23.0
UPS,2026-08-15,estimate,epsEstGrowth,FQ2026-09-30,-0.0614
UPS,2026-08-15,estimate,epsEstAvg,FQ2026-12-31,2.7446
UPS,2026-08-15,estimate,epsEstLow,FQ2026-12-31,2.53
UPS,2026-08-15,estimate,epsEstHigh,FQ2026-12-31,2.84
UPS,2026-08-15,estimate,epsEstAnalysts,FQ2026-12-31,23.0
UPS,2026-08-15,estimate,epsEstGrowth,FQ2026-12-31,0.1532
UPS,2026-08-15,estimate,epsEstAvg,FY2026-12-31,7.21206
UPS,2026-08-15,estimate,epsEstLow,FY2026-12-31,6.97
UPS,2026-08-15,estimate,epsEstHigh,FY2026-12-31,7.39
UPS,2026-08-15,estimate,epsEstAnalysts,FY2026-12-31,28.0
UPS,2026-08-15,estimate,epsEstGrowth,FY2026-12-31,0.0073
UPS,2026-08-15,estimate,epsEstAvg,FY2027-12-31,8.08133
UPS,2026-08-15,estimate,epsEstLow,FY2027-12-31,7.12
UPS,2026-08-15,estimate,epsEstHigh,FY2027-12-31,8.79
UPS,2026-08-15,estimate,epsEstAnalysts,FY2027-12-31,28.0
UPS,2026-08-15,estimate,epsEstGrowth,FY2027-12-31,0.1205
UPS,2026-08-15,estimate,revEstAvg,FQ2026-09-30,22159687380.0
UPS,2026-08-15,estimate,revEstLow,FQ2026-09-30,21711592920.0
UPS,2026-08-15,estimate,revEstHigh,FQ2026-09-30,23162215600.0
UPS,2026-08-15,estimate,revEstAnalysts,FQ2026-09-30,20.0
UPS,2026-08-15,estimate,revEstGrowth,FQ2026-09-30,0.0348
UPS,2026-08-15,estimate,revEstAvg,FQ2026-12-31,25330359980.0
UPS,2026-08-15,estimate,revEstLow,FQ2026-12-31,24931000000.0
UPS,2026-08-15,estimate,revEstHigh,FQ2026-12-31,26161500000.0
UPS,2026-08-15,estimate,revEstAnalysts,FQ2026-12-31,19.0
UPS,2026-08-15,estimate,revEstGrowth,FQ2026-12-31,0.0348
UPS,2026-08-15,estimate,revEstAvg,FY2026-12-31,91451330980.0
UPS,2026-08-15,estimate,revEstLow,FY2026-12-31,90798000000.0
UPS,2026-08-15,estimate,revEstHigh,FY2026-12-31,92715719820.0
UPS,2026-08-15,estimate,revEstAnalysts,FY2026-12-31,24.0
UPS,2026-08-15,estimate,revEstGrowth,FY2026-12-31,0.0315
UPS,2026-08-15,estimate,revEstAvg,FY2027-12-31,94985704930.0
UPS,2026-08-15,estimate,revEstLow,FY2027-12-31,90882000000.0
UPS,2026-08-15,estimate,revEstHigh,FY2027-12-31,97779100000.0
UPS,2026-08-15,estimate,revEstAnalysts,FY2027-12-31,25.0
UPS,2026-08-15,estimate,revEstGrowth,FY2027-12-31,0.038599998
UPS,2026-08-15,estimate,epsRevUp7,FQ2026-09-30,1.0
UPS,2026-08-15,estimate,epsRevUp30,FQ2026-09-30,4.0
UPS,2026-08-15,estimate,epsRevDown7,FQ2026-09-30,1.0
UPS,2026-08-15,estimate,epsRevDown30,FQ2026-09-30,5.0
UPS,2026-08-15,estimate,epsRevUp7,FQ2026-12-31,0.0
UPS,2026-08-15,estimate,epsRevUp30,FQ2026-12-31,3.0
UPS,2026-08-15,estimate,epsRevDown7,FQ2026-12-31,3.0
UPS,2026-08-15,estimate,epsRevDown30,FQ2026-12-31,5.0
UPS,2026-08-15,estimate,epsRevUp7,FY2026-12-31,2.0
UPS,2026-08-15,estimate,epsRevUp30,FY2026-12-31,7.0
UPS,2026-08-15,estimate,epsRevDown7,FY2026-12-31,1.0
UPS,2026-08-15,estimate,epsRevDown30,FY2026-12-31,3.0
UPS,2026-08-15,estimate,epsRevUp7,FY2027-12-31,3.0
UPS,2026-08-15,estimate,epsRevUp30,FY2027-12-31,7.0
UPS,2026-08-15,estimate,epsRevDown7,FY2027-12-31,1.0
UPS,2026-08-15,estimate,epsRevDown30,FY2027-12-31,3.0
FDX,2026-08-15,estimate,epsEst,FQ2026-08-31,4.37667
FDX,2026-08-08,estimate,epsEst,FQ2026-08-31,4.37667
FDX,2026-07-16,estimate,epsEst,FQ2026-08-31,4.14
FDX,2026-06-16,estimate,epsEst,FQ2026-08-31,5.04
FDX,2026-05-17,estimate,epsEst,FQ2026-08-31,0.0
FDX,2026-08-15,estimate,epsEst,FQ2026-11-30,3.32
FDX,2026-08-08,estimate,epsEst,FQ2026-11-30,3.28857
FDX,2026-07-16,estimate,epsEst,FQ2026-11-30,3.27
FDX,2026-06-16,estimate,epsEst,FQ2026-11-30,3.6
FDX,2026-05-17,estimate,epsEst,FQ2026-11-30,0.0
FDX,2026-08-15,estimate,epsEst,FY2027-05-31,17.704
FDX,2026-08-08,estimate,epsEst,FY2027-05-31,17.69
FDX,2026-07-16,estimate,epsEst,FY2027-05-31,17.72667
FDX,2026-06-16,estimate,epsEst,FY2027-05-31,18.35
FDX,2026-05-17,estimate,epsEst,FY2027-05-31,0.0
FDX,2026-08-15,estimate,epsEst,FY2028-05-31,20.84071
FDX,2026-08-08,estimate,epsEst,FY2028-05-31,20.77467
FDX,2026-07-16,estimate,epsEst,FY2028-05-31,20.67846
FDX,2026-06-16,estimate,epsEst,FY2028-05-31,22.0
FDX,2026-05-17,estimate,epsEst,FY2028-05-31,0.0
FDX,2026-08-15,estimate,epsEstAvg,FQ2026-08-31,4.37667
FDX,2026-08-15,estimate,epsEstLow,FQ2026-08-31,4.1
FDX,2026-08-15,estimate,epsEstHigh,FQ2026-08-31,4.85
FDX,2026-08-15,estimate,epsEstAnalysts,FQ2026-08-31,3.0
FDX,2026-08-15,estimate,epsEstAvg,FQ2026-11-30,3.32
FDX,2026-08-15,estimate,epsEstLow,FQ2026-11-30,2.79
FDX,2026-08-15,estimate,epsEstHigh,FQ2026-11-30,3.59
FDX,2026-08-15,estimate,epsEstAnalysts,FQ2026-11-30,7.0
FDX,2026-08-15,estimate,epsEstAvg,FY2027-05-31,17.704
FDX,2026-08-15,estimate,epsEstLow,FY2027-05-31,17.4
FDX,2026-08-15,estimate,epsEstHigh,FY2027-05-31,18.25
FDX,2026-08-15,estimate,epsEstAnalysts,FY2027-05-31,10.0
FDX,2026-08-15,estimate,epsEstGrowth,FY2027-05-31,-0.026700001
FDX,2026-08-15,estimate,epsEstAvg,FY2028-05-31,20.84071
FDX,2026-08-15,estimate,epsEstLow,FY2028-05-31,19.41
FDX,2026-08-15,estimate,epsEstHigh,FY2028-05-31,22.65
FDX,2026-08-15,estimate,epsEstAnalysts,FY2028-05-31,14.0
FDX,2026-08-15,estimate,epsEstGrowth,FY2028-05-31,0.17719999
FDX,2026-08-15,estimate,revEstAvg,FQ2026-08-31,22390366670.0
FDX,2026-08-15,estimate,revEstLow,FQ2026-08-31,21869000000.0
FDX,2026-08-15,estimate,revEstHigh,FQ2026-08-31,22900100000.0
FDX,2026-08-15,estimate,revEstAnalysts,FQ2026-08-31,3.0
FDX,2026-08-15,estimate,revEstAvg,FQ2026-11-30,23230300000.0
FDX,2026-08-15,estimate,revEstLow,FQ2026-11-30,22214500000.0
FDX,2026-08-15,estimate,revEstHigh,FQ2026-11-30,26525000000.0
FDX,2026-08-15,estimate,revEstAnalysts,FQ2026-11-30,5.0
FDX,2026-08-15,estimate,revEstAvg,FY2027-05-31,91062237500.0
FDX,2026-08-15,estimate,revEstLow,FY2027-05-31,90112000000.0
FDX,2026-08-15,estimate,revEstHigh,FY2027-05-31,91965000000.0
FDX,2026-08-15,estimate,revEstAnalysts,FY2027-05-31,8.0
FDX,2026-08-15,estimate,revEstGrowth,FY2027-05-31,0.0357
FDX,2026-08-15,estimate,revEstAvg,FY2028-05-31,95143855570.0
FDX,2026-08-15,estimate,revEstLow,FY2028-05-31,92278000000.0
FDX,2026-08-15,estimate,revEstHigh,FY2028-05-31,103103666870.0
FDX,2026-08-15,estimate,revEstAnalysts,FY2028-05-31,12.0
FDX,2026-08-15,estimate,revEstGrowth,FY2028-05-31,0.0448
FDX,2026-08-15,estimate,epsRevUp7,FQ2026-08-31,0.0
FDX,2026-08-15,estimate,epsRevUp30,FQ2026-08-31,0.0
FDX,2026-08-15,estimate,epsRevDown7,FQ2026-08-31,1.0
FDX,2026-08-15,estimate,epsRevDown30,FQ2026-08-31,0.0
FDX,2026-08-15,estimate,epsRevUp7,FQ2026-11-30,0.0
FDX,2026-08-15,estimate,epsRevUp30,FQ2026-11-30,0.0
FDX,2026-08-15,estimate,epsRevDown7,FQ2026-11-30,2.0
FDX,2026-08-15,estimate,epsRevDown30,FQ2026-11-30,0.0
FDX,2026-08-15,estimate,epsRevUp7,FY2027-05-31,1.0
FDX,2026-08-15,estimate,epsRevUp30,FY2027-05-31,0.0
FDX,2026-08-15,estimate,epsRevDown7,FY2027-05-31,1.0
FDX,2026-08-15,estimate,epsRevDown30,FY2027-05-31,0.0
FDX,2026-08-15,estimate,epsRevUp7,FY2028-05-31,1.0
FDX,2026-08-15,estimate,epsRevUp30,FY2028-05-31,0.0
FDX,2026-08-15,estimate,epsRevDown7,FY2028-05-31,0.0
FDX,2026-08-15,estimate,epsRevDown30,FY2028-05-31,0.0
ODFL,2026-08-15,estimate,epsEst,FQ2026-09-30,1.59058
ODFL,2026-08-08,estimate,epsEst,FQ2026-09-30,1.53341
ODFL,2026-07-16,estimate,epsEst,FQ2026-09-30,1.49203
ODFL,2026-06-16,estimate,epsEst,FQ2026-09-30,1.47873
ODFL,2026-05-17,estimate,epsEst,FQ2026-09-30,1.46167
ODFL,2026-08-15,estimate,epsEst,FQ2026-12-31,1.41723
ODFL,2026-08-08,estimate,epsEst,FQ2026-12-31,1.37821
ODFL,2026-07-16,estimate,epsEst,FQ2026-12-31,1.34209
ODFL,2026-06-16,estimate,epsEst,FQ2026-12-31,1.32706
ODFL,2026-05-17,estimate,epsEst,FQ2026-12-31,1.31647
ODFL,2026-08-15,estimate,epsEst,FY2026-12-31,5.80532
ODFL,2026-08-08,estimate,epsEst,FY2026-12-31,5.5639
ODFL,2026-07-16,estimate,epsEst,FY2026-12-31,5.45946
ODFL,2026-06-16,estimate,epsEst,FY2026-12-31,5.38423
ODFL,2026-05-17,estimate,epsEst,FY2026-12-31,5.34502
ODFL,2026-08-15,estimate,epsEst,FY2027-12-31,6.58603
ODFL,2026-08-08,estimate,epsEst,FY2027-12-31,6.44418
ODFL,2026-07-16,estimate,epsEst,FY2027-12-31,6.34874
ODFL,2026-06-16,estimate,epsEst,FY2027-12-31,6.25436
ODFL,2026-05-17,estimate,epsEst,FY2027-12-31,6.17728
ODFL,2026-08-15,estimate,epsEstAvg,FQ2026-09-30,1.59058
ODFL,2026-08-15,estimate,epsEstLow,FQ2026-09-30,1.52
ODFL,2026-08-15,estimate,epsEstHigh,FQ2026-09-30,1.67
ODFL,2026-08-15,estimate,epsEstAnalysts,FQ2026-09-30,17.0
ODFL,2026-08-15,estimate,epsEstGrowth,FQ2026-09-30,0.24260001
ODFL,2026-08-15,estimate,epsEstAvg,FQ2026-12-31,1.41723
ODFL,2026-08-15,estimate,epsEstLow,FQ2026-12-31,1.36114
ODFL,2026-08-15,estimate,epsEstHigh,FQ2026-12-31,1.5
ODFL,2026-08-15,estimate,epsEstAnalysts,FQ2026-12-31,17.0
ODFL,2026-08-15,estimate,epsEstGrowth,FQ2026-12-31,0.30020002
ODFL,2026-08-15,estimate,epsEstAvg,FY2026-12-31,5.80532
ODFL,2026-08-15,estimate,epsEstLow,FY2026-12-31,5.6
ODFL,2026-08-15,estimate,epsEstHigh,FY2026-12-31,5.97286
ODFL,2026-08-15,estimate,epsEstAnalysts,FY2026-12-31,19.0
ODFL,2026-08-15,estimate,epsEstGrowth,FY2026-12-31,0.19940001
ODFL,2026-08-15,estimate,epsEstAvg,FY2027-12-31,6.58603
ODFL,2026-08-15,estimate,epsEstLow,FY2027-12-31,6.2
ODFL,2026-08-15,estimate,epsEstHigh,FY2027-12-31,7.0
ODFL,2026-08-15,estimate,epsEstAnalysts,FY2027-12-31,19.0
ODFL,2026-08-15,estimate,epsEstGrowth,FY2027-12-31,0.1345
ODFL,2026-08-15,estimate,revEstAvg,FQ2026-09-30,1549170160.0
ODFL,2026-08-15,estimate,revEstLow,FQ2026-09-30,1538677310.0
ODFL,2026-08-15,estimate,revEstHigh,FQ2026-09-30,1563627000.0
ODFL,2026-08-15,estimate,revEstAnalysts,FQ2026-09-30,17.0
ODFL,2026-08-15,estimate,revEstGrowth,FQ2026-09-30,0.1014
ODFL,2026-08-15,estimate,revEstAvg,FQ2026-12-31,1475570630.0
ODFL,2026-08-15,estimate,revEstLow,FQ2026-12-31,1430000000.0
ODFL,2026-08-15,estimate,revEstHigh,FQ2026-12-31,1509000000.0
ODFL,2026-08-15,estimate,revEstAnalysts,FQ2026-12-31,16.0
ODFL,2026-08-15,estimate,revEstGrowth,FQ2026-12-31,0.1287
ODFL,2026-08-15,estimate,revEstAvg,FY2026-12-31,5911927590.0
ODFL,2026-08-15,estimate,revEstLow,FY2026-12-31,5806935000.0
ODFL,2026-08-15,estimate,revEstHigh,FY2026-12-31,5959989840.0
ODFL,2026-08-15,estimate,revEstAnalysts,FY2026-12-31,19.0
ODFL,2026-08-15,estimate,revEstGrowth,FY2026-12-31,0.0756
ODFL,2026-08-15,estimate,revEstAvg,FY2027-12-31,6353549700.0
ODFL,2026-08-15,estimate,revEstLow,FY2027-12-31,5959199900.0
ODFL,2026-08-15,estimate,revEstHigh,FY2027-12-31,6760515920.0
ODFL,2026-08-15,estimate,revEstAnalysts,FY2027-12-31,20.0
ODFL,2026-08-15,estimate,revEstGrowth,FY2027-12-31,0.0747
ODFL,2026-08-15,estimate,epsRevUp7,FQ2026-09-30,6.0
ODFL,2026-08-15,estimate,epsRevUp30,FQ2026-09-30,16.0
ODFL,2026-08-15,estimate,epsRevDown7,FQ2026-09-30,0.0
ODFL,2026-08-15,estimate,epsRevDown30,FQ2026-09-30,0.0
ODFL,2026-08-15,estimate,epsRevUp7,FQ2026-12-31,6.0
ODFL,2026-08-15,estimate,epsRevUp30,FQ2026-12-31,16.0
ODFL,2026-08-15,estimate,epsRevDown7,FQ2026-12-31,0.0
ODFL,2026-08-15,estimate,epsRevDown30,FQ2026-12-31,0.0
ODFL,2026-08-15,estimate,epsRevUp7,FY2026-12-31,4.0
ODFL,2026-08-15,estimate,epsRevUp30,FY2026-12-31,18.0
ODFL,2026-08-15,estimate,epsRevDown7,FY2026-12-31,0.0
ODFL,2026-08-15,estimate,epsRevDown30,FY2026-12-31,0.0
ODFL,2026-08-15,estimate,epsRevUp7,FY2027-12-31,7.0
ODFL,2026-08-15,estimate,epsRevUp30,FY2027-12-31,17.0
ODFL,2026-08-15,estimate,epsRevDown7,FY2027-12-31,1.0
ODFL,2026-08-15,estimate,epsRevDown30,FY2027-12-31,0.0
GE,2026-08-15,estimate,epsEst,FQ2026-09-30,1.98645
GE,2026-08-08,estimate,epsEst,FQ2026-09-30,1.98895
GE,2026-07-16,estimate,epsEst,FQ2026-09-30,1.91389
GE,2026-06-16,estimate,epsEst,FQ2026-09-30,1.91392
GE,2026-05-17,estimate,epsEst,FQ2026-09-30,1.92062
GE,2026-08-15,estimate,epsEst,FQ2026-12-31,2.24151
GE,2026-08-08,estimate,epsEst,FQ2026-12-31,2.23987
GE,2026-07-16,estimate,epsEst,FQ2026-12-31,2.17495
GE,2026-06-16,estimate,epsEst,FQ2026-12-31,2.17163
GE,2026-05-17,estimate,epsEst,FQ2026-12-31,2.119
GE,2026-08-15,estimate,epsEst,FY2026-12-31,7.91328
GE,2026-08-08,estimate,epsEst,FY2026-12-31,7.9036
GE,2026-07-16,estimate,epsEst,FY2026-12-31,7.54368
GE,2026-06-16,estimate,epsEst,FY2026-12-31,7.54685
GE,2026-05-17,estimate,epsEst,FY2026-12-31,7.55623
GE,2026-08-15,estimate,epsEst,FY2027-12-31,9.71732
GE,2026-08-08,estimate,epsEst,FY2027-12-31,9.70795
GE,2026-07-16,estimate,epsEst,FY2027-12-31,9.44231
GE,2026-06-16,estimate,epsEst,FY2027-12-31,9.42107
GE,2026-05-17,estimate,epsEst,FY2027-12-31,9.19807
GE,2026-08-15,estimate,epsEstAvg,FQ2026-09-30,1.98645
GE,2026-08-15,estimate,epsEstLow,FQ2026-09-30,1.89883
GE,2026-08-15,estimate,epsEstHigh,FQ2026-09-30,2.09
GE,2026-08-15,estimate,epsEstAnalysts,FQ2026-09-30,16.0
GE,2026-08-15,estimate,epsEstGrowth,FQ2026-09-30,0.1967
GE,2026-08-15,estimate,epsEstAvg,FQ2026-12-31,2.24151
GE,2026-08-15,estimate,epsEstLow,FQ2026-12-31,1.83537
GE,2026-08-15,estimate,epsEstHigh,FQ2026-12-31,2.7537
GE,2026-08-15,estimate,epsEstAnalysts,FQ2026-12-31,8.0
GE,2026-08-15,estimate,epsEstGrowth,FQ2026-12-31,-0.0296
GE,2026-08-15,estimate,epsEstAvg,FY2026-12-31,7.91328
GE,2026-08-15,estimate,epsEstLow,FY2026-12-31,7.73
GE,2026-08-15,estimate,epsEstHigh,FY2026-12-31,8.15
GE,2026-08-15,estimate,epsEstAnalysts,FY2026-12-31,21.0
GE,2026-08-15,estimate,epsEstGrowth,FY2026-12-31,0.24229999
GE,2026-08-15,estimate,epsEstAvg,FY2027-12-31,9.71732
GE,2026-08-15,estimate,epsEstLow,FY2027-12-31,8.20513
GE,2026-08-15,estimate,epsEstHigh,FY2027-12-31,10.51
GE,2026-08-15,estimate,epsEstAnalysts,FY2027-12-31,13.0
GE,2026-08-15,estimate,epsEstGrowth,FY2027-12-31,0.1423
GE,2026-08-15,estimate,revEstAvg,FQ2026-09-30,12849035380.0
GE,2026-08-15,estimate,revEstLow,FQ2026-09-30,12657000000.0
GE,2026-08-15,estimate,revEstHigh,FQ2026-09-30,13116636610.0
GE,2026-08-15,estimate,revEstAnalysts,FQ2026-09-30,12.0
GE,2026-08-15,estimate,revEstGrowth,FQ2026-09-30,0.1366
GE,2026-08-15,estimate,revEstAvg,FQ2026-12-31,13171543070.0
GE,2026-08-15,estimate,revEstLow,FQ2026-12-31,12967000000.0
GE,2026-08-15,estimate,revEstHigh,FQ2026-12-31,13567725730.0
GE,2026-08-15,estimate,revEstAnalysts,FQ2026-12-31,12.0
GE,2026-08-15,estimate,revEstGrowth,FQ2026-12-31,0.1101
GE,2026-08-15,estimate,revEstAvg,FY2026-12-31,50291008630.0
GE,2026-08-15,estimate,revEstLow,FY2026-12-31,49925000000.0
GE,2026-08-15,estimate,revEstHigh,FY2026-12-31,50931862340.0
GE,2026-08-15,estimate,revEstAnalysts,FY2026-12-31,16.0
GE,2026-08-15,estimate,revEstGrowth,FY2026-12-31,0.1883
GE,2026-08-15,estimate,revEstAvg,FY2027-12-31,55675424190.0
GE,2026-08-15,estimate,revEstLow,FY2027-12-31,52855000000.0
GE,2026-08-15,estimate,revEstHigh,FY2027-12-31,57759000000.0
GE,2026-08-15,estimate,revEstAnalysts,FY2027-12-31,17.0
GE,2026-08-15,estimate,revEstGrowth,FY2027-12-31,0.1071
GE,2026-08-15,estimate,epsRevUp7,FQ2026-09-30,4.0
GE,2026-08-15,estimate,epsRevUp30,FQ2026-09-30,12.0
GE,2026-08-15,estimate,epsRevDown7,FQ2026-09-30,2.0
GE,2026-08-15,estimate,epsRevDown30,FQ2026-09-30,3.0
GE,2026-08-15,estimate,epsRevUp7,FQ2026-12-31,2.0
GE,2026-08-15,estimate,epsRevUp30,FQ2026-12-31,4.0
GE,2026-08-15,estimate,epsRevDown7,FQ2026-12-31,0.0
GE,2026-08-15,estimate,epsRevDown30,FQ2026-12-31,1.0
GE,2026-08-15,estimate,epsRevUp7,FY2026-12-31,8.0
GE,2026-08-15,estimate,epsRevUp30,FY2026-12-31,20.0
GE,2026-08-15,estimate,epsRevDown7,FY2026-12-31,0.0
GE,2026-08-15,estimate,epsRevDown30,FY2026-12-31,0.0
GE,2026-08-15,estimate,epsRevUp7,FY2027-12-31,3.0
GE,2026-08-15,estimate,epsRevUp30,FY2027-12-31,8.0
GE,2026-08-15,estimate,epsRevDown7,FY2027-12-31,0.0
GE,2026-08-15,estimate,epsRevDown30,FY2027-12-31,0.0
HON,2026-08-15,estimate,epsEst,FQ2026-09-30,2.14638
HON,2026-08-08,estimate,epsEst,FQ2026-09-30,2.18605
HON,2026-07-16,estimate,epsEst,FQ2026-09-30,5.39905
HON,2026-06-16,estimate,epsEst,FQ2026-09-30,5.4021
HON,2026-05-17,estimate,epsEst,FQ2026-09-30,5.40959
HON,2026-08-15,estimate,epsEst,FQ2026-12-31,2.43093
HON,2026-08-08,estimate,epsEst,FQ2026-12-31,2.39507
HON,2026-07-16,estimate,epsEst,FQ2026-12-31,5.90779
HON,2026-06-16,estimate,epsEst,FQ2026-12-31,5.8968
HON,2026-05-17,estimate,epsEst,FQ2026-12-31,5.90242
HON,2026-08-15,estimate,epsEst,FY2026-12-31,8.29909
HON,2026-08-08,estimate,epsEst,FY2026-12-31,8.29633
HON,2026-07-16,estimate,epsEst,FY2026-12-31,8.25588
HON,2026-06-16,estimate,epsEst,FY2026-12-31,21.03732
HON,2026-05-17,estimate,epsEst,FY2026-12-31,21.04879
HON,2026-08-15,estimate,epsEst,FY2027-12-31,9.98953
HON,2026-08-08,estimate,epsEst,FY2027-12-31,10.01358
HON,2026-07-16,estimate,epsEst,FY2027-12-31,9.65264
HON,2026-06-16,estimate,epsEst,FY2027-12-31,22.90828
HON,2026-05-17,estimate,epsEst,FY2027-12-31,22.98517
HON,2026-08-15,estimate,epsEstAvg,FQ2026-09-30,2.14638
HON,2026-08-15,estimate,epsEstLow,FQ2026-09-30,1.95
HON,2026-08-15,estimate,epsEstHigh,FQ2026-09-30,2.25
HON,2026-08-15,estimate,epsEstAnalysts,FQ2026-09-30,14.0
HON,2026-08-15,estimate,epsEstGrowth,FQ2026-09-30,-0.61939996
HON,2026-08-15,estimate,epsEstAvg,FQ2026-12-31,2.43093
HON,2026-08-15,estimate,epsEstLow,FQ2026-12-31,2.33
HON,2026-08-15,estimate,epsEstHigh,FQ2026-12-31,2.59
HON,2026-08-15,estimate,epsEstAnalysts,FQ2026-12-31,12.0
HON,2026-08-15,estimate,epsEstGrowth,FQ2026-12-31,-0.53069997
HON,2026-08-15,estimate,epsEstAvg,FY2026-12-31,8.29909
HON,2026-08-15,estimate,epsEstLow,FY2026-12-31,8.08
HON,2026-08-15,estimate,epsEstHigh,FY2026-12-31,8.48116
HON,2026-08-15,estimate,epsEstAnalysts,FY2026-12-31,20.0
HON,2026-08-15,estimate,epsEstGrowth,FY2026-12-31,-0.5757
HON,2026-08-15,estimate,epsEstAvg,FY2027-12-31,9.98953
HON,2026-08-15,estimate,epsEstLow,FY2027-12-31,9.25
HON,2026-08-15,estimate,epsEstHigh,FY2027-12-31,10.93
HON,2026-08-15,estimate,epsEstAnalysts,FY2027-12-31,19.0
HON,2026-08-15,estimate,epsEstGrowth,FY2027-12-31,0.2037
HON,2026-08-15,estimate,revEstAvg,FQ2026-09-30,5020083960.0
HON,2026-08-15,estimate,revEstLow,FQ2026-09-30,4897500000.0
HON,2026-08-15,estimate,revEstHigh,FQ2026-09-30,5170000000.0
HON,2026-08-15,estimate,revEstAnalysts,FQ2026-09-30,13.0
HON,2026-08-15,estimate,revEstGrowth,FQ2026-09-30,-0.5177
HON,2026-08-15,estimate,revEstAvg,FQ2026-12-31,5202878660.0
HON,2026-08-15,estimate,revEstLow,FQ2026-12-31,5035000000.0
HON,2026-08-15,estimate,revEstHigh,FQ2026-12-31,5522000000.0
HON,2026-08-15,estimate,revEstAnalysts,FQ2026-12-31,11.0
HON,2026-08-15,estimate,revEstGrowth,FQ2026-12-31,-0.4668
HON,2026-08-15,estimate,revEstAvg,FY2026-12-31,20166983380.0
HON,2026-08-15,estimate,revEstLow,FY2026-12-31,19936000000.0
HON,2026-08-15,estimate,revEstHigh,FY2026-12-31,20702000000.0
HON,2026-08-15,estimate,revEstAnalysts,FY2026-12-31,18.0
HON,2026-08-15,estimate,revEstGrowth,FY2026-12-31,-0.4614
HON,2026-08-15,estimate,revEstAvg,FY2027-12-31,20548999630.0
HON,2026-08-15,estimate,revEstLow,FY2027-12-31,19527533120.0
HON,2026-08-15,estimate,revEstHigh,FY2027-12-31,21827000000.0
HON,2026-08-15,estimate,revEstAnalysts,FY2027-12-31,18.0
HON,2026-08-15,estimate,revEstGrowth,FY2027-12-31,0.0189
HON,2026-08-15,estimate,epsRevUp7,FQ2026-09-30,1.0
HON,2026-08-15,estimate,epsRevUp30,FQ2026-09-30,0.0
HON,2026-08-15,estimate,epsRevDown7,FQ2026-09-30,3.0
HON,2026-08-15,estimate,epsRevDown30,FQ2026-09-30,12.0
HON,2026-08-15,estimate,epsRevUp7,FQ2026-12-31,2.0
HON,2026-08-15,estimate,epsRevUp30,FQ2026-12-31,0.0
HON,2026-08-15,estimate,epsRevDown7,FQ2026-12-31,2.0
HON,2026-08-15,estimate,epsRevDown30,FQ2026-12-31,10.0
HON,2026-08-15,estimate,epsRevUp7,FY2026-12-31,6.0
HON,2026-08-15,estimate,epsRevUp30,FY2026-12-31,0.0
HON,2026-08-15,estimate,epsRevDown7,FY2026-12-31,1.0
HON,2026-08-15,estimate,epsRevDown30,FY2026-12-31,18.0
HON,2026-08-15,estimate,epsRevUp7,FY2027-12-31,5.0
HON,2026-08-15,estimate,epsRevUp30,FY2027-12-31,0.0
HON,2026-08-15,estimate,epsRevDown7,FY2027-12-31,1.0
HON,2026-08-15,estimate,epsRevDown30,FY2027-12-31,17.0
ETN,2026-08-15,estimate,epsEst,FQ2026-09-30,3.52723
ETN,2026-08-08,estimate,epsEst,FQ2026-09-30,3.5309
ETN,2026-07-16,estimate,epsEst,FQ2026-09-30,3.50781
ETN,2026-06-16,estimate,epsEst,FQ2026-09-30,3.5065
ETN,2026-05-17,estimate,epsEst,FQ2026-09-30,3.50157
ETN,2026-08-15,estimate,epsEst,FQ2026-12-31,4.04384
ETN,2026-08-08,estimate,epsEst,FQ2026-12-31,4.03054
ETN,2026-07-16,estimate,epsEst,FQ2026-12-31,3.95587
ETN,2026-06-16,estimate,epsEst,FQ2026-12-31,3.94763
ETN,2026-05-17,estimate,epsEst,FQ2026-12-31,3.95657
ETN,2026-08-15,estimate,epsEst,FY2026-12-31,13.50587
ETN,2026-08-08,estimate,epsEst,FY2026-12-31,13.48723
ETN,2026-07-16,estimate,epsEst,FY2026-12-31,13.35212
ETN,2026-06-16,estimate,epsEst,FY2026-12-31,13.34023
ETN,2026-05-17,estimate,epsEst,FY2026-12-31,13.34373
ETN,2026-08-15,estimate,epsEst,FY2027-12-31,16.02188
ETN,2026-08-08,estimate,epsEst,FY2027-12-31,16.00836
ETN,2026-07-16,estimate,epsEst,FY2027-12-31,15.77748
ETN,2026-06-16,estimate,epsEst,FY2027-12-31,15.72168
ETN,2026-05-17,estimate,epsEst,FY2027-12-31,15.69175
ETN,2026-08-15,estimate,epsEstAvg,FQ2026-09-30,3.52723
ETN,2026-08-15,estimate,epsEstLow,FQ2026-09-30,3.5
ETN,2026-08-15,estimate,epsEstHigh,FQ2026-09-30,3.58
ETN,2026-08-15,estimate,epsEstAnalysts,FQ2026-09-30,20.0
ETN,2026-08-15,estimate,epsEstGrowth,FQ2026-09-30,0.1489
ETN,2026-08-15,estimate,epsEstAvg,FQ2026-12-31,4.04384
ETN,2026-08-15,estimate,epsEstLow,FQ2026-12-31,3.9
ETN,2026-08-15,estimate,epsEstHigh,FQ2026-12-31,4.16
ETN,2026-08-15,estimate,epsEstAnalysts,FQ2026-12-31,19.0
ETN,2026-08-15,estimate,epsEstGrowth,FQ2026-12-31,0.21440001
ETN,2026-08-15,estimate,epsEstAvg,FY2026-12-31,13.50587
ETN,2026-08-15,estimate,epsEstLow,FY2026-12-31,13.25
ETN,2026-08-15,estimate,epsEstHigh,FY2026-12-31,13.70029
ETN,2026-08-15,estimate,epsEstAnalysts,FY2026-12-31,23.0
ETN,2026-08-15,estimate,epsEstGrowth,FY2026-12-31,0.118999995
ETN,2026-08-15,estimate,epsEstAvg,FY2027-12-31,16.02188
ETN,2026-08-15,estimate,epsEstLow,FY2027-12-31,15.0
ETN,2026-08-15,estimate,epsEstHigh,FY2027-12-31,17.3028
ETN,2026-08-15,estimate,epsEstAnalysts,FY2027-12-31,22.0
ETN,2026-08-15,estimate,epsEstGrowth,FY2027-12-31,0.1863
ETN,2026-08-15,estimate,revEstAvg,FQ2026-09-30,8449282499.0
ETN,2026-08-15,estimate,revEstLow,FQ2026-09-30,8175267000.0
ETN,2026-08-15,estimate,revEstHigh,FQ2026-09-30,8582000000.0
ETN,2026-08-15,estimate,revEstAnalysts,FQ2026-09-30,18.0
ETN,2026-08-15,estimate,revEstGrowth,FQ2026-09-30,0.2091
ETN,2026-08-15,estimate,revEstAvg,FQ2026-12-31,8433870339.0
ETN,2026-08-15,estimate,revEstLow,FQ2026-12-31,8184020000.0
ETN,2026-08-15,estimate,revEstHigh,FQ2026-12-31,8571792310.0
ETN,2026-08-15,estimate,revEstAnalysts,FQ2026-12-31,16.0
ETN,2026-08-15,estimate,revEstGrowth,FQ2026-12-31,0.19540001
ETN,2026-08-15,estimate,revEstAvg,FY2026-12-31,32743662970.0
ETN,2026-08-15,estimate,revEstLow,FY2026-12-31,31651997000.0
ETN,2026-08-15,estimate,revEstHigh,FY2026-12-31,33120000000.0
ETN,2026-08-15,estimate,revEstAnalysts,FY2026-12-31,23.0
ETN,2026-08-15,estimate,revEstGrowth,FY2026-12-31,0.1929
ETN,2026-08-15,estimate,revEstAvg,FY2027-12-31,36521104810.0
ETN,2026-08-15,estimate,revEstLow,FY2027-12-31,34897321000.0
ETN,2026-08-15,estimate,revEstHigh,FY2027-12-31,39023411040.0
ETN,2026-08-15,estimate,revEstAnalysts,FY2027-12-31,22.0
ETN,2026-08-15,estimate,revEstGrowth,FY2027-12-31,0.1154
ETN,2026-08-15,estimate,epsRevUp7,FQ2026-09-30,1.0
ETN,2026-08-15,estimate,epsRevUp30,FQ2026-09-30,3.0
ETN,2026-08-15,estimate,epsRevDown7,FQ2026-09-30,2.0
ETN,2026-08-15,estimate,epsRevDown30,FQ2026-09-30,4.0
ETN,2026-08-15,estimate,epsRevUp7,FQ2026-12-31,3.0
ETN,2026-08-15,estimate,epsRevUp30,FQ2026-12-31,5.0
ETN,2026-08-15,estimate,epsRevDown7,FQ2026-12-31,0.0
ETN,2026-08-15,estimate,epsRevDown30,FQ2026-12-31,2.0
ETN,2026-08-15,estimate,epsRevUp7,FY2026-12-31,3.0
ETN,2026-08-15,estimate,epsRevUp30,FY2026-12-31,6.0
ETN,2026-08-15,estimate,epsRevDown7,FY2026-12-31,0.0
ETN,2026-08-15,estimate,epsRevDown30,FY2026-12-31,1.0
ETN,2026-08-15,estimate,epsRevUp7,FY2027-12-31,1.0
ETN,2026-08-15,estimate,epsRevUp30,FY2027-12-31,5.0
ETN,2026-08-15,estimate,epsRevDown7,FY2027-12-31,1.0
ETN,2026-08-15,estimate,epsRevDown30,FY2027-12-31,0.0
EMR,2026-08-15,estimate,epsEst,FQ2026-09-30,1.84917
EMR,2026-08-08,estimate,epsEst,FQ2026-09-30,1.82622
EMR,2026-07-16,estimate,epsEst,FQ2026-09-30,1.82672
EMR,2026-06-16,estimate,epsEst,FQ2026-09-30,1.82391
EMR,2026-05-17,estimate,epsEst,FQ2026-09-30,1.82885
EMR,2026-08-15,estimate,epsEst,FQ2026-12-31,1.60854
EMR,2026-08-08,estimate,epsEst,FQ2026-12-31,1.5996
EMR,2026-07-16,estimate,epsEst,FQ2026-12-31,1.59849
EMR,2026-06-16,estimate,epsEst,FQ2026-12-31,1.59348
EMR,2026-05-17,estimate,epsEst,FQ2026-12-31,1.59183
EMR,2026-08-15,estimate,epsEst,FY2026-09-30,6.55446
EMR,2026-08-08,estimate,epsEst,FY2026-09-30,6.50632
EMR,2026-07-16,estimate,epsEst,FY2026-09-30,6.50891
EMR,2026-06-16,estimate,epsEst,FY2026-09-30,6.50421
EMR,2026-05-17,estimate,epsEst,FY2026-09-30,6.50611
EMR,2026-08-15,estimate,epsEst,FY2027-09-30,7.23244
EMR,2026-08-08,estimate,epsEst,FY2027-09-30,7.17413
EMR,2026-07-16,estimate,epsEst,FY2027-09-30,7.17913
EMR,2026-06-16,estimate,epsEst,FY2027-09-30,7.15436
EMR,2026-05-17,estimate,epsEst,FY2027-09-30,7.15487
EMR,2026-08-15,estimate,epsEstAvg,FQ2026-09-30,1.84917
EMR,2026-08-15,estimate,epsEstLow,FQ2026-09-30,1.82
EMR,2026-08-15,estimate,epsEstHigh,FQ2026-09-30,1.87
EMR,2026-08-15,estimate,epsEstAnalysts,FQ2026-09-30,18.0
EMR,2026-08-15,estimate,epsEstGrowth,FQ2026-09-30,0.1415
EMR,2026-08-15,estimate,epsEstAvg,FQ2026-12-31,1.60854
EMR,2026-08-15,estimate,epsEstLow,FQ2026-12-31,1.52
EMR,2026-08-15,estimate,epsEstHigh,FQ2026-12-31,1.67
EMR,2026-08-15,estimate,epsEstAnalysts,FQ2026-12-31,11.0
EMR,2026-08-15,estimate,epsEstGrowth,FQ2026-12-31,0.1017
EMR,2026-08-15,estimate,epsEstAvg,FY2026-09-30,6.55446
EMR,2026-08-15,estimate,epsEstLow,FY2026-09-30,6.48
EMR,2026-08-15,estimate,epsEstHigh,FY2026-09-30,6.64
EMR,2026-08-15,estimate,epsEstAnalysts,FY2026-09-30,26.0
EMR,2026-08-15,estimate,epsEstGrowth,FY2026-09-30,0.0924
EMR,2026-08-15,estimate,epsEstAvg,FY2027-09-30,7.23244
EMR,2026-08-15,estimate,epsEstLow,FY2027-09-30,6.77
EMR,2026-08-15,estimate,epsEstHigh,FY2027-09-30,7.6
EMR,2026-08-15,estimate,epsEstAnalysts,FY2027-09-30,28.0
EMR,2026-08-15,estimate,epsEstGrowth,FY2027-09-30,0.1034
EMR,2026-08-15,estimate,revEstAvg,FQ2026-09-30,5103672920.0
EMR,2026-08-15,estimate,revEstLow,FQ2026-09-30,4990000000.0
EMR,2026-08-15,estimate,revEstHigh,FQ2026-09-30,5203000000.0
EMR,2026-08-15,estimate,revEstAnalysts,FQ2026-09-30,18.0
EMR,2026-08-15,estimate,revEstGrowth,FQ2026-09-30,0.0512
EMR,2026-08-15,estimate,revEstAvg,FQ2026-12-31,4579748440.0
EMR,2026-08-15,estimate,revEstLow,FQ2026-12-31,4541700000.0
EMR,2026-08-15,estimate,revEstHigh,FQ2026-12-31,4611000000.0
EMR,2026-08-15,estimate,revEstAnalysts,FQ2026-12-31,9.0
EMR,2026-08-15,estimate,revEstGrowth,FQ2026-12-31,0.0538
EMR,2026-08-15,estimate,revEstAvg,FY2026-09-30,18879792300.0
EMR,2026-08-15,estimate,revEstLow,FY2026-09-30,18771000000.0
EMR,2026-08-15,estimate,revEstHigh,FY2026-09-30,19128000000.0
EMR,2026-08-15,estimate,revEstAnalysts,FY2026-09-30,27.0
EMR,2026-08-15,estimate,revEstGrowth,FY2026-09-30,0.0479
EMR,2026-08-15,estimate,revEstAvg,FY2027-09-30,19911090200.0
EMR,2026-08-15,estimate,revEstLow,FY2027-09-30,19280403460.0
EMR,2026-08-15,estimate,revEstHigh,FY2027-09-30,20425000000.0
EMR,2026-08-15,estimate,revEstAnalysts,FY2027-09-30,28.0
EMR,2026-08-15,estimate,revEstGrowth,FY2027-09-30,0.0546
EMR,2026-08-15,estimate,epsRevUp7,FQ2026-09-30,0.0
EMR,2026-08-15,estimate,epsRevUp30,FQ2026-09-30,0.0
EMR,2026-08-15,estimate,epsRevDown7,FQ2026-09-30,1.0
EMR,2026-08-15,estimate,epsRevDown30,FQ2026-09-30,2.0
EMR,2026-08-15,estimate,epsRevUp7,FQ2026-12-31,0.0
EMR,2026-08-15,estimate,epsRevUp30,FQ2026-12-31,0.0
EMR,2026-08-15,estimate,epsRevDown7,FQ2026-12-31,1.0
EMR,2026-08-15,estimate,epsRevDown30,FQ2026-12-31,1.0
EMR,2026-08-15,estimate,epsRevUp7,FY2026-09-30,0.0
EMR,2026-08-15,estimate,epsRevUp30,FY2026-09-30,2.0
EMR,2026-08-15,estimate,epsRevDown7,FY2026-09-30,1.0
EMR,2026-08-15,estimate,epsRevDown30,FY2026-09-30,3.0
EMR,2026-08-15,estimate,epsRevUp7,FY2027-09-30,0.0
EMR,2026-08-15,estimate,epsRevUp30,FY2027-09-30,3.0
EMR,2026-08-15,estimate,epsRevDown7,FY2027-09-30,1.0
EMR,2026-08-15,estimate,epsRevDown30,FY2027-09-30,3.0
ROK,2026-08-15,estimate,epsEst,FQ2026-09-30,3.68378
ROK,2026-08-08,estimate,epsEst,FQ2026-09-30,3.58255
ROK,2026-07-16,estimate,epsEst,FQ2026-09-30,3.57723
ROK,2026-06-16,estimate,epsEst,FQ2026-09-30,3.55109
ROK,2026-05-17,estimate,epsEst,FQ2026-09-30,3.5487
ROK,2026-08-15,estimate,epsEst,FQ2026-12-31,3.08616
ROK,2026-08-08,estimate,epsEst,FQ2026-12-31,3.07734
ROK,2026-07-16,estimate,epsEst,FQ2026-12-31,3.07462
ROK,2026-06-16,estimate,epsEst,FQ2026-12-31,3.05074
ROK,2026-05-17,estimate,epsEst,FQ2026-12-31,3.03083
ROK,2026-08-15,estimate,epsEst,FY2026-09-30,13.21579
ROK,2026-08-08,estimate,epsEst,FY2026-09-30,13.02599
ROK,2026-07-16,estimate,epsEst,FY2026-09-30,13.02159
ROK,2026-06-16,estimate,epsEst,FY2026-09-30,12.97849
ROK,2026-05-17,estimate,epsEst,FY2026-09-30,12.95403
ROK,2026-08-15,estimate,epsEst,FY2027-09-30,14.83166
ROK,2026-08-08,estimate,epsEst,FY2027-09-30,14.62837
ROK,2026-07-16,estimate,epsEst,FY2027-09-30,14.61887
ROK,2026-06-16,estimate,epsEst,FY2027-09-30,14.51247
ROK,2026-05-17,estimate,epsEst,FY2027-09-30,0.0
ROK,2026-08-15,estimate,epsEstAvg,FQ2026-09-30,3.68378
ROK,2026-08-15,estimate,epsEstLow,FQ2026-09-30,3.55
ROK,2026-08-15,estimate,epsEstHigh,FQ2026-09-30,3.94
ROK,2026-08-15,estimate,epsEstAnalysts,FQ2026-09-30,20.0
ROK,2026-08-15,estimate,epsEstGrowth,FQ2026-09-30,0.1029
ROK,2026-08-15,estimate,epsEstAvg,FQ2026-12-31,3.08616
ROK,2026-08-15,estimate,epsEstLow,FQ2026-12-31,2.97954
ROK,2026-08-15,estimate,epsEstHigh,FQ2026-12-31,3.2
ROK,2026-08-15,estimate,epsEstAnalysts,FQ2026-12-31,9.0
ROK,2026-08-15,estimate,epsEstGrowth,FQ2026-12-31,0.122200005
ROK,2026-08-15,estimate,epsEstAvg,FY2026-09-30,13.21579
ROK,2026-08-15,estimate,epsEstLow,FY2026-09-30,12.98
ROK,2026-08-15,estimate,epsEstHigh,FY2026-09-30,13.47
ROK,2026-08-15,estimate,epsEstAnalysts,FY2026-09-30,26.0
ROK,2026-08-15,estimate,epsEstGrowth,FY2026-09-30,0.2551
ROK,2026-08-15,estimate,epsEstAvg,FY2027-09-30,14.83166
ROK,2026-08-15,estimate,epsEstLow,FY2027-09-30,13.94
ROK,2026-08-15,estimate,epsEstHigh,FY2027-09-30,15.32
ROK,2026-08-15,estimate,epsEstAnalysts,FY2027-09-30,27.0
ROK,2026-08-15,estimate,epsEstGrowth,FY2027-09-30,0.1223
ROK,2026-08-15,estimate,revEstAvg,FQ2026-09-30,2401138500.0
ROK,2026-08-15,estimate,revEstLow,FQ2026-09-30,2352500000.0
ROK,2026-08-15,estimate,revEstHigh,FQ2026-09-30,2488000000.0
ROK,2026-08-15,estimate,revEstAnalysts,FQ2026-09-30,20.0
ROK,2026-08-15,estimate,revEstGrowth,FQ2026-09-30,0.0368
ROK,2026-08-15,estimate,revEstAvg,FQ2026-12-31,2192823110.0
ROK,2026-08-15,estimate,revEstLow,FQ2026-12-31,2154020000.0
ROK,2026-08-15,estimate,revEstHigh,FQ2026-12-31,2237000000.0
ROK,2026-08-15,estimate,revEstAnalysts,FQ2026-12-31,8.0
ROK,2026-08-15,estimate,revEstGrowth,FQ2026-12-31,0.0417
ROK,2026-08-15,estimate,revEstAvg,FY2026-09-30,9046955710.0
ROK,2026-08-15,estimate,revEstLow,FY2026-09-30,8884380000.0
ROK,2026-08-15,estimate,revEstHigh,FY2026-09-30,9145000000.0
ROK,2026-08-15,estimate,revEstAnalysts,FY2026-09-30,26.0
ROK,2026-08-15,estimate,revEstGrowth,FY2026-09-30,0.0845
ROK,2026-08-15,estimate,revEstAvg,FY2027-09-30,9555367210.0
ROK,2026-08-15,estimate,revEstLow,FY2027-09-30,9359107320.0
ROK,2026-08-15,estimate,revEstHigh,FY2027-09-30,9801660280.0
ROK,2026-08-15,estimate,revEstAnalysts,FY2027-09-30,26.0
ROK,2026-08-15,estimate,revEstGrowth,FY2027-09-30,0.056199998
ROK,2026-08-15,estimate,epsRevUp7,FQ2026-09-30,1.0
ROK,2026-08-15,estimate,epsRevUp30,FQ2026-09-30,5.0
ROK,2026-08-15,estimate,epsRevDown7,FQ2026-09-30,1.0
ROK,2026-08-15,estimate,epsRevDown30,FQ2026-09-30,1.0
ROK,2026-08-15,estimate,epsRevUp7,FQ2026-12-31,1.0
ROK,2026-08-15,estimate,epsRevUp30,FQ2026-12-31,2.0
ROK,2026-08-15,estimate,epsRevDown7,FQ2026-12-31,1.0
ROK,2026-08-15,estimate,epsRevDown30,FQ2026-12-31,2.0
ROK,2026-08-15,estimate,epsRevUp7,FY2026-09-30,2.0
ROK,2026-08-15,estimate,epsRevUp30,FY2026-09-30,7.0
ROK,2026-08-15,estimate,epsRevDown7,FY2026-09-30,1.0
ROK,2026-08-15,estimate,epsRevDown30,FY2026-09-30,1.0
ROK,2026-08-15,estimate,epsRevUp7,FY2027-09-30,2.0
ROK,2026-08-15,estimate,epsRevUp30,FY2027-09-30,7.0
ROK,2026-08-15,estimate,epsRevDown7,FY2027-09-30,1.0
ROK,2026-08-15,estimate,epsRevDown30,FY2027-09-30,3.0
AME,2026-08-15,estimate,epsEst,FQ2026-09-30,2.09217
AME,2026-08-08,estimate,epsEst,FQ2026-09-30,2.05053
AME,2026-07-16,estimate,epsEst,FQ2026-09-30,2.05053
AME,2026-06-16,estimate,epsEst,FQ2026-09-30,2.04495
AME,2026-05-17,estimate,epsEst,FQ2026-09-30,2.04495
AME,2026-08-15,estimate,epsEst,FQ2026-12-31,2.16542
AME,2026-08-08,estimate,epsEst,FQ2026-12-31,2.14084
AME,2026-07-16,estimate,epsEst,FQ2026-12-31,2.14084
AME,2026-06-16,estimate,epsEst,FQ2026-12-31,2.13691
AME,2026-05-17,estimate,epsEst,FQ2026-12-31,2.13691
AME,2026-08-15,estimate,epsEst,FY2026-12-31,8.3213
AME,2026-08-08,estimate,epsEst,FY2026-12-31,8.15222
AME,2026-07-16,estimate,epsEst,FY2026-12-31,8.15222
AME,2026-06-16,estimate,epsEst,FY2026-12-31,8.13926
AME,2026-05-17,estimate,epsEst,FY2026-12-31,8.13926
AME,2026-08-15,estimate,epsEst,FY2027-12-31,8.98427
AME,2026-08-08,estimate,epsEst,FY2027-12-31,8.80759
AME,2026-07-16,estimate,epsEst,FY2027-12-31,8.80759
AME,2026-06-16,estimate,epsEst,FY2027-12-31,8.80793
AME,2026-05-17,estimate,epsEst,FY2027-12-31,8.80793
AME,2026-08-15,estimate,epsEstAvg,FQ2026-09-30,2.09217
AME,2026-08-15,estimate,epsEstLow,FQ2026-09-30,2.04
AME,2026-08-15,estimate,epsEstHigh,FQ2026-09-30,2.15
AME,2026-08-15,estimate,epsEstAnalysts,FQ2026-09-30,19.0
AME,2026-08-15,estimate,epsEstGrowth,FQ2026-09-30,0.107
AME,2026-08-15,estimate,epsEstAvg,FQ2026-12-31,2.16542
AME,2026-08-15,estimate,epsEstLow,FQ2026-12-31,2.11
AME,2026-08-15,estimate,epsEstHigh,FQ2026-12-31,2.25
AME,2026-08-15,estimate,epsEstAnalysts,FQ2026-12-31,19.0
AME,2026-08-15,estimate,epsEstGrowth,FQ2026-12-31,0.0773
AME,2026-08-15,estimate,epsEstAvg,FY2026-12-31,8.3213
AME,2026-08-15,estimate,epsEstLow,FY2026-12-31,8.18
AME,2026-08-15,estimate,epsEstHigh,FY2026-12-31,8.44
AME,2026-08-15,estimate,epsEstAnalysts,FY2026-12-31,17.0
AME,2026-08-15,estimate,epsEstGrowth,FY2026-12-31,0.12
AME,2026-08-15,estimate,epsEstAvg,FY2027-12-31,8.98427
AME,2026-08-15,estimate,epsEstLow,FY2027-12-31,8.79
AME,2026-08-15,estimate,epsEstHigh,FY2027-12-31,9.23
AME,2026-08-15,estimate,epsEstAnalysts,FY2027-12-31,15.0
AME,2026-08-15,estimate,epsEstGrowth,FY2027-12-31,0.0797
AME,2026-08-15,estimate,revEstAvg,FQ2026-09-30,2069050210.0
AME,2026-08-15,estimate,revEstLow,FQ2026-09-30,2038000000.0
AME,2026-08-15,estimate,revEstHigh,FQ2026-09-30,2116000000.0
AME,2026-08-15,estimate,revEstAnalysts,FQ2026-09-30,16.0
AME,2026-08-15,estimate,revEstGrowth,FQ2026-09-30,0.0932
AME,2026-08-15,estimate,revEstAvg,FQ2026-12-31,2160164900.0
AME,2026-08-15,estimate,revEstLow,FQ2026-12-31,2117200000.0
AME,2026-08-15,estimate,revEstHigh,FQ2026-12-31,2277900000.0
AME,2026-08-15,estimate,revEstAnalysts,FQ2026-12-31,15.0
AME,2026-08-15,estimate,revEstGrowth,FQ2026-12-31,0.0809
AME,2026-08-15,estimate,revEstAvg,FY2026-12-31,8170276670.0
AME,2026-08-15,estimate,revEstLow,FY2026-12-31,7984612650.0
AME,2026-08-15,estimate,revEstHigh,FY2026-12-31,8312000000.0
AME,2026-08-15,estimate,revEstAnalysts,FY2026-12-31,19.0
AME,2026-08-15,estimate,revEstGrowth,FY2026-12-31,0.1039
AME,2026-08-15,estimate,revEstAvg,FY2027-12-31,8683346360.0
AME,2026-08-15,estimate,revEstLow,FY2027-12-31,8452769450.0
AME,2026-08-15,estimate,revEstHigh,FY2027-12-31,8903000000.0
AME,2026-08-15,estimate,revEstAnalysts,FY2027-12-31,15.0
AME,2026-08-15,estimate,revEstGrowth,FY2027-12-31,0.062800005
AME,2026-08-15,estimate,epsRevUp7,FQ2026-09-30,2.0
AME,2026-08-15,estimate,epsRevUp30,FQ2026-09-30,2.0
AME,2026-08-15,estimate,epsRevDown7,FQ2026-09-30,0.0
AME,2026-08-15,estimate,epsRevDown30,FQ2026-09-30,1.0
AME,2026-08-15,estimate,epsRevUp7,FQ2026-12-31,2.0
AME,2026-08-15,estimate,epsRevUp30,FQ2026-12-31,2.0
AME,2026-08-15,estimate,epsRevDown7,FQ2026-12-31,0.0
AME,2026-08-15,estimate,epsRevDown30,FQ2026-12-31,1.0
AME,2026-08-15,estimate,epsRevUp7,FY2026-12-31,3.0
AME,2026-08-15,estimate,epsRevUp30,FY2026-12-31,3.0
AME,2026-08-15,estimate,epsRevDown7,FY2026-12-31,0.0
AME,2026-08-15,estimate,epsRevDown30,FY2026-12-31,2.0
AME,2026-08-15,estimate,epsRevUp7,FY2027-12-31,3.0
AME,2026-08-15,estimate,epsRevUp30,FY2027-12-31,3.0
AME,2026-08-15,estimate,epsRevDown7,FY2027-12-31,0.0
AME,2026-08-15,estimate,epsRevDown30,FY2027-12-31,1.0
GEV,2026-08-15,estimate,epsEst,FQ2026-09-30,4.25455
GEV,2026-08-08,estimate,epsEst,FQ2026-09-30,4.19225
GEV,2026-07-16,estimate,epsEst,FQ2026-09-30,4.37976
GEV,2026-06-16,estimate,epsEst,FQ2026-09-30,4.37829
GEV,2026-05-17,estimate,epsEst,FQ2026-09-30,4.33372
GEV,2026-08-15,estimate,epsEst,FQ2026-12-31,6.4878
GEV,2026-08-08,estimate,epsEst,FQ2026-12-31,6.38194
GEV,2026-07-16,estimate,epsEst,FQ2026-12-31,6.10334
GEV,2026-06-16,estimate,epsEst,FQ2026-12-31,6.10642
GEV,2026-05-17,estimate,epsEst,FQ2026-12-31,6.11162
GEV,2026-08-15,estimate,epsEst,FY2026-12-31,30.84764
GEV,2026-08-08,estimate,epsEst,FY2026-12-31,30.75957
GEV,2026-07-16,estimate,epsEst,FY2026-12-31,30.79868
GEV,2026-06-16,estimate,epsEst,FY2026-12-31,31.05558
GEV,2026-05-17,estimate,epsEst,FY2026-12-31,30.99654
GEV,2026-08-15,estimate,epsEst,FY2027-12-31,24.89605
GEV,2026-08-08,estimate,epsEst,FY2027-12-31,24.8507
GEV,2026-07-16,estimate,epsEst,FY2027-12-31,24.394
GEV,2026-06-16,estimate,epsEst,FY2027-12-31,24.25654
GEV,2026-05-17,estimate,epsEst,FY2027-12-31,24.21607
GEV,2026-08-15,estimate,epsEstAvg,FQ2026-09-30,4.25455
GEV,2026-08-15,estimate,epsEstLow,FQ2026-09-30,3.08
GEV,2026-08-15,estimate,epsEstHigh,FQ2026-09-30,5.28
GEV,2026-08-15,estimate,epsEstAnalysts,FQ2026-09-30,14.0
GEV,2026-08-15,estimate,epsEstGrowth,FQ2026-09-30,1.5942
GEV,2026-08-15,estimate,epsEstAvg,FQ2026-12-31,6.4878
GEV,2026-08-15,estimate,epsEstLow,FQ2026-12-31,3.74
GEV,2026-08-15,estimate,epsEstHigh,FQ2026-12-31,8.05
GEV,2026-08-15,estimate,epsEstAnalysts,FQ2026-12-31,14.0
GEV,2026-08-15,estimate,epsEstGrowth,FQ2026-12-31,-0.5155
GEV,2026-08-15,estimate,epsEstAvg,FY2026-12-31,30.84764
GEV,2026-08-15,estimate,epsEstLow,FY2026-12-31,26.83
GEV,2026-08-15,estimate,epsEstHigh,FY2026-12-31,33.23
GEV,2026-08-15,estimate,epsEstAnalysts,FY2026-12-31,21.0
GEV,2026-08-15,estimate,epsEstGrowth,FY2026-12-31,0.7438
GEV,2026-08-15,estimate,epsEstAvg,FY2027-12-31,24.89605
GEV,2026-08-15,estimate,epsEstLow,FY2027-12-31,17.16
GEV,2026-08-15,estimate,epsEstHigh,FY2027-12-31,29.49
GEV,2026-08-15,estimate,epsEstAnalysts,FY2027-12-31,28.0
GEV,2026-08-15,estimate,epsEstGrowth,FY2027-12-31,-0.1929
GEV,2026-08-15,estimate,revEstAvg,FQ2026-09-30,11999473400.0
GEV,2026-08-15,estimate,revEstLow,FQ2026-09-30,11872000000.0
GEV,2026-08-15,estimate,revEstHigh,FQ2026-09-30,12384000000.0
GEV,2026-08-15,estimate,revEstAnalysts,FQ2026-09-30,18.0
GEV,2026-08-15,estimate,revEstGrowth,FQ2026-09-30,0.2037
GEV,2026-08-15,estimate,revEstAvg,FQ2026-12-31,13860622610.0
GEV,2026-08-15,estimate,revEstLow,FQ2026-12-31,13166700000.0
GEV,2026-08-15,estimate,revEstHigh,FQ2026-12-31,14277000000.0
GEV,2026-08-15,estimate,revEstAnalysts,FQ2026-12-31,18.0
GEV,2026-08-15,estimate,revEstGrowth,FQ2026-12-31,0.2651
GEV,2026-08-15,estimate,revEstAvg,FY2026-12-31,46180398470.0
GEV,2026-08-15,estimate,revEstLow,FY2026-12-31,45300920000.0
GEV,2026-08-15,estimate,revEstHigh,FY2026-12-31,46740000000.0
GEV,2026-08-15,estimate,revEstAnalysts,FY2026-12-31,30.0
GEV,2026-08-15,estimate,revEstGrowth,FY2026-12-31,0.2131
GEV,2026-08-15,estimate,revEstAvg,FY2027-12-31,52519021660.0
GEV,2026-08-15,estimate,revEstLow,FY2027-12-31,49104000000.0
GEV,2026-08-15,estimate,revEstHigh,FY2027-12-31,55657207000.0
GEV,2026-08-15,estimate,revEstAnalysts,FY2027-12-31,36.0
GEV,2026-08-15,estimate,revEstGrowth,FY2027-12-31,0.1373
GEV,2026-08-15,estimate,epsRevUp7,FQ2026-09-30,7.0
GEV,2026-08-15,estimate,epsRevUp30,FQ2026-09-30,7.0
GEV,2026-08-15,estimate,epsRevDown7,FQ2026-09-30,3.0
GEV,2026-08-15,estimate,epsRevDown30,FQ2026-09-30,4.0
GEV,2026-08-15,estimate,epsRevUp7,FQ2026-12-31,10.0
GEV,2026-08-15,estimate,epsRevUp30,FQ2026-12-31,10.0
GEV,2026-08-15,estimate,epsRevDown7,FQ2026-12-31,0.0
GEV,2026-08-15,estimate,epsRevDown30,FQ2026-12-31,1.0
GEV,2026-08-15,estimate,epsRevUp7,FY2026-12-31,7.0
GEV,2026-08-15,estimate,epsRevUp30,FY2026-12-31,7.0
GEV,2026-08-15,estimate,epsRevDown7,FY2026-12-31,9.0
GEV,2026-08-15,estimate,epsRevDown30,FY2026-12-31,10.0
GEV,2026-08-15,estimate,epsRevUp7,FY2027-12-31,16.0
GEV,2026-08-15,estimate,epsRevUp30,FY2027-12-31,16.0
GEV,2026-08-15,estimate,epsRevDown7,FY2027-12-31,2.0
GEV,2026-08-15,estimate,epsRevDown30,FY2027-12-31,2.0
VRT,2026-08-15,estimate,epsEst,FQ2026-09-30,1.82043
VRT,2026-08-08,estimate,epsEst,FQ2026-09-30,1.78453
VRT,2026-07-16,estimate,epsEst,FQ2026-09-30,1.78326
VRT,2026-06-16,estimate,epsEst,FQ2026-09-30,1.78293
VRT,2026-05-17,estimate,epsEst,FQ2026-09-30,1.78516
VRT,2026-08-15,estimate,epsEst,FQ2026-12-31,2.19806
VRT,2026-08-08,estimate,epsEst,FQ2026-12-31,2.04344
VRT,2026-07-16,estimate,epsEst,FQ2026-12-31,2.04112
VRT,2026-06-16,estimate,epsEst,FQ2026-12-31,2.04051
VRT,2026-05-17,estimate,epsEst,FQ2026-12-31,2.03891
VRT,2026-08-15,estimate,epsEst,FY2026-12-31,6.72315
VRT,2026-08-08,estimate,epsEst,FY2026-12-31,6.48163
VRT,2026-07-16,estimate,epsEst,FY2026-12-31,6.4858
VRT,2026-06-16,estimate,epsEst,FY2026-12-31,6.48462
VRT,2026-05-17,estimate,epsEst,FY2026-12-31,6.48408
VRT,2026-08-15,estimate,epsEst,FY2027-12-31,9.09736
VRT,2026-08-08,estimate,epsEst,FY2027-12-31,8.82896
VRT,2026-07-16,estimate,epsEst,FY2027-12-31,8.80623
VRT,2026-06-16,estimate,epsEst,FY2027-12-31,8.83079
VRT,2026-05-17,estimate,epsEst,FY2027-12-31,8.60663
VRT,2026-08-15,estimate,epsEstAvg,FQ2026-09-30,1.82043
VRT,2026-08-15,estimate,epsEstLow,FQ2026-09-30,1.79
VRT,2026-08-15,estimate,epsEstHigh,FQ2026-09-30,1.92
VRT,2026-08-15,estimate,epsEstAnalysts,FQ2026-09-30,23.0
VRT,2026-08-15,estimate,epsEstGrowth,FQ2026-09-30,0.4681
VRT,2026-08-15,estimate,epsEstAvg,FQ2026-12-31,2.19806
VRT,2026-08-15,estimate,epsEstLow,FQ2026-12-31,1.97
VRT,2026-08-15,estimate,epsEstHigh,FQ2026-12-31,2.3
VRT,2026-08-15,estimate,epsEstAnalysts,FQ2026-12-31,23.0
VRT,2026-08-15,estimate,epsEstGrowth,FQ2026-12-31,0.6162
VRT,2026-08-15,estimate,epsEstAvg,FY2026-12-31,6.72315
VRT,2026-08-15,estimate,epsEstLow,FY2026-12-31,6.6
VRT,2026-08-15,estimate,epsEstHigh,FY2026-12-31,6.91
VRT,2026-08-15,estimate,epsEstAnalysts,FY2026-12-31,26.0
VRT,2026-08-15,estimate,epsEstGrowth,FY2026-12-31,0.60080004
VRT,2026-08-15,estimate,epsEstAvg,FY2027-12-31,9.09736
VRT,2026-08-15,estimate,epsEstLow,FY2027-12-31,8.28
VRT,2026-08-15,estimate,epsEstHigh,FY2027-12-31,10.94
VRT,2026-08-15,estimate,epsEstAnalysts,FY2027-12-31,28.0
VRT,2026-08-15,estimate,epsEstGrowth,FY2027-12-31,0.3531
VRT,2026-08-15,estimate,revEstAvg,FQ2026-09-30,3771422610.0
VRT,2026-08-15,estimate,revEstLow,FQ2026-09-30,3707945670.0
VRT,2026-08-15,estimate,revEstHigh,FQ2026-09-30,3896000000.0
VRT,2026-08-15,estimate,revEstAnalysts,FQ2026-09-30,21.0
VRT,2026-08-15,estimate,revEstGrowth,FQ2026-09-30,0.4095
VRT,2026-08-15,estimate,revEstAvg,FQ2026-12-31,4321502060.0
VRT,2026-08-15,estimate,revEstLow,FQ2026-12-31,4183480000.0
VRT,2026-08-15,estimate,revEstHigh,FQ2026-12-31,4406304000.0
VRT,2026-08-15,estimate,revEstAnalysts,FQ2026-12-31,20.0
VRT,2026-08-15,estimate,revEstGrowth,FQ2026-12-31,0.50049996
VRT,2026-08-15,estimate,revEstAvg,FY2026-12-31,14009598170.0
VRT,2026-08-15,estimate,revEstLow,FY2026-12-31,13799000000.0
VRT,2026-08-15,estimate,revEstHigh,FY2026-12-31,14420000000.0
VRT,2026-08-15,estimate,revEstAnalysts,FY2026-12-31,27.0
VRT,2026-08-15,estimate,revEstGrowth,FY2026-12-31,0.3695
VRT,2026-08-15,estimate,revEstAvg,FY2027-12-31,18141217630.0
VRT,2026-08-15,estimate,revEstLow,FY2027-12-31,16799397229.0
VRT,2026-08-15,estimate,revEstHigh,FY2027-12-31,20883000000.0
VRT,2026-08-15,estimate,revEstAnalysts,FY2027-12-31,27.0
VRT,2026-08-15,estimate,revEstGrowth,FY2027-12-31,0.2949
VRT,2026-08-15,estimate,epsRevUp7,FQ2026-09-30,1.0
VRT,2026-08-15,estimate,epsRevUp30,FQ2026-09-30,2.0
VRT,2026-08-15,estimate,epsRevDown7,FQ2026-09-30,1.0
VRT,2026-08-15,estimate,epsRevDown30,FQ2026-09-30,2.0
VRT,2026-08-15,estimate,epsRevUp7,FQ2026-12-31,1.0
VRT,2026-08-15,estimate,epsRevUp30,FQ2026-12-31,1.0
VRT,2026-08-15,estimate,epsRevDown7,FQ2026-12-31,1.0
VRT,2026-08-15,estimate,epsRevDown30,FQ2026-12-31,1.0
VRT,2026-08-15,estimate,epsRevUp7,FY2026-12-31,1.0
VRT,2026-08-15,estimate,epsRevUp30,FY2026-12-31,4.0
VRT,2026-08-15,estimate,epsRevDown7,FY2026-12-31,1.0
VRT,2026-08-15,estimate,epsRevDown30,FY2026-12-31,1.0
VRT,2026-08-15,estimate,epsRevUp7,FY2027-12-31,2.0
VRT,2026-08-15,estimate,epsRevUp30,FY2027-12-31,5.0
VRT,2026-08-15,estimate,epsRevDown7,FY2027-12-31,1.0
VRT,2026-08-15,estimate,epsRevDown30,FY2027-12-31,1.0
PWR,2026-08-15,estimate,epsEst,FQ2026-09-30,5.01242
PWR,2026-08-08,estimate,epsEst,FQ2026-09-30,4.96786
PWR,2026-07-16,estimate,epsEst,FQ2026-09-30,4.2413
PWR,2026-06-16,estimate,epsEst,FQ2026-09-30,4.23987
PWR,2026-05-17,estimate,epsEst,FQ2026-09-30,4.25137
PWR,2026-08-15,estimate,epsEst,FQ2026-12-31,4.76714
PWR,2026-08-08,estimate,epsEst,FQ2026-12-31,4.70756
PWR,2026-07-16,estimate,epsEst,FQ2026-12-31,3.80821
PWR,2026-06-16,estimate,epsEst,FQ2026-12-31,3.80821
PWR,2026-05-17,estimate,epsEst,FQ2026-12-31,3.80462
PWR,2026-08-15,estimate,epsEst,FY2026-12-31,16.71115
PWR,2026-08-08,estimate,epsEst,FY2026-12-31,16.70282
PWR,2026-07-16,estimate,epsEst,FY2026-12-31,14.01055
PWR,2026-06-16,estimate,epsEst,FY2026-12-31,14.0118
PWR,2026-05-17,estimate,epsEst,FY2026-12-31,14.00242
PWR,2026-08-15,estimate,epsEst,FY2027-12-31,19.4757
PWR,2026-08-08,estimate,epsEst,FY2027-12-31,18.9993
PWR,2026-07-16,estimate,epsEst,FY2027-12-31,16.47186
PWR,2026-06-16,estimate,epsEst,FY2027-12-31,16.46026
PWR,2026-05-17,estimate,epsEst,FY2027-12-31,16.40507
PWR,2026-08-15,estimate,epsEstAvg,FQ2026-09-30,5.01242
PWR,2026-08-15,estimate,epsEstLow,FQ2026-09-30,4.83
PWR,2026-08-15,estimate,epsEstHigh,FQ2026-09-30,5.14652
PWR,2026-08-15,estimate,epsEstAnalysts,FQ2026-09-30,18.0
PWR,2026-08-15,estimate,epsEstGrowth,FQ2026-09-30,0.5052
PWR,2026-08-15,estimate,epsEstAvg,FQ2026-12-31,4.76714
PWR,2026-08-15,estimate,epsEstLow,FQ2026-12-31,4.29
PWR,2026-08-15,estimate,epsEstHigh,FQ2026-12-31,5.04
PWR,2026-08-15,estimate,epsEstAnalysts,FQ2026-12-31,18.0
PWR,2026-08-15,estimate,epsEstGrowth,FQ2026-12-31,0.5086
PWR,2026-08-15,estimate,epsEstAvg,FY2026-12-31,16.71115
PWR,2026-08-15,estimate,epsEstLow,FY2026-12-31,16.05
PWR,2026-08-15,estimate,epsEstHigh,FY2026-12-31,17.08
PWR,2026-08-15,estimate,epsEstAnalysts,FY2026-12-31,23.0
PWR,2026-08-15,estimate,epsEstGrowth,FY2026-12-31,0.5545
PWR,2026-08-15,estimate,epsEstAvg,FY2027-12-31,19.4757
PWR,2026-08-15,estimate,epsEstLow,FY2027-12-31,16.38
PWR,2026-08-15,estimate,epsEstHigh,FY2027-12-31,22.02
PWR,2026-08-15,estimate,epsEstAnalysts,FY2027-12-31,25.0
PWR,2026-08-15,estimate,epsEstGrowth,FY2027-12-31,0.16540001
PWR,2026-08-15,estimate,revEstAvg,FQ2026-09-30,10947282890.0
PWR,2026-08-15,estimate,revEstLow,FQ2026-09-30,9234000000.0
PWR,2026-08-15,estimate,revEstHigh,FQ2026-09-30,11143000000.0
PWR,2026-08-15,estimate,revEstAnalysts,FQ2026-09-30,19.0
PWR,2026-08-15,estimate,revEstGrowth,FQ2026-09-30,0.4345
PWR,2026-08-15,estimate,revEstAvg,FQ2026-12-31,11159385970.0
PWR,2026-08-15,estimate,revEstLow,FQ2026-12-31,10525420000.0
PWR,2026-08-15,estimate,revEstHigh,FQ2026-12-31,12848000000.0
PWR,2026-08-15,estimate,revEstAnalysts,FQ2026-12-31,19.0
PWR,2026-08-15,estimate,revEstGrowth,FQ2026-12-31,0.42299998
PWR,2026-08-15,estimate,revEstAvg,FY2026-12-31,39569405690.0
PWR,2026-08-15,estimate,revEstLow,FY2026-12-31,39017034000.0
PWR,2026-08-15,estimate,revEstHigh,FY2026-12-31,40188000000.0
PWR,2026-08-15,estimate,revEstAnalysts,FY2026-12-31,22.0
PWR,2026-08-15,estimate,revEstGrowth,FY2026-12-31,0.38939998
PWR,2026-08-15,estimate,revEstAvg,FY2027-12-31,45128023130.0
PWR,2026-08-15,estimate,revEstLow,FY2027-12-31,37377000000.0
PWR,2026-08-15,estimate,revEstHigh,FY2027-12-31,50492000000.0
PWR,2026-08-15,estimate,revEstAnalysts,FY2027-12-31,25.0
PWR,2026-08-15,estimate,revEstGrowth,FY2027-12-31,0.14050001
PWR,2026-08-15,estimate,epsRevUp7,FQ2026-09-30,1.0
PWR,2026-08-15,estimate,epsRevUp30,FQ2026-09-30,2.0
PWR,2026-08-15,estimate,epsRevDown7,FQ2026-09-30,1.0
PWR,2026-08-15,estimate,epsRevDown30,FQ2026-09-30,1.0
PWR,2026-08-15,estimate,epsRevUp7,FQ2026-12-31,0.0
PWR,2026-08-15,estimate,epsRevUp30,FQ2026-12-31,0.0
PWR,2026-08-15,estimate,epsRevDown7,FQ2026-12-31,1.0
PWR,2026-08-15,estimate,epsRevDown30,FQ2026-12-31,1.0
PWR,2026-08-15,estimate,epsRevUp7,FY2026-12-31,1.0
PWR,2026-08-15,estimate,epsRevUp30,FY2026-12-31,1.0
PWR,2026-08-15,estimate,epsRevDown7,FY2026-12-31,2.0
PWR,2026-08-15,estimate,epsRevDown30,FY2026-12-31,3.0
PWR,2026-08-15,estimate,epsRevUp7,FY2027-12-31,0.0
PWR,2026-08-15,estimate,epsRevUp30,FY2027-12-31,1.0
PWR,2026-08-15,estimate,epsRevDown7,FY2027-12-31,2.0
PWR,2026-08-15,estimate,epsRevDown30,FY2027-12-31,2.0
NVT,2026-08-15,estimate,epsEst,FQ2026-09-30,1.3899
NVT,2026-08-08,estimate,epsEst,FQ2026-09-30,1.1847
NVT,2026-07-16,estimate,epsEst,FQ2026-09-30,1.18104
NVT,2026-06-16,estimate,epsEst,FQ2026-09-30,1.18402
NVT,2026-05-17,estimate,epsEst,FQ2026-09-30,0.0
NVT,2026-08-15,estimate,epsEst,FQ2026-12-31,1.21859
NVT,2026-08-08,estimate,epsEst,FQ2026-12-31,1.14864
NVT,2026-07-16,estimate,epsEst,FQ2026-12-31,1.13887
NVT,2026-06-16,estimate,epsEst,FQ2026-12-31,1.1395
NVT,2026-05-17,estimate,epsEst,FQ2026-12-31,0.0
NVT,2026-08-15,estimate,epsEst,FY2026-12-31,5.11301
NVT,2026-08-08,estimate,epsEst,FY2026-12-31,4.69989
NVT,2026-07-16,estimate,epsEst,FY2026-12-31,4.59112
NVT,2026-06-16,estimate,epsEst,FY2026-12-31,4.57919
NVT,2026-05-17,estimate,epsEst,FY2026-12-31,0.0
NVT,2026-08-15,estimate,epsEst,FY2027-12-31,6.43321
NVT,2026-08-08,estimate,epsEst,FY2027-12-31,5.74421
NVT,2026-07-16,estimate,epsEst,FY2027-12-31,5.66182
NVT,2026-06-16,estimate,epsEst,FY2027-12-31,5.56854
NVT,2026-05-17,estimate,epsEst,FY2027-12-31,0.0
NVT,2026-08-15,estimate,epsEstAvg,FQ2026-09-30,1.3899
NVT,2026-08-15,estimate,epsEstLow,FQ2026-09-30,1.37016
NVT,2026-08-15,estimate,epsEstHigh,FQ2026-09-30,1.44
NVT,2026-08-15,estimate,epsEstAnalysts,FQ2026-09-30,14.0
NVT,2026-08-15,estimate,epsEstGrowth,FQ2026-09-30,0.5274
NVT,2026-08-15,estimate,epsEstAvg,FQ2026-12-31,1.21859
NVT,2026-08-15,estimate,epsEstLow,FQ2026-12-31,1.16
NVT,2026-08-15,estimate,epsEstHigh,FQ2026-12-31,1.34539
NVT,2026-08-15,estimate,epsEstAnalysts,FQ2026-12-31,14.0
NVT,2026-08-15,estimate,epsEstGrowth,FQ2026-12-31,0.354
NVT,2026-08-15,estimate,epsEstAvg,FY2026-12-31,5.11301
NVT,2026-08-15,estimate,epsEstLow,FY2026-12-31,4.84
NVT,2026-08-15,estimate,epsEstHigh,FY2026-12-31,5.28578
NVT,2026-08-15,estimate,epsEstAnalysts,FY2026-12-31,16.0
NVT,2026-08-15,estimate,epsEstGrowth,FY2026-12-31,0.5263
NVT,2026-08-15,estimate,epsEstAvg,FY2027-12-31,6.43321
NVT,2026-08-15,estimate,epsEstLow,FY2027-12-31,5.92
NVT,2026-08-15,estimate,epsEstHigh,FY2027-12-31,7.01774
NVT,2026-08-15,estimate,epsEstAnalysts,FY2027-12-31,16.0
NVT,2026-08-15,estimate,epsEstGrowth,FY2027-12-31,0.2582
NVT,2026-08-15,estimate,revEstAvg,FQ2026-09-30,1427271850.0
NVT,2026-08-15,estimate,revEstLow,FQ2026-09-30,1397768000.0
NVT,2026-08-15,estimate,revEstHigh,FQ2026-09-30,1490075000.0
NVT,2026-08-15,estimate,revEstAnalysts,FQ2026-09-30,14.0
NVT,2026-08-15,estimate,revEstGrowth,FQ2026-09-30,0.3541
NVT,2026-08-15,estimate,revEstAvg,FQ2026-12-31,1318668530.0
NVT,2026-08-15,estimate,revEstLow,FQ2026-12-31,1261300000.0
NVT,2026-08-15,estimate,revEstHigh,FQ2026-12-31,1426770390.0
NVT,2026-08-15,estimate,revEstAnalysts,FQ2026-12-31,14.0
NVT,2026-08-15,estimate,revEstGrowth,FQ2026-12-31,0.2362
NVT,2026-08-15,estimate,revEstAvg,FY2026-12-31,5435310330.0
NVT,2026-08-15,estimate,revEstLow,FY2026-12-31,5139000000.0
NVT,2026-08-15,estimate,revEstHigh,FY2026-12-31,5614378310.0
NVT,2026-08-15,estimate,revEstAnalysts,FY2026-12-31,16.0
NVT,2026-08-15,estimate,revEstGrowth,FY2026-12-31,0.3961
NVT,2026-08-15,estimate,revEstAvg,FY2027-12-31,6368575070.0
NVT,2026-08-15,estimate,revEstLow,FY2027-12-31,4993000000.0
NVT,2026-08-15,estimate,revEstHigh,FY2027-12-31,6958800370.0
NVT,2026-08-15,estimate,revEstAnalysts,FY2027-12-31,17.0
NVT,2026-08-15,estimate,revEstGrowth,FY2027-12-31,0.1717
NVT,2026-08-15,estimate,epsRevUp7,FQ2026-09-30,1.0
NVT,2026-08-15,estimate,epsRevUp30,FQ2026-09-30,4.0
NVT,2026-08-15,estimate,epsRevDown7,FQ2026-09-30,0.0
NVT,2026-08-15,estimate,epsRevDown30,FQ2026-09-30,1.0
NVT,2026-08-15,estimate,epsRevUp7,FQ2026-12-31,1.0
NVT,2026-08-15,estimate,epsRevUp30,FQ2026-12-31,4.0
NVT,2026-08-15,estimate,epsRevDown7,FQ2026-12-31,0.0
NVT,2026-08-15,estimate,epsRevDown30,FQ2026-12-31,1.0
NVT,2026-08-15,estimate,epsRevUp7,FY2026-12-31,1.0
NVT,2026-08-15,estimate,epsRevUp30,FY2026-12-31,6.0
NVT,2026-08-15,estimate,epsRevDown7,FY2026-12-31,0.0
NVT,2026-08-15,estimate,epsRevDown30,FY2026-12-31,1.0
NVT,2026-08-15,estimate,epsRevUp7,FY2027-12-31,1.0
NVT,2026-08-15,estimate,epsRevUp30,FY2027-12-31,6.0
NVT,2026-08-15,estimate,epsRevDown7,FY2027-12-31,0.0
NVT,2026-08-15,estimate,epsRevDown30,FY2027-12-31,1.0
HUBB,2026-08-15,estimate,epsEst,FQ2026-09-30,5.72905
HUBB,2026-08-08,estimate,epsEst,FQ2026-09-30,5.60782
HUBB,2026-07-16,estimate,epsEst,FQ2026-09-30,5.65956
HUBB,2026-06-16,estimate,epsEst,FQ2026-09-30,5.45949
HUBB,2026-05-17,estimate,epsEst,FQ2026-09-30,5.44809
HUBB,2026-08-15,estimate,epsEst,FQ2026-12-31,5.29589
HUBB,2026-08-08,estimate,epsEst,FQ2026-12-31,5.1233
HUBB,2026-07-16,estimate,epsEst,FQ2026-12-31,5.06824
HUBB,2026-06-16,estimate,epsEst,FQ2026-12-31,5.0226
HUBB,2026-05-17,estimate,epsEst,FQ2026-12-31,5.02313
HUBB,2026-08-15,estimate,epsEst,FY2026-12-31,20.45097
HUBB,2026-08-08,estimate,epsEst,FY2026-12-31,19.9867
HUBB,2026-07-16,estimate,epsEst,FY2026-12-31,20.11522
HUBB,2026-06-16,estimate,epsEst,FY2026-12-31,19.78804
HUBB,2026-05-17,estimate,epsEst,FY2026-12-31,19.77036
HUBB,2026-08-15,estimate,epsEst,FY2027-12-31,22.87115
HUBB,2026-08-08,estimate,epsEst,FY2027-12-31,22.42094
HUBB,2026-07-16,estimate,epsEst,FY2027-12-31,22.62096
HUBB,2026-06-16,estimate,epsEst,FY2027-12-31,21.77325
HUBB,2026-05-17,estimate,epsEst,FY2027-12-31,21.72322
HUBB,2026-08-15,estimate,epsEstAvg,FQ2026-09-30,5.72905
HUBB,2026-08-15,estimate,epsEstLow,FQ2026-09-30,5.51
HUBB,2026-08-15,estimate,epsEstHigh,FQ2026-09-30,5.92
HUBB,2026-08-15,estimate,epsEstAnalysts,FQ2026-09-30,9.0
HUBB,2026-08-15,estimate,epsEstGrowth,FQ2026-09-30,0.108100004
HUBB,2026-08-15,estimate,epsEstAvg,FQ2026-12-31,5.29589
HUBB,2026-08-15,estimate,epsEstLow,FQ2026-12-31,5.16615
HUBB,2026-08-15,estimate,epsEstHigh,FQ2026-12-31,5.44
HUBB,2026-08-15,estimate,epsEstAnalysts,FQ2026-12-31,9.0
HUBB,2026-08-15,estimate,epsEstGrowth,FQ2026-12-31,0.1196
HUBB,2026-08-15,estimate,epsEstAvg,FY2026-12-31,20.45097
HUBB,2026-08-15,estimate,epsEstLow,FY2026-12-31,20.29845
HUBB,2026-08-15,estimate,epsEstHigh,FY2026-12-31,20.74
HUBB,2026-08-15,estimate,epsEstAnalysts,FY2026-12-31,10.0
HUBB,2026-08-15,estimate,epsEstGrowth,FY2026-12-31,0.123100005
HUBB,2026-08-15,estimate,epsEstAvg,FY2027-12-31,22.87115
HUBB,2026-08-15,estimate,epsEstLow,FY2027-12-31,22.08236
HUBB,2026-08-15,estimate,epsEstHigh,FY2027-12-31,24.32
HUBB,2026-08-15,estimate,epsEstAnalysts,FY2027-12-31,10.0
HUBB,2026-08-15,estimate,epsEstGrowth,FY2027-12-31,0.1183
HUBB,2026-08-15,estimate,revEstAvg,FQ2026-09-30,1845825530.0
HUBB,2026-08-15,estimate,revEstLow,FQ2026-09-30,1775900000.0
HUBB,2026-08-15,estimate,revEstHigh,FQ2026-09-30,1898000000.0
HUBB,2026-08-15,estimate,revEstAnalysts,FQ2026-09-30,9.0
HUBB,2026-08-15,estimate,revEstGrowth,FQ2026-09-30,0.22860001
HUBB,2026-08-15,estimate,revEstAvg,FQ2026-12-31,1789102100.0
HUBB,2026-08-15,estimate,revEstLow,FQ2026-12-31,1768000000.0
HUBB,2026-08-15,estimate,revEstHigh,FQ2026-12-31,1821000000.0
HUBB,2026-08-15,estimate,revEstAnalysts,FQ2026-12-31,9.0
HUBB,2026-08-15,estimate,revEstGrowth,FQ2026-12-31,0.19860001
HUBB,2026-08-15,estimate,revEstAvg,FY2026-12-31,6863521080.0
HUBB,2026-08-15,estimate,revEstLow,FY2026-12-31,6809200000.0
HUBB,2026-08-15,estimate,revEstHigh,FY2026-12-31,6948000000.0
HUBB,2026-08-15,estimate,revEstAnalysts,FY2026-12-31,10.0
HUBB,2026-08-15,estimate,revEstGrowth,FY2026-12-31,0.1743
HUBB,2026-08-15,estimate,revEstAvg,FY2027-12-31,7544011070.0
HUBB,2026-08-15,estimate,revEstLow,FY2027-12-31,7313000000.0
HUBB,2026-08-15,estimate,revEstHigh,FY2027-12-31,7844000000.0
HUBB,2026-08-15,estimate,revEstAnalysts,FY2027-12-31,10.0
HUBB,2026-08-15,estimate,revEstGrowth,FY2027-12-31,0.0991
HUBB,2026-08-15,estimate,epsRevUp7,FQ2026-09-30,0.0
HUBB,2026-08-15,estimate,epsRevUp30,FQ2026-09-30,0.0
HUBB,2026-08-15,estimate,epsRevDown7,FQ2026-09-30,0.0
HUBB,2026-08-15,estimate,epsRevDown30,FQ2026-09-30,0.0
HUBB,2026-08-15,estimate,epsRevUp7,FQ2026-12-31,0.0
HUBB,2026-08-15,estimate,epsRevUp30,FQ2026-12-31,0.0
HUBB,2026-08-15,estimate,epsRevDown7,FQ2026-12-31,0.0
HUBB,2026-08-15,estimate,epsRevDown30,FQ2026-12-31,0.0
HUBB,2026-08-15,estimate,epsRevUp7,FY2026-12-31,0.0
HUBB,2026-08-15,estimate,epsRevUp30,FY2026-12-31,0.0
HUBB,2026-08-15,estimate,epsRevDown7,FY2026-12-31,0.0
HUBB,2026-08-15,estimate,epsRevDown30,FY2026-12-31,0.0
HUBB,2026-08-15,estimate,epsRevUp7,FY2027-12-31,0.0
HUBB,2026-08-15,estimate,epsRevUp30,FY2027-12-31,0.0
HUBB,2026-08-15,estimate,epsRevDown7,FY2027-12-31,0.0
HUBB,2026-08-15,estimate,epsRevDown30,FY2027-12-31,0.0
MMM,2026-08-15,estimate,epsEst,FQ2026-09-30,2.39257
MMM,2026-08-08,estimate,epsEst,FQ2026-09-30,2.38917
MMM,2026-07-16,estimate,epsEst,FQ2026-09-30,2.36627
MMM,2026-06-16,estimate,epsEst,FQ2026-09-30,2.35491
MMM,2026-05-17,estimate,epsEst,FQ2026-09-30,2.3499
MMM,2026-08-15,estimate,epsEst,FQ2026-12-31,2.01059
MMM,2026-08-08,estimate,epsEst,FQ2026-12-31,2.00792
MMM,2026-07-16,estimate,epsEst,FQ2026-12-31,1.987
MMM,2026-06-16,estimate,epsEst,FQ2026-12-31,1.97036
MMM,2026-05-17,estimate,epsEst,FQ2026-12-31,1.96885
MMM,2026-08-15,estimate,epsEst,FY2026-12-31,8.94196
MMM,2026-08-08,estimate,epsEst,FY2026-12-31,8.94346
MMM,2026-07-16,estimate,epsEst,FY2026-12-31,8.72442
MMM,2026-06-16,estimate,epsEst,FY2026-12-31,8.6933
MMM,2026-05-17,estimate,epsEst,FY2026-12-31,8.69644
MMM,2026-08-15,estimate,epsEst,FY2027-12-31,9.77808
MMM,2026-08-08,estimate,epsEst,FY2027-12-31,9.7253
MMM,2026-07-16,estimate,epsEst,FY2027-12-31,9.49228
MMM,2026-06-16,estimate,epsEst,FY2027-12-31,9.4657
MMM,2026-05-17,estimate,epsEst,FY2027-12-31,9.45522
MMM,2026-08-15,estimate,epsEstAvg,FQ2026-09-30,2.39257
MMM,2026-08-15,estimate,epsEstLow,FQ2026-09-30,2.35
MMM,2026-08-15,estimate,epsEstHigh,FQ2026-09-30,2.44579
MMM,2026-08-15,estimate,epsEstAnalysts,FQ2026-09-30,12.0
MMM,2026-08-15,estimate,epsEstGrowth,FQ2026-09-30,0.0925
MMM,2026-08-15,estimate,epsEstAvg,FQ2026-12-31,2.01059
MMM,2026-08-15,estimate,epsEstLow,FQ2026-12-31,1.92
MMM,2026-08-15,estimate,epsEstHigh,FQ2026-12-31,2.05348
MMM,2026-08-15,estimate,epsEstAnalysts,FQ2026-12-31,12.0
MMM,2026-08-15,estimate,epsEstGrowth,FQ2026-12-31,0.0987
MMM,2026-08-15,estimate,epsEstAvg,FY2026-12-31,8.94196
MMM,2026-08-15,estimate,epsEstLow,FY2026-12-31,8.84
MMM,2026-08-15,estimate,epsEstHigh,FY2026-12-31,9.04038
MMM,2026-08-15,estimate,epsEstAnalysts,FY2026-12-31,18.0
MMM,2026-08-15,estimate,epsEstGrowth,FY2026-12-31,0.1094
MMM,2026-08-15,estimate,epsEstAvg,FY2027-12-31,9.77808
MMM,2026-08-15,estimate,epsEstLow,FY2027-12-31,9.4
MMM,2026-08-15,estimate,epsEstHigh,FY2027-12-31,10.46006
MMM,2026-08-15,estimate,epsEstAnalysts,FY2027-12-31,18.0
MMM,2026-08-15,estimate,epsEstGrowth,FY2027-12-31,0.0935
MMM,2026-08-15,estimate,revEstAvg,FQ2026-09-30,6612737690.0
MMM,2026-08-15,estimate,revEstLow,FQ2026-09-30,6453019520.0
MMM,2026-08-15,estimate,revEstHigh,FQ2026-09-30,6685000000.0
MMM,2026-08-15,estimate,revEstAnalysts,FQ2026-09-30,10.0
MMM,2026-08-15,estimate,revEstGrowth,FQ2026-09-30,0.0467
MMM,2026-08-15,estimate,revEstAvg,FQ2026-12-31,6307026700.0
MMM,2026-08-15,estimate,revEstLow,FQ2026-12-31,6203714350.0
MMM,2026-08-15,estimate,revEstHigh,FQ2026-12-31,6376900000.0
MMM,2026-08-15,estimate,revEstAnalysts,FQ2026-12-31,10.0
MMM,2026-08-15,estimate,revEstGrowth,FQ2026-12-31,0.047199998
MMM,2026-08-15,estimate,revEstAvg,FY2026-12-31,25400768380.0
MMM,2026-08-15,estimate,revEstLow,FY2026-12-31,25159733870.0
MMM,2026-08-15,estimate,revEstHigh,FY2026-12-31,25547100000.0
MMM,2026-08-15,estimate,revEstAnalysts,FY2026-12-31,14.0
MMM,2026-08-15,estimate,revEstGrowth,FY2026-12-31,0.0462
MMM,2026-08-15,estimate,revEstAvg,FY2027-12-31,26487889030.0
MMM,2026-08-15,estimate,revEstLow,FY2027-12-31,26131000000.0
MMM,2026-08-15,estimate,revEstHigh,FY2027-12-31,26892811110.0
MMM,2026-08-15,estimate,revEstAnalysts,FY2027-12-31,14.0
MMM,2026-08-15,estimate,revEstGrowth,FY2027-12-31,0.0428
MMM,2026-08-15,estimate,epsRevUp7,FQ2026-09-30,3.0
MMM,2026-08-15,estimate,epsRevUp30,FQ2026-09-30,7.0
MMM,2026-08-15,estimate,epsRevDown7,FQ2026-09-30,2.0
MMM,2026-08-15,estimate,epsRevDown30,FQ2026-09-30,2.0
MMM,2026-08-15,estimate,epsRevUp7,FQ2026-12-31,1.0
MMM,2026-08-15,estimate,epsRevUp30,FQ2026-12-31,9.0
MMM,2026-08-15,estimate,epsRevDown7,FQ2026-12-31,1.0
MMM,2026-08-15,estimate,epsRevDown30,FQ2026-12-31,2.0
MMM,2026-08-15,estimate,epsRevUp7,FY2026-12-31,1.0
MMM,2026-08-15,estimate,epsRevUp30,FY2026-12-31,15.0
MMM,2026-08-15,estimate,epsRevDown7,FY2026-12-31,1.0
MMM,2026-08-15,estimate,epsRevDown30,FY2026-12-31,0.0
MMM,2026-08-15,estimate,epsRevUp7,FY2027-12-31,2.0
MMM,2026-08-15,estimate,epsRevUp30,FY2027-12-31,15.0
MMM,2026-08-15,estimate,epsRevDown7,FY2027-12-31,1.0
MMM,2026-08-15,estimate,epsRevDown30,FY2027-12-31,0.0
CARR,2026-08-15,estimate,epsEst,FQ2026-09-30,0.77609
CARR,2026-08-08,estimate,epsEst,FQ2026-09-30,0.77609
CARR,2026-07-16,estimate,epsEst,FQ2026-09-30,0.86043
CARR,2026-06-16,estimate,epsEst,FQ2026-09-30,0.86129
CARR,2026-05-17,estimate,epsEst,FQ2026-09-30,0.86277
CARR,2026-08-15,estimate,epsEst,FQ2026-12-31,0.7014
CARR,2026-08-08,estimate,epsEst,FQ2026-12-31,0.7014
CARR,2026-07-16,estimate,epsEst,FQ2026-12-31,0.56836
CARR,2026-06-16,estimate,epsEst,FQ2026-12-31,0.55983
CARR,2026-05-17,estimate,epsEst,FQ2026-12-31,0.56343
CARR,2026-08-15,estimate,epsEst,FY2026-12-31,2.88089
CARR,2026-08-08,estimate,epsEst,FY2026-12-31,2.88481
CARR,2026-07-16,estimate,epsEst,FY2026-12-31,2.80125
CARR,2026-06-16,estimate,epsEst,FY2026-12-31,2.79555
CARR,2026-05-17,estimate,epsEst,FY2026-12-31,2.78737
CARR,2026-08-15,estimate,epsEst,FY2027-12-31,3.30591
CARR,2026-08-08,estimate,epsEst,FY2027-12-31,3.30367
CARR,2026-07-16,estimate,epsEst,FY2027-12-31,3.20644
CARR,2026-06-16,estimate,epsEst,FY2027-12-31,3.20102
CARR,2026-05-17,estimate,epsEst,FY2027-12-31,3.19611
CARR,2026-08-15,estimate,epsEstAvg,FQ2026-09-30,0.77609
CARR,2026-08-15,estimate,epsEstLow,FQ2026-09-30,0.75
CARR,2026-08-15,estimate,epsEstHigh,FQ2026-09-30,0.95
CARR,2026-08-15,estimate,epsEstAnalysts,FQ2026-09-30,20.0
CARR,2026-08-15,estimate,epsEstGrowth,FQ2026-09-30,0.1583
CARR,2026-08-15,estimate,epsEstAvg,FQ2026-12-31,0.7014
CARR,2026-08-15,estimate,epsEstLow,FQ2026-12-31,0.51
CARR,2026-08-15,estimate,epsEstHigh,FQ2026-12-31,0.95
CARR,2026-08-15,estimate,epsEstAnalysts,FQ2026-12-31,20.0
CARR,2026-08-15,estimate,epsEstGrowth,FQ2026-12-31,1.0629001
CARR,2026-08-15,estimate,epsEstAvg,FY2026-12-31,2.88089
CARR,2026-08-15,estimate,epsEstLow,FY2026-12-31,2.69
CARR,2026-08-15,estimate,epsEstHigh,FY2026-12-31,2.93077
CARR,2026-08-15,estimate,epsEstAnalysts,FY2026-12-31,24.0
CARR,2026-08-15,estimate,epsEstGrowth,FY2026-12-31,0.11229999
CARR,2026-08-15,estimate,epsEstAvg,FY2027-12-31,3.30591
CARR,2026-08-15,estimate,epsEstLow,FY2027-12-31,3.02
CARR,2026-08-15,estimate,epsEstHigh,FY2027-12-31,3.5
CARR,2026-08-15,estimate,epsEstAnalysts,FY2027-12-31,24.0
CARR,2026-08-15,estimate,epsEstGrowth,FY2027-12-31,0.1475
CARR,2026-08-15,estimate,revEstAvg,FQ2026-09-30,5981354490.0
CARR,2026-08-15,estimate,revEstLow,FQ2026-09-30,5905277270.0
CARR,2026-08-15,estimate,revEstHigh,FQ2026-09-30,6122000000.0
CARR,2026-08-15,estimate,revEstAnalysts,FQ2026-09-30,19.0
CARR,2026-08-15,estimate,revEstGrowth,FQ2026-09-30,0.0721
CARR,2026-08-15,estimate,revEstAvg,FQ2026-12-31,5561382070.0
CARR,2026-08-15,estimate,revEstLow,FQ2026-12-31,5333700000.0
CARR,2026-08-15,estimate,revEstHigh,FQ2026-12-31,5776000000.0
CARR,2026-08-15,estimate,revEstAnalysts,FQ2026-12-31,19.0
CARR,2026-08-15,estimate,revEstGrowth,FQ2026-12-31,0.1498
CARR,2026-08-15,estimate,revEstAvg,FY2026-12-31,23146384110.0
CARR,2026-08-15,estimate,revEstLow,FY2026-12-31,22168183000.0
CARR,2026-08-15,estimate,revEstHigh,FY2026-12-31,23590336850.0
CARR,2026-08-15,estimate,revEstAnalysts,FY2026-12-31,23.0
CARR,2026-08-15,estimate,revEstGrowth,FY2026-12-31,0.0643
CARR,2026-08-15,estimate,revEstAvg,FY2027-12-31,24305277360.0
CARR,2026-08-15,estimate,revEstLow,FY2027-12-31,22921347800.0
CARR,2026-08-15,estimate,revEstHigh,FY2027-12-31,25655861620.0
CARR,2026-08-15,estimate,revEstAnalysts,FY2027-12-31,23.0
CARR,2026-08-15,estimate,revEstGrowth,FY2027-12-31,0.050100002
CARR,2026-08-15,estimate,epsRevUp7,FQ2026-09-30,1.0
CARR,2026-08-15,estimate,epsRevUp30,FQ2026-09-30,1.0
CARR,2026-08-15,estimate,epsRevDown7,FQ2026-09-30,16.0
CARR,2026-08-15,estimate,epsRevDown30,FQ2026-09-30,16.0
CARR,2026-08-15,estimate,epsRevUp7,FQ2026-12-31,17.0
CARR,2026-08-15,estimate,epsRevUp30,FQ2026-12-31,18.0
CARR,2026-08-15,estimate,epsRevDown7,FQ2026-12-31,0.0
CARR,2026-08-15,estimate,epsRevDown30,FQ2026-12-31,0.0
CARR,2026-08-15,estimate,epsRevUp7,FY2026-12-31,3.0
CARR,2026-08-15,estimate,epsRevUp30,FY2026-12-31,23.0
CARR,2026-08-15,estimate,epsRevDown7,FY2026-12-31,0.0
CARR,2026-08-15,estimate,epsRevDown30,FY2026-12-31,0.0
CARR,2026-08-15,estimate,epsRevUp7,FY2027-12-31,3.0
CARR,2026-08-15,estimate,epsRevUp30,FY2027-12-31,22.0
CARR,2026-08-15,estimate,epsRevDown7,FY2027-12-31,0.0
CARR,2026-08-15,estimate,epsRevDown30,FY2027-12-31,0.0
JCI,2026-08-15,estimate,epsEst,FQ2026-09-30,1.57395
JCI,2026-08-08,estimate,epsEst,FQ2026-09-30,1.52412
JCI,2026-07-16,estimate,epsEst,FQ2026-09-30,1.51974
JCI,2026-06-16,estimate,epsEst,FQ2026-09-30,1.51058
JCI,2026-05-17,estimate,epsEst,FQ2026-09-30,1.47783
JCI,2026-08-15,estimate,epsEst,FQ2026-12-31,1.10913
JCI,2026-08-08,estimate,epsEst,FQ2026-12-31,1.09197
JCI,2026-07-16,estimate,epsEst,FQ2026-12-31,1.0934
JCI,2026-06-16,estimate,epsEst,FQ2026-12-31,1.0812
JCI,2026-05-17,estimate,epsEst,FQ2026-12-31,1.06779
JCI,2026-08-15,estimate,epsEst,FY2026-09-30,5.06492
JCI,2026-08-08,estimate,epsEst,FY2026-09-30,5.06625
JCI,2026-07-16,estimate,epsEst,FY2026-09-30,4.90276
JCI,2026-06-16,estimate,epsEst,FY2026-09-30,4.88535
JCI,2026-05-17,estimate,epsEst,FY2026-09-30,4.88246
JCI,2026-08-15,estimate,epsEst,FY2027-09-30,6.01317
JCI,2026-08-08,estimate,epsEst,FY2027-09-30,5.97435
JCI,2026-07-16,estimate,epsEst,FY2027-09-30,5.77186
JCI,2026-06-16,estimate,epsEst,FY2027-09-30,5.72932
JCI,2026-05-17,estimate,epsEst,FY2027-09-30,5.68597
JCI,2026-08-15,estimate,epsEstAvg,FQ2026-09-30,1.57395
JCI,2026-08-15,estimate,epsEstLow,FQ2026-09-30,1.55
JCI,2026-08-15,estimate,epsEstHigh,FQ2026-09-30,1.6
JCI,2026-08-15,estimate,epsEstAnalysts,FQ2026-09-30,16.0
JCI,2026-08-15,estimate,epsEstGrowth,FQ2026-09-30,0.2492
JCI,2026-08-15,estimate,epsEstAvg,FQ2026-12-31,1.10913
JCI,2026-08-15,estimate,epsEstLow,FQ2026-12-31,1.05918
JCI,2026-08-15,estimate,epsEstHigh,FQ2026-12-31,1.15
JCI,2026-08-15,estimate,epsEstAnalysts,FQ2026-12-31,7.0
JCI,2026-08-15,estimate,epsEstGrowth,FQ2026-12-31,0.24620001
JCI,2026-08-15,estimate,epsEstAvg,FY2026-09-30,5.06492
JCI,2026-08-15,estimate,epsEstLow,FY2026-09-30,4.97
JCI,2026-08-15,estimate,epsEstHigh,FY2026-09-30,5.12
JCI,2026-08-15,estimate,epsEstAnalysts,FY2026-09-30,20.0
JCI,2026-08-15,estimate,epsEstGrowth,FY2026-09-30,0.3471
JCI,2026-08-15,estimate,epsEstAvg,FY2027-09-30,6.01317
JCI,2026-08-15,estimate,epsEstLow,FY2027-09-30,5.55
JCI,2026-08-15,estimate,epsEstHigh,FY2027-09-30,6.34529
JCI,2026-08-15,estimate,epsEstAnalysts,FY2027-09-30,21.0
JCI,2026-08-15,estimate,epsEstGrowth,FY2027-09-30,0.1872
JCI,2026-08-15,estimate,revEstAvg,FQ2026-09-30,7020405510.0
JCI,2026-08-15,estimate,revEstLow,FQ2026-09-30,6938975070.0
JCI,2026-08-15,estimate,revEstHigh,FQ2026-09-30,7092000000.0
JCI,2026-08-15,estimate,revEstAnalysts,FQ2026-09-30,16.0
JCI,2026-08-15,estimate,revEstGrowth,FQ2026-09-30,0.08979999
JCI,2026-08-15,estimate,revEstAvg,FQ2026-12-31,6241013350.0
JCI,2026-08-15,estimate,revEstLow,FQ2026-12-31,6187281000.0
JCI,2026-08-15,estimate,revEstHigh,FQ2026-12-31,6319167000.0
JCI,2026-08-15,estimate,revEstAnalysts,FQ2026-12-31,6.0
JCI,2026-08-15,estimate,revEstGrowth,FQ2026-12-31,0.0766
JCI,2026-08-15,estimate,revEstAvg,FY2026-09-30,25559685990.0
JCI,2026-08-15,estimate,revEstLow,FY2026-09-30,25417000000.0
JCI,2026-08-15,estimate,revEstHigh,FY2026-09-30,25645000000.0
JCI,2026-08-15,estimate,revEstAnalysts,FY2026-09-30,18.0
JCI,2026-08-15,estimate,revEstGrowth,FY2026-09-30,0.0832
JCI,2026-08-15,estimate,revEstAvg,FY2027-09-30,27509255020.0
JCI,2026-08-15,estimate,revEstLow,FY2027-09-30,26846000000.0
JCI,2026-08-15,estimate,revEstHigh,FY2027-09-30,28520463600.0
JCI,2026-08-15,estimate,revEstAnalysts,FY2027-09-30,20.0
JCI,2026-08-15,estimate,revEstGrowth,FY2027-09-30,0.0763
JCI,2026-08-15,estimate,epsRevUp7,FQ2026-09-30,3.0
JCI,2026-08-15,estimate,epsRevUp30,FQ2026-09-30,3.0
JCI,2026-08-15,estimate,epsRevDown7,FQ2026-09-30,0.0
JCI,2026-08-15,estimate,epsRevDown30,FQ2026-09-30,1.0
JCI,2026-08-15,estimate,epsRevUp7,FQ2026-12-31,0.0
JCI,2026-08-15,estimate,epsRevUp30,FQ2026-12-31,1.0
JCI,2026-08-15,estimate,epsRevDown7,FQ2026-12-31,2.0
JCI,2026-08-15,estimate,epsRevDown30,FQ2026-12-31,1.0
JCI,2026-08-15,estimate,epsRevUp7,FY2026-09-30,0.0
JCI,2026-08-15,estimate,epsRevUp30,FY2026-09-30,3.0
JCI,2026-08-15,estimate,epsRevDown7,FY2026-09-30,1.0
JCI,2026-08-15,estimate,epsRevDown30,FY2026-09-30,2.0
JCI,2026-08-15,estimate,epsRevUp7,FY2027-09-30,1.0
JCI,2026-08-15,estimate,epsRevUp30,FY2027-09-30,4.0
JCI,2026-08-15,estimate,epsRevDown7,FY2027-09-30,2.0
JCI,2026-08-15,estimate,epsRevDown30,FY2027-09-30,3.0
IR,2026-08-15,estimate,epsEst,FQ2026-09-30,0.90238
IR,2026-08-08,estimate,epsEst,FQ2026-09-30,0.90486
IR,2026-07-16,estimate,epsEst,FQ2026-09-30,0.90784
IR,2026-06-16,estimate,epsEst,FQ2026-09-30,0.90598
IR,2026-05-17,estimate,epsEst,FQ2026-09-30,0.90865
IR,2026-08-15,estimate,epsEst,FQ2026-12-31,1.02257
IR,2026-08-08,estimate,epsEst,FQ2026-12-31,1.02008
IR,2026-07-16,estimate,epsEst,FQ2026-12-31,1.00001
IR,2026-06-16,estimate,epsEst,FQ2026-12-31,1.00319
IR,2026-05-17,estimate,epsEst,FQ2026-12-31,1.00385
IR,2026-08-15,estimate,epsEst,FY2026-12-31,3.55537
IR,2026-08-08,estimate,epsEst,FY2026-12-31,3.55293
IR,2026-07-16,estimate,epsEst,FY2026-12-31,3.5041
IR,2026-06-16,estimate,epsEst,FY2026-12-31,3.50262
IR,2026-05-17,estimate,epsEst,FY2026-12-31,3.50262
IR,2026-08-15,estimate,epsEst,FY2027-12-31,3.91745
IR,2026-08-08,estimate,epsEst,FY2027-12-31,3.90102
IR,2026-07-16,estimate,epsEst,FY2027-12-31,3.85257
IR,2026-06-16,estimate,epsEst,FY2027-12-31,3.84412
IR,2026-05-17,estimate,epsEst,FY2027-12-31,3.846
IR,2026-08-15,estimate,epsEstAvg,FQ2026-09-30,0.90238
IR,2026-08-15,estimate,epsEstLow,FQ2026-09-30,0.86
IR,2026-08-15,estimate,epsEstHigh,FQ2026-09-30,0.93
IR,2026-08-15,estimate,epsEstAnalysts,FQ2026-09-30,12.0
IR,2026-08-15,estimate,epsEstGrowth,FQ2026-09-30,0.0493
IR,2026-08-15,estimate,epsEstAvg,FQ2026-12-31,1.02257
IR,2026-08-15,estimate,epsEstLow,FQ2026-12-31,1.0
IR,2026-08-15,estimate,epsEstHigh,FQ2026-12-31,1.04144
IR,2026-08-15,estimate,epsEstAnalysts,FQ2026-12-31,12.0
IR,2026-08-15,estimate,epsEstGrowth,FQ2026-12-31,0.0652
IR,2026-08-15,estimate,epsEstAvg,FY2026-12-31,3.55537
IR,2026-08-15,estimate,epsEstLow,FY2026-12-31,3.51
IR,2026-08-15,estimate,epsEstHigh,FY2026-12-31,3.6
IR,2026-08-15,estimate,epsEstAnalysts,FY2026-12-31,14.0
IR,2026-08-15,estimate,epsEstGrowth,FY2026-12-31,0.0645
IR,2026-08-15,estimate,epsEstAvg,FY2027-12-31,3.91745
IR,2026-08-15,estimate,epsEstLow,FY2027-12-31,3.74
IR,2026-08-15,estimate,epsEstHigh,FY2027-12-31,4.13
IR,2026-08-15,estimate,epsEstAnalysts,FY2027-12-31,14.0
IR,2026-08-15,estimate,epsEstGrowth,FY2027-12-31,0.1018
IR,2026-08-15,estimate,revEstAvg,FQ2026-09-30,2051029950.0
IR,2026-08-15,estimate,revEstLow,FQ2026-09-30,2022401720.0
IR,2026-08-15,estimate,revEstHigh,FQ2026-09-30,2064126000.0
IR,2026-08-15,estimate,revEstAnalysts,FQ2026-09-30,10.0
IR,2026-08-15,estimate,revEstGrowth,FQ2026-09-30,0.049099997
IR,2026-08-15,estimate,revEstAvg,FQ2026-12-31,2170861590.0
IR,2026-08-15,estimate,revEstLow,FQ2026-12-31,2129954490.0
IR,2026-08-15,estimate,revEstHigh,FQ2026-12-31,2192000000.0
IR,2026-08-15,estimate,revEstAnalysts,FQ2026-12-31,10.0
IR,2026-08-15,estimate,revEstGrowth,FQ2026-12-31,0.0381
IR,2026-08-15,estimate,revEstAvg,FY2026-12-31,8115097450.0
IR,2026-08-15,estimate,revEstLow,FY2026-12-31,8078116990.0
IR,2026-08-15,estimate,revEstHigh,FY2026-12-31,8151100000.0
IR,2026-08-15,estimate,revEstAnalysts,FY2026-12-31,13.0
IR,2026-08-15,estimate,revEstGrowth,FY2026-12-31,0.060700003
IR,2026-08-15,estimate,revEstAvg,FY2027-12-31,8504663670.0
IR,2026-08-15,estimate,revEstLow,FY2027-12-31,8316227000.0
IR,2026-08-15,estimate,revEstHigh,FY2027-12-31,8710700000.0
IR,2026-08-15,estimate,revEstAnalysts,FY2027-12-31,13.0
IR,2026-08-15,estimate,revEstGrowth,FY2027-12-31,0.048
IR,2026-08-15,estimate,epsRevUp7,FQ2026-09-30,1.0
IR,2026-08-15,estimate,epsRevUp30,FQ2026-09-30,1.0
IR,2026-08-15,estimate,epsRevDown7,FQ2026-09-30,5.0
IR,2026-08-15,estimate,epsRevDown30,FQ2026-09-30,5.0
IR,2026-08-15,estimate,epsRevUp7,FQ2026-12-31,5.0
IR,2026-08-15,estimate,epsRevUp30,FQ2026-12-31,6.0
IR,2026-08-15,estimate,epsRevDown7,FQ2026-12-31,2.0
IR,2026-08-15,estimate,epsRevDown30,FQ2026-12-31,2.0
IR,2026-08-15,estimate,epsRevUp7,FY2026-12-31,11.0
IR,2026-08-15,estimate,epsRevUp30,FY2026-12-31,11.0
IR,2026-08-15,estimate,epsRevDown7,FY2026-12-31,0.0
IR,2026-08-15,estimate,epsRevDown30,FY2026-12-31,0.0
IR,2026-08-15,estimate,epsRevUp7,FY2027-12-31,8.0
IR,2026-08-15,estimate,epsRevUp30,FY2027-12-31,7.0
IR,2026-08-15,estimate,epsRevDown7,FY2027-12-31,0.0
IR,2026-08-15,estimate,epsRevDown30,FY2027-12-31,1.0
AMZN,2026-08-15,estimate,epsEst,FQ2026-09-30,1.95217
AMZN,2026-08-08,estimate,epsEst,FQ2026-09-30,1.95151
AMZN,2026-07-16,estimate,epsEst,FQ2026-09-30,1.91026
AMZN,2026-06-16,estimate,epsEst,FQ2026-09-30,1.91134
AMZN,2026-05-17,estimate,epsEst,FQ2026-09-30,1.91511
AMZN,2026-08-15,estimate,epsEst,FQ2026-12-31,2.44056
AMZN,2026-08-08,estimate,epsEst,FQ2026-12-31,2.44007
AMZN,2026-07-16,estimate,epsEst,FQ2026-12-31,2.37872
AMZN,2026-06-16,estimate,epsEst,FQ2026-12-31,2.37508
AMZN,2026-05-17,estimate,epsEst,FQ2026-12-31,2.36696
AMZN,2026-08-15,estimate,epsEst,FY2026-12-31,12.31359
AMZN,2026-08-08,estimate,epsEst,FY2026-12-31,12.1814
AMZN,2026-07-16,estimate,epsEst,FY2026-12-31,8.67701
AMZN,2026-06-16,estimate,epsEst,FY2026-12-31,8.65845
AMZN,2026-05-17,estimate,epsEst,FY2026-12-31,8.60388
AMZN,2026-08-15,estimate,epsEst,FY2027-12-31,10.43705
AMZN,2026-08-08,estimate,epsEst,FY2027-12-31,10.41999
AMZN,2026-07-16,estimate,epsEst,FY2027-12-31,9.97418
AMZN,2026-06-16,estimate,epsEst,FY2027-12-31,9.94801
AMZN,2026-05-17,estimate,epsEst,FY2027-12-31,9.86961
AMZN,2026-08-15,estimate,epsEstAvg,FQ2026-09-30,1.95217
AMZN,2026-08-15,estimate,epsEstLow,FQ2026-09-30,1.72
AMZN,2026-08-15,estimate,epsEstHigh,FQ2026-09-30,2.32
AMZN,2026-08-15,estimate,epsEstAnalysts,FQ2026-09-30,43.0
AMZN,2026-08-15,estimate,epsEstGrowth,FQ2026-09-30,0.0011
AMZN,2026-08-15,estimate,epsEstAvg,FQ2026-12-31,2.44056
AMZN,2026-08-15,estimate,epsEstLow,FQ2026-12-31,2.0
AMZN,2026-08-15,estimate,epsEstHigh,FQ2026-12-31,2.75
AMZN,2026-08-15,estimate,epsEstAnalysts,FQ2026-12-31,41.0
AMZN,2026-08-15,estimate,epsEstGrowth,FQ2026-12-31,0.2516
AMZN,2026-08-15,estimate,epsEstAvg,FY2026-12-31,12.31359
AMZN,2026-08-15,estimate,epsEstLow,FY2026-12-31,8.29
AMZN,2026-08-15,estimate,epsEstHigh,FY2026-12-31,13.51
AMZN,2026-08-15,estimate,epsEstAnalysts,FY2026-12-31,51.0
AMZN,2026-08-15,estimate,epsEstGrowth,FY2026-12-31,0.71739995
AMZN,2026-08-15,estimate,epsEstAvg,FY2027-12-31,10.43705
AMZN,2026-08-15,estimate,epsEstLow,FY2027-12-31,8.69498
AMZN,2026-08-15,estimate,epsEstHigh,FY2027-12-31,15.0435
AMZN,2026-08-15,estimate,epsEstAnalysts,FY2027-12-31,51.0
AMZN,2026-08-15,estimate,epsEstGrowth,FY2027-12-31,-0.1524
AMZN,2026-08-15,estimate,revEstAvg,FQ2026-09-30,201759329230.0
AMZN,2026-08-15,estimate,revEstLow,FQ2026-09-30,199369000000.0
AMZN,2026-08-15,estimate,revEstHigh,FQ2026-09-30,205272000000.0
AMZN,2026-08-15,estimate,revEstAnalysts,FQ2026-09-30,44.0
AMZN,2026-08-15,estimate,revEstGrowth,FQ2026-09-30,0.119799994
AMZN,2026-08-15,estimate,revEstAvg,FQ2026-12-31,243725168050.0
AMZN,2026-08-15,estimate,revEstLow,FQ2026-12-31,234241000000.0
AMZN,2026-08-15,estimate,revEstHigh,FQ2026-12-31,250089000000.0
AMZN,2026-08-15,estimate,revEstAnalysts,FQ2026-12-31,41.0
AMZN,2026-08-15,estimate,revEstGrowth,FQ2026-12-31,0.14220001
AMZN,2026-08-15,estimate,revEstAvg,FY2026-12-31,828174454850.0
AMZN,2026-08-15,estimate,revEstLow,FY2026-12-31,815866000000.0
AMZN,2026-08-15,estimate,revEstHigh,FY2026-12-31,841977000000.0
AMZN,2026-08-15,estimate,revEstAnalysts,FY2026-12-31,52.0
AMZN,2026-08-15,estimate,revEstGrowth,FY2026-12-31,0.1552
AMZN,2026-08-15,estimate,revEstAvg,FY2027-12-31,945788998630.0
AMZN,2026-08-15,estimate,revEstLow,FY2027-12-31,898023000000.0
AMZN,2026-08-15,estimate,revEstHigh,FY2027-12-31,992145100000.0
AMZN,2026-08-15,estimate,revEstAnalysts,FY2027-12-31,59.0
AMZN,2026-08-15,estimate,revEstGrowth,FY2027-12-31,0.142
AMZN,2026-08-15,estimate,epsRevUp7,FQ2026-09-30,1.0
AMZN,2026-08-15,estimate,epsRevUp30,FQ2026-09-30,3.0
AMZN,2026-08-15,estimate,epsRevDown7,FQ2026-09-30,1.0
AMZN,2026-08-15,estimate,epsRevDown30,FQ2026-09-30,5.0
AMZN,2026-08-15,estimate,epsRevUp7,FQ2026-12-31,0.0
AMZN,2026-08-15,estimate,epsRevUp30,FQ2026-12-31,3.0
AMZN,2026-08-15,estimate,epsRevDown7,FQ2026-12-31,0.0
AMZN,2026-08-15,estimate,epsRevDown30,FQ2026-12-31,1.0
AMZN,2026-08-15,estimate,epsRevUp7,FY2026-12-31,2.0
AMZN,2026-08-15,estimate,epsRevUp30,FY2026-12-31,5.0
AMZN,2026-08-15,estimate,epsRevDown7,FY2026-12-31,1.0
AMZN,2026-08-15,estimate,epsRevDown30,FY2026-12-31,5.0
AMZN,2026-08-15,estimate,epsRevUp7,FY2027-12-31,1.0
AMZN,2026-08-15,estimate,epsRevUp30,FY2027-12-31,4.0
AMZN,2026-08-15,estimate,epsRevDown7,FY2027-12-31,2.0
AMZN,2026-08-15,estimate,epsRevDown30,FY2027-12-31,7.0
BKNG,2026-08-15,estimate,epsEst,FQ2026-09-30,4.49143
BKNG,2026-08-08,estimate,epsEst,FQ2026-09-30,4.53264
BKNG,2026-07-16,estimate,epsEst,FQ2026-09-30,4.54798
BKNG,2026-06-16,estimate,epsEst,FQ2026-09-30,4.55889
BKNG,2026-05-17,estimate,epsEst,FQ2026-09-30,4.55889
BKNG,2026-08-15,estimate,epsEst,FQ2026-12-31,2.30876
BKNG,2026-08-08,estimate,epsEst,FQ2026-12-31,2.32526
BKNG,2026-07-16,estimate,epsEst,FQ2026-12-31,2.32554
BKNG,2026-06-16,estimate,epsEst,FQ2026-12-31,2.33184
BKNG,2026-05-17,estimate,epsEst,FQ2026-12-31,2.33184
BKNG,2026-08-15,estimate,epsEst,FY2026-12-31,10.44798
BKNG,2026-08-08,estimate,epsEst,FY2026-12-31,10.44826
BKNG,2026-07-16,estimate,epsEst,FY2026-12-31,10.44033
BKNG,2026-06-16,estimate,epsEst,FY2026-12-31,10.4546
BKNG,2026-05-17,estimate,epsEst,FY2026-12-31,10.4546
BKNG,2026-08-15,estimate,epsEst,FY2027-12-31,12.37639
BKNG,2026-08-08,estimate,epsEst,FY2027-12-31,12.30196
BKNG,2026-07-16,estimate,epsEst,FY2027-12-31,12.30788
BKNG,2026-06-16,estimate,epsEst,FY2027-12-31,12.31258
BKNG,2026-05-17,estimate,epsEst,FY2027-12-31,12.31291
BKNG,2026-08-15,estimate,epsEstAvg,FQ2026-09-30,4.49143
BKNG,2026-08-15,estimate,epsEstLow,FQ2026-09-30,4.27
BKNG,2026-08-15,estimate,epsEstHigh,FQ2026-09-30,4.69
BKNG,2026-08-15,estimate,epsEstAnalysts,FQ2026-09-30,25.0
BKNG,2026-08-15,estimate,epsEstGrowth,FQ2026-09-30,0.1285
BKNG,2026-08-15,estimate,epsEstAvg,FQ2026-12-31,2.30876
BKNG,2026-08-15,estimate,epsEstLow,FQ2026-12-31,2.108
BKNG,2026-08-15,estimate,epsEstHigh,FQ2026-12-31,2.51475
BKNG,2026-08-15,estimate,epsEstAnalysts,FQ2026-12-31,25.0
BKNG,2026-08-15,estimate,epsEstGrowth,FQ2026-12-31,0.18280001
BKNG,2026-08-15,estimate,epsEstAvg,FY2026-12-31,10.44798
BKNG,2026-08-15,estimate,epsEstLow,FY2026-12-31,10.147
BKNG,2026-08-15,estimate,epsEstHigh,FY2026-12-31,10.8
BKNG,2026-08-15,estimate,epsEstAnalysts,FY2026-12-31,32.0
BKNG,2026-08-15,estimate,epsEstGrowth,FY2026-12-31,0.1453
BKNG,2026-08-15,estimate,epsEstAvg,FY2027-12-31,12.37639
BKNG,2026-08-15,estimate,epsEstLow,FY2027-12-31,11.423
BKNG,2026-08-15,estimate,epsEstHigh,FY2027-12-31,13.24859
BKNG,2026-08-15,estimate,epsEstAnalysts,FY2027-12-31,32.0
BKNG,2026-08-15,estimate,epsEstGrowth,FY2027-12-31,0.1846
BKNG,2026-08-15,estimate,revEstAvg,FQ2026-09-30,9543533910.0
BKNG,2026-08-15,estimate,revEstLow,FQ2026-09-30,9434610000.0
BKNG,2026-08-15,estimate,revEstHigh,FQ2026-09-30,9800000000.0
BKNG,2026-08-15,estimate,revEstAnalysts,FQ2026-09-30,30.0
BKNG,2026-08-15,estimate,revEstGrowth,FQ2026-09-30,0.059499998
BKNG,2026-08-15,estimate,revEstAvg,FQ2026-12-31,6806919300.0
BKNG,2026-08-15,estimate,revEstLow,FQ2026-12-31,6622080000.0
BKNG,2026-08-15,estimate,revEstHigh,FQ2026-12-31,7061400000.0
BKNG,2026-08-15,estimate,revEstAnalysts,FQ2026-12-31,30.0
BKNG,2026-08-15,estimate,revEstGrowth,FQ2026-12-31,0.0721
BKNG,2026-08-15,estimate,revEstAvg,FY2026-12-31,29257928330.0
BKNG,2026-08-15,estimate,revEstLow,FY2026-12-31,28940690000.0
BKNG,2026-08-15,estimate,revEstHigh,FY2026-12-31,29759340770.0
BKNG,2026-08-15,estimate,revEstAnalysts,FY2026-12-31,35.0
BKNG,2026-08-15,estimate,revEstGrowth,FY2026-12-31,0.087
BKNG,2026-08-15,estimate,revEstAvg,FY2027-12-31,32009077190.0
BKNG,2026-08-15,estimate,revEstLow,FY2027-12-31,31155000000.0
BKNG,2026-08-15,estimate,revEstHigh,FY2027-12-31,33285445160.0
BKNG,2026-08-15,estimate,revEstAnalysts,FY2027-12-31,36.0
BKNG,2026-08-15,estimate,revEstGrowth,FY2027-12-31,0.094
BKNG,2026-08-15,estimate,epsRevUp7,FQ2026-09-30,3.0
BKNG,2026-08-15,estimate,epsRevUp30,FQ2026-09-30,3.0
BKNG,2026-08-15,estimate,epsRevDown7,FQ2026-09-30,0.0
BKNG,2026-08-15,estimate,epsRevDown30,FQ2026-09-30,3.0
BKNG,2026-08-15,estimate,epsRevUp7,FQ2026-12-31,1.0
BKNG,2026-08-15,estimate,epsRevUp30,FQ2026-12-31,1.0
BKNG,2026-08-15,estimate,epsRevDown7,FQ2026-12-31,1.0
BKNG,2026-08-15,estimate,epsRevDown30,FQ2026-12-31,4.0
BKNG,2026-08-15,estimate,epsRevUp7,FY2026-12-31,4.0
BKNG,2026-08-15,estimate,epsRevUp30,FY2026-12-31,4.0
BKNG,2026-08-15,estimate,epsRevDown7,FY2026-12-31,0.0
BKNG,2026-08-15,estimate,epsRevDown30,FY2026-12-31,3.0
BKNG,2026-08-15,estimate,epsRevUp7,FY2027-12-31,1.0
BKNG,2026-08-15,estimate,epsRevUp30,FY2027-12-31,1.0
BKNG,2026-08-15,estimate,epsRevDown7,FY2027-12-31,2.0
BKNG,2026-08-15,estimate,epsRevDown30,FY2027-12-31,5.0
ABNB,2026-08-15,estimate,epsEst,FQ2026-09-30,2.84709
ABNB,2026-08-08,estimate,epsEst,FQ2026-09-30,2.76402
ABNB,2026-07-16,estimate,epsEst,FQ2026-09-30,2.76018
ABNB,2026-06-16,estimate,epsEst,FQ2026-09-30,2.75088
ABNB,2026-05-17,estimate,epsEst,FQ2026-09-30,2.74916
ABNB,2026-08-15,estimate,epsEst,FQ2026-12-31,0.81737
ABNB,2026-08-08,estimate,epsEst,FQ2026-12-31,0.79455
ABNB,2026-07-16,estimate,epsEst,FQ2026-12-31,0.80053
ABNB,2026-06-16,estimate,epsEst,FQ2026-12-31,0.79591
ABNB,2026-05-17,estimate,epsEst,FQ2026-12-31,0.79698
ABNB,2026-08-15,estimate,epsEst,FY2026-12-31,5.2913
ABNB,2026-08-08,estimate,epsEst,FY2026-12-31,5.09192
ABNB,2026-07-16,estimate,epsEst,FY2026-12-31,5.09292
ABNB,2026-06-16,estimate,epsEst,FY2026-12-31,5.08599
ABNB,2026-05-17,estimate,epsEst,FY2026-12-31,5.0901
ABNB,2026-08-15,estimate,epsEst,FY2027-12-31,6.17064
ABNB,2026-08-08,estimate,epsEst,FY2027-12-31,6.04083
ABNB,2026-07-16,estimate,epsEst,FY2027-12-31,6.05618
ABNB,2026-06-16,estimate,epsEst,FY2027-12-31,6.03567
ABNB,2026-05-17,estimate,epsEst,FY2027-12-31,6.03319
ABNB,2026-08-15,estimate,epsEstAvg,FQ2026-09-30,2.84709
ABNB,2026-08-15,estimate,epsEstLow,FQ2026-09-30,2.52
ABNB,2026-08-15,estimate,epsEstHigh,FQ2026-09-30,3.34
ABNB,2026-08-15,estimate,epsEstAnalysts,FQ2026-09-30,32.0
ABNB,2026-08-15,estimate,epsEstGrowth,FQ2026-09-30,0.2883
ABNB,2026-08-15,estimate,epsEstAvg,FQ2026-12-31,0.81737
ABNB,2026-08-15,estimate,epsEstLow,FQ2026-12-31,0.67
ABNB,2026-08-15,estimate,epsEstHigh,FQ2026-12-31,1.0
ABNB,2026-08-15,estimate,epsEstAnalysts,FQ2026-12-31,31.0
ABNB,2026-08-15,estimate,epsEstGrowth,FQ2026-12-31,0.4596
ABNB,2026-08-15,estimate,epsEstAvg,FY2026-12-31,5.2913
ABNB,2026-08-15,estimate,epsEstLow,FY2026-12-31,5.0
ABNB,2026-08-15,estimate,epsEstHigh,FY2026-12-31,5.91
ABNB,2026-08-15,estimate,epsEstAnalysts,FY2026-12-31,36.0
ABNB,2026-08-15,estimate,epsEstGrowth,FY2026-12-31,0.313
ABNB,2026-08-15,estimate,epsEstAvg,FY2027-12-31,6.17064
ABNB,2026-08-15,estimate,epsEstLow,FY2027-12-31,5.35
ABNB,2026-08-15,estimate,epsEstHigh,FY2027-12-31,8.09
ABNB,2026-08-15,estimate,epsEstAnalysts,FY2027-12-31,40.0
ABNB,2026-08-15,estimate,epsEstGrowth,FY2027-12-31,0.16620001
ABNB,2026-08-15,estimate,revEstAvg,FQ2026-09-30,4734101390.0
ABNB,2026-08-15,estimate,revEstLow,FQ2026-09-30,4649000000.0
ABNB,2026-08-15,estimate,revEstHigh,FQ2026-09-30,4792000000.0
ABNB,2026-08-15,estimate,revEstAnalysts,FQ2026-09-30,34.0
ABNB,2026-08-15,estimate,revEstGrowth,FQ2026-09-30,0.15609999
ABNB,2026-08-15,estimate,revEstAvg,FQ2026-12-31,3153908050.0
ABNB,2026-08-15,estimate,revEstLow,FQ2026-12-31,3051979740.0
ABNB,2026-08-15,estimate,revEstHigh,FQ2026-12-31,3219920000.0
ABNB,2026-08-15,estimate,revEstAnalysts,FQ2026-12-31,34.0
ABNB,2026-08-15,estimate,revEstGrowth,FQ2026-12-31,0.1353
ABNB,2026-08-15,estimate,revEstAvg,FY2026-12-31,14137868900.0
ABNB,2026-08-15,estimate,revEstLow,FY2026-12-31,13833000000.0
ABNB,2026-08-15,estimate,revEstHigh,FY2026-12-31,14271000000.0
ABNB,2026-08-15,estimate,revEstAnalysts,FY2026-12-31,42.0
ABNB,2026-08-15,estimate,revEstGrowth,FY2026-12-31,0.155
ABNB,2026-08-15,estimate,revEstAvg,FY2027-12-31,15719647100.0
ABNB,2026-08-15,estimate,revEstLow,FY2027-12-31,14987287230.0
ABNB,2026-08-15,estimate,revEstHigh,FY2027-12-31,16381000000.0
ABNB,2026-08-15,estimate,revEstAnalysts,FY2027-12-31,43.0
ABNB,2026-08-15,estimate,revEstGrowth,FY2027-12-31,0.111899994
ABNB,2026-08-15,estimate,epsRevUp7,FQ2026-09-30,1.0
ABNB,2026-08-15,estimate,epsRevUp30,FQ2026-09-30,3.0
ABNB,2026-08-15,estimate,epsRevDown7,FQ2026-09-30,2.0
ABNB,2026-08-15,estimate,epsRevDown30,FQ2026-09-30,3.0
ABNB,2026-08-15,estimate,epsRevUp7,FQ2026-12-31,1.0
ABNB,2026-08-15,estimate,epsRevUp30,FQ2026-12-31,2.0
ABNB,2026-08-15,estimate,epsRevDown7,FQ2026-12-31,2.0
ABNB,2026-08-15,estimate,epsRevDown30,FQ2026-12-31,5.0
ABNB,2026-08-15,estimate,epsRevUp7,FY2026-12-31,1.0
ABNB,2026-08-15,estimate,epsRevUp30,FY2026-12-31,4.0
ABNB,2026-08-15,estimate,epsRevDown7,FY2026-12-31,2.0
ABNB,2026-08-15,estimate,epsRevDown30,FY2026-12-31,3.0
ABNB,2026-08-15,estimate,epsRevUp7,FY2027-12-31,1.0
ABNB,2026-08-15,estimate,epsRevUp30,FY2027-12-31,3.0
ABNB,2026-08-15,estimate,epsRevDown7,FY2027-12-31,2.0
ABNB,2026-08-15,estimate,epsRevDown30,FY2027-12-31,5.0
DASH,2026-08-15,estimate,epsEst,FQ2026-09-30,0.80994
DASH,2026-08-08,estimate,epsEst,FQ2026-09-30,0.73234
DASH,2026-07-16,estimate,epsEst,FQ2026-09-30,0.73281
DASH,2026-06-16,estimate,epsEst,FQ2026-09-30,0.74143
DASH,2026-05-17,estimate,epsEst,FQ2026-09-30,0.74581
DASH,2026-08-15,estimate,epsEst,FQ2026-12-31,0.83607
DASH,2026-08-08,estimate,epsEst,FQ2026-12-31,0.81777
DASH,2026-07-16,estimate,epsEst,FQ2026-12-31,0.81927
DASH,2026-06-16,estimate,epsEst,FQ2026-12-31,0.82826
DASH,2026-05-17,estimate,epsEst,FQ2026-12-31,0.83498
DASH,2026-08-15,estimate,epsEst,FY2026-12-31,2.56553
DASH,2026-08-08,estimate,epsEst,FY2026-12-31,2.53877
DASH,2026-07-16,estimate,epsEst,FY2026-12-31,2.53893
DASH,2026-06-16,estimate,epsEst,FY2026-12-31,2.55053
DASH,2026-05-17,estimate,epsEst,FY2026-12-31,2.53726
DASH,2026-08-15,estimate,epsEst,FY2027-12-31,4.45651
DASH,2026-08-08,estimate,epsEst,FY2027-12-31,4.40438
DASH,2026-07-16,estimate,epsEst,FY2027-12-31,4.40546
DASH,2026-06-16,estimate,epsEst,FY2027-12-31,4.40295
DASH,2026-05-17,estimate,epsEst,FY2027-12-31,4.3845
DASH,2026-08-15,estimate,epsEstAvg,FQ2026-09-30,0.80994
DASH,2026-08-15,estimate,epsEstLow,FQ2026-09-30,0.57
DASH,2026-08-15,estimate,epsEstHigh,FQ2026-09-30,1.07
DASH,2026-08-15,estimate,epsEstAnalysts,FQ2026-09-30,32.0
DASH,2026-08-15,estimate,epsEstGrowth,FQ2026-09-30,0.47259998
DASH,2026-08-15,estimate,epsEstAvg,FQ2026-12-31,0.83607
DASH,2026-08-15,estimate,epsEstLow,FQ2026-12-31,0.48
DASH,2026-08-15,estimate,epsEstHigh,FQ2026-12-31,1.33
DASH,2026-08-15,estimate,epsEstAnalysts,FQ2026-12-31,32.0
DASH,2026-08-15,estimate,epsEstGrowth,FQ2026-12-31,0.7418
DASH,2026-08-15,estimate,epsEstAvg,FY2026-12-31,2.56553
DASH,2026-08-15,estimate,epsEstLow,FY2026-12-31,2.08
DASH,2026-08-15,estimate,epsEstHigh,FY2026-12-31,3.09
DASH,2026-08-15,estimate,epsEstAnalysts,FY2026-12-31,37.0
DASH,2026-08-15,estimate,epsEstGrowth,FY2026-12-31,0.2045
DASH,2026-08-15,estimate,epsEstAvg,FY2027-12-31,4.45651
DASH,2026-08-15,estimate,epsEstLow,FY2027-12-31,3.18
DASH,2026-08-15,estimate,epsEstHigh,FY2027-12-31,5.97
DASH,2026-08-15,estimate,epsEstAnalysts,FY2027-12-31,36.0
DASH,2026-08-15,estimate,epsEstGrowth,FY2027-12-31,0.7371
DASH,2026-08-15,estimate,revEstAvg,FQ2026-09-30,4550713470.0
DASH,2026-08-15,estimate,revEstLow,FQ2026-09-30,4355900000.0
DASH,2026-08-15,estimate,revEstHigh,FQ2026-09-30,4689000000.0
DASH,2026-08-15,estimate,revEstAnalysts,FQ2026-09-30,37.0
DASH,2026-08-15,estimate,revEstGrowth,FQ2026-09-30,0.3206
DASH,2026-08-15,estimate,revEstAvg,FQ2026-12-31,4778483150.0
DASH,2026-08-15,estimate,revEstLow,FQ2026-12-31,4603000000.0
DASH,2026-08-15,estimate,revEstHigh,FQ2026-12-31,4915000000.0
DASH,2026-08-15,estimate,revEstAnalysts,FQ2026-12-31,36.0
DASH,2026-08-15,estimate,revEstGrowth,FQ2026-12-31,0.2082
DASH,2026-08-15,estimate,revEstAvg,FY2026-12-31,17788408100.0
DASH,2026-08-15,estimate,revEstLow,FY2026-12-31,16455000000.0
DASH,2026-08-15,estimate,revEstHigh,FY2026-12-31,18094000000.0
DASH,2026-08-15,estimate,revEstAnalysts,FY2026-12-31,43.0
DASH,2026-08-15,estimate,revEstGrowth,FY2026-12-31,0.29680002
DASH,2026-08-15,estimate,revEstAvg,FY2027-12-31,21421470240.0
DASH,2026-08-15,estimate,revEstLow,FY2027-12-31,19228000000.0
DASH,2026-08-15,estimate,revEstHigh,FY2027-12-31,22634000000.0
DASH,2026-08-15,estimate,revEstAnalysts,FY2027-12-31,43.0
DASH,2026-08-15,estimate,revEstGrowth,FY2027-12-31,0.2042
DASH,2026-08-15,estimate,epsRevUp7,FQ2026-09-30,0.0
DASH,2026-08-15,estimate,epsRevUp30,FQ2026-09-30,0.0
DASH,2026-08-15,estimate,epsRevDown7,FQ2026-09-30,2.0
DASH,2026-08-15,estimate,epsRevDown30,FQ2026-09-30,4.0
DASH,2026-08-15,estimate,epsRevUp7,FQ2026-12-31,0.0
DASH,2026-08-15,estimate,epsRevUp30,FQ2026-12-31,0.0
DASH,2026-08-15,estimate,epsRevDown7,FQ2026-12-31,1.0
DASH,2026-08-15,estimate,epsRevDown30,FQ2026-12-31,3.0
DASH,2026-08-15,estimate,epsRevUp7,FY2026-12-31,1.0
DASH,2026-08-15,estimate,epsRevUp30,FY2026-12-31,1.0
DASH,2026-08-15,estimate,epsRevDown7,FY2026-12-31,1.0
DASH,2026-08-15,estimate,epsRevDown30,FY2026-12-31,3.0
DASH,2026-08-15,estimate,epsRevUp7,FY2027-12-31,1.0
DASH,2026-08-15,estimate,epsRevUp30,FY2027-12-31,2.0
DASH,2026-08-15,estimate,epsRevDown7,FY2027-12-31,1.0
DASH,2026-08-15,estimate,epsRevDown30,FY2027-12-31,2.0
EBAY,2026-08-15,estimate,epsEst,FQ2026-09-30,1.4017
EBAY,2026-08-08,estimate,epsEst,FQ2026-09-30,1.43534
EBAY,2026-07-16,estimate,epsEst,FQ2026-09-30,1.45318
EBAY,2026-06-16,estimate,epsEst,FQ2026-09-30,1.45251
EBAY,2026-05-17,estimate,epsEst,FQ2026-09-30,1.45569
EBAY,2026-08-15,estimate,epsEst,FQ2026-12-31,1.46181
EBAY,2026-08-08,estimate,epsEst,FQ2026-12-31,1.47327
EBAY,2026-07-16,estimate,epsEst,FQ2026-12-31,1.51471
EBAY,2026-06-16,estimate,epsEst,FQ2026-12-31,1.51971
EBAY,2026-05-17,estimate,epsEst,FQ2026-12-31,1.52303
EBAY,2026-08-15,estimate,epsEst,FY2026-12-31,6.11916
EBAY,2026-08-08,estimate,epsEst,FY2026-12-31,6.07201
EBAY,2026-07-16,estimate,epsEst,FY2026-12-31,6.12351
EBAY,2026-06-16,estimate,epsEst,FY2026-12-31,6.13017
EBAY,2026-05-17,estimate,epsEst,FY2026-12-31,6.12979
EBAY,2026-08-15,estimate,epsEst,FY2027-12-31,6.71337
EBAY,2026-08-08,estimate,epsEst,FY2027-12-31,6.68581
EBAY,2026-07-16,estimate,epsEst,FY2027-12-31,6.75485
EBAY,2026-06-16,estimate,epsEst,FY2027-12-31,6.76301
EBAY,2026-05-17,estimate,epsEst,FY2027-12-31,6.76433
EBAY,2026-08-15,estimate,epsEstAvg,FQ2026-09-30,1.4017
EBAY,2026-08-15,estimate,epsEstLow,FQ2026-09-30,1.38
EBAY,2026-08-15,estimate,epsEstHigh,FQ2026-09-30,1.42075
EBAY,2026-08-15,estimate,epsEstAnalysts,FQ2026-09-30,16.0
EBAY,2026-08-15,estimate,epsEstGrowth,FQ2026-09-30,0.0307
EBAY,2026-08-15,estimate,epsEstAvg,FQ2026-12-31,1.46181
EBAY,2026-08-15,estimate,epsEstLow,FQ2026-12-31,1.40344
EBAY,2026-08-15,estimate,epsEstHigh,FQ2026-12-31,1.53
EBAY,2026-08-15,estimate,epsEstAnalysts,FQ2026-12-31,15.0
EBAY,2026-08-15,estimate,epsEstGrowth,FQ2026-12-31,0.0367
EBAY,2026-08-15,estimate,epsEstAvg,FY2026-12-31,6.11916
EBAY,2026-08-15,estimate,epsEstLow,FY2026-12-31,5.93
EBAY,2026-08-15,estimate,epsEstHigh,FY2026-12-31,6.18
EBAY,2026-08-15,estimate,epsEstAnalysts,FY2026-12-31,20.0
EBAY,2026-08-15,estimate,epsEstGrowth,FY2026-12-31,0.108500004
EBAY,2026-08-15,estimate,epsEstAvg,FY2027-12-31,6.71337
EBAY,2026-08-15,estimate,epsEstLow,FY2027-12-31,6.05
EBAY,2026-08-15,estimate,epsEstHigh,FY2027-12-31,7.39
EBAY,2026-08-15,estimate,epsEstAnalysts,FY2027-12-31,25.0
EBAY,2026-08-15,estimate,epsEstGrowth,FY2027-12-31,0.0971
EBAY,2026-08-15,estimate,revEstAvg,FQ2026-09-30,3106845180.0
EBAY,2026-08-15,estimate,revEstLow,FQ2026-09-30,3082200000.0
EBAY,2026-08-15,estimate,revEstHigh,FQ2026-09-30,3123000000.0
EBAY,2026-08-15,estimate,revEstAnalysts,FQ2026-09-30,17.0
EBAY,2026-08-15,estimate,revEstGrowth,FQ2026-09-30,0.1017
EBAY,2026-08-15,estimate,revEstAvg,FQ2026-12-31,3186799480.0
EBAY,2026-08-15,estimate,revEstLow,FQ2026-12-31,3095000000.0
EBAY,2026-08-15,estimate,revEstHigh,FQ2026-12-31,3285400000.0
EBAY,2026-08-15,estimate,revEstAnalysts,FQ2026-12-31,16.0
EBAY,2026-08-15,estimate,revEstGrowth,FQ2026-12-31,0.0748
EBAY,2026-08-15,estimate,revEstAvg,FY2026-12-31,12496600320.0
EBAY,2026-08-15,estimate,revEstLow,FY2026-12-31,12037000000.0
EBAY,2026-08-15,estimate,revEstHigh,FY2026-12-31,12612600000.0
EBAY,2026-08-15,estimate,revEstAnalysts,FY2026-12-31,20.0
EBAY,2026-08-15,estimate,revEstGrowth,FY2026-12-31,0.1258
EBAY,2026-08-15,estimate,revEstAvg,FY2027-12-31,13278562340.0
EBAY,2026-08-15,estimate,revEstLow,FY2027-12-31,12802000000.0
EBAY,2026-08-15,estimate,revEstHigh,FY2027-12-31,13724000000.0
EBAY,2026-08-15,estimate,revEstAnalysts,FY2027-12-31,23.0
EBAY,2026-08-15,estimate,revEstGrowth,FY2027-12-31,0.0626
EBAY,2026-08-15,estimate,epsRevUp7,FQ2026-09-30,2.0
EBAY,2026-08-15,estimate,epsRevUp30,FQ2026-09-30,2.0
EBAY,2026-08-15,estimate,epsRevDown7,FQ2026-09-30,0.0
EBAY,2026-08-15,estimate,epsRevDown30,FQ2026-09-30,0.0
EBAY,2026-08-15,estimate,epsRevUp7,FQ2026-12-31,0.0
EBAY,2026-08-15,estimate,epsRevUp30,FQ2026-12-31,0.0
EBAY,2026-08-15,estimate,epsRevDown7,FQ2026-12-31,0.0
EBAY,2026-08-15,estimate,epsRevDown30,FQ2026-12-31,0.0
EBAY,2026-08-15,estimate,epsRevUp7,FY2026-12-31,1.0
EBAY,2026-08-15,estimate,epsRevUp30,FY2026-12-31,1.0
EBAY,2026-08-15,estimate,epsRevDown7,FY2026-12-31,1.0
EBAY,2026-08-15,estimate,epsRevDown30,FY2026-12-31,1.0
EBAY,2026-08-15,estimate,epsRevUp7,FY2027-12-31,2.0
EBAY,2026-08-15,estimate,epsRevUp30,FY2027-12-31,2.0
EBAY,2026-08-15,estimate,epsRevDown7,FY2027-12-31,0.0
EBAY,2026-08-15,estimate,epsRevDown30,FY2027-12-31,0.0
CHWY,2026-08-15,estimate,epsEst,FQ2026-07-31,0.36441
CHWY,2026-08-08,estimate,epsEst,FQ2026-07-31,0.36187
CHWY,2026-07-16,estimate,epsEst,FQ2026-07-31,0.36187
CHWY,2026-06-16,estimate,epsEst,FQ2026-07-31,0.40891
CHWY,2026-05-17,estimate,epsEst,FQ2026-07-31,0.40995
CHWY,2026-08-15,estimate,epsEst,FQ2026-10-31,0.38512
CHWY,2026-08-08,estimate,epsEst,FQ2026-10-31,0.38406
CHWY,2026-07-16,estimate,epsEst,FQ2026-10-31,0.38406
CHWY,2026-06-16,estimate,epsEst,FQ2026-10-31,0.41268
CHWY,2026-05-17,estimate,epsEst,FQ2026-10-31,0.41266
CHWY,2026-08-15,estimate,epsEst,FY2027-01-31,1.53114
CHWY,2026-08-08,estimate,epsEst,FY2027-01-31,1.52808
CHWY,2026-07-16,estimate,epsEst,FY2027-01-31,1.52662
CHWY,2026-06-16,estimate,epsEst,FY2027-01-31,1.61788
CHWY,2026-05-17,estimate,epsEst,FY2027-01-31,1.61951
CHWY,2026-08-15,estimate,epsEst,FY2028-01-31,1.83795
CHWY,2026-08-08,estimate,epsEst,FY2028-01-31,1.83795
CHWY,2026-07-16,estimate,epsEst,FY2028-01-31,1.84152
CHWY,2026-06-16,estimate,epsEst,FY2028-01-31,1.96614
CHWY,2026-05-17,estimate,epsEst,FY2028-01-31,1.96798
CHWY,2026-08-15,estimate,epsEstAvg,FQ2026-07-31,0.36441
CHWY,2026-08-15,estimate,epsEstLow,FQ2026-07-31,0.35
CHWY,2026-08-15,estimate,epsEstHigh,FQ2026-07-31,0.4
CHWY,2026-08-15,estimate,epsEstAnalysts,FQ2026-07-31,15.0
CHWY,2026-08-15,estimate,epsEstGrowth,FQ2026-07-31,0.1043
CHWY,2026-08-15,estimate,epsEstAvg,FQ2026-10-31,0.38512
CHWY,2026-08-15,estimate,epsEstLow,FQ2026-10-31,0.35
CHWY,2026-08-15,estimate,epsEstHigh,FQ2026-10-31,0.43
CHWY,2026-08-15,estimate,epsEstAnalysts,FQ2026-10-31,15.0
CHWY,2026-08-15,estimate,epsEstGrowth,FQ2026-10-31,0.2035
CHWY,2026-08-15,estimate,epsEstAvg,FY2027-01-31,1.53114
CHWY,2026-08-15,estimate,epsEstLow,FY2027-01-31,1.45
CHWY,2026-08-15,estimate,epsEstHigh,FY2027-01-31,1.6
CHWY,2026-08-15,estimate,epsEstAnalysts,FY2027-01-31,17.0
CHWY,2026-08-15,estimate,epsEstGrowth,FY2027-01-31,0.2056
CHWY,2026-08-15,estimate,epsEstAvg,FY2028-01-31,1.83795
CHWY,2026-08-15,estimate,epsEstLow,FY2028-01-31,1.68
CHWY,2026-08-15,estimate,epsEstHigh,FY2028-01-31,1.97
CHWY,2026-08-15,estimate,epsEstAnalysts,FY2028-01-31,17.0
CHWY,2026-08-15,estimate,epsEstGrowth,FY2028-01-31,0.20040001
CHWY,2026-08-15,estimate,revEstAvg,FQ2026-07-31,3317947540.0
CHWY,2026-08-15,estimate,revEstLow,FQ2026-07-31,3307500000.0
CHWY,2026-08-15,estimate,revEstHigh,FQ2026-07-31,3328000000.0
CHWY,2026-08-15,estimate,revEstAnalysts,FQ2026-07-31,19.0
CHWY,2026-08-15,estimate,revEstGrowth,FQ2026-07-31,0.0689
CHWY,2026-08-15,estimate,revEstAvg,FQ2026-10-31,3330030910.0
CHWY,2026-08-15,estimate,revEstLow,FQ2026-10-31,3306400940.0
CHWY,2026-08-15,estimate,revEstHigh,FQ2026-10-31,3365000000.0
CHWY,2026-08-15,estimate,revEstAnalysts,FQ2026-10-31,19.0
CHWY,2026-08-15,estimate,revEstGrowth,FQ2026-10-31,0.0685
CHWY,2026-08-15,estimate,revEstAvg,FY2027-01-31,13489225670.0
CHWY,2026-08-15,estimate,revEstLow,FY2027-01-31,13419540380.0
CHWY,2026-08-15,estimate,revEstHigh,FY2027-01-31,13558000000.0
CHWY,2026-08-15,estimate,revEstAnalysts,FY2027-01-31,23.0
CHWY,2026-08-15,estimate,revEstGrowth,FY2027-01-31,0.0704
CHWY,2026-08-15,estimate,revEstAvg,FY2028-01-31,14435396730.0
CHWY,2026-08-15,estimate,revEstLow,FY2028-01-31,14266500000.0
CHWY,2026-08-15,estimate,revEstHigh,FY2028-01-31,14668000000.0
CHWY,2026-08-15,estimate,revEstAnalysts,FY2028-01-31,23.0
CHWY,2026-08-15,estimate,revEstGrowth,FY2028-01-31,0.0701
CHWY,2026-08-15,estimate,epsRevUp7,FQ2026-07-31,1.0
CHWY,2026-08-15,estimate,epsRevUp30,FQ2026-07-31,0.0
CHWY,2026-08-15,estimate,epsRevDown7,FQ2026-07-31,11.0
CHWY,2026-08-15,estimate,epsRevDown30,FQ2026-07-31,13.0
CHWY,2026-08-15,estimate,epsRevUp7,FQ2026-10-31,1.0
CHWY,2026-08-15,estimate,epsRevUp30,FQ2026-10-31,1.0
CHWY,2026-08-15,estimate,epsRevDown7,FQ2026-10-31,13.0
CHWY,2026-08-15,estimate,epsRevDown30,FQ2026-10-31,11.0
CHWY,2026-08-15,estimate,epsRevUp7,FY2027-01-31,0.0
CHWY,2026-08-15,estimate,epsRevUp30,FY2027-01-31,0.0
CHWY,2026-08-15,estimate,epsRevDown7,FY2027-01-31,0.0
CHWY,2026-08-15,estimate,epsRevDown30,FY2027-01-31,15.0
CHWY,2026-08-15,estimate,epsRevUp7,FY2028-01-31,0.0
CHWY,2026-08-15,estimate,epsRevUp30,FY2028-01-31,0.0
CHWY,2026-08-15,estimate,epsRevDown7,FY2028-01-31,1.0
CHWY,2026-08-15,estimate,epsRevDown30,FY2028-01-31,3.0
WMT,2026-08-15,estimate,epsEst,FQ2026-07-31,0.74182
WMT,2026-08-08,estimate,epsEst,FQ2026-07-31,0.74125
WMT,2026-07-16,estimate,epsEst,FQ2026-07-31,0.74311
WMT,2026-06-16,estimate,epsEst,FQ2026-07-31,0.74341
WMT,2026-05-17,estimate,epsEst,FQ2026-07-31,0.74768
WMT,2026-08-15,estimate,epsEst,FQ2026-10-31,0.6822
WMT,2026-08-08,estimate,epsEst,FQ2026-10-31,0.68367
WMT,2026-07-16,estimate,epsEst,FQ2026-10-31,0.68398
WMT,2026-06-16,estimate,epsEst,FQ2026-10-31,0.68461
WMT,2026-05-17,estimate,epsEst,FQ2026-10-31,0.68768
WMT,2026-08-15,estimate,epsEst,FY2027-01-31,2.89968
WMT,2026-08-08,estimate,epsEst,FY2027-01-31,2.90114
WMT,2026-07-16,estimate,epsEst,FY2027-01-31,2.90381
WMT,2026-06-16,estimate,epsEst,FY2027-01-31,2.90831
WMT,2026-05-17,estimate,epsEst,FY2027-01-31,2.9189
WMT,2026-08-15,estimate,epsEst,FY2028-01-31,3.28113
WMT,2026-08-08,estimate,epsEst,FY2028-01-31,3.28238
WMT,2026-07-16,estimate,epsEst,FY2028-01-31,3.28577
WMT,2026-06-16,estimate,epsEst,FY2028-01-31,3.28806
WMT,2026-05-17,estimate,epsEst,FY2028-01-31,3.29069
WMT,2026-08-15,estimate,epsEstAvg,FQ2026-07-31,0.74182
WMT,2026-08-15,estimate,epsEstLow,FQ2026-07-31,0.72
WMT,2026-08-15,estimate,epsEstHigh,FQ2026-07-31,0.79443
WMT,2026-08-15,estimate,epsEstAnalysts,FQ2026-07-31,32.0
WMT,2026-08-15,estimate,epsEstGrowth,FQ2026-07-31,0.090900004
WMT,2026-08-15,estimate,epsEstAvg,FQ2026-10-31,0.6822
WMT,2026-08-15,estimate,epsEstLow,FQ2026-10-31,0.64
WMT,2026-08-15,estimate,epsEstHigh,FQ2026-10-31,0.75
WMT,2026-08-15,estimate,epsEstAnalysts,FQ2026-10-31,31.0
WMT,2026-08-15,estimate,epsEstGrowth,FQ2026-10-31,0.1003
WMT,2026-08-15,estimate,epsEstAvg,FY2027-01-31,2.89968
WMT,2026-08-15,estimate,epsEstLow,FY2027-01-31,2.81
WMT,2026-08-15,estimate,epsEstHigh,FY2027-01-31,3.06
WMT,2026-08-15,estimate,epsEstAnalysts,FY2027-01-31,38.0
WMT,2026-08-15,estimate,epsEstGrowth,FY2027-01-31,0.098400004
WMT,2026-08-15,estimate,epsEstAvg,FY2028-01-31,3.28113
WMT,2026-08-15,estimate,epsEstLow,FY2028-01-31,3.1
WMT,2026-08-15,estimate,epsEstHigh,FY2028-01-31,3.62
WMT,2026-08-15,estimate,epsEstAnalysts,FY2028-01-31,39.0
WMT,2026-08-15,estimate,epsEstGrowth,FY2028-01-31,0.13149999
WMT,2026-08-15,estimate,revEstAvg,FQ2026-07-31,186942363040.0
WMT,2026-08-15,estimate,revEstLow,FQ2026-07-31,185340000000.0
WMT,2026-08-15,estimate,revEstHigh,FQ2026-07-31,188772955930.0
WMT,2026-08-15,estimate,revEstAnalysts,FQ2026-07-31,29.0
WMT,2026-08-15,estimate,revEstGrowth,FQ2026-07-31,0.0637
WMT,2026-08-15,estimate,revEstAvg,FQ2026-10-31,188349867460.0
WMT,2026-08-15,estimate,revEstLow,FQ2026-10-31,185639000000.0
WMT,2026-08-15,estimate,revEstHigh,FQ2026-10-31,190628747610.0
WMT,2026-08-15,estimate,revEstAnalysts,FQ2026-10-31,28.0
WMT,2026-08-15,estimate,revEstGrowth,FQ2026-10-31,0.059499998
WMT,2026-08-15,estimate,revEstAvg,FY2027-01-31,752352241280.0
WMT,2026-08-15,estimate,revEstLow,FY2027-01-31,745281340540.0
WMT,2026-08-15,estimate,revEstHigh,FY2027-01-31,759352000000.0
WMT,2026-08-15,estimate,revEstAnalysts,FY2027-01-31,37.0
WMT,2026-08-15,estimate,revEstGrowth,FY2027-01-31,0.065
WMT,2026-08-15,estimate,revEstAvg,FY2028-01-31,787093443660.0
WMT,2026-08-15,estimate,revEstLow,FY2028-01-31,766394000000.0
WMT,2026-08-15,estimate,revEstHigh,FY2028-01-31,802979000000.0
WMT,2026-08-15,estimate,revEstAnalysts,FY2028-01-31,35.0
WMT,2026-08-15,estimate,revEstGrowth,FY2028-01-31,0.0462
WMT,2026-08-15,estimate,epsRevUp7,FQ2026-07-31,0.0
WMT,2026-08-15,estimate,epsRevUp30,FQ2026-07-31,0.0
WMT,2026-08-15,estimate,epsRevDown7,FQ2026-07-31,1.0
WMT,2026-08-15,estimate,epsRevDown30,FQ2026-07-31,2.0
WMT,2026-08-15,estimate,epsRevUp7,FQ2026-10-31,0.0
WMT,2026-08-15,estimate,epsRevUp30,FQ2026-10-31,1.0
WMT,2026-08-15,estimate,epsRevDown7,FQ2026-10-31,1.0
WMT,2026-08-15,estimate,epsRevDown30,FQ2026-10-31,1.0
WMT,2026-08-15,estimate,epsRevUp7,FY2027-01-31,0.0
WMT,2026-08-15,estimate,epsRevUp30,FY2027-01-31,0.0
WMT,2026-08-15,estimate,epsRevDown7,FY2027-01-31,2.0
WMT,2026-08-15,estimate,epsRevDown30,FY2027-01-31,3.0
WMT,2026-08-15,estimate,epsRevUp7,FY2028-01-31,0.0
WMT,2026-08-15,estimate,epsRevUp30,FY2028-01-31,1.0
WMT,2026-08-15,estimate,epsRevDown7,FY2028-01-31,2.0
WMT,2026-08-15,estimate,epsRevDown30,FY2028-01-31,2.0
COST,2026-08-15,estimate,epsEst,FQ2026-08-31,6.56439
COST,2026-08-08,estimate,epsEst,FQ2026-08-31,6.5581
COST,2026-07-16,estimate,epsEst,FQ2026-08-31,6.55309
COST,2026-06-16,estimate,epsEst,FQ2026-08-31,6.54534
COST,2026-05-17,estimate,epsEst,FQ2026-08-31,6.50374
COST,2026-08-15,estimate,epsEst,FQ2026-11-30,4.86506
COST,2026-08-08,estimate,epsEst,FQ2026-11-30,4.86082
COST,2026-07-16,estimate,epsEst,FQ2026-11-30,4.87214
COST,2026-06-16,estimate,epsEst,FQ2026-11-30,4.86106
COST,2026-05-17,estimate,epsEst,FQ2026-11-30,4.81394
COST,2026-08-15,estimate,epsEst,FY2026-08-31,20.59016
COST,2026-08-08,estimate,epsEst,FY2026-08-31,20.58606
COST,2026-07-16,estimate,epsEst,FY2026-08-31,20.57769
COST,2026-06-16,estimate,epsEst,FY2026-08-31,20.57958
COST,2026-05-17,estimate,epsEst,FY2026-08-31,20.51034
COST,2026-08-15,estimate,epsEst,FY2027-08-31,22.70401
COST,2026-08-08,estimate,epsEst,FY2027-08-31,22.69137
COST,2026-07-16,estimate,epsEst,FY2027-08-31,22.66981
COST,2026-06-16,estimate,epsEst,FY2027-08-31,22.66294
COST,2026-05-17,estimate,epsEst,FY2027-08-31,22.52791
COST,2026-08-15,estimate,epsEstAvg,FQ2026-08-31,6.56439
COST,2026-08-15,estimate,epsEstLow,FQ2026-08-31,6.28
COST,2026-08-15,estimate,epsEstHigh,FQ2026-08-31,7.13391
COST,2026-08-15,estimate,epsEstAnalysts,FQ2026-08-31,28.0
COST,2026-08-15,estimate,epsEstGrowth,FQ2026-08-31,0.1183
COST,2026-08-15,estimate,epsEstAvg,FQ2026-11-30,4.86506
COST,2026-08-15,estimate,epsEstLow,FQ2026-11-30,4.7
COST,2026-08-15,estimate,epsEstHigh,FQ2026-11-30,5.3
COST,2026-08-15,estimate,epsEstAnalysts,FQ2026-11-30,18.0
COST,2026-08-15,estimate,epsEstGrowth,FQ2026-11-30,0.081099994
COST,2026-08-15,estimate,epsEstAvg,FY2026-08-31,20.59016
COST,2026-08-15,estimate,epsEstLow,FY2026-08-31,20.35
COST,2026-08-15,estimate,epsEstHigh,FY2026-08-31,21.15128
COST,2026-08-15,estimate,epsEstAnalysts,FY2026-08-31,32.0
COST,2026-08-15,estimate,epsEstGrowth,FY2026-08-31,0.13069999
COST,2026-08-15,estimate,epsEstAvg,FY2027-08-31,22.70401
COST,2026-08-15,estimate,epsEstLow,FY2027-08-31,21.7
COST,2026-08-15,estimate,epsEstHigh,FY2027-08-31,24.4699
COST,2026-08-15,estimate,epsEstAnalysts,FY2027-08-31,34.0
COST,2026-08-15,estimate,epsEstGrowth,FY2027-08-31,0.1027
COST,2026-08-15,estimate,revEstAvg,FQ2026-08-31,94606729940.0
COST,2026-08-15,estimate,revEstLow,FQ2026-08-31,91900000000.0
COST,2026-08-15,estimate,revEstHigh,FQ2026-08-31,96679000000.0
COST,2026-08-15,estimate,revEstAnalysts,FQ2026-08-31,26.0
COST,2026-08-15,estimate,revEstGrowth,FQ2026-08-31,0.09810001
COST,2026-08-15,estimate,revEstAvg,FQ2026-11-30,73186921320.0
COST,2026-08-15,estimate,revEstLow,FQ2026-11-30,71423000000.0
COST,2026-08-15,estimate,revEstHigh,FQ2026-11-30,74775065000.0
COST,2026-08-15,estimate,revEstAnalysts,FQ2026-11-30,18.0
COST,2026-08-15,estimate,revEstGrowth,FQ2026-11-30,0.0874
COST,2026-08-15,estimate,revEstAvg,FY2026-08-31,301566284800.0
COST,2026-08-15,estimate,revEstLow,FY2026-08-31,297183000000.0
COST,2026-08-15,estimate,revEstHigh,FY2026-08-31,304110000000.0
COST,2026-08-15,estimate,revEstAnalysts,FY2026-08-31,34.0
COST,2026-08-15,estimate,revEstGrowth,FY2026-08-31,0.095699996
COST,2026-08-15,estimate,revEstAvg,FY2027-08-31,326072528210.0
COST,2026-08-15,estimate,revEstLow,FY2027-08-31,316300000000.0
COST,2026-08-15,estimate,revEstHigh,FY2027-08-31,332509900000.0
COST,2026-08-15,estimate,revEstAnalysts,FY2027-08-31,32.0
COST,2026-08-15,estimate,revEstGrowth,FY2027-08-31,0.0813
COST,2026-08-15,estimate,epsRevUp7,FQ2026-08-31,1.0
COST,2026-08-15,estimate,epsRevUp30,FQ2026-08-31,3.0
COST,2026-08-15,estimate,epsRevDown7,FQ2026-08-31,2.0
COST,2026-08-15,estimate,epsRevDown30,FQ2026-08-31,2.0
COST,2026-08-15,estimate,epsRevUp7,FQ2026-11-30,1.0
COST,2026-08-15,estimate,epsRevUp30,FQ2026-11-30,3.0
COST,2026-08-15,estimate,epsRevDown7,FQ2026-11-30,0.0
COST,2026-08-15,estimate,epsRevDown30,FQ2026-11-30,0.0
COST,2026-08-15,estimate,epsRevUp7,FY2026-08-31,0.0
COST,2026-08-15,estimate,epsRevUp30,FY2026-08-31,4.0
COST,2026-08-15,estimate,epsRevDown7,FY2026-08-31,1.0
COST,2026-08-15,estimate,epsRevDown30,FY2026-08-31,3.0
COST,2026-08-15,estimate,epsRevUp7,FY2027-08-31,2.0
COST,2026-08-15,estimate,epsRevUp30,FY2027-08-31,4.0
COST,2026-08-15,estimate,epsRevDown7,FY2027-08-31,1.0
COST,2026-08-15,estimate,epsRevDown30,FY2027-08-31,2.0
TGT,2026-08-15,estimate,epsEst,FQ2026-07-31,2.29948
TGT,2026-08-08,estimate,epsEst,FQ2026-07-31,2.27513
TGT,2026-07-16,estimate,epsEst,FQ2026-07-31,2.25093
TGT,2026-06-16,estimate,epsEst,FQ2026-07-31,2.24448
TGT,2026-05-17,estimate,epsEst,FQ2026-07-31,2.24282
TGT,2026-08-15,estimate,epsEst,FQ2026-10-31,1.92082
TGT,2026-08-08,estimate,epsEst,FQ2026-10-31,1.91625
TGT,2026-07-16,estimate,epsEst,FQ2026-10-31,1.90089
TGT,2026-06-16,estimate,epsEst,FQ2026-10-31,1.90057
TGT,2026-05-17,estimate,epsEst,FQ2026-10-31,1.87794
TGT,2026-08-15,estimate,epsEst,FY2027-01-31,8.43111
TGT,2026-08-08,estimate,epsEst,FY2027-01-31,8.40242
TGT,2026-07-16,estimate,epsEst,FY2027-01-31,8.35346
TGT,2026-06-16,estimate,epsEst,FY2027-01-31,8.33707
TGT,2026-05-17,estimate,epsEst,FY2027-01-31,8.04581
TGT,2026-08-15,estimate,epsEst,FY2028-01-31,8.99604
TGT,2026-08-08,estimate,epsEst,FY2028-01-31,8.96114
TGT,2026-07-16,estimate,epsEst,FY2028-01-31,8.92317
TGT,2026-06-16,estimate,epsEst,FY2028-01-31,8.899
TGT,2026-05-17,estimate,epsEst,FY2028-01-31,8.5231
TGT,2026-08-15,estimate,epsEstAvg,FQ2026-07-31,2.29948
TGT,2026-08-15,estimate,epsEstLow,FQ2026-07-31,2.07
TGT,2026-08-15,estimate,epsEstHigh,FQ2026-07-31,2.6139
TGT,2026-08-15,estimate,epsEstAnalysts,FQ2026-07-31,31.0
TGT,2026-08-15,estimate,epsEstGrowth,FQ2026-07-31,0.121700004
TGT,2026-08-15,estimate,epsEstAvg,FQ2026-10-31,1.92082
TGT,2026-08-15,estimate,epsEstLow,FQ2026-10-31,1.71
TGT,2026-08-15,estimate,epsEstHigh,FQ2026-10-31,2.21
TGT,2026-08-15,estimate,epsEstAnalysts,FQ2026-10-31,31.0
TGT,2026-08-15,estimate,epsEstGrowth,FQ2026-10-31,0.0791
TGT,2026-08-15,estimate,epsEstAvg,FY2027-01-31,8.43111
TGT,2026-08-15,estimate,epsEstLow,FY2027-01-31,7.59
TGT,2026-08-15,estimate,epsEstHigh,FY2027-01-31,9.06
TGT,2026-08-15,estimate,epsEstAnalysts,FY2027-01-31,36.0
TGT,2026-08-15,estimate,epsEstGrowth,FY2027-01-31,0.113800004
TGT,2026-08-15,estimate,epsEstAvg,FY2028-01-31,8.99604
TGT,2026-08-15,estimate,epsEstLow,FY2028-01-31,7.09
TGT,2026-08-15,estimate,epsEstHigh,FY2028-01-31,9.99134
TGT,2026-08-15,estimate,epsEstAnalysts,FY2028-01-31,36.0
TGT,2026-08-15,estimate,epsEstGrowth,FY2028-01-31,0.067
TGT,2026-08-15,estimate,revEstAvg,FQ2026-07-31,26077477730.0
TGT,2026-08-15,estimate,revEstLow,FQ2026-07-31,25869000000.0
TGT,2026-08-15,estimate,revEstHigh,FQ2026-07-31,26457000000.0
TGT,2026-08-15,estimate,revEstAnalysts,FQ2026-07-31,29.0
TGT,2026-08-15,estimate,revEstGrowth,FQ2026-07-31,0.0344
TGT,2026-08-15,estimate,revEstAvg,FQ2026-10-31,26119851210.0
TGT,2026-08-15,estimate,revEstLow,FQ2026-10-31,25687430000.0
TGT,2026-08-15,estimate,revEstHigh,FQ2026-10-31,26369000000.0
TGT,2026-08-15,estimate,revEstAnalysts,FQ2026-10-31,29.0
TGT,2026-08-15,estimate,revEstGrowth,FQ2026-10-31,0.0336
TGT,2026-08-15,estimate,revEstAvg,FY2027-01-31,109015154950.0
TGT,2026-08-15,estimate,revEstLow,FY2027-01-31,107068000000.0
TGT,2026-08-15,estimate,revEstHigh,FY2027-01-31,110010942160.0
TGT,2026-08-15,estimate,revEstAnalysts,FY2027-01-31,35.0
TGT,2026-08-15,estimate,revEstGrowth,FY2027-01-31,0.0404
TGT,2026-08-15,estimate,revEstAvg,FY2028-01-31,112222380750.0
TGT,2026-08-15,estimate,revEstLow,FY2028-01-31,109020492710.0
TGT,2026-08-15,estimate,revEstHigh,FY2028-01-31,113983000000.0
TGT,2026-08-15,estimate,revEstAnalysts,FY2028-01-31,36.0
TGT,2026-08-15,estimate,revEstGrowth,FY2028-01-31,0.0294
TGT,2026-08-15,estimate,epsRevUp7,FQ2026-07-31,1.0
TGT,2026-08-15,estimate,epsRevUp30,FQ2026-07-31,2.0
TGT,2026-08-15,estimate,epsRevDown7,FQ2026-07-31,0.0
TGT,2026-08-15,estimate,epsRevDown30,FQ2026-07-31,0.0
TGT,2026-08-15,estimate,epsRevUp7,FQ2026-10-31,1.0
TGT,2026-08-15,estimate,epsRevUp30,FQ2026-10-31,1.0
TGT,2026-08-15,estimate,epsRevDown7,FQ2026-10-31,0.0
TGT,2026-08-15,estimate,epsRevDown30,FQ2026-10-31,1.0
TGT,2026-08-15,estimate,epsRevUp7,FY2027-01-31,1.0
TGT,2026-08-15,estimate,epsRevUp30,FY2027-01-31,3.0
TGT,2026-08-15,estimate,epsRevDown7,FY2027-01-31,0.0
TGT,2026-08-15,estimate,epsRevDown30,FY2027-01-31,0.0
TGT,2026-08-15,estimate,epsRevUp7,FY2028-01-31,2.0
TGT,2026-08-15,estimate,epsRevUp30,FY2028-01-31,4.0
TGT,2026-08-15,estimate,epsRevDown7,FY2028-01-31,0.0
TGT,2026-08-15,estimate,epsRevDown30,FY2028-01-31,0.0
HD,2026-08-15,estimate,epsEst,FQ2026-07-31,4.73227
HD,2026-08-08,estimate,epsEst,FQ2026-07-31,4.73027
HD,2026-07-16,estimate,epsEst,FQ2026-07-31,4.72761
HD,2026-06-16,estimate,epsEst,FQ2026-07-31,4.7303
HD,2026-05-17,estimate,epsEst,FQ2026-07-31,0.0
HD,2026-08-15,estimate,epsEst,FQ2026-10-31,3.95676
HD,2026-08-08,estimate,epsEst,FQ2026-10-31,3.95776
HD,2026-07-16,estimate,epsEst,FQ2026-10-31,3.95576
HD,2026-06-16,estimate,epsEst,FQ2026-10-31,3.95806
HD,2026-05-17,estimate,epsEst,FQ2026-10-31,0.0
HD,2026-08-15,estimate,epsEst,FY2027-01-31,14.96149
HD,2026-08-08,estimate,epsEst,FY2027-01-31,14.9609
HD,2026-07-16,estimate,epsEst,FY2027-01-31,14.95531
HD,2026-06-16,estimate,epsEst,FY2027-01-31,14.96387
HD,2026-05-17,estimate,epsEst,FY2027-01-31,0.0
HD,2026-08-15,estimate,epsEst,FY2028-01-31,16.10895
HD,2026-08-08,estimate,epsEst,FY2028-01-31,16.10218
HD,2026-07-16,estimate,epsEst,FY2028-01-31,16.09225
HD,2026-06-16,estimate,epsEst,FY2028-01-31,16.1071
HD,2026-05-17,estimate,epsEst,FY2028-01-31,16.31209
HD,2026-08-15,estimate,epsEstAvg,FQ2026-07-31,4.73227
HD,2026-08-15,estimate,epsEstLow,FQ2026-07-31,4.64
HD,2026-08-15,estimate,epsEstHigh,FQ2026-07-31,4.86216
HD,2026-08-15,estimate,epsEstAnalysts,FQ2026-07-31,30.0
HD,2026-08-15,estimate,epsEstGrowth,FQ2026-07-31,0.0112
HD,2026-08-15,estimate,epsEstAvg,FQ2026-10-31,3.95676
HD,2026-08-15,estimate,epsEstLow,FQ2026-10-31,3.84
HD,2026-08-15,estimate,epsEstHigh,FQ2026-10-31,4.06
HD,2026-08-15,estimate,epsEstAnalysts,FQ2026-10-31,30.0
HD,2026-08-15,estimate,epsEstGrowth,FQ2026-10-31,0.058000002
HD,2026-08-15,estimate,epsEstAvg,FY2027-01-31,14.96149
HD,2026-08-15,estimate,epsEstLow,FY2027-01-31,14.64
HD,2026-08-15,estimate,epsEstHigh,FY2027-01-31,15.16
HD,2026-08-15,estimate,epsEstAnalysts,FY2027-01-31,34.0
HD,2026-08-15,estimate,epsEstGrowth,FY2027-01-31,0.0185
HD,2026-08-15,estimate,epsEstAvg,FY2028-01-31,16.10895
HD,2026-08-15,estimate,epsEstLow,FY2028-01-31,15.08
HD,2026-08-15,estimate,epsEstHigh,FY2028-01-31,16.59893
HD,2026-08-15,estimate,epsEstAnalysts,FY2028-01-31,34.0
HD,2026-08-15,estimate,epsEstGrowth,FY2028-01-31,0.0767
HD,2026-08-15,estimate,revEstAvg,FQ2026-07-31,47243747100.0
HD,2026-08-15,estimate,revEstLow,FQ2026-07-31,46616000000.0
HD,2026-08-15,estimate,revEstHigh,FQ2026-07-31,47791000000.0
HD,2026-08-15,estimate,revEstAnalysts,FQ2026-07-31,27.0
HD,2026-08-15,estimate,revEstGrowth,FQ2026-07-31,0.0434
HD,2026-08-15,estimate,revEstAvg,FQ2026-10-31,42760366760.0
HD,2026-08-15,estimate,revEstLow,FQ2026-10-31,42249500000.0
HD,2026-08-15,estimate,revEstHigh,FQ2026-10-31,43721000000.0
HD,2026-08-15,estimate,revEstAnalysts,FQ2026-10-31,26.0
HD,2026-08-15,estimate,revEstGrowth,FQ2026-10-31,0.0341
HD,2026-08-15,estimate,revEstAvg,FY2027-01-31,170926729290.0
HD,2026-08-15,estimate,revEstLow,FY2027-01-31,168791964730.0
HD,2026-08-15,estimate,revEstHigh,FY2027-01-31,172460000000.0
HD,2026-08-15,estimate,revEstAnalysts,FY2027-01-31,33.0
HD,2026-08-15,estimate,revEstGrowth,FY2027-01-31,0.0379
HD,2026-08-15,estimate,revEstAvg,FY2028-01-31,177279837750.0
HD,2026-08-15,estimate,revEstLow,FY2028-01-31,171218013540.0
HD,2026-08-15,estimate,revEstHigh,FY2028-01-31,179594000000.0
HD,2026-08-15,estimate,revEstAnalysts,FY2028-01-31,33.0
HD,2026-08-15,estimate,revEstGrowth,FY2028-01-31,0.0372
HD,2026-08-15,estimate,epsRevUp7,FQ2026-07-31,0.0
HD,2026-08-15,estimate,epsRevUp30,FQ2026-07-31,1.0
HD,2026-08-15,estimate,epsRevDown7,FQ2026-07-31,1.0
HD,2026-08-15,estimate,epsRevDown30,FQ2026-07-31,3.0
HD,2026-08-15,estimate,epsRevUp7,FQ2026-10-31,1.0
HD,2026-08-15,estimate,epsRevUp30,FQ2026-10-31,2.0
HD,2026-08-15,estimate,epsRevDown7,FQ2026-10-31,1.0
HD,2026-08-15,estimate,epsRevDown30,FQ2026-10-31,4.0
HD,2026-08-15,estimate,epsRevUp7,FY2027-01-31,0.0
HD,2026-08-15,estimate,epsRevUp30,FY2027-01-31,0.0
HD,2026-08-15,estimate,epsRevDown7,FY2027-01-31,1.0
HD,2026-08-15,estimate,epsRevDown30,FY2027-01-31,5.0
HD,2026-08-15,estimate,epsRevUp7,FY2028-01-31,1.0
HD,2026-08-15,estimate,epsRevUp30,FY2028-01-31,2.0
HD,2026-08-15,estimate,epsRevDown7,FY2028-01-31,0.0
HD,2026-08-15,estimate,epsRevDown30,FY2028-01-31,3.0
LOW,2026-08-15,estimate,epsEst,FQ2026-07-31,4.22727
LOW,2026-08-08,estimate,epsEst,FQ2026-07-31,4.24439
LOW,2026-07-16,estimate,epsEst,FQ2026-07-31,4.24995
LOW,2026-06-16,estimate,epsEst,FQ2026-07-31,4.24989
LOW,2026-05-17,estimate,epsEst,FQ2026-07-31,4.42441
LOW,2026-08-15,estimate,epsEst,FQ2026-10-31,3.1326
LOW,2026-08-08,estimate,epsEst,FQ2026-10-31,3.14066
LOW,2026-07-16,estimate,epsEst,FQ2026-10-31,3.14434
LOW,2026-06-16,estimate,epsEst,FQ2026-10-31,3.14437
LOW,2026-05-17,estimate,epsEst,FQ2026-10-31,3.17148
LOW,2026-08-15,estimate,epsEst,FY2027-01-31,12.45721
LOW,2026-08-08,estimate,epsEst,FY2027-01-31,12.48699
LOW,2026-07-16,estimate,epsEst,FY2027-01-31,12.49718
LOW,2026-06-16,estimate,epsEst,FY2027-01-31,12.49718
LOW,2026-05-17,estimate,epsEst,FY2027-01-31,12.6104
LOW,2026-08-15,estimate,epsEst,FY2028-01-31,13.42385
LOW,2026-08-08,estimate,epsEst,FY2028-01-31,13.45897
LOW,2026-07-16,estimate,epsEst,FY2028-01-31,13.47766
LOW,2026-06-16,estimate,epsEst,FY2028-01-31,13.4778
LOW,2026-05-17,estimate,epsEst,FY2028-01-31,13.64995
LOW,2026-08-15,estimate,epsEstAvg,FQ2026-07-31,4.22727
LOW,2026-08-15,estimate,epsEstLow,FQ2026-07-31,4.0698
LOW,2026-08-15,estimate,epsEstHigh,FQ2026-07-31,4.29
LOW,2026-08-15,estimate,epsEstAnalysts,FQ2026-07-31,29.0
LOW,2026-08-15,estimate,epsEstGrowth,FQ2026-07-31,-0.023699999
LOW,2026-08-15,estimate,epsEstAvg,FQ2026-10-31,3.1326
LOW,2026-08-15,estimate,epsEstLow,FQ2026-10-31,2.95
LOW,2026-08-15,estimate,epsEstHigh,FQ2026-10-31,3.3
LOW,2026-08-15,estimate,epsEstAnalysts,FQ2026-10-31,29.0
LOW,2026-08-15,estimate,epsEstGrowth,FQ2026-10-31,0.023699999
LOW,2026-08-15,estimate,epsEstAvg,FY2027-01-31,12.45721
LOW,2026-08-15,estimate,epsEstLow,FY2027-01-31,12.0
LOW,2026-08-15,estimate,epsEstHigh,FY2027-01-31,12.65
LOW,2026-08-15,estimate,epsEstAnalysts,FY2027-01-31,33.0
LOW,2026-08-15,estimate,epsEstGrowth,FY2027-01-31,0.014400001
LOW,2026-08-15,estimate,epsEstAvg,FY2028-01-31,13.42385
LOW,2026-08-15,estimate,epsEstLow,FY2028-01-31,12.11
LOW,2026-08-15,estimate,epsEstHigh,FY2028-01-31,14.08
LOW,2026-08-15,estimate,epsEstAnalysts,FY2028-01-31,33.0
LOW,2026-08-15,estimate,epsEstGrowth,FY2028-01-31,0.0776
LOW,2026-08-15,estimate,revEstAvg,FQ2026-07-31,26121610580.0
LOW,2026-08-15,estimate,revEstLow,FQ2026-07-31,25302000000.0
LOW,2026-08-15,estimate,revEstHigh,FQ2026-07-31,26590800000.0
LOW,2026-08-15,estimate,revEstAnalysts,FQ2026-07-31,27.0
LOW,2026-08-15,estimate,revEstGrowth,FQ2026-07-31,0.090299994
LOW,2026-08-15,estimate,revEstAvg,FQ2026-10-31,22691628550.0
LOW,2026-08-15,estimate,revEstLow,FQ2026-10-31,22073000000.0
LOW,2026-08-15,estimate,revEstHigh,FQ2026-10-31,23336000000.0
LOW,2026-08-15,estimate,revEstAnalysts,FQ2026-10-31,26.0
LOW,2026-08-15,estimate,revEstGrowth,FQ2026-10-31,0.090299994
LOW,2026-08-15,estimate,revEstAvg,FY2027-01-31,92958408440.0
LOW,2026-08-15,estimate,revEstLow,FY2027-01-31,91786000000.0
LOW,2026-08-15,estimate,revEstHigh,FY2027-01-31,93984562640.0
LOW,2026-08-15,estimate,revEstAnalysts,FY2027-01-31,33.0
LOW,2026-08-15,estimate,revEstGrowth,FY2027-01-31,0.0773
LOW,2026-08-15,estimate,revEstAvg,FY2028-01-31,95794536690.0
LOW,2026-08-15,estimate,revEstLow,FY2028-01-31,93631000000.0
LOW,2026-08-15,estimate,revEstHigh,FY2028-01-31,96990000000.0
LOW,2026-08-15,estimate,revEstAnalysts,FY2028-01-31,33.0
LOW,2026-08-15,estimate,revEstGrowth,FY2028-01-31,0.0305
LOW,2026-08-15,estimate,epsRevUp7,FQ2026-07-31,0.0
LOW,2026-08-15,estimate,epsRevUp30,FQ2026-07-31,0.0
LOW,2026-08-15,estimate,epsRevDown7,FQ2026-07-31,1.0
LOW,2026-08-15,estimate,epsRevDown30,FQ2026-07-31,1.0
LOW,2026-08-15,estimate,epsRevUp7,FQ2026-10-31,0.0
LOW,2026-08-15,estimate,epsRevUp30,FQ2026-10-31,1.0
LOW,2026-08-15,estimate,epsRevDown7,FQ2026-10-31,1.0
LOW,2026-08-15,estimate,epsRevDown30,FQ2026-10-31,1.0
LOW,2026-08-15,estimate,epsRevUp7,FY2027-01-31,0.0
LOW,2026-08-15,estimate,epsRevUp30,FY2027-01-31,0.0
LOW,2026-08-15,estimate,epsRevDown7,FY2027-01-31,1.0
LOW,2026-08-15,estimate,epsRevDown30,FY2027-01-31,1.0
LOW,2026-08-15,estimate,epsRevUp7,FY2028-01-31,0.0
LOW,2026-08-15,estimate,epsRevUp30,FY2028-01-31,0.0
LOW,2026-08-15,estimate,epsRevDown7,FY2028-01-31,2.0
LOW,2026-08-15,estimate,epsRevDown30,FY2028-01-31,2.0
TJX,2026-08-15,estimate,epsEst,FQ2026-07-31,1.18934
TJX,2026-08-08,estimate,epsEst,FQ2026-07-31,1.18421
TJX,2026-07-16,estimate,epsEst,FQ2026-07-31,1.18262
TJX,2026-06-16,estimate,epsEst,FQ2026-07-31,1.18262
TJX,2026-05-17,estimate,epsEst,FQ2026-07-31,1.164
TJX,2026-08-15,estimate,epsEst,FQ2026-10-31,1.34101
TJX,2026-08-08,estimate,epsEst,FQ2026-10-31,1.33511
TJX,2026-07-16,estimate,epsEst,FQ2026-10-31,1.33468
TJX,2026-06-16,estimate,epsEst,FQ2026-10-31,1.33468
TJX,2026-05-17,estimate,epsEst,FQ2026-10-31,1.36
TJX,2026-08-15,estimate,epsEst,FY2027-01-31,5.21944
TJX,2026-08-08,estimate,epsEst,FY2027-01-31,5.21247
TJX,2026-07-16,estimate,epsEst,FY2027-01-31,5.21049
TJX,2026-06-16,estimate,epsEst,FY2027-01-31,5.21049
TJX,2026-05-17,estimate,epsEst,FY2027-01-31,5.10714
TJX,2026-08-15,estimate,epsEst,FY2028-01-31,5.72185
TJX,2026-08-08,estimate,epsEst,FY2028-01-31,5.71507
TJX,2026-07-16,estimate,epsEst,FY2028-01-31,5.71467
TJX,2026-06-16,estimate,epsEst,FY2028-01-31,5.71467
TJX,2026-05-17,estimate,epsEst,FY2028-01-31,5.67667
TJX,2026-08-15,estimate,epsEstAvg,FQ2026-07-31,1.18934
TJX,2026-08-15,estimate,epsEstLow,FQ2026-07-31,1.16
TJX,2026-08-15,estimate,epsEstHigh,FQ2026-07-31,1.23
TJX,2026-08-15,estimate,epsEstAnalysts,FQ2026-07-31,12.0
TJX,2026-08-15,estimate,epsEstGrowth,FQ2026-07-31,0.081199996
TJX,2026-08-15,estimate,epsEstAvg,FQ2026-10-31,1.34101
TJX,2026-08-15,estimate,epsEstLow,FQ2026-10-31,1.3
TJX,2026-08-15,estimate,epsEstHigh,FQ2026-10-31,1.4
TJX,2026-08-15,estimate,epsEstAnalysts,FQ2026-10-31,11.0
TJX,2026-08-15,estimate,epsEstGrowth,FQ2026-10-31,0.0477
TJX,2026-08-15,estimate,epsEstAvg,FY2027-01-31,5.21944
TJX,2026-08-15,estimate,epsEstLow,FY2027-01-31,5.12
TJX,2026-08-15,estimate,epsEstHigh,FY2027-01-31,5.36
TJX,2026-08-15,estimate,epsEstAnalysts,FY2027-01-31,14.0
TJX,2026-08-15,estimate,epsEstGrowth,FY2027-01-31,0.0718
TJX,2026-08-15,estimate,epsEstAvg,FY2028-01-31,5.72185
TJX,2026-08-15,estimate,epsEstLow,FY2028-01-31,5.51
TJX,2026-08-15,estimate,epsEstHigh,FY2028-01-31,6.02
TJX,2026-08-15,estimate,epsEstAnalysts,FY2028-01-31,14.0
TJX,2026-08-15,estimate,epsEstGrowth,FY2028-01-31,0.0963
TJX,2026-08-15,estimate,revEstAvg,FQ2026-07-31,15177205730.0
TJX,2026-08-15,estimate,revEstLow,FQ2026-07-31,15056000000.0
TJX,2026-08-15,estimate,revEstHigh,FQ2026-07-31,15466000000.0
TJX,2026-08-15,estimate,revEstAnalysts,FQ2026-07-31,18.0
TJX,2026-08-15,estimate,revEstGrowth,FQ2026-07-31,0.0539
TJX,2026-08-15,estimate,revEstAvg,FQ2026-10-31,15903077920.0
TJX,2026-08-15,estimate,revEstLow,FQ2026-10-31,15788600000.0
TJX,2026-08-15,estimate,revEstHigh,FQ2026-10-31,16133259920.0
TJX,2026-08-15,estimate,revEstAnalysts,FQ2026-10-31,17.0
TJX,2026-08-15,estimate,revEstGrowth,FQ2026-10-31,0.051999997
TJX,2026-08-15,estimate,revEstAvg,FY2027-01-31,64114969140.0
TJX,2026-08-15,estimate,revEstLow,FY2027-01-31,63684500000.0
TJX,2026-08-15,estimate,revEstHigh,FY2027-01-31,64881000000.0
TJX,2026-08-15,estimate,revEstAnalysts,FY2027-01-31,21.0
TJX,2026-08-15,estimate,revEstGrowth,FY2027-01-31,0.062
TJX,2026-08-15,estimate,revEstAvg,FY2028-01-31,67853533970.0
TJX,2026-08-15,estimate,revEstLow,FY2028-01-31,66478100000.0
TJX,2026-08-15,estimate,revEstHigh,FY2028-01-31,70169937310.0
TJX,2026-08-15,estimate,revEstAnalysts,FY2028-01-31,21.0
TJX,2026-08-15,estimate,revEstGrowth,FY2028-01-31,0.0583
TJX,2026-08-15,estimate,epsRevUp7,FQ2026-07-31,1.0
TJX,2026-08-15,estimate,epsRevUp30,FQ2026-07-31,4.0
TJX,2026-08-15,estimate,epsRevDown7,FQ2026-07-31,0.0
TJX,2026-08-15,estimate,epsRevDown30,FQ2026-07-31,1.0
TJX,2026-08-15,estimate,epsRevUp7,FQ2026-10-31,0.0
TJX,2026-08-15,estimate,epsRevUp30,FQ2026-10-31,0.0
TJX,2026-08-15,estimate,epsRevDown7,FQ2026-10-31,1.0
TJX,2026-08-15,estimate,epsRevDown30,FQ2026-10-31,5.0
TJX,2026-08-15,estimate,epsRevUp7,FY2027-01-31,2.0
TJX,2026-08-15,estimate,epsRevUp30,FY2027-01-31,7.0
TJX,2026-08-15,estimate,epsRevDown7,FY2027-01-31,0.0
TJX,2026-08-15,estimate,epsRevDown30,FY2027-01-31,0.0
TJX,2026-08-15,estimate,epsRevUp7,FY2028-01-31,2.0
TJX,2026-08-15,estimate,epsRevUp30,FY2028-01-31,5.0
TJX,2026-08-15,estimate,epsRevDown7,FY2028-01-31,0.0
TJX,2026-08-15,estimate,epsRevDown30,FY2028-01-31,0.0
ROST,2026-08-15,estimate,epsEst,FQ2026-07-31,1.93858
ROST,2026-08-08,estimate,epsEst,FQ2026-07-31,1.93563
ROST,2026-07-16,estimate,epsEst,FQ2026-07-31,1.92895
ROST,2026-06-16,estimate,epsEst,FQ2026-07-31,1.92895
ROST,2026-05-17,estimate,epsEst,FQ2026-07-31,1.78494
ROST,2026-08-15,estimate,epsEst,FQ2026-10-31,1.73105
ROST,2026-08-08,estimate,epsEst,FQ2026-10-31,1.73252
ROST,2026-07-16,estimate,epsEst,FQ2026-10-31,1.72739
ROST,2026-06-16,estimate,epsEst,FQ2026-10-31,1.72739
ROST,2026-05-17,estimate,epsEst,FQ2026-10-31,1.75583
ROST,2026-08-15,estimate,epsEst,FY2027-01-31,7.81893
ROST,2026-08-08,estimate,epsEst,FY2027-01-31,7.80704
ROST,2026-07-16,estimate,epsEst,FY2027-01-31,7.7962
ROST,2026-06-16,estimate,epsEst,FY2027-01-31,7.7962
ROST,2026-05-17,estimate,epsEst,FY2027-01-31,7.37255
ROST,2026-08-15,estimate,epsEst,FY2028-01-31,8.59288
ROST,2026-08-08,estimate,epsEst,FY2028-01-31,8.58578
ROST,2026-07-16,estimate,epsEst,FY2028-01-31,8.57529
ROST,2026-06-16,estimate,epsEst,FY2028-01-31,8.57529
ROST,2026-05-17,estimate,epsEst,FY2028-01-31,8.14422
ROST,2026-08-15,estimate,epsEstAvg,FQ2026-07-31,1.93858
ROST,2026-08-15,estimate,epsEstLow,FQ2026-07-31,1.87
ROST,2026-08-15,estimate,epsEstHigh,FQ2026-07-31,2.05146
ROST,2026-08-15,estimate,epsEstAnalysts,FQ2026-07-31,18.0
ROST,2026-08-15,estimate,epsEstGrowth,FQ2026-07-31,0.24270001
ROST,2026-08-15,estimate,epsEstAvg,FQ2026-10-31,1.73105
ROST,2026-08-15,estimate,epsEstLow,FQ2026-10-31,1.67
ROST,2026-08-15,estimate,epsEstHigh,FQ2026-10-31,1.86603
ROST,2026-08-15,estimate,epsEstAnalysts,FQ2026-10-31,17.0
ROST,2026-08-15,estimate,epsEstGrowth,FQ2026-10-31,0.0956
ROST,2026-08-15,estimate,epsEstAvg,FY2027-01-31,7.81893
ROST,2026-08-15,estimate,epsEstLow,FY2027-01-31,7.59
ROST,2026-08-15,estimate,epsEstHigh,FY2027-01-31,8.23669
ROST,2026-08-15,estimate,epsEstAnalysts,FY2027-01-31,19.0
ROST,2026-08-15,estimate,epsEstGrowth,FY2027-01-31,0.18290001
ROST,2026-08-15,estimate,epsEstAvg,FY2028-01-31,8.59288
ROST,2026-08-15,estimate,epsEstLow,FY2028-01-31,8.19677
ROST,2026-08-15,estimate,epsEstHigh,FY2028-01-31,9.37957
ROST,2026-08-15,estimate,epsEstAnalysts,FY2028-01-31,19.0
ROST,2026-08-15,estimate,epsEstGrowth,FY2028-01-31,0.099
ROST,2026-08-15,estimate,revEstAvg,FQ2026-07-31,6149276780.0
ROST,2026-08-15,estimate,revEstLow,FQ2026-07-31,6067000000.0
ROST,2026-08-15,estimate,revEstHigh,FQ2026-07-31,6386170560.0
ROST,2026-08-15,estimate,revEstAnalysts,FQ2026-07-31,16.0
ROST,2026-08-15,estimate,revEstGrowth,FQ2026-07-31,0.1122
ROST,2026-08-15,estimate,revEstAvg,FQ2026-10-31,5964769900.0
ROST,2026-08-15,estimate,revEstLow,FQ2026-10-31,5869800000.0
ROST,2026-08-15,estimate,revEstHigh,FQ2026-10-31,6133035870.0
ROST,2026-08-15,estimate,revEstAnalysts,FQ2026-10-31,16.0
ROST,2026-08-15,estimate,revEstGrowth,FQ2026-10-31,0.065
ROST,2026-08-15,estimate,revEstAvg,FY2027-01-31,25164585430.0
ROST,2026-08-15,estimate,revEstLow,FY2027-01-31,24829100000.0
ROST,2026-08-15,estimate,revEstHigh,FY2027-01-31,25795543980.0
ROST,2026-08-15,estimate,revEstAnalysts,FY2027-01-31,18.0
ROST,2026-08-15,estimate,revEstGrowth,FY2027-01-31,0.10609999
ROST,2026-08-15,estimate,revEstAvg,FY2028-01-31,26769940790.0
ROST,2026-08-15,estimate,revEstLow,FY2028-01-31,25978000000.0
ROST,2026-08-15,estimate,revEstHigh,FY2028-01-31,27862985210.0
ROST,2026-08-15,estimate,revEstAnalysts,FY2028-01-31,18.0
ROST,2026-08-15,estimate,revEstGrowth,FY2028-01-31,0.0638
ROST,2026-08-15,estimate,epsRevUp7,FQ2026-07-31,13.0
ROST,2026-08-15,estimate,epsRevUp30,FQ2026-07-31,13.0
ROST,2026-08-15,estimate,epsRevDown7,FQ2026-07-31,0.0
ROST,2026-08-15,estimate,epsRevDown30,FQ2026-07-31,0.0
ROST,2026-08-15,estimate,epsRevUp7,FQ2026-10-31,3.0
ROST,2026-08-15,estimate,epsRevUp30,FQ2026-10-31,3.0
ROST,2026-08-15,estimate,epsRevDown7,FQ2026-10-31,9.0
ROST,2026-08-15,estimate,epsRevDown30,FQ2026-10-31,9.0
ROST,2026-08-15,estimate,epsRevUp7,FY2027-01-31,16.0
ROST,2026-08-15,estimate,epsRevUp30,FY2027-01-31,16.0
ROST,2026-08-15,estimate,epsRevDown7,FY2027-01-31,0.0
ROST,2026-08-15,estimate,epsRevDown30,FY2027-01-31,0.0
ROST,2026-08-15,estimate,epsRevUp7,FY2028-01-31,16.0
ROST,2026-08-15,estimate,epsRevUp30,FY2028-01-31,16.0
ROST,2026-08-15,estimate,epsRevDown7,FY2028-01-31,0.0
ROST,2026-08-15,estimate,epsRevDown30,FY2028-01-31,0.0
PG,2026-08-15,estimate,epsEst,FQ2026-09-30,1.88694
PG,2026-08-08,estimate,epsEst,FQ2026-09-30,1.92541
PG,2026-07-16,estimate,epsEst,FQ2026-09-30,1.96238
PG,2026-06-16,estimate,epsEst,FQ2026-09-30,1.97444
PG,2026-05-17,estimate,epsEst,FQ2026-09-30,1.97247
PG,2026-08-15,estimate,epsEst,FQ2026-12-31,1.88086
PG,2026-08-08,estimate,epsEst,FQ2026-12-31,1.88868
PG,2026-07-16,estimate,epsEst,FQ2026-12-31,1.89206
PG,2026-06-16,estimate,epsEst,FQ2026-12-31,1.89663
PG,2026-05-17,estimate,epsEst,FQ2026-12-31,1.89791
PG,2026-08-15,estimate,epsEst,FY2027-06-30,6.99447
PG,2026-08-08,estimate,epsEst,FY2027-06-30,7.00942
PG,2026-07-16,estimate,epsEst,FY2027-06-30,7.04467
PG,2026-06-16,estimate,epsEst,FY2027-06-30,7.07988
PG,2026-05-17,estimate,epsEst,FY2027-06-30,7.085
PG,2026-08-15,estimate,epsEst,FY2028-06-30,7.40022
PG,2026-08-08,estimate,epsEst,FY2028-06-30,7.4101
PG,2026-07-16,estimate,epsEst,FY2028-06-30,7.4372
PG,2026-06-16,estimate,epsEst,FY2028-06-30,7.49537
PG,2026-05-17,estimate,epsEst,FY2028-06-30,7.49725
PG,2026-08-15,estimate,epsEstAvg,FQ2026-09-30,1.88694
PG,2026-08-15,estimate,epsEstLow,FQ2026-09-30,1.85
PG,2026-08-15,estimate,epsEstHigh,FQ2026-09-30,2.0
PG,2026-08-15,estimate,epsEstAnalysts,FQ2026-09-30,19.0
PG,2026-08-15,estimate,epsEstGrowth,FQ2026-09-30,-0.051799998
PG,2026-08-15,estimate,epsEstAvg,FQ2026-12-31,1.88086
PG,2026-08-15,estimate,epsEstLow,FQ2026-12-31,1.81192
PG,2026-08-15,estimate,epsEstHigh,FQ2026-12-31,1.93
PG,2026-08-15,estimate,epsEstAnalysts,FQ2026-12-31,19.0
PG,2026-08-15,estimate,epsEstGrowth,FQ2026-12-31,0.0005
PG,2026-08-15,estimate,epsEstAvg,FY2027-06-30,6.99447
PG,2026-08-15,estimate,epsEstLow,FY2027-06-30,6.89
PG,2026-08-15,estimate,epsEstHigh,FY2027-06-30,7.25
PG,2026-08-15,estimate,epsEstAnalysts,FY2027-06-30,24.0
PG,2026-08-15,estimate,epsEstGrowth,FY2027-06-30,0.0152
PG,2026-08-15,estimate,epsEstAvg,FY2028-06-30,7.40022
PG,2026-08-15,estimate,epsEstLow,FY2028-06-30,7.07
PG,2026-08-15,estimate,epsEstHigh,FY2028-06-30,7.55
PG,2026-08-15,estimate,epsEstAnalysts,FY2028-06-30,23.0
PG,2026-08-15,estimate,epsEstGrowth,FY2028-06-30,0.058000002
PG,2026-08-15,estimate,revEstAvg,FQ2026-09-30,22749226910.0
PG,2026-08-15,estimate,revEstLow,FQ2026-09-30,22499700000.0
PG,2026-08-15,estimate,revEstHigh,FQ2026-09-30,22907315000.0
PG,2026-08-15,estimate,revEstAnalysts,FQ2026-09-30,14.0
PG,2026-08-15,estimate,revEstGrowth,FQ2026-09-30,0.0162
PG,2026-08-15,estimate,revEstAvg,FQ2026-12-31,22692120250.0
PG,2026-08-15,estimate,revEstLow,FQ2026-12-31,22472000000.0
PG,2026-08-15,estimate,revEstHigh,FQ2026-12-31,22826000000.0
PG,2026-08-15,estimate,revEstAnalysts,FQ2026-12-31,14.0
PG,2026-08-15,estimate,revEstGrowth,FQ2026-12-31,0.0218
PG,2026-08-15,estimate,revEstAvg,FY2027-06-30,88745440150.0
PG,2026-08-15,estimate,revEstLow,FY2027-06-30,88060000000.0
PG,2026-08-15,estimate,revEstHigh,FY2027-06-30,89522000000.0
PG,2026-08-15,estimate,revEstAnalysts,FY2027-06-30,22.0
PG,2026-08-15,estimate,revEstGrowth,FY2027-06-30,0.0197
PG,2026-08-15,estimate,revEstAvg,FY2028-06-30,91480564340.0
PG,2026-08-15,estimate,revEstLow,FY2028-06-30,89772000000.0
PG,2026-08-15,estimate,revEstHigh,FY2028-06-30,94502000000.0
PG,2026-08-15,estimate,revEstAnalysts,FY2028-06-30,22.0
PG,2026-08-15,estimate,revEstGrowth,FY2028-06-30,0.0308
PG,2026-08-15,estimate,epsRevUp7,FQ2026-09-30,0.0
PG,2026-08-15,estimate,epsRevUp30,FQ2026-09-30,0.0
PG,2026-08-15,estimate,epsRevDown7,FQ2026-09-30,3.0
PG,2026-08-15,estimate,epsRevDown30,FQ2026-09-30,9.0
PG,2026-08-15,estimate,epsRevUp7,FQ2026-12-31,0.0
PG,2026-08-15,estimate,epsRevUp30,FQ2026-12-31,1.0
PG,2026-08-15,estimate,epsRevDown7,FQ2026-12-31,3.0
PG,2026-08-15,estimate,epsRevDown30,FQ2026-12-31,7.0
PG,2026-08-15,estimate,epsRevUp7,FY2027-06-30,2.0
PG,2026-08-15,estimate,epsRevUp30,FY2027-06-30,4.0
PG,2026-08-15,estimate,epsRevDown7,FY2027-06-30,2.0
PG,2026-08-15,estimate,epsRevDown30,FY2027-06-30,10.0
PG,2026-08-15,estimate,epsRevUp7,FY2028-06-30,1.0
PG,2026-08-15,estimate,epsRevUp30,FY2028-06-30,2.0
PG,2026-08-15,estimate,epsRevDown7,FY2028-06-30,4.0
PG,2026-08-15,estimate,epsRevDown30,FY2028-06-30,9.0
KO,2026-08-15,estimate,epsEst,FQ2026-09-30,0.87893
KO,2026-08-08,estimate,epsEst,FQ2026-09-30,0.87564
KO,2026-07-16,estimate,epsEst,FQ2026-09-30,0.87815
KO,2026-06-16,estimate,epsEst,FQ2026-09-30,0.87866
KO,2026-05-17,estimate,epsEst,FQ2026-09-30,0.87928
KO,2026-08-15,estimate,epsEst,FQ2026-12-31,0.59561
KO,2026-08-08,estimate,epsEst,FQ2026-12-31,0.59619
KO,2026-07-16,estimate,epsEst,FQ2026-12-31,0.59619
KO,2026-06-16,estimate,epsEst,FQ2026-12-31,0.59596
KO,2026-05-17,estimate,epsEst,FQ2026-12-31,0.59596
KO,2026-08-15,estimate,epsEst,FY2026-12-31,3.30148
KO,2026-08-08,estimate,epsEst,FY2026-12-31,3.29435
KO,2026-07-16,estimate,epsEst,FY2026-12-31,3.26737
KO,2026-06-16,estimate,epsEst,FY2026-12-31,3.26595
KO,2026-05-17,estimate,epsEst,FY2026-12-31,3.26263
KO,2026-08-15,estimate,epsEst,FY2027-12-31,3.52638
KO,2026-08-08,estimate,epsEst,FY2027-12-31,3.52075
KO,2026-07-16,estimate,epsEst,FY2027-12-31,3.48348
KO,2026-06-16,estimate,epsEst,FY2027-12-31,3.48363
KO,2026-05-17,estimate,epsEst,FY2027-12-31,3.47849
KO,2026-08-15,estimate,epsEstAvg,FQ2026-09-30,0.87893
KO,2026-08-15,estimate,epsEstLow,FQ2026-09-30,0.85077
KO,2026-08-15,estimate,epsEstHigh,FQ2026-09-30,0.89022
KO,2026-08-15,estimate,epsEstAnalysts,FQ2026-09-30,18.0
KO,2026-08-15,estimate,epsEstGrowth,FQ2026-09-30,0.0719
KO,2026-08-15,estimate,epsEstAvg,FQ2026-12-31,0.59561
KO,2026-08-15,estimate,epsEstLow,FQ2026-12-31,0.57
KO,2026-08-15,estimate,epsEstHigh,FQ2026-12-31,0.62521
KO,2026-08-15,estimate,epsEstAnalysts,FQ2026-12-31,18.0
KO,2026-08-15,estimate,epsEstGrowth,FQ2026-12-31,0.0269
KO,2026-08-15,estimate,epsEstAvg,FY2026-12-31,3.30148
KO,2026-08-15,estimate,epsEstLow,FY2026-12-31,3.25
KO,2026-08-15,estimate,epsEstHigh,FY2026-12-31,3.33955
KO,2026-08-15,estimate,epsEstAnalysts,FY2026-12-31,24.0
KO,2026-08-15,estimate,epsEstGrowth,FY2026-12-31,0.1005
KO,2026-08-15,estimate,epsEstAvg,FY2027-12-31,3.52638
KO,2026-08-15,estimate,epsEstLow,FY2027-12-31,3.403
KO,2026-08-15,estimate,epsEstHigh,FY2027-12-31,3.6
KO,2026-08-15,estimate,epsEstAnalysts,FY2027-12-31,24.0
KO,2026-08-15,estimate,epsEstGrowth,FY2027-12-31,0.0681
KO,2026-08-15,estimate,revEstAvg,FQ2026-09-30,12901487840.0
KO,2026-08-15,estimate,revEstLow,FQ2026-09-30,12813800000.0
KO,2026-08-15,estimate,revEstHigh,FQ2026-09-30,13029000000.0
KO,2026-08-15,estimate,revEstAnalysts,FQ2026-09-30,13.0
KO,2026-08-15,estimate,revEstGrowth,FQ2026-09-30,0.0394
KO,2026-08-15,estimate,revEstAvg,FQ2026-12-31,10963523690.0
KO,2026-08-15,estimate,revEstLow,FQ2026-12-31,10688600000.0
KO,2026-08-15,estimate,revEstHigh,FQ2026-12-31,11184300000.0
KO,2026-08-15,estimate,revEstAnalysts,FQ2026-12-31,13.0
KO,2026-08-15,estimate,revEstGrowth,FQ2026-12-31,-0.0722
KO,2026-08-15,estimate,revEstAvg,FY2026-12-31,49722511470.0
KO,2026-08-15,estimate,revEstLow,FY2026-12-31,49463882200.0
KO,2026-08-15,estimate,revEstHigh,FY2026-12-31,50040100000.0
KO,2026-08-15,estimate,revEstAnalysts,FY2026-12-31,17.0
KO,2026-08-15,estimate,revEstGrowth,FY2026-12-31,0.0345
KO,2026-08-15,estimate,revEstAvg,FY2027-12-31,49815924170.0
KO,2026-08-15,estimate,revEstLow,FY2027-12-31,48882000000.0
KO,2026-08-15,estimate,revEstHigh,FY2027-12-31,51248700000.0
KO,2026-08-15,estimate,revEstAnalysts,FY2027-12-31,18.0
KO,2026-08-15,estimate,revEstGrowth,FY2027-12-31,0.0019
KO,2026-08-15,estimate,epsRevUp7,FQ2026-09-30,1.0
KO,2026-08-15,estimate,epsRevUp30,FQ2026-09-30,2.0
KO,2026-08-15,estimate,epsRevDown7,FQ2026-09-30,3.0
KO,2026-08-15,estimate,epsRevDown30,FQ2026-09-30,6.0
KO,2026-08-15,estimate,epsRevUp7,FQ2026-12-31,2.0
KO,2026-08-15,estimate,epsRevUp30,FQ2026-12-31,3.0
KO,2026-08-15,estimate,epsRevDown7,FQ2026-12-31,1.0
KO,2026-08-15,estimate,epsRevDown30,FQ2026-12-31,3.0
KO,2026-08-15,estimate,epsRevUp7,FY2026-12-31,1.0
KO,2026-08-15,estimate,epsRevUp30,FY2026-12-31,3.0
KO,2026-08-15,estimate,epsRevDown7,FY2026-12-31,2.0
KO,2026-08-15,estimate,epsRevDown30,FY2026-12-31,5.0
KO,2026-08-15,estimate,epsRevUp7,FY2027-12-31,1.0
KO,2026-08-15,estimate,epsRevUp30,FY2027-12-31,4.0
KO,2026-08-15,estimate,epsRevDown7,FY2027-12-31,2.0
KO,2026-08-15,estimate,epsRevDown30,FY2027-12-31,4.0
PEP,2026-08-15,estimate,epsEst,FQ2026-09-30,2.29973
PEP,2026-08-08,estimate,epsEst,FQ2026-09-30,2.29973
PEP,2026-07-16,estimate,epsEst,FQ2026-09-30,2.43305
PEP,2026-06-16,estimate,epsEst,FQ2026-09-30,2.44265
PEP,2026-05-17,estimate,epsEst,FQ2026-09-30,2.44265
PEP,2026-08-15,estimate,epsEst,FQ2026-12-31,2.43651
PEP,2026-08-08,estimate,epsEst,FQ2026-12-31,2.43651
PEP,2026-07-16,estimate,epsEst,FQ2026-12-31,2.41201
PEP,2026-06-16,estimate,epsEst,FQ2026-12-31,2.41404
PEP,2026-05-17,estimate,epsEst,FQ2026-12-31,2.41404
PEP,2026-08-15,estimate,epsEst,FY2026-12-31,8.55981
PEP,2026-08-08,estimate,epsEst,FY2026-12-31,8.56459
PEP,2026-07-16,estimate,epsEst,FY2026-12-31,8.64959
PEP,2026-06-16,estimate,epsEst,FY2026-12-31,8.66028
PEP,2026-05-17,estimate,epsEst,FY2026-12-31,8.65945
PEP,2026-08-15,estimate,epsEst,FY2027-12-31,8.97844
PEP,2026-08-08,estimate,epsEst,FY2027-12-31,8.9867
PEP,2026-07-16,estimate,epsEst,FY2027-12-31,9.10219
PEP,2026-06-16,estimate,epsEst,FY2027-12-31,9.14746
PEP,2026-05-17,estimate,epsEst,FY2027-12-31,9.15301
PEP,2026-08-15,estimate,epsEstAvg,FQ2026-09-30,2.29973
PEP,2026-08-15,estimate,epsEstLow,FQ2026-09-30,2.26
PEP,2026-08-15,estimate,epsEstHigh,FQ2026-09-30,2.33
PEP,2026-08-15,estimate,epsEstAnalysts,FQ2026-09-30,17.0
PEP,2026-08-15,estimate,epsEstGrowth,FQ2026-09-30,0.0042
PEP,2026-08-15,estimate,epsEstAvg,FQ2026-12-31,2.43651
PEP,2026-08-15,estimate,epsEstLow,FQ2026-12-31,2.35
PEP,2026-08-15,estimate,epsEstHigh,FQ2026-12-31,2.55
PEP,2026-08-15,estimate,epsEstAnalysts,FQ2026-12-31,17.0
PEP,2026-08-15,estimate,epsEstGrowth,FQ2026-12-31,0.078099996
PEP,2026-08-15,estimate,epsEstAvg,FY2026-12-31,8.55981
PEP,2026-08-15,estimate,epsEstLow,FY2026-12-31,8.44
PEP,2026-08-15,estimate,epsEstHigh,FY2026-12-31,8.68
PEP,2026-08-15,estimate,epsEstAnalysts,FY2026-12-31,23.0
PEP,2026-08-15,estimate,epsEstGrowth,FY2026-12-31,0.051599998
PEP,2026-08-15,estimate,epsEstAvg,FY2027-12-31,8.97844
PEP,2026-08-15,estimate,epsEstLow,FY2027-12-31,8.59
PEP,2026-08-15,estimate,epsEstHigh,FY2027-12-31,9.25
PEP,2026-08-15,estimate,epsEstAnalysts,FY2027-12-31,23.0
PEP,2026-08-15,estimate,epsEstGrowth,FY2027-12-31,0.048899997
PEP,2026-08-15,estimate,revEstAvg,FQ2026-09-30,25009337460.0
PEP,2026-08-15,estimate,revEstLow,FQ2026-09-30,24653205000.0
PEP,2026-08-15,estimate,revEstHigh,FQ2026-09-30,25412200000.0
PEP,2026-08-15,estimate,revEstAnalysts,FQ2026-09-30,14.0
PEP,2026-08-15,estimate,revEstGrowth,FQ2026-09-30,0.0448
PEP,2026-08-15,estimate,revEstAvg,FQ2026-12-31,30385180150.0
PEP,2026-08-15,estimate,revEstLow,FQ2026-12-31,29849780000.0
PEP,2026-08-15,estimate,revEstHigh,FQ2026-12-31,30977700000.0
PEP,2026-08-15,estimate,revEstAnalysts,FQ2026-12-31,14.0
PEP,2026-08-15,estimate,revEstGrowth,FQ2026-12-31,0.0355
PEP,2026-08-15,estimate,revEstAvg,FY2026-12-31,98954475110.0
PEP,2026-08-15,estimate,revEstLow,FY2026-12-31,97926000000.0
PEP,2026-08-15,estimate,revEstHigh,FY2026-12-31,100014000000.0
PEP,2026-08-15,estimate,revEstAnalysts,FY2026-12-31,21.0
PEP,2026-08-15,estimate,revEstGrowth,FY2026-12-31,0.0535
PEP,2026-08-15,estimate,revEstAvg,FY2027-12-31,101862021770.0
PEP,2026-08-15,estimate,revEstLow,FY2027-12-31,100886000000.0
PEP,2026-08-15,estimate,revEstHigh,FY2027-12-31,103729000000.0
PEP,2026-08-15,estimate,revEstAnalysts,FY2027-12-31,21.0
PEP,2026-08-15,estimate,revEstGrowth,FY2027-12-31,0.0294
PEP,2026-08-15,estimate,epsRevUp7,FQ2026-09-30,0.0
PEP,2026-08-15,estimate,epsRevUp30,FQ2026-09-30,0.0
PEP,2026-08-15,estimate,epsRevDown7,FQ2026-09-30,15.0
PEP,2026-08-15,estimate,epsRevDown30,FQ2026-09-30,15.0
PEP,2026-08-15,estimate,epsRevUp7,FQ2026-12-31,12.0
PEP,2026-08-15,estimate,epsRevUp30,FQ2026-12-31,11.0
PEP,2026-08-15,estimate,epsRevDown7,FQ2026-12-31,2.0
PEP,2026-08-15,estimate,epsRevDown30,FQ2026-12-31,3.0
PEP,2026-08-15,estimate,epsRevUp7,FY2026-12-31,1.0
PEP,2026-08-15,estimate,epsRevUp30,FY2026-12-31,1.0
PEP,2026-08-15,estimate,epsRevDown7,FY2026-12-31,16.0
PEP,2026-08-15,estimate,epsRevDown30,FY2026-12-31,18.0
PEP,2026-08-15,estimate,epsRevUp7,FY2027-12-31,1.0
PEP,2026-08-15,estimate,epsRevUp30,FY2027-12-31,1.0
PEP,2026-08-15,estimate,epsRevDown7,FY2027-12-31,19.0
PEP,2026-08-15,estimate,epsRevDown30,FY2027-12-31,19.0
PM,2026-08-15,estimate,epsEst,FQ2026-09-30,2.24951
PM,2026-08-08,estimate,epsEst,FQ2026-09-30,2.4257
PM,2026-07-16,estimate,epsEst,FQ2026-09-30,2.43136
PM,2026-06-16,estimate,epsEst,FQ2026-09-30,2.43256
PM,2026-05-17,estimate,epsEst,FQ2026-09-30,2.42779
PM,2026-08-15,estimate,epsEst,FQ2026-12-31,1.95632
PM,2026-08-08,estimate,epsEst,FQ2026-12-31,1.97116
PM,2026-07-16,estimate,epsEst,FQ2026-12-31,1.99288
PM,2026-06-16,estimate,epsEst,FQ2026-12-31,1.9649
PM,2026-05-17,estimate,epsEst,FQ2026-12-31,1.96076
PM,2026-08-15,estimate,epsEst,FY2026-12-31,8.38096
PM,2026-08-08,estimate,epsEst,FY2026-12-31,8.37035
PM,2026-07-16,estimate,epsEst,FY2026-12-31,8.41514
PM,2026-06-16,estimate,epsEst,FY2026-12-31,8.40883
PM,2026-05-17,estimate,epsEst,FY2026-12-31,8.40961
PM,2026-08-15,estimate,epsEst,FY2027-12-31,9.16878
PM,2026-08-08,estimate,epsEst,FY2027-12-31,9.143
PM,2026-07-16,estimate,epsEst,FY2027-12-31,9.12466
PM,2026-06-16,estimate,epsEst,FY2027-12-31,9.13959
PM,2026-05-17,estimate,epsEst,FY2027-12-31,9.13703
PM,2026-08-15,estimate,epsEstAvg,FQ2026-09-30,2.24951
PM,2026-08-15,estimate,epsEstLow,FQ2026-09-30,2.23
PM,2026-08-15,estimate,epsEstHigh,FQ2026-09-30,2.30605
PM,2026-08-15,estimate,epsEstAnalysts,FQ2026-09-30,10.0
PM,2026-08-15,estimate,epsEstGrowth,FQ2026-09-30,0.0042
PM,2026-08-15,estimate,epsEstAvg,FQ2026-12-31,1.95632
PM,2026-08-15,estimate,epsEstLow,FQ2026-12-31,1.91
PM,2026-08-15,estimate,epsEstHigh,FQ2026-12-31,2.03
PM,2026-08-15,estimate,epsEstAnalysts,FQ2026-12-31,10.0
PM,2026-08-15,estimate,epsEstGrowth,FQ2026-12-31,0.1508
PM,2026-08-15,estimate,epsEstAvg,FY2026-12-31,8.38096
PM,2026-08-15,estimate,epsEstLow,FY2026-12-31,8.29
PM,2026-08-15,estimate,epsEstHigh,FY2026-12-31,8.59
PM,2026-08-15,estimate,epsEstAnalysts,FY2026-12-31,15.0
PM,2026-08-15,estimate,epsEstGrowth,FY2026-12-31,0.111499995
PM,2026-08-15,estimate,epsEstAvg,FY2027-12-31,9.16878
PM,2026-08-15,estimate,epsEstLow,FY2027-12-31,8.78
PM,2026-08-15,estimate,epsEstHigh,FY2027-12-31,9.5
PM,2026-08-15,estimate,epsEstAnalysts,FY2027-12-31,16.0
PM,2026-08-15,estimate,epsEstGrowth,FY2027-12-31,0.094
PM,2026-08-15,estimate,revEstAvg,FQ2026-09-30,11199866400.0
PM,2026-08-15,estimate,revEstLow,FQ2026-09-30,10830000000.0
PM,2026-08-15,estimate,revEstHigh,FQ2026-09-30,11436801220.0
PM,2026-08-15,estimate,revEstAnalysts,FQ2026-09-30,10.0
PM,2026-08-15,estimate,revEstGrowth,FQ2026-09-30,0.0327
PM,2026-08-15,estimate,revEstAvg,FQ2026-12-31,10996027020.0
PM,2026-08-15,estimate,revEstLow,FQ2026-12-31,10815927310.0
PM,2026-08-15,estimate,revEstHigh,FQ2026-12-31,11288214000.0
PM,2026-08-15,estimate,revEstAnalysts,FQ2026-12-31,10.0
PM,2026-08-15,estimate,revEstGrowth,FQ2026-12-31,0.0612
PM,2026-08-15,estimate,revEstAvg,FY2026-12-31,43454634250.0
PM,2026-08-15,estimate,revEstLow,FY2026-12-31,43119000000.0
PM,2026-08-15,estimate,revEstHigh,FY2026-12-31,43792175090.0
PM,2026-08-15,estimate,revEstAnalysts,FY2026-12-31,13.0
PM,2026-08-15,estimate,revEstGrowth,FY2026-12-31,0.069
PM,2026-08-15,estimate,revEstAvg,FY2027-12-31,45976358980.0
PM,2026-08-15,estimate,revEstLow,FY2027-12-31,45188000000.0
PM,2026-08-15,estimate,revEstHigh,FY2027-12-31,46792391000.0
PM,2026-08-15,estimate,revEstAnalysts,FY2027-12-31,14.0
PM,2026-08-15,estimate,revEstGrowth,FY2027-12-31,0.058000002
PM,2026-08-15,estimate,epsRevUp7,FQ2026-09-30,0.0
PM,2026-08-15,estimate,epsRevUp30,FQ2026-09-30,0.0
PM,2026-08-15,estimate,epsRevDown7,FQ2026-09-30,7.0
PM,2026-08-15,estimate,epsRevDown30,FQ2026-09-30,7.0
PM,2026-08-15,estimate,epsRevUp7,FQ2026-12-31,2.0
PM,2026-08-15,estimate,epsRevUp30,FQ2026-12-31,2.0
PM,2026-08-15,estimate,epsRevDown7,FQ2026-12-31,4.0
PM,2026-08-15,estimate,epsRevDown30,FQ2026-12-31,4.0
PM,2026-08-15,estimate,epsRevUp7,FY2026-12-31,0.0
PM,2026-08-15,estimate,epsRevUp30,FY2026-12-31,0.0
PM,2026-08-15,estimate,epsRevDown7,FY2026-12-31,6.0
PM,2026-08-15,estimate,epsRevDown30,FY2026-12-31,9.0
PM,2026-08-15,estimate,epsRevUp7,FY2027-12-31,1.0
PM,2026-08-15,estimate,epsRevUp30,FY2027-12-31,2.0
PM,2026-08-15,estimate,epsRevDown7,FY2027-12-31,4.0
PM,2026-08-15,estimate,epsRevDown30,FY2027-12-31,7.0
MO,2026-08-15,estimate,epsEst,FQ2026-09-30,1.50777
MO,2026-08-08,estimate,epsEst,FQ2026-09-30,1.50545
MO,2026-07-16,estimate,epsEst,FQ2026-09-30,1.50521
MO,2026-06-16,estimate,epsEst,FQ2026-09-30,1.50384
MO,2026-05-17,estimate,epsEst,FQ2026-09-30,1.5052
MO,2026-08-15,estimate,epsEst,FQ2026-12-31,1.37085
MO,2026-08-08,estimate,epsEst,FQ2026-12-31,1.37334
MO,2026-07-16,estimate,epsEst,FQ2026-12-31,1.37581
MO,2026-06-16,estimate,epsEst,FQ2026-12-31,1.37495
MO,2026-05-17,estimate,epsEst,FQ2026-12-31,1.38231
MO,2026-08-15,estimate,epsEst,FY2026-12-31,5.67712
MO,2026-08-08,estimate,epsEst,FY2026-12-31,5.67367
MO,2026-07-16,estimate,epsEst,FY2026-12-31,5.68395
MO,2026-06-16,estimate,epsEst,FY2026-12-31,5.67869
MO,2026-05-17,estimate,epsEst,FY2026-12-31,5.66815
MO,2026-08-15,estimate,epsEst,FY2027-12-31,5.86403
MO,2026-08-08,estimate,epsEst,FY2027-12-31,5.86711
MO,2026-07-16,estimate,epsEst,FY2027-12-31,5.87716
MO,2026-06-16,estimate,epsEst,FY2027-12-31,5.87357
MO,2026-05-17,estimate,epsEst,FY2027-12-31,5.8648
MO,2026-08-15,estimate,epsEstAvg,FQ2026-09-30,1.50777
MO,2026-08-15,estimate,epsEstLow,FQ2026-09-30,1.48
MO,2026-08-15,estimate,epsEstHigh,FQ2026-09-30,1.53
MO,2026-08-15,estimate,epsEstAnalysts,FQ2026-09-30,11.0
MO,2026-08-15,estimate,epsEstGrowth,FQ2026-09-30,0.0398
MO,2026-08-15,estimate,epsEstAvg,FQ2026-12-31,1.37085
MO,2026-08-15,estimate,epsEstLow,FQ2026-12-31,1.32
MO,2026-08-15,estimate,epsEstHigh,FQ2026-12-31,1.4143
MO,2026-08-15,estimate,epsEstAnalysts,FQ2026-12-31,11.0
MO,2026-08-15,estimate,epsEstGrowth,FQ2026-12-31,0.0545
MO,2026-08-15,estimate,epsEstAvg,FY2026-12-31,5.67712
MO,2026-08-15,estimate,epsEstLow,FY2026-12-31,5.63
MO,2026-08-15,estimate,epsEstHigh,FY2026-12-31,5.72073
MO,2026-08-15,estimate,epsEstAnalysts,FY2026-12-31,12.0
MO,2026-08-15,estimate,epsEstGrowth,FY2026-12-31,0.047399998
MO,2026-08-15,estimate,epsEstAvg,FY2027-12-31,5.86403
MO,2026-08-15,estimate,epsEstLow,FY2027-12-31,5.67
MO,2026-08-15,estimate,epsEstHigh,FY2027-12-31,6.08659
MO,2026-08-15,estimate,epsEstAnalysts,FY2027-12-31,14.0
MO,2026-08-15,estimate,epsEstGrowth,FY2027-12-31,0.032899998
MO,2026-08-15,estimate,revEstAvg,FQ2026-09-30,5316054820.0
MO,2026-08-15,estimate,revEstLow,FQ2026-09-30,5272000000.0
MO,2026-08-15,estimate,revEstHigh,FQ2026-09-30,5372926020.0
MO,2026-08-15,estimate,revEstAnalysts,FQ2026-09-30,10.0
MO,2026-08-15,estimate,revEstGrowth,FQ2026-09-30,0.0124
MO,2026-08-15,estimate,revEstAvg,FQ2026-12-31,5118880750.0
MO,2026-08-15,estimate,revEstLow,FQ2026-12-31,5041957000.0
MO,2026-08-15,estimate,revEstHigh,FQ2026-12-31,5220000000.0
MO,2026-08-15,estimate,revEstAnalysts,FQ2026-12-31,10.0
MO,2026-08-15,estimate,revEstGrowth,FQ2026-12-31,0.007900001
MO,2026-08-15,estimate,revEstAvg,FY2026-12-31,20576741400.0
MO,2026-08-15,estimate,revEstLow,FY2026-12-31,20428881000.0
MO,2026-08-15,estimate,revEstHigh,FY2026-12-31,20801000000.0
MO,2026-08-15,estimate,revEstAnalysts,FY2026-12-31,12.0
MO,2026-08-15,estimate,revEstGrowth,FY2026-12-31,0.0217
MO,2026-08-15,estimate,revEstAvg,FY2027-12-31,20758538660.0
MO,2026-08-15,estimate,revEstLow,FY2027-12-31,20524853650.0
MO,2026-08-15,estimate,revEstHigh,FY2027-12-31,21116000000.0
MO,2026-08-15,estimate,revEstAnalysts,FY2027-12-31,12.0
MO,2026-08-15,estimate,revEstGrowth,FY2027-12-31,0.0088
MO,2026-08-15,estimate,epsRevUp7,FQ2026-09-30,0.0
MO,2026-08-15,estimate,epsRevUp30,FQ2026-09-30,6.0
MO,2026-08-15,estimate,epsRevDown7,FQ2026-09-30,1.0
MO,2026-08-15,estimate,epsRevDown30,FQ2026-09-30,2.0
MO,2026-08-15,estimate,epsRevUp7,FQ2026-12-31,1.0
MO,2026-08-15,estimate,epsRevUp30,FQ2026-12-31,5.0
MO,2026-08-15,estimate,epsRevDown7,FQ2026-12-31,0.0
MO,2026-08-15,estimate,epsRevDown30,FQ2026-12-31,5.0
MO,2026-08-15,estimate,epsRevUp7,FY2026-12-31,1.0
MO,2026-08-15,estimate,epsRevUp30,FY2026-12-31,5.0
MO,2026-08-15,estimate,epsRevDown7,FY2026-12-31,0.0
MO,2026-08-15,estimate,epsRevDown30,FY2026-12-31,5.0
MO,2026-08-15,estimate,epsRevUp7,FY2027-12-31,3.0
MO,2026-08-15,estimate,epsRevUp30,FY2027-12-31,3.0
MO,2026-08-15,estimate,epsRevDown7,FY2027-12-31,4.0
MO,2026-08-15,estimate,epsRevDown30,FY2027-12-31,6.0
MDLZ,2026-08-15,estimate,epsEst,FQ2026-09-30,0.72385
MDLZ,2026-08-08,estimate,epsEst,FQ2026-09-30,0.76012
MDLZ,2026-07-16,estimate,epsEst,FQ2026-09-30,0.81434
MDLZ,2026-06-16,estimate,epsEst,FQ2026-09-30,0.82257
MDLZ,2026-05-17,estimate,epsEst,FQ2026-09-30,0.82576
MDLZ,2026-08-15,estimate,epsEst,FQ2026-12-31,0.92723
MDLZ,2026-08-08,estimate,epsEst,FQ2026-12-31,0.93603
MDLZ,2026-07-16,estimate,epsEst,FQ2026-12-31,0.89864
MDLZ,2026-06-16,estimate,epsEst,FQ2026-12-31,0.8904
MDLZ,2026-05-17,estimate,epsEst,FQ2026-12-31,0.88871
MDLZ,2026-08-15,estimate,epsEst,FY2026-12-31,3.0459
MDLZ,2026-08-08,estimate,epsEst,FY2026-12-31,3.04566
MDLZ,2026-07-16,estimate,epsEst,FY2026-12-31,3.05124
MDLZ,2026-06-16,estimate,epsEst,FY2026-12-31,3.05459
MDLZ,2026-05-17,estimate,epsEst,FY2026-12-31,3.05601
MDLZ,2026-08-15,estimate,epsEst,FY2027-12-31,3.36055
MDLZ,2026-08-08,estimate,epsEst,FY2027-12-31,3.35907
MDLZ,2026-07-16,estimate,epsEst,FY2027-12-31,3.37612
MDLZ,2026-06-16,estimate,epsEst,FY2027-12-31,3.38628
MDLZ,2026-05-17,estimate,epsEst,FY2027-12-31,3.38963
MDLZ,2026-08-15,estimate,epsEstAvg,FQ2026-09-30,0.72385
MDLZ,2026-08-15,estimate,epsEstLow,FQ2026-09-30,0.661
MDLZ,2026-08-15,estimate,epsEstHigh,FQ2026-09-30,0.78
MDLZ,2026-08-15,estimate,epsEstAnalysts,FQ2026-09-30,17.0
MDLZ,2026-08-15,estimate,epsEstGrowth,FQ2026-09-30,-0.0084
MDLZ,2026-08-15,estimate,epsEstAvg,FQ2026-12-31,0.92723
MDLZ,2026-08-15,estimate,epsEstLow,FQ2026-12-31,0.83
MDLZ,2026-08-15,estimate,epsEstHigh,FQ2026-12-31,0.98857
MDLZ,2026-08-15,estimate,epsEstAnalysts,FQ2026-12-31,17.0
MDLZ,2026-08-15,estimate,epsEstGrowth,FQ2026-12-31,0.2878
MDLZ,2026-08-15,estimate,epsEstAvg,FY2026-12-31,3.0459
MDLZ,2026-08-15,estimate,epsEstLow,FY2026-12-31,3.0
MDLZ,2026-08-15,estimate,epsEstHigh,FY2026-12-31,3.10473
MDLZ,2026-08-15,estimate,epsEstAnalysts,FY2026-12-31,24.0
MDLZ,2026-08-15,estimate,epsEstGrowth,FY2026-12-31,0.0431
MDLZ,2026-08-15,estimate,epsEstAvg,FY2027-12-31,3.36055
MDLZ,2026-08-15,estimate,epsEstLow,FY2027-12-31,3.24
MDLZ,2026-08-15,estimate,epsEstHigh,FY2027-12-31,3.49
MDLZ,2026-08-15,estimate,epsEstAnalysts,FY2027-12-31,24.0
MDLZ,2026-08-15,estimate,epsEstGrowth,FY2027-12-31,0.1033
MDLZ,2026-08-15,estimate,revEstAvg,FQ2026-09-30,9998577640.0
MDLZ,2026-08-15,estimate,revEstLow,FQ2026-09-30,9909600000.0
MDLZ,2026-08-15,estimate,revEstHigh,FQ2026-09-30,10258000000.0
MDLZ,2026-08-15,estimate,revEstAnalysts,FQ2026-09-30,14.0
MDLZ,2026-08-15,estimate,revEstGrowth,FQ2026-09-30,0.026099999
MDLZ,2026-08-15,estimate,revEstAvg,FQ2026-12-31,10788022000.0
MDLZ,2026-08-15,estimate,revEstLow,FQ2026-12-31,10714470000.0
MDLZ,2026-08-15,estimate,revEstHigh,FQ2026-12-31,11131000000.0
MDLZ,2026-08-15,estimate,revEstAnalysts,FQ2026-12-31,14.0
MDLZ,2026-08-15,estimate,revEstGrowth,FQ2026-12-31,0.0278
MDLZ,2026-08-15,estimate,revEstAvg,FY2026-12-31,40118214830.0
MDLZ,2026-08-15,estimate,revEstLow,FY2026-12-31,38848840000.0
MDLZ,2026-08-15,estimate,revEstHigh,FY2026-12-31,40824000000.0
MDLZ,2026-08-15,estimate,revEstAnalysts,FY2026-12-31,22.0
MDLZ,2026-08-15,estimate,revEstGrowth,FY2026-12-31,0.040999997
MDLZ,2026-08-15,estimate,revEstAvg,FY2027-12-31,41294297230.0
MDLZ,2026-08-15,estimate,revEstLow,FY2027-12-31,40402420000.0
MDLZ,2026-08-15,estimate,revEstHigh,FY2027-12-31,42850000000.0
MDLZ,2026-08-15,estimate,revEstAnalysts,FY2027-12-31,22.0
MDLZ,2026-08-15,estimate,revEstGrowth,FY2027-12-31,0.0293
MDLZ,2026-08-15,estimate,epsRevUp7,FQ2026-09-30,0.0
MDLZ,2026-08-15,estimate,epsRevUp30,FQ2026-09-30,0.0
MDLZ,2026-08-15,estimate,epsRevDown7,FQ2026-09-30,3.0
MDLZ,2026-08-15,estimate,epsRevDown30,FQ2026-09-30,10.0
MDLZ,2026-08-15,estimate,epsRevUp7,FQ2026-12-31,2.0
MDLZ,2026-08-15,estimate,epsRevUp30,FQ2026-12-31,9.0
MDLZ,2026-08-15,estimate,epsRevDown7,FQ2026-12-31,0.0
MDLZ,2026-08-15,estimate,epsRevDown30,FQ2026-12-31,0.0
MDLZ,2026-08-15,estimate,epsRevUp7,FY2026-12-31,1.0
MDLZ,2026-08-15,estimate,epsRevUp30,FY2026-12-31,2.0
MDLZ,2026-08-15,estimate,epsRevDown7,FY2026-12-31,2.0
MDLZ,2026-08-15,estimate,epsRevDown30,FY2026-12-31,8.0
MDLZ,2026-08-15,estimate,epsRevUp7,FY2027-12-31,0.0
MDLZ,2026-08-15,estimate,epsRevUp30,FY2027-12-31,1.0
MDLZ,2026-08-15,estimate,epsRevDown7,FY2027-12-31,2.0
MDLZ,2026-08-15,estimate,epsRevDown30,FY2027-12-31,7.0
CL,2026-08-15,estimate,epsEst,FQ2026-09-30,0.92963
CL,2026-08-08,estimate,epsEst,FQ2026-09-30,0.92235
CL,2026-07-16,estimate,epsEst,FQ2026-09-30,0.92216
CL,2026-06-16,estimate,epsEst,FQ2026-09-30,0.92128
CL,2026-05-17,estimate,epsEst,FQ2026-09-30,0.9227
CL,2026-08-15,estimate,epsEst,FQ2026-12-31,0.96789
CL,2026-08-08,estimate,epsEst,FQ2026-12-31,0.96071
CL,2026-07-16,estimate,epsEst,FQ2026-12-31,0.95611
CL,2026-06-16,estimate,epsEst,FQ2026-12-31,0.95486
CL,2026-05-17,estimate,epsEst,FQ2026-12-31,0.95585
CL,2026-08-15,estimate,epsEst,FY2026-12-31,3.87377
CL,2026-08-08,estimate,epsEst,FY2026-12-31,3.81412
CL,2026-07-16,estimate,epsEst,FY2026-12-31,3.81262
CL,2026-06-16,estimate,epsEst,FY2026-12-31,3.81129
CL,2026-05-17,estimate,epsEst,FY2026-12-31,3.81641
CL,2026-08-15,estimate,epsEst,FY2027-12-31,4.10002
CL,2026-08-08,estimate,epsEst,FY2027-12-31,4.05314
CL,2026-07-16,estimate,epsEst,FY2027-12-31,4.04277
CL,2026-06-16,estimate,epsEst,FY2027-12-31,4.04109
CL,2026-05-17,estimate,epsEst,FY2027-12-31,4.04926
CL,2026-08-15,estimate,epsEstAvg,FQ2026-09-30,0.92963
CL,2026-08-15,estimate,epsEstLow,FQ2026-09-30,0.89
CL,2026-08-15,estimate,epsEstHigh,FQ2026-09-30,0.958
CL,2026-08-15,estimate,epsEstAnalysts,FQ2026-09-30,17.0
CL,2026-08-15,estimate,epsEstGrowth,FQ2026-09-30,0.0216
CL,2026-08-15,estimate,epsEstAvg,FQ2026-12-31,0.96789
CL,2026-08-15,estimate,epsEstLow,FQ2026-12-31,0.93
CL,2026-08-15,estimate,epsEstHigh,FQ2026-12-31,0.99
CL,2026-08-15,estimate,epsEstAnalysts,FQ2026-12-31,17.0
CL,2026-08-15,estimate,epsEstGrowth,FQ2026-12-31,0.0188
CL,2026-08-15,estimate,epsEstAvg,FY2026-12-31,3.87377
CL,2026-08-15,estimate,epsEstLow,FY2026-12-31,3.83
CL,2026-08-15,estimate,epsEstHigh,FY2026-12-31,4.02
CL,2026-08-15,estimate,epsEstAnalysts,FY2026-12-31,20.0
CL,2026-08-15,estimate,epsEstGrowth,FY2026-12-31,0.0498
CL,2026-08-15,estimate,epsEstAvg,FY2027-12-31,4.10002
CL,2026-08-15,estimate,epsEstLow,FY2027-12-31,4.0
CL,2026-08-15,estimate,epsEstHigh,FY2027-12-31,4.23
CL,2026-08-15,estimate,epsEstAnalysts,FY2027-12-31,20.0
CL,2026-08-15,estimate,epsEstGrowth,FY2027-12-31,0.0584
CL,2026-08-15,estimate,revEstAvg,FQ2026-09-30,5339315850.0
CL,2026-08-15,estimate,revEstLow,FQ2026-09-30,5294120000.0
CL,2026-08-15,estimate,revEstHigh,FQ2026-09-30,5384300000.0
CL,2026-08-15,estimate,revEstAnalysts,FQ2026-09-30,13.0
CL,2026-08-15,estimate,revEstGrowth,FQ2026-09-30,0.040599998
CL,2026-08-15,estimate,revEstAvg,FQ2026-12-31,5400889620.0
CL,2026-08-15,estimate,revEstLow,FQ2026-12-31,5365849000.0
CL,2026-08-15,estimate,revEstHigh,FQ2026-12-31,5448000000.0
CL,2026-08-15,estimate,revEstAnalysts,FQ2026-12-31,13.0
CL,2026-08-15,estimate,revEstGrowth,FQ2026-12-31,0.0327
CL,2026-08-15,estimate,revEstAvg,FY2026-12-31,21400585430.0
CL,2026-08-15,estimate,revEstLow,FY2026-12-31,21029000000.0
CL,2026-08-15,estimate,revEstHigh,FY2026-12-31,21504400000.0
CL,2026-08-15,estimate,revEstAnalysts,FY2026-12-31,18.0
CL,2026-08-15,estimate,revEstGrowth,FY2026-12-31,0.05
CL,2026-08-15,estimate,revEstAvg,FY2027-12-31,22059555180.0
CL,2026-08-15,estimate,revEstLow,FY2027-12-31,21673000000.0
CL,2026-08-15,estimate,revEstHigh,FY2027-12-31,22374431400.0
CL,2026-08-15,estimate,revEstAnalysts,FY2027-12-31,18.0
CL,2026-08-15,estimate,revEstGrowth,FY2027-12-31,0.0308
CL,2026-08-15,estimate,epsRevUp7,FQ2026-09-30,2.0
CL,2026-08-15,estimate,epsRevUp30,FQ2026-09-30,2.0
CL,2026-08-15,estimate,epsRevDown7,FQ2026-09-30,2.0
CL,2026-08-15,estimate,epsRevDown30,FQ2026-09-30,2.0
CL,2026-08-15,estimate,epsRevUp7,FQ2026-12-31,4.0
CL,2026-08-15,estimate,epsRevUp30,FQ2026-12-31,5.0
CL,2026-08-15,estimate,epsRevDown7,FQ2026-12-31,1.0
CL,2026-08-15,estimate,epsRevDown30,FQ2026-12-31,1.0
CL,2026-08-15,estimate,epsRevUp7,FY2026-12-31,3.0
CL,2026-08-15,estimate,epsRevUp30,FY2026-12-31,4.0
CL,2026-08-15,estimate,epsRevDown7,FY2026-12-31,2.0
CL,2026-08-15,estimate,epsRevDown30,FY2026-12-31,3.0
CL,2026-08-15,estimate,epsRevUp7,FY2027-12-31,3.0
CL,2026-08-15,estimate,epsRevUp30,FY2027-12-31,6.0
CL,2026-08-15,estimate,epsRevDown7,FY2027-12-31,2.0
CL,2026-08-15,estimate,epsRevDown30,FY2027-12-31,3.0
KMB,2026-08-15,estimate,epsEst,FQ2026-09-30,1.67431
KMB,2026-08-08,estimate,epsEst,FQ2026-09-30,1.80037
KMB,2026-07-16,estimate,epsEst,FQ2026-09-30,1.80292
KMB,2026-06-16,estimate,epsEst,FQ2026-09-30,1.80615
KMB,2026-05-17,estimate,epsEst,FQ2026-09-30,1.80615
KMB,2026-08-15,estimate,epsEst,FQ2026-12-31,1.68299
KMB,2026-08-08,estimate,epsEst,FQ2026-12-31,1.74685
KMB,2026-07-16,estimate,epsEst,FQ2026-12-31,1.74617
KMB,2026-06-16,estimate,epsEst,FQ2026-12-31,1.74818
KMB,2026-05-17,estimate,epsEst,FQ2026-12-31,1.74818
KMB,2026-08-15,estimate,epsEst,FY2026-12-31,7.45322
KMB,2026-08-08,estimate,epsEst,FY2026-12-31,7.53751
KMB,2026-07-16,estimate,epsEst,FY2026-12-31,7.53965
KMB,2026-06-16,estimate,epsEst,FY2026-12-31,7.5387
KMB,2026-05-17,estimate,epsEst,FY2026-12-31,7.5387
KMB,2026-08-15,estimate,epsEst,FY2027-12-31,7.49511
KMB,2026-08-08,estimate,epsEst,FY2027-12-31,7.55722
KMB,2026-07-16,estimate,epsEst,FY2027-12-31,7.5655
KMB,2026-06-16,estimate,epsEst,FY2027-12-31,7.57679
KMB,2026-05-17,estimate,epsEst,FY2027-12-31,7.57679
KMB,2026-08-15,estimate,epsEstAvg,FQ2026-09-30,1.67431
KMB,2026-08-15,estimate,epsEstLow,FQ2026-09-30,1.62
KMB,2026-08-15,estimate,epsEstHigh,FQ2026-09-30,1.79
KMB,2026-08-15,estimate,epsEstAnalysts,FQ2026-09-30,13.0
KMB,2026-08-15,estimate,epsEstGrowth,FQ2026-09-30,-0.08
KMB,2026-08-15,estimate,epsEstAvg,FQ2026-12-31,1.68299
KMB,2026-08-15,estimate,epsEstLow,FQ2026-12-31,1.63
KMB,2026-08-15,estimate,epsEstHigh,FQ2026-12-31,1.74522
KMB,2026-08-15,estimate,epsEstAnalysts,FQ2026-12-31,13.0
KMB,2026-08-15,estimate,epsEstGrowth,FQ2026-12-31,-0.0952
KMB,2026-08-15,estimate,epsEstAvg,FY2026-12-31,7.45322
KMB,2026-08-15,estimate,epsEstLow,FY2026-12-31,7.38
KMB,2026-08-15,estimate,epsEstHigh,FY2026-12-31,7.51
KMB,2026-08-15,estimate,epsEstAnalysts,FY2026-12-31,16.0
KMB,2026-08-15,estimate,epsEstGrowth,FY2026-12-31,-0.010199999
KMB,2026-08-15,estimate,epsEstAvg,FY2027-12-31,7.49511
KMB,2026-08-15,estimate,epsEstLow,FY2027-12-31,7.19858
KMB,2026-08-15,estimate,epsEstHigh,FY2027-12-31,7.8399
KMB,2026-08-15,estimate,epsEstAnalysts,FY2027-12-31,14.0
KMB,2026-08-15,estimate,epsEstGrowth,FY2027-12-31,0.0056
KMB,2026-08-15,estimate,revEstAvg,FQ2026-09-30,4166958300.0
KMB,2026-08-15,estimate,revEstLow,FQ2026-09-30,4149210000.0
KMB,2026-08-15,estimate,revEstHigh,FQ2026-09-30,4184000000.0
KMB,2026-08-15,estimate,revEstAnalysts,FQ2026-09-30,10.0
KMB,2026-08-15,estimate,revEstGrowth,FQ2026-09-30,0.0041
KMB,2026-08-15,estimate,revEstAvg,FQ2026-12-31,4129451800.0
KMB,2026-08-15,estimate,revEstLow,FQ2026-12-31,4101670000.0
KMB,2026-08-15,estimate,revEstHigh,FQ2026-12-31,4164100000.0
KMB,2026-08-15,estimate,revEstAnalysts,FQ2026-12-31,10.0
KMB,2026-08-15,estimate,revEstGrowth,FQ2026-12-31,0.0121
KMB,2026-08-15,estimate,revEstAvg,FY2026-12-31,16656677500.0
KMB,2026-08-15,estimate,revEstLow,FY2026-12-31,16602880000.0
KMB,2026-08-15,estimate,revEstHigh,FY2026-12-31,16756228000.0
KMB,2026-08-15,estimate,revEstAnalysts,FY2026-12-31,12.0
KMB,2026-08-15,estimate,revEstGrowth,FY2026-12-31,0.0127
KMB,2026-08-15,estimate,revEstAvg,FY2027-12-31,17132070049.0
KMB,2026-08-15,estimate,revEstLow,FY2027-12-31,16952000000.0
KMB,2026-08-15,estimate,revEstHigh,FY2027-12-31,17326512130.0
KMB,2026-08-15,estimate,revEstAnalysts,FY2027-12-31,12.0
KMB,2026-08-15,estimate,revEstGrowth,FY2027-12-31,0.028499998
KMB,2026-08-15,estimate,epsRevUp7,FQ2026-09-30,0.0
KMB,2026-08-15,estimate,epsRevUp30,FQ2026-09-30,1.0
KMB,2026-08-15,estimate,epsRevDown7,FQ2026-09-30,12.0
KMB,2026-08-15,estimate,epsRevDown30,FQ2026-09-30,11.0
KMB,2026-08-15,estimate,epsRevUp7,FQ2026-12-31,2.0
KMB,2026-08-15,estimate,epsRevUp30,FQ2026-12-31,3.0
KMB,2026-08-15,estimate,epsRevDown7,FQ2026-12-31,3.0
KMB,2026-08-15,estimate,epsRevDown30,FQ2026-12-31,5.0
KMB,2026-08-15,estimate,epsRevUp7,FY2026-12-31,0.0
KMB,2026-08-15,estimate,epsRevUp30,FY2026-12-31,1.0
KMB,2026-08-15,estimate,epsRevDown7,FY2026-12-31,13.0
KMB,2026-08-15,estimate,epsRevDown30,FY2026-12-31,13.0
KMB,2026-08-15,estimate,epsRevUp7,FY2027-12-31,2.0
KMB,2026-08-15,estimate,epsRevUp30,FY2027-12-31,2.0
KMB,2026-08-15,estimate,epsRevDown7,FY2027-12-31,3.0
KMB,2026-08-15,estimate,epsRevDown30,FY2027-12-31,7.0
MCD,2026-08-15,estimate,epsEst,FQ2026-09-30,3.39735
MCD,2026-08-08,estimate,epsEst,FQ2026-09-30,3.42581
MCD,2026-07-16,estimate,epsEst,FQ2026-09-30,3.45181
MCD,2026-06-16,estimate,epsEst,FQ2026-09-30,3.4534
MCD,2026-05-17,estimate,epsEst,FQ2026-09-30,0.0
MCD,2026-08-15,estimate,epsEst,FQ2026-12-31,3.30117
MCD,2026-08-08,estimate,epsEst,FQ2026-12-31,3.3411
MCD,2026-07-16,estimate,epsEst,FQ2026-12-31,3.36717
MCD,2026-06-16,estimate,epsEst,FQ2026-12-31,3.36449
MCD,2026-05-17,estimate,epsEst,FQ2026-12-31,0.0
MCD,2026-08-15,estimate,epsEst,FY2026-12-31,12.9284
MCD,2026-08-08,estimate,epsEst,FY2026-12-31,12.91542
MCD,2026-07-16,estimate,epsEst,FY2026-12-31,12.9808
MCD,2026-06-16,estimate,epsEst,FY2026-12-31,12.98565
MCD,2026-05-17,estimate,epsEst,FY2026-12-31,12.9815
MCD,2026-08-15,estimate,epsEst,FY2027-12-31,13.9943
MCD,2026-08-08,estimate,epsEst,FY2027-12-31,14.11592
MCD,2026-07-16,estimate,epsEst,FY2027-12-31,14.22039
MCD,2026-06-16,estimate,epsEst,FY2027-12-31,14.21973
MCD,2026-05-17,estimate,epsEst,FY2027-12-31,0.0
MCD,2026-08-15,estimate,epsEstAvg,FQ2026-09-30,3.39735
MCD,2026-08-15,estimate,epsEstLow,FQ2026-09-30,3.25
MCD,2026-08-15,estimate,epsEstHigh,FQ2026-09-30,3.54
MCD,2026-08-15,estimate,epsEstAnalysts,FQ2026-09-30,26.0
MCD,2026-08-15,estimate,epsEstGrowth,FQ2026-09-30,0.0551
MCD,2026-08-15,estimate,epsEstAvg,FQ2026-12-31,3.30117
MCD,2026-08-15,estimate,epsEstLow,FQ2026-12-31,3.06
MCD,2026-08-15,estimate,epsEstHigh,FQ2026-12-31,3.5
MCD,2026-08-15,estimate,epsEstAnalysts,FQ2026-12-31,26.0
MCD,2026-08-15,estimate,epsEstGrowth,FQ2026-12-31,0.0581
MCD,2026-08-15,estimate,epsEstAvg,FY2026-12-31,12.9284
MCD,2026-08-15,estimate,epsEstLow,FY2026-12-31,12.53
MCD,2026-08-15,estimate,epsEstHigh,FY2026-12-31,13.23
MCD,2026-08-15,estimate,epsEstAnalysts,FY2026-12-31,30.0
MCD,2026-08-15,estimate,epsEstGrowth,FY2026-12-31,0.059699997
MCD,2026-08-15,estimate,epsEstAvg,FY2027-12-31,13.9943
MCD,2026-08-15,estimate,epsEstLow,FY2027-12-31,13.52
MCD,2026-08-15,estimate,epsEstHigh,FY2027-12-31,15.0
MCD,2026-08-15,estimate,epsEstAnalysts,FY2027-12-31,32.0
MCD,2026-08-15,estimate,epsEstGrowth,FY2027-12-31,0.082399994
MCD,2026-08-15,estimate,revEstAvg,FQ2026-09-30,7324683230.0
MCD,2026-08-15,estimate,revEstLow,FQ2026-09-30,7164000000.0
MCD,2026-08-15,estimate,revEstHigh,FQ2026-09-30,7403806200.0
MCD,2026-08-15,estimate,revEstAnalysts,FQ2026-09-30,25.0
MCD,2026-08-15,estimate,revEstGrowth,FQ2026-09-30,0.0349
MCD,2026-08-15,estimate,revEstAvg,FQ2026-12-31,7288748620.0
MCD,2026-08-15,estimate,revEstLow,FQ2026-12-31,7148900000.0
MCD,2026-08-15,estimate,revEstHigh,FQ2026-12-31,7428300000.0
MCD,2026-08-15,estimate,revEstAnalysts,FQ2026-12-31,25.0
MCD,2026-08-15,estimate,revEstGrowth,FQ2026-12-31,0.0399
MCD,2026-08-15,estimate,revEstAvg,FY2026-12-31,28199555090.0
MCD,2026-08-15,estimate,revEstLow,FY2026-12-31,27758000000.0
MCD,2026-08-15,estimate,revEstHigh,FY2026-12-31,28495684650.0
MCD,2026-08-15,estimate,revEstAnalysts,FY2026-12-31,29.0
MCD,2026-08-15,estimate,revEstGrowth,FY2026-12-31,0.048899997
MCD,2026-08-15,estimate,revEstAvg,FY2027-12-31,29649152510.0
MCD,2026-08-15,estimate,revEstLow,FY2027-12-31,28736800000.0
MCD,2026-08-15,estimate,revEstHigh,FY2027-12-31,30610300000.0
MCD,2026-08-15,estimate,revEstAnalysts,FY2027-12-31,32.0
MCD,2026-08-15,estimate,revEstGrowth,FY2027-12-31,0.0514
MCD,2026-08-15,estimate,epsRevUp7,FQ2026-09-30,0.0
MCD,2026-08-15,estimate,epsRevUp30,FQ2026-09-30,1.0
MCD,2026-08-15,estimate,epsRevDown7,FQ2026-09-30,3.0
MCD,2026-08-15,estimate,epsRevDown30,FQ2026-09-30,10.0
MCD,2026-08-15,estimate,epsRevUp7,FQ2026-12-31,1.0
MCD,2026-08-15,estimate,epsRevUp30,FQ2026-12-31,2.0
MCD,2026-08-15,estimate,epsRevDown7,FQ2026-12-31,1.0
MCD,2026-08-15,estimate,epsRevDown30,FQ2026-12-31,8.0
MCD,2026-08-15,estimate,epsRevUp7,FY2026-12-31,0.0
MCD,2026-08-15,estimate,epsRevUp30,FY2026-12-31,1.0
MCD,2026-08-15,estimate,epsRevDown7,FY2026-12-31,3.0
MCD,2026-08-15,estimate,epsRevDown30,FY2026-12-31,12.0
MCD,2026-08-15,estimate,epsRevUp7,FY2027-12-31,0.0
MCD,2026-08-15,estimate,epsRevUp30,FY2027-12-31,1.0
MCD,2026-08-15,estimate,epsRevDown7,FY2027-12-31,3.0
MCD,2026-08-15,estimate,epsRevDown30,FY2027-12-31,13.0
SBUX,2026-08-15,estimate,epsEst,FQ2026-09-30,0.69936
SBUX,2026-08-08,estimate,epsEst,FQ2026-09-30,0.69628
SBUX,2026-07-16,estimate,epsEst,FQ2026-09-30,0.67686
SBUX,2026-06-16,estimate,epsEst,FQ2026-09-30,0.67717
SBUX,2026-05-17,estimate,epsEst,FQ2026-09-30,0.67416
SBUX,2026-08-15,estimate,epsEst,FQ2026-12-31,0.75295
SBUX,2026-08-08,estimate,epsEst,FQ2026-12-31,0.7589
SBUX,2026-07-16,estimate,epsEst,FQ2026-12-31,0.76472
SBUX,2026-06-16,estimate,epsEst,FQ2026-12-31,0.76213
SBUX,2026-05-17,estimate,epsEst,FQ2026-12-31,0.75625
SBUX,2026-08-15,estimate,epsEst,FY2026-09-30,2.59046
SBUX,2026-08-08,estimate,epsEst,FY2026-09-30,2.57798
SBUX,2026-07-16,estimate,epsEst,FY2026-09-30,2.3831
SBUX,2026-06-16,estimate,epsEst,FY2026-09-30,2.38247
SBUX,2026-05-17,estimate,epsEst,FY2026-09-30,2.3774
SBUX,2026-08-15,estimate,epsEst,FY2027-09-30,3.11404
SBUX,2026-08-08,estimate,epsEst,FY2027-09-30,3.11011
SBUX,2026-07-16,estimate,epsEst,FY2027-09-30,3.00733
SBUX,2026-06-16,estimate,epsEst,FY2027-09-30,3.01103
SBUX,2026-05-17,estimate,epsEst,FY2027-09-30,2.99705
SBUX,2026-08-15,estimate,epsEstAvg,FQ2026-09-30,0.69936
SBUX,2026-08-15,estimate,epsEstLow,FQ2026-09-30,0.56
SBUX,2026-08-15,estimate,epsEstHigh,FQ2026-09-30,0.76
SBUX,2026-08-15,estimate,epsEstAnalysts,FQ2026-09-30,28.0
SBUX,2026-08-15,estimate,epsEstGrowth,FQ2026-09-30,0.3449
SBUX,2026-08-15,estimate,epsEstAvg,FQ2026-12-31,0.75295
SBUX,2026-08-15,estimate,epsEstLow,FQ2026-12-31,0.67
SBUX,2026-08-15,estimate,epsEstHigh,FQ2026-12-31,0.81
SBUX,2026-08-15,estimate,epsEstAnalysts,FQ2026-12-31,17.0
SBUX,2026-08-15,estimate,epsEstGrowth,FQ2026-12-31,0.3446
SBUX,2026-08-15,estimate,epsEstAvg,FY2026-09-30,2.59046
SBUX,2026-08-15,estimate,epsEstLow,FY2026-09-30,2.32
SBUX,2026-08-15,estimate,epsEstHigh,FY2026-09-30,2.69
SBUX,2026-08-15,estimate,epsEstAnalysts,FY2026-09-30,33.0
SBUX,2026-08-15,estimate,epsEstGrowth,FY2026-09-30,0.21620001
SBUX,2026-08-15,estimate,epsEstAvg,FY2027-09-30,3.11404
SBUX,2026-08-15,estimate,epsEstLow,FY2027-09-30,2.9
SBUX,2026-08-15,estimate,epsEstHigh,FY2027-09-30,3.44
SBUX,2026-08-15,estimate,epsEstAnalysts,FY2027-09-30,33.0
SBUX,2026-08-15,estimate,epsEstGrowth,FY2027-09-30,0.2021
SBUX,2026-08-15,estimate,revEstAvg,FQ2026-09-30,9223785270.0
SBUX,2026-08-15,estimate,revEstLow,FQ2026-09-30,8851300000.0
SBUX,2026-08-15,estimate,revEstHigh,FQ2026-09-30,9442600000.0
SBUX,2026-08-15,estimate,revEstAnalysts,FQ2026-09-30,26.0
SBUX,2026-08-15,estimate,revEstGrowth,FQ2026-09-30,-0.0361
SBUX,2026-08-15,estimate,revEstAvg,FQ2026-12-31,9607637560.0
SBUX,2026-08-15,estimate,revEstLow,FQ2026-12-31,9341000000.0
SBUX,2026-08-15,estimate,revEstHigh,FQ2026-12-31,9800000000.0
SBUX,2026-08-15,estimate,revEstAnalysts,FQ2026-12-31,16.0
SBUX,2026-08-15,estimate,revEstGrowth,FQ2026-12-31,-0.031
SBUX,2026-08-15,estimate,revEstAvg,FY2026-09-30,37987867110.0
SBUX,2026-08-15,estimate,revEstLow,FY2026-09-30,37620600000.0
SBUX,2026-08-15,estimate,revEstHigh,FY2026-09-30,38237000000.0
SBUX,2026-08-15,estimate,revEstAnalysts,FY2026-09-30,31.0
SBUX,2026-08-15,estimate,revEstGrowth,FY2026-09-30,0.0216
SBUX,2026-08-15,estimate,revEstAvg,FY2027-09-30,38641372580.0
SBUX,2026-08-15,estimate,revEstLow,FY2027-09-30,37084000000.0
SBUX,2026-08-15,estimate,revEstHigh,FY2027-09-30,39865000000.0
SBUX,2026-08-15,estimate,revEstAnalysts,FY2027-09-30,31.0
SBUX,2026-08-15,estimate,revEstGrowth,FY2027-09-30,0.0172
SBUX,2026-08-15,estimate,epsRevUp7,FQ2026-09-30,18.0
SBUX,2026-08-15,estimate,epsRevUp30,FQ2026-09-30,18.0
SBUX,2026-08-15,estimate,epsRevDown7,FQ2026-09-30,3.0
SBUX,2026-08-15,estimate,epsRevDown30,FQ2026-09-30,1.0
SBUX,2026-08-15,estimate,epsRevUp7,FQ2026-12-31,8.0
SBUX,2026-08-15,estimate,epsRevUp30,FQ2026-12-31,6.0
SBUX,2026-08-15,estimate,epsRevDown7,FQ2026-12-31,5.0
SBUX,2026-08-15,estimate,epsRevDown30,FQ2026-12-31,7.0
SBUX,2026-08-15,estimate,epsRevUp7,FY2026-09-30,28.0
SBUX,2026-08-15,estimate,epsRevUp30,FY2026-09-30,28.0
SBUX,2026-08-15,estimate,epsRevDown7,FY2026-09-30,0.0
SBUX,2026-08-15,estimate,epsRevDown30,FY2026-09-30,0.0
SBUX,2026-08-15,estimate,epsRevUp7,FY2027-09-30,24.0
SBUX,2026-08-15,estimate,epsRevUp30,FY2027-09-30,25.0
SBUX,2026-08-15,estimate,epsRevDown7,FY2027-09-30,1.0
SBUX,2026-08-15,estimate,epsRevDown30,FY2027-09-30,1.0
CMG,2026-08-15,estimate,epsEst,FQ2026-09-30,0.29017
CMG,2026-08-08,estimate,epsEst,FQ2026-09-30,0.28845
CMG,2026-07-16,estimate,epsEst,FQ2026-09-30,0.28903
CMG,2026-06-16,estimate,epsEst,FQ2026-09-30,0.28928
CMG,2026-05-17,estimate,epsEst,FQ2026-09-30,0.28938
CMG,2026-08-15,estimate,epsEst,FQ2026-12-31,0.28423
CMG,2026-08-08,estimate,epsEst,FQ2026-12-31,0.27894
CMG,2026-07-16,estimate,epsEst,FQ2026-12-31,0.27807
CMG,2026-06-16,estimate,epsEst,FQ2026-12-31,0.2782
CMG,2026-05-17,estimate,epsEst,FQ2026-12-31,0.27805
CMG,2026-08-15,estimate,epsEst,FY2026-12-31,1.14951
CMG,2026-08-08,estimate,epsEst,FY2026-12-31,1.13466
CMG,2026-07-16,estimate,epsEst,FY2026-12-31,1.1337
CMG,2026-06-16,estimate,epsEst,FY2026-12-31,1.13404
CMG,2026-05-17,estimate,epsEst,FY2026-12-31,1.13361
CMG,2026-08-15,estimate,epsEst,FY2027-12-31,1.36838
CMG,2026-08-08,estimate,epsEst,FY2027-12-31,1.35411
CMG,2026-07-16,estimate,epsEst,FY2027-12-31,1.35533
CMG,2026-06-16,estimate,epsEst,FY2027-12-31,1.35654
CMG,2026-05-17,estimate,epsEst,FY2027-12-31,1.35796
CMG,2026-08-15,estimate,epsEstAvg,FQ2026-09-30,0.29017
CMG,2026-08-15,estimate,epsEstLow,FQ2026-09-30,0.28
CMG,2026-08-15,estimate,epsEstHigh,FQ2026-09-30,0.30258
CMG,2026-08-15,estimate,epsEstAnalysts,FQ2026-09-30,31.0
CMG,2026-08-15,estimate,epsEstGrowth,FQ2026-09-30,0.00059999997
CMG,2026-08-15,estimate,epsEstAvg,FQ2026-12-31,0.28423
CMG,2026-08-15,estimate,epsEstLow,FQ2026-12-31,0.2592
CMG,2026-08-15,estimate,epsEstHigh,FQ2026-12-31,0.31
CMG,2026-08-15,estimate,epsEstAnalysts,FQ2026-12-31,31.0
CMG,2026-08-15,estimate,epsEstGrowth,FQ2026-12-31,0.1369
CMG,2026-08-15,estimate,epsEstAvg,FY2026-12-31,1.14951
CMG,2026-08-15,estimate,epsEstLow,FY2026-12-31,1.1138
CMG,2026-08-15,estimate,epsEstHigh,FY2026-12-31,1.22
CMG,2026-08-15,estimate,epsEstAnalysts,FY2026-12-31,33.0
CMG,2026-08-15,estimate,epsEstGrowth,FY2026-12-31,-0.0175
CMG,2026-08-15,estimate,epsEstAvg,FY2027-12-31,1.36838
CMG,2026-08-15,estimate,epsEstLow,FY2027-12-31,1.27
CMG,2026-08-15,estimate,epsEstHigh,FY2027-12-31,1.46
CMG,2026-08-15,estimate,epsEstAnalysts,FY2027-12-31,34.0
CMG,2026-08-15,estimate,epsEstGrowth,FY2027-12-31,0.1904
CMG,2026-08-15,estimate,revEstAvg,FQ2026-09-30,3277809190.0
CMG,2026-08-15,estimate,revEstLow,FQ2026-09-30,3243815570.0
CMG,2026-08-15,estimate,revEstHigh,FQ2026-09-30,3310700000.0
CMG,2026-08-15,estimate,revEstAnalysts,FQ2026-09-30,28.0
CMG,2026-08-15,estimate,revEstGrowth,FQ2026-09-30,0.091400005
CMG,2026-08-15,estimate,revEstAvg,FQ2026-12-31,3306184820.0
CMG,2026-08-15,estimate,revEstLow,FQ2026-12-31,3262000000.0
CMG,2026-08-15,estimate,revEstHigh,FQ2026-12-31,3389900000.0
CMG,2026-08-15,estimate,revEstAnalysts,FQ2026-12-31,28.0
CMG,2026-08-15,estimate,revEstGrowth,FQ2026-12-31,0.1082
CMG,2026-08-15,estimate,revEstAvg,FY2026-12-31,13019437160.0
CMG,2026-08-15,estimate,revEstLow,FY2026-12-31,12906000000.0
CMG,2026-08-15,estimate,revEstHigh,FY2026-12-31,13137500000.0
CMG,2026-08-15,estimate,revEstAnalysts,FY2026-12-31,31.0
CMG,2026-08-15,estimate,revEstGrowth,FY2026-12-31,0.0917
CMG,2026-08-15,estimate,revEstAvg,FY2027-12-31,14418956730.0
CMG,2026-08-15,estimate,revEstLow,FY2027-12-31,14089722880.0
CMG,2026-08-15,estimate,revEstHigh,FY2027-12-31,14888964540.0
CMG,2026-08-15,estimate,revEstAnalysts,FY2027-12-31,32.0
CMG,2026-08-15,estimate,revEstGrowth,FY2027-12-31,0.1075
CMG,2026-08-15,estimate,epsRevUp7,FQ2026-09-30,1.0
CMG,2026-08-15,estimate,epsRevUp30,FQ2026-09-30,3.0
CMG,2026-08-15,estimate,epsRevDown7,FQ2026-09-30,3.0
CMG,2026-08-15,estimate,epsRevDown30,FQ2026-09-30,7.0
CMG,2026-08-15,estimate,epsRevUp7,FQ2026-12-31,1.0
CMG,2026-08-15,estimate,epsRevUp30,FQ2026-12-31,5.0
CMG,2026-08-15,estimate,epsRevDown7,FQ2026-12-31,1.0
CMG,2026-08-15,estimate,epsRevDown30,FQ2026-12-31,2.0
CMG,2026-08-15,estimate,epsRevUp7,FY2026-12-31,2.0
CMG,2026-08-15,estimate,epsRevUp30,FY2026-12-31,6.0
CMG,2026-08-15,estimate,epsRevDown7,FY2026-12-31,2.0
CMG,2026-08-15,estimate,epsRevDown30,FY2026-12-31,5.0
CMG,2026-08-15,estimate,epsRevUp7,FY2027-12-31,3.0
CMG,2026-08-15,estimate,epsRevUp30,FY2027-12-31,7.0
CMG,2026-08-15,estimate,epsRevDown7,FY2027-12-31,2.0
CMG,2026-08-15,estimate,epsRevDown30,FY2027-12-31,6.0
YUM,2026-08-15,estimate,epsEst,FQ2026-09-30,1.57035
YUM,2026-08-08,estimate,epsEst,FQ2026-09-30,1.57635
YUM,2026-07-16,estimate,epsEst,FQ2026-09-30,1.69524
YUM,2026-06-16,estimate,epsEst,FQ2026-09-30,1.69698
YUM,2026-05-17,estimate,epsEst,FQ2026-09-30,1.6983
YUM,2026-08-15,estimate,epsEst,FQ2026-12-31,1.94821
YUM,2026-08-08,estimate,epsEst,FQ2026-12-31,1.94821
YUM,2026-07-16,estimate,epsEst,FQ2026-12-31,1.99982
YUM,2026-06-16,estimate,epsEst,FQ2026-12-31,1.99753
YUM,2026-05-17,estimate,epsEst,FQ2026-12-31,1.99283
YUM,2026-08-15,estimate,epsEst,FY2026-12-31,6.64587
YUM,2026-08-08,estimate,epsEst,FY2026-12-31,6.64773
YUM,2026-07-16,estimate,epsEst,FY2026-12-31,6.78628
YUM,2026-06-16,estimate,epsEst,FY2026-12-31,6.77696
YUM,2026-05-17,estimate,epsEst,FY2026-12-31,6.7636
YUM,2026-08-15,estimate,epsEst,FY2027-12-31,7.46147
YUM,2026-08-08,estimate,epsEst,FY2027-12-31,7.43175
YUM,2026-07-16,estimate,epsEst,FY2027-12-31,7.4762
YUM,2026-06-16,estimate,epsEst,FY2027-12-31,7.49465
YUM,2026-05-17,estimate,epsEst,FY2027-12-31,7.49678
YUM,2026-08-15,estimate,epsEstAvg,FQ2026-09-30,1.57035
YUM,2026-08-15,estimate,epsEstLow,FQ2026-09-30,1.38
YUM,2026-08-15,estimate,epsEstHigh,FQ2026-09-30,1.67
YUM,2026-08-15,estimate,epsEstAnalysts,FQ2026-09-30,20.0
YUM,2026-08-15,estimate,epsEstGrowth,FQ2026-09-30,-0.0061000003
YUM,2026-08-15,estimate,epsEstAvg,FQ2026-12-31,1.94821
YUM,2026-08-15,estimate,epsEstLow,FQ2026-12-31,1.62
YUM,2026-08-15,estimate,epsEstHigh,FQ2026-12-31,2.09
YUM,2026-08-15,estimate,epsEstAnalysts,FQ2026-12-31,16.0
YUM,2026-08-15,estimate,epsEstGrowth,FQ2026-12-31,0.1261
YUM,2026-08-15,estimate,epsEstAvg,FY2026-12-31,6.64587
YUM,2026-08-15,estimate,epsEstLow,FY2026-12-31,6.26
YUM,2026-08-15,estimate,epsEstHigh,FY2026-12-31,6.83
YUM,2026-08-15,estimate,epsEstAnalysts,FY2026-12-31,17.0
YUM,2026-08-15,estimate,epsEstGrowth,FY2026-12-31,0.098500006
YUM,2026-08-15,estimate,epsEstAvg,FY2027-12-31,7.46147
YUM,2026-08-15,estimate,epsEstLow,FY2027-12-31,6.49
YUM,2026-08-15,estimate,epsEstHigh,FY2027-12-31,7.8
YUM,2026-08-15,estimate,epsEstAnalysts,FY2027-12-31,18.0
YUM,2026-08-15,estimate,epsEstGrowth,FY2027-12-31,0.122700006
YUM,2026-08-15,estimate,revEstAvg,FQ2026-09-30,2169635500.0
YUM,2026-08-15,estimate,revEstLow,FQ2026-09-30,1989346110.0
YUM,2026-08-15,estimate,revEstHigh,FQ2026-09-30,2270100000.0
YUM,2026-08-15,estimate,revEstAnalysts,FQ2026-09-30,17.0
YUM,2026-08-15,estimate,revEstGrowth,FQ2026-09-30,0.0963
YUM,2026-08-15,estimate,revEstAvg,FQ2026-12-31,2692302660.0
YUM,2026-08-15,estimate,revEstLow,FQ2026-12-31,2622000000.0
YUM,2026-08-15,estimate,revEstHigh,FQ2026-12-31,2770500000.0
YUM,2026-08-15,estimate,revEstAnalysts,FQ2026-12-31,14.0
YUM,2026-08-15,estimate,revEstGrowth,FQ2026-12-31,0.0709
YUM,2026-08-15,estimate,revEstAvg,FY2026-12-31,9085962160.0
YUM,2026-08-15,estimate,revEstLow,FY2026-12-31,8934000000.0
YUM,2026-08-15,estimate,revEstHigh,FY2026-12-31,9184600000.0
YUM,2026-08-15,estimate,revEstAnalysts,FY2026-12-31,16.0
YUM,2026-08-15,estimate,revEstGrowth,FY2026-12-31,0.1062
YUM,2026-08-15,estimate,revEstAvg,FY2027-12-31,9658412740.0
YUM,2026-08-15,estimate,revEstLow,FY2027-12-31,9490900000.0
YUM,2026-08-15,estimate,revEstHigh,FY2027-12-31,9855000000.0
YUM,2026-08-15,estimate,revEstAnalysts,FY2027-12-31,16.0
YUM,2026-08-15,estimate,revEstGrowth,FY2027-12-31,0.063
YUM,2026-08-15,estimate,epsRevUp7,FQ2026-09-30,0.0
YUM,2026-08-15,estimate,epsRevUp30,FQ2026-09-30,2.0
YUM,2026-08-15,estimate,epsRevDown7,FQ2026-09-30,3.0
YUM,2026-08-15,estimate,epsRevDown30,FQ2026-09-30,5.0
YUM,2026-08-15,estimate,epsRevUp7,FQ2026-12-31,1.0
YUM,2026-08-15,estimate,epsRevUp30,FQ2026-12-31,3.0
YUM,2026-08-15,estimate,epsRevDown7,FQ2026-12-31,3.0
YUM,2026-08-15,estimate,epsRevDown30,FQ2026-12-31,3.0
YUM,2026-08-15,estimate,epsRevUp7,FY2026-12-31,1.0
YUM,2026-08-15,estimate,epsRevUp30,FY2026-12-31,3.0
YUM,2026-08-15,estimate,epsRevDown7,FY2026-12-31,3.0
YUM,2026-08-15,estimate,epsRevDown30,FY2026-12-31,4.0
YUM,2026-08-15,estimate,epsRevUp7,FY2027-12-31,2.0
YUM,2026-08-15,estimate,epsRevUp30,FY2027-12-31,4.0
YUM,2026-08-15,estimate,epsRevDown7,FY2027-12-31,2.0
YUM,2026-08-15,estimate,epsRevDown30,FY2027-12-31,4.0
QSR,2026-08-15,estimate,epsEst,FQ2026-09-30,1.08015
QSR,2026-08-08,estimate,epsEst,FQ2026-09-30,1.07815
QSR,2026-07-16,estimate,epsEst,FQ2026-09-30,1.09169
QSR,2026-06-16,estimate,epsEst,FQ2026-09-30,1.09335
QSR,2026-05-17,estimate,epsEst,FQ2026-09-30,1.0931
QSR,2026-08-15,estimate,epsEst,FQ2026-12-31,1.04783
QSR,2026-08-08,estimate,epsEst,FQ2026-12-31,1.04683
QSR,2026-07-16,estimate,epsEst,FQ2026-12-31,1.05907
QSR,2026-06-16,estimate,epsEst,FQ2026-12-31,1.05876
QSR,2026-05-17,estimate,epsEst,FQ2026-12-31,1.05997
QSR,2026-08-15,estimate,epsEst,FY2026-12-31,4.05123
QSR,2026-08-08,estimate,epsEst,FY2026-12-31,4.05205
QSR,2026-07-16,estimate,epsEst,FY2026-12-31,4.06057
QSR,2026-06-16,estimate,epsEst,FY2026-12-31,4.05554
QSR,2026-05-17,estimate,epsEst,FY2026-12-31,4.05286
QSR,2026-08-15,estimate,epsEst,FY2027-12-31,4.42237
QSR,2026-08-08,estimate,epsEst,FY2027-12-31,4.41802
QSR,2026-07-16,estimate,epsEst,FY2027-12-31,4.43654
QSR,2026-06-16,estimate,epsEst,FY2027-12-31,4.4408
QSR,2026-05-17,estimate,epsEst,FY2027-12-31,4.44199
QSR,2026-08-15,estimate,epsEstAvg,FQ2026-09-30,1.08015
QSR,2026-08-15,estimate,epsEstLow,FQ2026-09-30,1.05
QSR,2026-08-15,estimate,epsEstHigh,FQ2026-09-30,1.15
QSR,2026-08-15,estimate,epsEstAnalysts,FQ2026-09-30,20.0
QSR,2026-08-15,estimate,epsEstGrowth,FQ2026-09-30,0.048699997
QSR,2026-08-15,estimate,epsEstAvg,FQ2026-12-31,1.04783
QSR,2026-08-15,estimate,epsEstLow,FQ2026-12-31,0.98
QSR,2026-08-15,estimate,epsEstHigh,FQ2026-12-31,1.1
QSR,2026-08-15,estimate,epsEstAnalysts,FQ2026-12-31,20.0
QSR,2026-08-15,estimate,epsEstGrowth,FQ2026-12-31,0.0915
QSR,2026-08-15,estimate,epsEstAvg,FY2026-12-31,4.05123
QSR,2026-08-15,estimate,epsEstLow,FY2026-12-31,3.88
QSR,2026-08-15,estimate,epsEstHigh,FY2026-12-31,4.24
QSR,2026-08-15,estimate,epsEstAnalysts,FY2026-12-31,22.0
QSR,2026-08-15,estimate,epsEstGrowth,FY2026-12-31,0.0979
QSR,2026-08-15,estimate,epsEstAvg,FY2027-12-31,4.42237
QSR,2026-08-15,estimate,epsEstLow,FY2027-12-31,4.15
QSR,2026-08-15,estimate,epsEstHigh,FY2027-12-31,4.71
QSR,2026-08-15,estimate,epsEstAnalysts,FY2027-12-31,23.0
QSR,2026-08-15,estimate,epsEstGrowth,FY2027-12-31,0.0916
QSR,2026-08-15,estimate,revEstAvg,FQ2026-09-30,2525261820.0
QSR,2026-08-15,estimate,revEstLow,FQ2026-09-30,2451000000.0
QSR,2026-08-15,estimate,revEstHigh,FQ2026-09-30,2614100000.0
QSR,2026-08-15,estimate,revEstAnalysts,FQ2026-09-30,20.0
QSR,2026-08-15,estimate,revEstGrowth,FQ2026-09-30,0.0311
QSR,2026-08-15,estimate,revEstAvg,FQ2026-12-31,2526122000.0
QSR,2026-08-15,estimate,revEstLow,FQ2026-12-31,2434000000.0
QSR,2026-08-15,estimate,revEstHigh,FQ2026-12-31,2610800000.0
QSR,2026-08-15,estimate,revEstAnalysts,FQ2026-12-31,20.0
QSR,2026-08-15,estimate,revEstGrowth,FQ2026-12-31,0.024400001
QSR,2026-08-15,estimate,revEstAvg,FY2026-12-31,9832127420.0
QSR,2026-08-15,estimate,revEstLow,FY2026-12-31,9609000000.0
QSR,2026-08-15,estimate,revEstHigh,FY2026-12-31,10008900000.0
QSR,2026-08-15,estimate,revEstAnalysts,FY2026-12-31,23.0
QSR,2026-08-15,estimate,revEstGrowth,FY2026-12-31,0.0422
QSR,2026-08-15,estimate,revEstAvg,FY2027-12-31,9905198400.0
QSR,2026-08-15,estimate,revEstLow,FY2027-12-31,9137600000.0
QSR,2026-08-15,estimate,revEstHigh,FY2027-12-31,10454000000.0
QSR,2026-08-15,estimate,revEstAnalysts,FY2027-12-31,23.0
QSR,2026-08-15,estimate,revEstGrowth,FY2027-12-31,0.0074
QSR,2026-08-15,estimate,epsRevUp7,FQ2026-09-30,1.0
QSR,2026-08-15,estimate,epsRevUp30,FQ2026-09-30,2.0
QSR,2026-08-15,estimate,epsRevDown7,FQ2026-09-30,8.0
QSR,2026-08-15,estimate,epsRevDown30,FQ2026-09-30,11.0
QSR,2026-08-15,estimate,epsRevUp7,FQ2026-12-31,1.0
QSR,2026-08-15,estimate,epsRevUp30,FQ2026-12-31,2.0
QSR,2026-08-15,estimate,epsRevDown7,FQ2026-12-31,7.0
QSR,2026-08-15,estimate,epsRevDown30,FQ2026-12-31,12.0
QSR,2026-08-15,estimate,epsRevUp7,FY2026-12-31,4.0
QSR,2026-08-15,estimate,epsRevUp30,FY2026-12-31,3.0
QSR,2026-08-15,estimate,epsRevDown7,FY2026-12-31,7.0
QSR,2026-08-15,estimate,epsRevDown30,FY2026-12-31,13.0
QSR,2026-08-15,estimate,epsRevUp7,FY2027-12-31,4.0
QSR,2026-08-15,estimate,epsRevUp30,FY2027-12-31,4.0
QSR,2026-08-15,estimate,epsRevDown7,FY2027-12-31,7.0
QSR,2026-08-15,estimate,epsRevDown30,FY2027-12-31,14.0
DRI,2026-08-15,estimate,epsEst,FQ2026-08-31,2.05112
DRI,2026-08-08,estimate,epsEst,FQ2026-08-31,2.05032
DRI,2026-07-16,estimate,epsEst,FQ2026-08-31,2.12008
DRI,2026-06-16,estimate,epsEst,FQ2026-08-31,2.11456
DRI,2026-05-17,estimate,epsEst,FQ2026-08-31,2.1161
DRI,2026-08-15,estimate,epsEst,FQ2026-11-30,2.28727
DRI,2026-08-08,estimate,epsEst,FQ2026-11-30,2.29087
DRI,2026-07-16,estimate,epsEst,FQ2026-11-30,2.34023
DRI,2026-06-16,estimate,epsEst,FQ2026-11-30,2.34889
DRI,2026-05-17,estimate,epsEst,FQ2026-11-30,2.34633
DRI,2026-08-15,estimate,epsEst,FY2027-05-31,11.27317
DRI,2026-08-08,estimate,epsEst,FY2027-05-31,11.27317
DRI,2026-07-16,estimate,epsEst,FY2027-05-31,11.27317
DRI,2026-06-16,estimate,epsEst,FY2027-05-31,11.36136
DRI,2026-05-17,estimate,epsEst,FY2027-05-31,11.35685
DRI,2026-08-15,estimate,epsEst,FY2028-05-31,12.38663
DRI,2026-08-08,estimate,epsEst,FY2028-05-31,12.38663
DRI,2026-07-16,estimate,epsEst,FY2028-05-31,12.39047
DRI,2026-06-16,estimate,epsEst,FY2028-05-31,12.51048
DRI,2026-05-17,estimate,epsEst,FY2028-05-31,12.49008
DRI,2026-08-15,estimate,epsEstAvg,FQ2026-08-31,2.05112
DRI,2026-08-15,estimate,epsEstLow,FQ2026-08-31,1.94
DRI,2026-08-15,estimate,epsEstHigh,FQ2026-08-31,2.15
DRI,2026-08-15,estimate,epsEstAnalysts,FQ2026-08-31,25.0
DRI,2026-08-15,estimate,epsEstGrowth,FQ2026-08-31,0.041199997
DRI,2026-08-15,estimate,epsEstAvg,FQ2026-11-30,2.28727
DRI,2026-08-15,estimate,epsEstLow,FQ2026-11-30,2.19202
DRI,2026-08-15,estimate,epsEstHigh,FQ2026-11-30,2.43
DRI,2026-08-15,estimate,epsEstAnalysts,FQ2026-11-30,25.0
DRI,2026-08-15,estimate,epsEstGrowth,FQ2026-11-30,0.0996
DRI,2026-08-15,estimate,epsEstAvg,FY2027-05-31,11.27317
DRI,2026-08-15,estimate,epsEstLow,FY2027-05-31,11.13
DRI,2026-08-15,estimate,epsEstHigh,FY2027-05-31,11.6
DRI,2026-08-15,estimate,epsEstAnalysts,FY2027-05-31,27.0
DRI,2026-08-15,estimate,epsEstGrowth,FY2027-05-31,0.059499998
DRI,2026-08-15,estimate,epsEstAvg,FY2028-05-31,12.38663
DRI,2026-08-15,estimate,epsEstLow,FY2028-05-31,12.10475
DRI,2026-08-15,estimate,epsEstHigh,FY2028-05-31,12.6
DRI,2026-08-15,estimate,epsEstAnalysts,FY2028-05-31,26.0
DRI,2026-08-15,estimate,epsEstGrowth,FY2028-05-31,0.0988
DRI,2026-08-15,estimate,revEstAvg,FQ2026-08-31,3207067680.0
DRI,2026-08-15,estimate,revEstLow,FQ2026-08-31,3160900000.0
DRI,2026-08-15,estimate,revEstHigh,FQ2026-08-31,3244100000.0
DRI,2026-08-15,estimate,revEstAnalysts,FQ2026-08-31,22.0
DRI,2026-08-15,estimate,revEstGrowth,FQ2026-08-31,0.0533
DRI,2026-08-15,estimate,revEstAvg,FQ2026-11-30,3266655420.0
DRI,2026-08-15,estimate,revEstLow,FQ2026-11-30,3219200000.0
DRI,2026-08-15,estimate,revEstHigh,FQ2026-11-30,3299000000.0
DRI,2026-08-15,estimate,revEstAnalysts,FQ2026-11-30,22.0
DRI,2026-08-15,estimate,revEstGrowth,FQ2026-11-30,0.053000003
DRI,2026-08-15,estimate,revEstAvg,FY2027-05-31,13690118690.0
DRI,2026-08-15,estimate,revEstLow,FY2027-05-31,13578900000.0
DRI,2026-08-15,estimate,revEstHigh,FY2027-05-31,13742986980.0
DRI,2026-08-15,estimate,revEstAnalysts,FY2027-05-31,25.0
DRI,2026-08-15,estimate,revEstGrowth,FY2027-05-31,0.0363
DRI,2026-08-15,estimate,revEstAvg,FY2028-05-31,14522132300.0
DRI,2026-08-15,estimate,revEstLow,FY2028-05-31,14301600000.0
DRI,2026-08-15,estimate,revEstHigh,FY2028-05-31,14680368910.0
DRI,2026-08-15,estimate,revEstAnalysts,FY2028-05-31,24.0
DRI,2026-08-15,estimate,revEstGrowth,FY2028-05-31,0.0608
DRI,2026-08-15,estimate,epsRevUp7,FQ2026-08-31,1.0
DRI,2026-08-15,estimate,epsRevUp30,FQ2026-08-31,4.0
DRI,2026-08-15,estimate,epsRevDown7,FQ2026-08-31,0.0
DRI,2026-08-15,estimate,epsRevDown30,FQ2026-08-31,16.0
DRI,2026-08-15,estimate,epsRevUp7,FQ2026-11-30,0.0
DRI,2026-08-15,estimate,epsRevUp30,FQ2026-11-30,6.0
DRI,2026-08-15,estimate,epsRevDown7,FQ2026-11-30,1.0
DRI,2026-08-15,estimate,epsRevDown30,FQ2026-11-30,13.0
DRI,2026-08-15,estimate,epsRevUp7,FY2027-05-31,2.0
DRI,2026-08-15,estimate,epsRevUp30,FY2027-05-31,4.0
DRI,2026-08-15,estimate,epsRevDown7,FY2027-05-31,22.0
DRI,2026-08-15,estimate,epsRevDown30,FY2027-05-31,21.0
DRI,2026-08-15,estimate,epsRevUp7,FY2028-05-31,0.0
DRI,2026-08-15,estimate,epsRevUp30,FY2028-05-31,2.0
DRI,2026-08-15,estimate,epsRevDown7,FY2028-05-31,1.0
DRI,2026-08-15,estimate,epsRevDown30,FY2028-05-31,11.0
TSLA,2026-08-15,estimate,epsEst,FQ2026-09-30,0.45408
TSLA,2026-08-08,estimate,epsEst,FQ2026-09-30,0.4563
TSLA,2026-07-16,estimate,epsEst,FQ2026-09-30,0.54973
TSLA,2026-06-16,estimate,epsEst,FQ2026-09-30,0.53913
TSLA,2026-05-17,estimate,epsEst,FQ2026-09-30,0.54092
TSLA,2026-08-15,estimate,epsEst,FQ2026-12-31,0.4957
TSLA,2026-08-08,estimate,epsEst,FQ2026-12-31,0.49866
TSLA,2026-07-16,estimate,epsEst,FQ2026-12-31,0.62163
TSLA,2026-06-16,estimate,epsEst,FQ2026-12-31,0.62972
TSLA,2026-05-17,estimate,epsEst,FQ2026-12-31,0.63092
TSLA,2026-08-15,estimate,epsEst,FY2026-12-31,1.78059
TSLA,2026-08-08,estimate,epsEst,FY2026-12-31,1.78859
TSLA,2026-07-16,estimate,epsEst,FY2026-12-31,2.13979
TSLA,2026-06-16,estimate,epsEst,FY2026-12-31,2.04702
TSLA,2026-05-17,estimate,epsEst,FY2026-12-31,2.036
TSLA,2026-08-15,estimate,epsEst,FY2027-12-31,2.17498
TSLA,2026-08-08,estimate,epsEst,FY2027-12-31,2.17953
TSLA,2026-07-16,estimate,epsEst,FY2027-12-31,2.5541
TSLA,2026-06-16,estimate,epsEst,FY2027-12-31,2.51608
TSLA,2026-05-17,estimate,epsEst,FY2027-12-31,2.52551
TSLA,2026-08-15,estimate,epsEstAvg,FQ2026-09-30,0.45408
TSLA,2026-08-15,estimate,epsEstLow,FQ2026-09-30,0.27
TSLA,2026-08-15,estimate,epsEstHigh,FQ2026-09-30,0.6
TSLA,2026-08-15,estimate,epsEstAnalysts,FQ2026-09-30,27.0
TSLA,2026-08-15,estimate,epsEstGrowth,FQ2026-09-30,-0.091800004
TSLA,2026-08-15,estimate,epsEstAvg,FQ2026-12-31,0.4957
TSLA,2026-08-15,estimate,epsEstLow,FQ2026-12-31,0.24
TSLA,2026-08-15,estimate,epsEstHigh,FQ2026-12-31,0.82
TSLA,2026-08-15,estimate,epsEstAnalysts,FQ2026-12-31,27.0
TSLA,2026-08-15,estimate,epsEstGrowth,FQ2026-12-31,-0.0086
TSLA,2026-08-15,estimate,epsEstAvg,FY2026-12-31,1.78059
TSLA,2026-08-15,estimate,epsEstLow,FY2026-12-31,1.25
TSLA,2026-08-15,estimate,epsEstHigh,FY2026-12-31,2.39
TSLA,2026-08-15,estimate,epsEstAnalysts,FY2026-12-31,35.0
TSLA,2026-08-15,estimate,epsEstGrowth,FY2026-12-31,0.0726
TSLA,2026-08-15,estimate,epsEstAvg,FY2027-12-31,2.17498
TSLA,2026-08-15,estimate,epsEstLow,FY2027-12-31,0.8
TSLA,2026-08-15,estimate,epsEstHigh,FY2027-12-31,3.65
TSLA,2026-08-15,estimate,epsEstAnalysts,FY2027-12-31,33.0
TSLA,2026-08-15,estimate,epsEstGrowth,FY2027-12-31,0.2215
TSLA,2026-08-15,estimate,revEstAvg,FQ2026-09-30,27537100960.0
TSLA,2026-08-15,estimate,revEstLow,FQ2026-09-30,24286500000.0
TSLA,2026-08-15,estimate,revEstHigh,FQ2026-09-30,30566000000.0
TSLA,2026-08-15,estimate,revEstAnalysts,FQ2026-09-30,29.0
TSLA,2026-08-15,estimate,revEstGrowth,FQ2026-09-30,-0.0199
TSLA,2026-08-15,estimate,revEstAvg,FQ2026-12-31,28495310660.0
TSLA,2026-08-15,estimate,revEstLow,FQ2026-12-31,25887238000.0
TSLA,2026-08-15,estimate,revEstHigh,FQ2026-12-31,32372000000.0
TSLA,2026-08-15,estimate,revEstAnalysts,FQ2026-12-31,29.0
TSLA,2026-08-15,estimate,revEstGrowth,FQ2026-12-31,0.1443
TSLA,2026-08-15,estimate,revEstAvg,FY2026-12-31,106021403390.0
TSLA,2026-08-15,estimate,revEstLow,FY2026-12-31,96453000000.0
TSLA,2026-08-15,estimate,revEstHigh,FY2026-12-31,114131060000.0
TSLA,2026-08-15,estimate,revEstAnalysts,FY2026-12-31,46.0
TSLA,2026-08-15,estimate,revEstGrowth,FY2026-12-31,0.1181
TSLA,2026-08-15,estimate,revEstAvg,FY2027-12-31,120771986210.0
TSLA,2026-08-15,estimate,revEstLow,FY2027-12-31,99741000000.0
TSLA,2026-08-15,estimate,revEstHigh,FY2027-12-31,151793000000.0
TSLA,2026-08-15,estimate,revEstAnalysts,FY2027-12-31,47.0
TSLA,2026-08-15,estimate,revEstGrowth,FY2027-12-31,0.1391
TSLA,2026-08-15,estimate,epsRevUp7,FQ2026-09-30,2.0
TSLA,2026-08-15,estimate,epsRevUp30,FQ2026-09-30,4.0
TSLA,2026-08-15,estimate,epsRevDown7,FQ2026-09-30,17.0
TSLA,2026-08-15,estimate,epsRevDown30,FQ2026-09-30,15.0
TSLA,2026-08-15,estimate,epsRevUp7,FQ2026-12-31,2.0
TSLA,2026-08-15,estimate,epsRevUp30,FQ2026-12-31,3.0
TSLA,2026-08-15,estimate,epsRevDown7,FQ2026-12-31,17.0
TSLA,2026-08-15,estimate,epsRevDown30,FQ2026-12-31,16.0
TSLA,2026-08-15,estimate,epsRevUp7,FY2026-12-31,1.0
TSLA,2026-08-15,estimate,epsRevUp30,FY2026-12-31,7.0
TSLA,2026-08-15,estimate,epsRevDown7,FY2026-12-31,2.0
TSLA,2026-08-15,estimate,epsRevDown30,FY2026-12-31,18.0
TSLA,2026-08-15,estimate,epsRevUp7,FY2027-12-31,2.0
TSLA,2026-08-15,estimate,epsRevUp30,FY2027-12-31,4.0
TSLA,2026-08-15,estimate,epsRevDown7,FY2027-12-31,2.0
TSLA,2026-08-15,estimate,epsRevDown30,FY2027-12-31,19.0
GM,2026-08-15,estimate,epsEst,FQ2026-09-30,3.5433
GM,2026-08-08,estimate,epsEst,FQ2026-09-30,3.5433
GM,2026-07-16,estimate,epsEst,FQ2026-09-30,3.24136
GM,2026-06-16,estimate,epsEst,FQ2026-09-30,3.25953
GM,2026-05-17,estimate,epsEst,FQ2026-09-30,3.26508
GM,2026-08-15,estimate,epsEst,FQ2026-12-31,2.74852
GM,2026-08-08,estimate,epsEst,FQ2026-12-31,2.74852
GM,2026-07-16,estimate,epsEst,FQ2026-12-31,2.7892
GM,2026-06-16,estimate,epsEst,FQ2026-12-31,2.85095
GM,2026-05-17,estimate,epsEst,FQ2026-12-31,2.84206
GM,2026-08-15,estimate,epsEst,FY2026-12-31,13.38804
GM,2026-08-08,estimate,epsEst,FY2026-12-31,13.38804
GM,2026-07-16,estimate,epsEst,FY2026-12-31,12.7863
GM,2026-06-16,estimate,epsEst,FY2026-12-31,12.83987
GM,2026-05-17,estimate,epsEst,FY2026-12-31,12.77769
GM,2026-08-15,estimate,epsEst,FY2027-12-31,14.70702
GM,2026-08-08,estimate,epsEst,FY2027-12-31,14.70702
GM,2026-07-16,estimate,epsEst,FY2027-12-31,14.16181
GM,2026-06-16,estimate,epsEst,FY2027-12-31,14.07583
GM,2026-05-17,estimate,epsEst,FY2027-12-31,14.04383
GM,2026-08-15,estimate,epsEstAvg,FQ2026-09-30,3.5433
GM,2026-08-15,estimate,epsEstLow,FQ2026-09-30,3.02
GM,2026-08-15,estimate,epsEstHigh,FQ2026-09-30,4.344
GM,2026-08-15,estimate,epsEstAnalysts,FQ2026-09-30,19.0
GM,2026-08-15,estimate,epsEstGrowth,FQ2026-09-30,0.26549998
GM,2026-08-15,estimate,epsEstAvg,FQ2026-12-31,2.74852
GM,2026-08-15,estimate,epsEstLow,FQ2026-12-31,1.17
GM,2026-08-15,estimate,epsEstHigh,FQ2026-12-31,4.39
GM,2026-08-15,estimate,epsEstAnalysts,FQ2026-12-31,19.0
GM,2026-08-15,estimate,epsEstGrowth,FQ2026-12-31,0.095
GM,2026-08-15,estimate,epsEstAvg,FY2026-12-31,13.38804
GM,2026-08-15,estimate,epsEstLow,FY2026-12-31,11.85
GM,2026-08-15,estimate,epsEstHigh,FY2026-12-31,15.25
GM,2026-08-15,estimate,epsEstAnalysts,FY2026-12-31,25.0
GM,2026-08-15,estimate,epsEstGrowth,FY2026-12-31,0.26299998
GM,2026-08-15,estimate,epsEstAvg,FY2027-12-31,14.70702
GM,2026-08-15,estimate,epsEstLow,FY2027-12-31,11.15
GM,2026-08-15,estimate,epsEstHigh,FY2027-12-31,16.71
GM,2026-08-15,estimate,epsEstAnalysts,FY2027-12-31,26.0
GM,2026-08-15,estimate,epsEstGrowth,FY2027-12-31,0.098500006
GM,2026-08-15,estimate,revEstAvg,FQ2026-09-30,48504305900.0
GM,2026-08-15,estimate,revEstLow,FQ2026-09-30,46000000000.0
GM,2026-08-15,estimate,revEstHigh,FQ2026-09-30,51110000000.0
GM,2026-08-15,estimate,revEstAnalysts,FQ2026-09-30,17.0
GM,2026-08-15,estimate,revEstGrowth,FQ2026-09-30,-0.0018000001
GM,2026-08-15,estimate,revEstAvg,FQ2026-12-31,45503403630.0
GM,2026-08-15,estimate,revEstLow,FQ2026-12-31,42823000000.0
GM,2026-08-15,estimate,revEstHigh,FQ2026-12-31,48250000000.0
GM,2026-08-15,estimate,revEstAnalysts,FQ2026-12-31,17.0
GM,2026-08-15,estimate,revEstGrowth,FQ2026-12-31,0.0047999998
GM,2026-08-15,estimate,revEstAvg,FY2026-12-31,185806025160.0
GM,2026-08-15,estimate,revEstLow,FY2026-12-31,182038000000.0
GM,2026-08-15,estimate,revEstHigh,FY2026-12-31,189239700000.0
GM,2026-08-15,estimate,revEstAnalysts,FY2026-12-31,21.0
GM,2026-08-15,estimate,revEstGrowth,FY2026-12-31,0.0043
GM,2026-08-15,estimate,revEstAvg,FY2027-12-31,190460022810.0
GM,2026-08-15,estimate,revEstLow,FY2027-12-31,183113000000.0
GM,2026-08-15,estimate,revEstHigh,FY2027-12-31,203950000000.0
GM,2026-08-15,estimate,revEstAnalysts,FY2027-12-31,21.0
GM,2026-08-15,estimate,revEstGrowth,FY2027-12-31,0.025
GM,2026-08-15,estimate,epsRevUp7,FQ2026-09-30,11.0
GM,2026-08-15,estimate,epsRevUp30,FQ2026-09-30,12.0
GM,2026-08-15,estimate,epsRevDown7,FQ2026-09-30,2.0
GM,2026-08-15,estimate,epsRevDown30,FQ2026-09-30,2.0
GM,2026-08-15,estimate,epsRevUp7,FQ2026-12-31,5.0
GM,2026-08-15,estimate,epsRevUp30,FQ2026-12-31,3.0
GM,2026-08-15,estimate,epsRevDown7,FQ2026-12-31,8.0
GM,2026-08-15,estimate,epsRevDown30,FQ2026-12-31,11.0
GM,2026-08-15,estimate,epsRevUp7,FY2026-12-31,16.0
GM,2026-08-15,estimate,epsRevUp30,FY2026-12-31,16.0
GM,2026-08-15,estimate,epsRevDown7,FY2026-12-31,1.0
GM,2026-08-15,estimate,epsRevDown30,FY2026-12-31,1.0
GM,2026-08-15,estimate,epsRevUp7,FY2027-12-31,16.0
GM,2026-08-15,estimate,epsRevUp30,FY2027-12-31,17.0
GM,2026-08-15,estimate,epsRevDown7,FY2027-12-31,2.0
GM,2026-08-15,estimate,epsRevDown30,FY2027-12-31,2.0
F,2026-08-15,estimate,epsEst,FQ2026-09-30,0.41595
F,2026-08-08,estimate,epsEst,FQ2026-09-30,0.4197
F,2026-07-16,estimate,epsEst,FQ2026-09-30,0.35928
F,2026-06-16,estimate,epsEst,FQ2026-09-30,0.3585
F,2026-05-17,estimate,epsEst,FQ2026-09-30,0.34686
F,2026-08-15,estimate,epsEst,FQ2026-12-31,0.36939
F,2026-08-08,estimate,epsEst,FQ2026-12-31,0.37314
F,2026-07-16,estimate,epsEst,FQ2026-12-31,0.3326
F,2026-06-16,estimate,epsEst,FQ2026-12-31,0.33539
F,2026-05-17,estimate,epsEst,FQ2026-12-31,0.31405
F,2026-08-15,estimate,epsEst,FY2026-12-31,1.86718
F,2026-08-08,estimate,epsEst,FY2026-12-31,1.86763
F,2026-07-16,estimate,epsEst,FY2026-12-31,1.63852
F,2026-06-16,estimate,epsEst,FY2026-12-31,1.63771
F,2026-05-17,estimate,epsEst,FY2026-12-31,1.6126
F,2026-08-15,estimate,epsEst,FY2027-12-31,1.9133
F,2026-08-08,estimate,epsEst,FY2027-12-31,1.90421
F,2026-07-16,estimate,epsEst,FY2027-12-31,1.82655
F,2026-06-16,estimate,epsEst,FY2027-12-31,1.84022
F,2026-05-17,estimate,epsEst,FY2027-12-31,1.85154
F,2026-08-15,estimate,epsEstAvg,FQ2026-09-30,0.41595
F,2026-08-15,estimate,epsEstLow,FQ2026-09-30,0.33
F,2026-08-15,estimate,epsEstHigh,FQ2026-09-30,0.51
F,2026-08-15,estimate,epsEstAnalysts,FQ2026-09-30,16.0
F,2026-08-15,estimate,epsEstGrowth,FQ2026-09-30,-0.0757
F,2026-08-15,estimate,epsEstAvg,FQ2026-12-31,0.36939
F,2026-08-15,estimate,epsEstLow,FQ2026-12-31,0.24
F,2026-08-15,estimate,epsEstHigh,FQ2026-12-31,0.46
F,2026-08-15,estimate,epsEstAnalysts,FQ2026-12-31,16.0
F,2026-08-15,estimate,epsEstGrowth,FQ2026-12-31,1.8414999
F,2026-08-15,estimate,epsEstAvg,FY2026-12-31,1.86718
F,2026-08-15,estimate,epsEstLow,FY2026-12-31,1.79
F,2026-08-15,estimate,epsEstHigh,FY2026-12-31,1.95
F,2026-08-15,estimate,epsEstAnalysts,FY2026-12-31,17.0
F,2026-08-15,estimate,epsEstGrowth,FY2026-12-31,0.71300006
F,2026-08-15,estimate,epsEstAvg,FY2027-12-31,1.9133
F,2026-08-15,estimate,epsEstLow,FY2027-12-31,1.4
F,2026-08-15,estimate,epsEstHigh,FY2027-12-31,2.15
F,2026-08-15,estimate,epsEstAnalysts,FY2027-12-31,22.0
F,2026-08-15,estimate,epsEstGrowth,FY2027-12-31,0.0247
F,2026-08-15,estimate,revEstAvg,FQ2026-09-30,46065503830.0
F,2026-08-15,estimate,revEstLow,FQ2026-09-30,42427000000.0
F,2026-08-15,estimate,revEstHigh,FQ2026-09-30,49294900000.0
F,2026-08-15,estimate,revEstAnalysts,FQ2026-09-30,7.0
F,2026-08-15,estimate,revEstGrowth,FQ2026-09-30,-0.023699999
F,2026-08-15,estimate,revEstAvg,FQ2026-12-31,45053084090.0
F,2026-08-15,estimate,revEstLow,FQ2026-12-31,40180000000.0
F,2026-08-15,estimate,revEstHigh,FQ2026-12-31,49636880000.0
F,2026-08-15,estimate,revEstAnalysts,FQ2026-12-31,7.0
F,2026-08-15,estimate,revEstGrowth,FQ2026-12-31,0.0614
F,2026-08-15,estimate,revEstAvg,FY2026-12-31,176665073340.0
F,2026-08-15,estimate,revEstLow,FY2026-12-31,169939791290.0
F,2026-08-15,estimate,revEstHigh,FY2026-12-31,192747000000.0
F,2026-08-15,estimate,revEstAnalysts,FY2026-12-31,11.0
F,2026-08-15,estimate,revEstGrowth,FY2026-12-31,0.0153
F,2026-08-15,estimate,revEstAvg,FY2027-12-31,180070231390.0
F,2026-08-15,estimate,revEstLow,FY2027-12-31,172001239110.0
F,2026-08-15,estimate,revEstHigh,FY2027-12-31,192921000000.0
F,2026-08-15,estimate,revEstAnalysts,FY2027-12-31,11.0
F,2026-08-15,estimate,revEstGrowth,FY2027-12-31,0.019299999
F,2026-08-15,estimate,epsRevUp7,FQ2026-09-30,13.0
F,2026-08-15,estimate,epsRevUp30,FQ2026-09-30,13.0
F,2026-08-15,estimate,epsRevDown7,FQ2026-09-30,0.0
F,2026-08-15,estimate,epsRevDown30,FQ2026-09-30,1.0
F,2026-08-15,estimate,epsRevUp7,FQ2026-12-31,12.0
F,2026-08-15,estimate,epsRevUp30,FQ2026-12-31,9.0
F,2026-08-15,estimate,epsRevDown7,FQ2026-12-31,1.0
F,2026-08-15,estimate,epsRevDown30,FQ2026-12-31,5.0
F,2026-08-15,estimate,epsRevUp7,FY2026-12-31,16.0
F,2026-08-15,estimate,epsRevUp30,FY2026-12-31,16.0
F,2026-08-15,estimate,epsRevDown7,FY2026-12-31,0.0
F,2026-08-15,estimate,epsRevDown30,FY2026-12-31,0.0
F,2026-08-15,estimate,epsRevUp7,FY2027-12-31,13.0
F,2026-08-15,estimate,epsRevUp30,FY2027-12-31,15.0
F,2026-08-15,estimate,epsRevDown7,FY2027-12-31,2.0
F,2026-08-15,estimate,epsRevDown30,FY2027-12-31,2.0
NKE,2026-08-15,estimate,epsEst,FQ2026-08-31,0.45371
NKE,2026-08-08,estimate,epsEst,FQ2026-08-31,0.45236
NKE,2026-07-16,estimate,epsEst,FQ2026-08-31,0.44709
NKE,2026-06-16,estimate,epsEst,FQ2026-08-31,0.44974
NKE,2026-05-17,estimate,epsEst,FQ2026-08-31,0.0
NKE,2026-08-15,estimate,epsEst,FQ2026-11-30,0.52964
NKE,2026-08-08,estimate,epsEst,FQ2026-11-30,0.53086
NKE,2026-07-16,estimate,epsEst,FQ2026-11-30,0.53402
NKE,2026-06-16,estimate,epsEst,FQ2026-11-30,0.5924
NKE,2026-05-17,estimate,epsEst,FQ2026-11-30,0.0
NKE,2026-08-15,estimate,epsEst,FY2027-05-31,1.72175
NKE,2026-08-08,estimate,epsEst,FY2027-05-31,1.73105
NKE,2026-07-16,estimate,epsEst,FY2027-05-31,1.73034
NKE,2026-06-16,estimate,epsEst,FY2027-05-31,1.84226
NKE,2026-05-17,estimate,epsEst,FY2027-05-31,1.84387
NKE,2026-08-15,estimate,epsEst,FY2028-05-31,2.23312
NKE,2026-08-08,estimate,epsEst,FY2028-05-31,2.24916
NKE,2026-07-16,estimate,epsEst,FY2028-05-31,2.26328
NKE,2026-06-16,estimate,epsEst,FY2028-05-31,2.44389
NKE,2026-05-17,estimate,epsEst,FY2028-05-31,2.44607
NKE,2026-08-15,estimate,epsEstAvg,FQ2026-08-31,0.45371
NKE,2026-08-15,estimate,epsEstLow,FQ2026-08-31,0.42
NKE,2026-08-15,estimate,epsEstHigh,FQ2026-08-31,0.5
NKE,2026-08-15,estimate,epsEstAnalysts,FQ2026-08-31,19.0
NKE,2026-08-15,estimate,epsEstGrowth,FQ2026-08-31,-0.074099995
NKE,2026-08-15,estimate,epsEstAvg,FQ2026-11-30,0.52964
NKE,2026-08-15,estimate,epsEstLow,FQ2026-11-30,0.46
NKE,2026-08-15,estimate,epsEstHigh,FQ2026-11-30,0.58
NKE,2026-08-15,estimate,epsEstAnalysts,FQ2026-11-30,19.0
NKE,2026-08-15,estimate,epsEstGrowth,FQ2026-11-30,-0.0007
NKE,2026-08-15,estimate,epsEstAvg,FY2027-05-31,1.72175
NKE,2026-08-15,estimate,epsEstLow,FY2027-05-31,1.51
NKE,2026-08-15,estimate,epsEstHigh,FY2027-05-31,1.96
NKE,2026-08-15,estimate,epsEstAnalysts,FY2027-05-31,30.0
NKE,2026-08-15,estimate,epsEstGrowth,FY2027-05-31,-0.18010001
NKE,2026-08-15,estimate,epsEstAvg,FY2028-05-31,2.23312
NKE,2026-08-15,estimate,epsEstLow,FY2028-05-31,1.5
NKE,2026-08-15,estimate,epsEstHigh,FY2028-05-31,4.0
NKE,2026-08-15,estimate,epsEstAnalysts,FY2028-05-31,31.0
NKE,2026-08-15,estimate,epsEstGrowth,FY2028-05-31,0.29700002
NKE,2026-08-15,estimate,revEstAvg,FQ2026-08-31,11379810580.0
NKE,2026-08-15,estimate,revEstLow,FQ2026-08-31,11265000000.0
NKE,2026-08-15,estimate,revEstHigh,FQ2026-08-31,11537000000.0
NKE,2026-08-15,estimate,revEstAnalysts,FQ2026-08-31,24.0
NKE,2026-08-15,estimate,revEstGrowth,FQ2026-08-31,-0.029000001
NKE,2026-08-15,estimate,revEstAvg,FQ2026-11-30,11904136360.0
NKE,2026-08-15,estimate,revEstLow,FQ2026-11-30,11661257430.0
NKE,2026-08-15,estimate,revEstHigh,FQ2026-11-30,12185000000.0
NKE,2026-08-15,estimate,revEstAnalysts,FQ2026-11-30,24.0
NKE,2026-08-15,estimate,revEstGrowth,FQ2026-11-30,-0.0421
NKE,2026-08-15,estimate,revEstAvg,FY2027-05-31,45668621330.0
NKE,2026-08-15,estimate,revEstLow,FY2027-05-31,44187040030.0
NKE,2026-08-15,estimate,revEstHigh,FY2027-05-31,46606000000.0
NKE,2026-08-15,estimate,revEstAnalysts,FY2027-05-31,37.0
NKE,2026-08-15,estimate,revEstGrowth,FY2027-05-31,-0.015700001
NKE,2026-08-15,estimate,revEstAvg,FY2028-05-31,47485434810.0
NKE,2026-08-15,estimate,revEstLow,FY2028-05-31,44085466920.0
NKE,2026-08-15,estimate,revEstHigh,FY2028-05-31,52531000000.0
NKE,2026-08-15,estimate,revEstAnalysts,FY2028-05-31,36.0
NKE,2026-08-15,estimate,revEstGrowth,FY2028-05-31,0.0398
NKE,2026-08-15,estimate,epsRevUp7,FQ2026-08-31,1.0
NKE,2026-08-15,estimate,epsRevUp30,FQ2026-08-31,5.0
NKE,2026-08-15,estimate,epsRevDown7,FQ2026-08-31,0.0
NKE,2026-08-15,estimate,epsRevDown30,FQ2026-08-31,7.0
NKE,2026-08-15,estimate,epsRevUp7,FQ2026-11-30,0.0
NKE,2026-08-15,estimate,epsRevUp30,FQ2026-11-30,1.0
NKE,2026-08-15,estimate,epsRevDown7,FQ2026-11-30,1.0
NKE,2026-08-15,estimate,epsRevDown30,FQ2026-11-30,11.0
NKE,2026-08-15,estimate,epsRevUp7,FY2027-05-31,1.0
NKE,2026-08-15,estimate,epsRevUp30,FY2027-05-31,4.0
NKE,2026-08-15,estimate,epsRevDown7,FY2027-05-31,2.0
NKE,2026-08-15,estimate,epsRevDown30,FY2027-05-31,17.0
NKE,2026-08-15,estimate,epsRevUp7,FY2028-05-31,0.0
NKE,2026-08-15,estimate,epsRevUp30,FY2028-05-31,1.0
NKE,2026-08-15,estimate,epsRevDown7,FY2028-05-31,3.0
NKE,2026-08-15,estimate,epsRevDown30,FY2028-05-31,16.0
LULU,2026-08-15,estimate,epsEst,FQ2026-07-31,1.7908
LULU,2026-08-08,estimate,epsEst,FQ2026-07-31,1.7908
LULU,2026-07-16,estimate,epsEst,FQ2026-07-31,1.7908
LULU,2026-06-16,estimate,epsEst,FQ2026-07-31,1.79018
LULU,2026-05-17,estimate,epsEst,FQ2026-07-31,2.73291
LULU,2026-08-15,estimate,epsEst,FQ2026-10-31,2.51843
LULU,2026-08-08,estimate,epsEst,FQ2026-10-31,2.52283
LULU,2026-07-16,estimate,epsEst,FQ2026-10-31,2.52283
LULU,2026-06-16,estimate,epsEst,FQ2026-10-31,2.52375
LULU,2026-05-17,estimate,epsEst,FQ2026-10-31,2.65768
LULU,2026-08-15,estimate,epsEst,FY2027-01-31,11.03879
LULU,2026-08-08,estimate,epsEst,FY2027-01-31,11.04672
LULU,2026-07-16,estimate,epsEst,FY2027-01-31,11.04556
LULU,2026-06-16,estimate,epsEst,FY2027-01-31,11.29806
LULU,2026-05-17,estimate,epsEst,FY2027-01-31,12.30192
LULU,2026-08-15,estimate,epsEst,FY2028-01-31,11.46461
LULU,2026-08-08,estimate,epsEst,FY2028-01-31,11.48186
LULU,2026-07-16,estimate,epsEst,FY2028-01-31,11.56413
LULU,2026-06-16,estimate,epsEst,FY2028-01-31,11.83277
LULU,2026-05-17,estimate,epsEst,FY2028-01-31,13.34127
LULU,2026-08-15,estimate,epsEstAvg,FQ2026-07-31,1.7908
LULU,2026-08-15,estimate,epsEstLow,FQ2026-07-31,1.66
LULU,2026-08-15,estimate,epsEstHigh,FQ2026-07-31,1.8683
LULU,2026-08-15,estimate,epsEstAnalysts,FQ2026-07-31,16.0
LULU,2026-08-15,estimate,epsEstGrowth,FQ2026-07-31,-0.42229998
LULU,2026-08-15,estimate,epsEstAvg,FQ2026-10-31,2.51843
LULU,2026-08-15,estimate,epsEstLow,FQ2026-10-31,2.14
LULU,2026-08-15,estimate,epsEstHigh,FQ2026-10-31,2.72989
LULU,2026-08-15,estimate,epsEstAnalysts,FQ2026-10-31,15.0
LULU,2026-08-15,estimate,epsEstGrowth,FQ2026-10-31,-0.0276
LULU,2026-08-15,estimate,epsEstAvg,FY2027-01-31,11.03879
LULU,2026-08-15,estimate,epsEstLow,FY2027-01-31,10.0
LULU,2026-08-15,estimate,epsEstHigh,FY2027-01-31,11.59834
LULU,2026-08-15,estimate,epsEstAnalysts,FY2027-01-31,21.0
LULU,2026-08-15,estimate,epsEstGrowth,FY2027-01-31,-0.1675
LULU,2026-08-15,estimate,epsEstAvg,FY2028-01-31,11.46461
LULU,2026-08-15,estimate,epsEstLow,FY2028-01-31,8.0
LULU,2026-08-15,estimate,epsEstHigh,FY2028-01-31,13.17
LULU,2026-08-15,estimate,epsEstAnalysts,FY2028-01-31,22.0
LULU,2026-08-15,estimate,epsEstGrowth,FY2028-01-31,0.038599998
LULU,2026-08-15,estimate,revEstAvg,FQ2026-07-31,2461351660.0
LULU,2026-08-15,estimate,revEstLow,FQ2026-07-31,2420579480.0
LULU,2026-08-15,estimate,revEstHigh,FQ2026-07-31,2491800000.0
LULU,2026-08-15,estimate,revEstAnalysts,FQ2026-07-31,23.0
LULU,2026-08-15,estimate,revEstGrowth,FQ2026-07-31,-0.0253
LULU,2026-08-15,estimate,revEstAvg,FQ2026-10-31,2540644760.0
LULU,2026-08-15,estimate,revEstLow,FQ2026-10-31,2449000000.0
LULU,2026-08-15,estimate,revEstHigh,FQ2026-10-31,2569400000.0
LULU,2026-08-15,estimate,revEstAnalysts,FQ2026-10-31,23.0
LULU,2026-08-15,estimate,revEstGrowth,FQ2026-10-31,-0.0099
LULU,2026-08-15,estimate,revEstAvg,FY2027-01-31,11041436710.0
LULU,2026-08-15,estimate,revEstLow,FY2027-01-31,10765000000.0
LULU,2026-08-15,estimate,revEstHigh,FY2027-01-31,11240356720.0
LULU,2026-08-15,estimate,revEstAnalysts,FY2027-01-31,31.0
LULU,2026-08-15,estimate,revEstGrowth,FY2027-01-31,-0.0055
LULU,2026-08-15,estimate,revEstAvg,FY2028-01-31,11342777350.0
LULU,2026-08-15,estimate,revEstLow,FY2028-01-31,10705000000.0
LULU,2026-08-15,estimate,revEstHigh,FY2028-01-31,11743000000.0
LULU,2026-08-15,estimate,revEstAnalysts,FY2028-01-31,31.0
LULU,2026-08-15,estimate,revEstGrowth,FY2028-01-31,0.0273
LULU,2026-08-15,estimate,epsRevUp7,FQ2026-07-31,0.0
LULU,2026-08-15,estimate,epsRevUp30,FQ2026-07-31,0.0
LULU,2026-08-15,estimate,epsRevDown7,FQ2026-07-31,16.0
LULU,2026-08-15,estimate,epsRevDown30,FQ2026-07-31,16.0
LULU,2026-08-15,estimate,epsRevUp7,FQ2026-10-31,0.0
LULU,2026-08-15,estimate,epsRevUp30,FQ2026-10-31,0.0
LULU,2026-08-15,estimate,epsRevDown7,FQ2026-10-31,1.0
LULU,2026-08-15,estimate,epsRevDown30,FQ2026-10-31,1.0
LULU,2026-08-15,estimate,epsRevUp7,FY2027-01-31,0.0
LULU,2026-08-15,estimate,epsRevUp30,FY2027-01-31,0.0
LULU,2026-08-15,estimate,epsRevDown7,FY2027-01-31,1.0
LULU,2026-08-15,estimate,epsRevDown30,FY2027-01-31,20.0
LULU,2026-08-15,estimate,epsRevUp7,FY2028-01-31,0.0
LULU,2026-08-15,estimate,epsRevUp30,FY2028-01-31,0.0
LULU,2026-08-15,estimate,epsRevDown7,FY2028-01-31,1.0
LULU,2026-08-15,estimate,epsRevDown30,FY2028-01-31,21.0
