ticker,as_of,kind,holder,shares,value,pct_held,pct_change
NVDA,2026-06-30,institution,Blackrock Inc.,1941918386,437242350903,0.0802,0.0085
NVDA,2026-06-30,institution,Vanguard Capital Management LLC,1540816358,346930216809,0.0637,0.0015
NVDA,2026-06-30,institution,"FMR, LLC",1026051548,231025770305,0.0424,0.0324
NVDA,2026-06-30,institution,State Street Corporation,1009783437,227362842372,0.0417,0.016
NVDA,2026-06-30,institution,"Geode Capital Management, LLC",606216492,136495707558,0.0251,0.0081
NVDA,2026-06-30,institution,Vanguard Portfolio Management LLC,517816949,116591666133,0.0214,0.0150999995
NVDA,2026-06-30,institution,JPMORGAN CHASE & CO,449404578,101187936428,0.0186,0.0036000002
NVDA,2026-03-31,institution,Price (T.Rowe) Associates Inc,370102688,83332322585,0.0153,-0.0083
NVDA,2026-06-30,institution,Morgan Stanley,356420089,80251548544,0.0147,0.039300002
NVDA,2026-03-31,institution,Invesco Ltd.,327497096,73739247334,0.0135,-0.0396
NVDA,2026-03-31,fund,VANGUARD INDEX FUNDS-Vanguard Total Stock Market Index Fund,733080870,165060491373,0.030299999,0.0105
NVDA,2026-03-31,fund,VANGUARD INDEX FUNDS-Vanguard 500 Index Fund,617520783,139040981761,0.0255,0.0078
NVDA,2026-06-30,fund,iShares Trust-iShares Core S&P 500 ETF,334217794,75252479720,0.0138,0.043899998
NVDA,2026-06-30,fund,Fidelity Concord Street Trust-Fidelity 500 Index Fund,310708269,69959074985,0.0128,-0.0008
NVDA,2026-06-30,fund,SPDR S&P 500 ETF TRUST-State Street SPDR S&P 500 ETF Trust,292678297,65899446424,0.0121,-0.0013
NVDA,2026-03-31,fund,VANGUARD INDEX FUNDS-Vanguard Growth Index Fund,242721072,54651077460,0.01,0.0078
NVDA,2026-06-30,fund,"Invesco QQQ Trust, Series 1",186075994,41896871490,0.0077,-0.0249
NVDA,2026-03-31,fund,VANGUARD INSTITUTIONAL INDEX FUNDS-Vanguard Institutional Index Fund,137012483,30849731174,0.0057,-0.0175
NVDA,2026-05-31,fund,VANGUARD WORLD FUND-Vanguard Information Technology Index Fund,136877851,30819417432,0.0057,0.0904
NVDA,2026-06-30,fund,Growth Fund of America,97864435,22035156542,0.004,-0.0586
AVGO,2026-06-30,institution,Blackrock Inc.,398213826,156494047590,0.0837,0.0318
AVGO,2026-06-30,institution,Vanguard Capital Management LLC,309168582,121500158020,0.065,0.0037
AVGO,2026-06-30,institution,State Street Corporation,196900541,77379941684,0.0414,0.028800001
AVGO,2026-06-30,institution,"FMR, LLC",144359173,56731709987,0.030299999,0.16309999
AVGO,2026-06-30,institution,Vanguard Portfolio Management LLC,127001513,49910323353,0.026700001,-0.0111
AVGO,2026-06-30,institution,Capital World Investors,121892859,47902673468,0.0256,0.049099997
AVGO,2026-06-30,institution,"Geode Capital Management, LLC",116394795,45741989350,0.024500001,0.0185
AVGO,2026-06-30,institution,Capital Research Global Investors,113126312,44457508248,0.0238,-0.025
AVGO,2026-06-30,institution,JPMORGAN CHASE & CO,95016148,37340395074,0.02,0.0352
AVGO,2026-03-31,institution,Price (T.Rowe) Associates Inc,84470754,33196160789,0.0178,-0.0126
AVGO,2026-03-31,fund,VANGUARD INDEX FUNDS-Vanguard Total Stock Market Index Fund,150562938,59169727534,0.031600002,0.0145000005
AVGO,2026-03-31,fund,VANGUARD INDEX FUNDS-Vanguard 500 Index Fund,120487252,47350283986,0.0253,0.0117999995
AVGO,2026-06-30,fund,iShares Trust-iShares Core S&P 500 ETF,65333181,25675286163,0.0137,0.045900002
AVGO,2026-06-30,fund,Fidelity Concord Street Trust-Fidelity 500 Index Fund,60737763,23869332888,0.0128,0.001
AVGO,2026-06-30,fund,SPDR S&P 500 ETF TRUST-State Street SPDR S&P 500 ETF Trust,57215884,22485269694,0.012,0.00059999997
AVGO,2026-03-31,fund,VANGUARD INDEX FUNDS-Vanguard Growth Index Fund,45226526,17773572011,0.0095,0.0992
AVGO,2026-06-30,fund,Growth Fund of America,41353577,16251541821,0.0087,0.0087
AVGO,2026-06-30,fund,WASHINGTON MUTUAL INVESTORS FUND,37150745,14599870914,0.0078,-0.0358
AVGO,2026-06-30,fund,"Invesco QQQ Trust, Series 1",36456085,14326876488,0.0077,-0.0208
AVGO,2026-06-30,fund,AMERICAN BALANCED FUND,33379850,13117946925,0.0069999998,0.1667
AMD,2026-06-30,institution,Blackrock Inc.,150301510,77313595930,0.0921,0.0325
AMD,2026-06-30,institution,Vanguard Capital Management LLC,106500177,54782627607,0.0652,0.0053
AMD,2026-06-30,institution,State Street Corporation,74361687,38250909265,0.0456,-0.0055
AMD,2026-03-31,institution,Invesco Ltd.,50443198,25947477358,0.0309,-0.0309
AMD,2026-06-30,institution,JPMORGAN CHASE & CO,40309233,20734666953,0.0247,0.66230005
AMD,2026-06-30,institution,"Geode Capital Management, LLC",39568601,20353693248,0.0242,-0.0056
AMD,2026-06-30,institution,Vanguard Portfolio Management LLC,37929920,19510772104,0.0232,0.0087
AMD,2026-03-31,institution,Price (T.Rowe) Associates Inc,28846470,14838336125,0.0177,0.41919997
AMD,2026-06-30,institution,"FMR, LLC",25558552,13147063937,0.015700001,0.6717
AMD,2026-06-30,institution,Morgan Stanley,24286371,12492666734,0.0149,0.0212
AMD,2026-03-31,fund,VANGUARD INDEX FUNDS-Vanguard Total Stock Market Index Fund,51775223,26632657717,0.0317,0.0121
AMD,2026-03-31,fund,VANGUARD INDEX FUNDS-Vanguard 500 Index Fund,41432963,21312702444,0.0254,0.0092
AMD,2026-06-30,fund,"Invesco QQQ Trust, Series 1",34613065,17804615012,0.0212,-0.020599999
AMD,2026-06-30,fund,iShares Trust-iShares Core S&P 500 ETF,22500803,11574188384,0.0138,0.0475
AMD,2026-06-30,fund,Fidelity Concord Street Trust-Fidelity 500 Index Fund,20917846,10759931110,0.0128,0.0026
AMD,2026-06-30,fund,SPDR S&P 500 ETF TRUST-State Street SPDR S&P 500 ETF Trust,19706373,10136761496,0.0121,0.002
AMD,2026-03-31,fund,VANGUARD INDEX FUNDS-Vanguard Growth Index Fund,17408148,8954577504,0.0107,0.0077
AMD,2026-05-31,fund,VANGUARD WORLD FUND-Vanguard Information Technology Index Fund,10681913,5494669384,0.0064999997,0.0036000002
AMD,2026-06-30,fund,SELECT SECTOR SPDR TRT-State Street Technology Select Sector SPDR ETF,10036791,5162825069,0.0061000003,-0.2058
AMD,2026-03-31,fund,VANGUARD INSTITUTIONAL INDEX FUNDS-Vanguard Institutional Index Fund,9192874,4728722591,0.0056,-0.0161
QCOM,2026-06-30,institution,Blackrock Inc.,95151875,15775228717,0.09060001,-0.1025
QCOM,2026-06-30,institution,Vanguard Capital Management LLC,68837417,11412554902,0.0656,-0.0073
QCOM,2026-06-30,institution,State Street Corporation,52763263,8747621018,0.050300002,0.0128999995
QCOM,2026-03-31,institution,Invesco Ltd.,35245336,5843324018,0.0336,-0.0398
QCOM,2026-06-30,institution,Vanguard Portfolio Management LLC,33847770,5611621561,0.0322,-0.0101
QCOM,2026-03-31,institution,"Charles Schwab Investment Management, Inc.",30864702,5117058737,0.0294,3.6552
QCOM,2026-06-30,institution,"Geode Capital Management, LLC",29645446,4914918293,0.028199999,-0.003
QCOM,2026-06-30,institution,Morgan Stanley,17100302,2835058953,0.0163,-0.1446
QCOM,2026-06-30,institution,NORGES BANK,16209022,2687293648,0.0154,0.07
QCOM,2026-03-31,institution,Van Eck Associates Corporation,14022899,2324856331,0.0134000005,0.3547
QCOM,2026-03-31,fund,VANGUARD INDEX FUNDS-Vanguard Total Stock Market Index Fund,33883909,5617613045,0.0323,0.0069999998
QCOM,2026-03-31,fund,VANGUARD INDEX FUNDS-Vanguard 500 Index Fund,27113959,4495223080,0.025799999,0.004
QCOM,2026-05-31,fund,SCHWAB STRATEGIC TRUST-Schwab US Dividend Equity ETF,25484910,4225143057,0.024300002,1.0
QCOM,2026-06-30,fund,"Invesco QQQ Trust, Series 1",22373456,3709295120,0.021300001,-0.0323
QCOM,2026-06-30,fund,VanEck ETF Trust-VanEck Semiconductor ETF,15749796,2611158573,0.015,0.1361
QCOM,2026-06-30,fund,iShares Trust-iShares Core S&P 500 ETF,14544554,2411341510,0.0139,0.0346
QCOM,2026-06-30,fund,Fidelity Concord Street Trust-Fidelity 500 Index Fund,13521033,2241651970,0.0128999995,-0.0098
QCOM,2026-06-30,fund,SPDR S&P 500 ETF TRUST-State Street SPDR S&P 500 ETF Trust,12738967,2111993253,0.0121,-0.0097
QCOM,2026-03-31,fund,VANGUARD INDEX FUNDS-Vanguard Value Index Fund,9868986,1636179122,0.0094,0.0013
QCOM,2026-06-30,fund,SELECT SECTOR SPDR TRT-State Street Technology Select Sector SPDR ETF,8316978,1378871726,0.007900001,0.0056
TXN,2026-06-30,institution,Blackrock Inc.,82555483,23080860828,0.0904,0.0128
TXN,2026-06-30,institution,Vanguard Capital Management LLC,59441598,16618681170,0.0651,0.0078
TXN,2026-06-30,institution,State Street Corporation,44453341,12428264479,0.048699997,0.0319
TXN,2026-03-31,institution,Invesco Ltd.,37259182,10416921603,0.040799998,-0.0347
TXN,2026-06-30,institution,JPMORGAN CHASE & CO,32449245,9072159481,0.0355,-0.1546
TXN,2026-06-30,institution,Vanguard Portfolio Management LLC,29529799,8255940807,0.0323,0.0321
TXN,2026-03-31,institution,"Charles Schwab Investment Management, Inc.",25927676,7248859307,0.028399998,0.0675
TXN,2026-06-30,institution,"Geode Capital Management, LLC",24038147,6720584815,0.026300002,0.019
TXN,2026-06-30,institution,Bank Of New York Mellon Corporation,15059099,4210222696,0.0165,-0.08189999
TXN,2026-03-31,institution,"Wellington Management Group, LLP",13466394,3764934253,0.0147,-0.16209999
TXN,2026-03-31,fund,VANGUARD INDEX FUNDS-Vanguard Total Stock Market Index Fund,28820334,8057588592,0.031600002,0.0095999995
TXN,2026-03-31,fund,VANGUARD INDEX FUNDS-Vanguard 500 Index Fund,23062132,6447710554,0.0253,0.0064999997
TXN,2026-06-30,fund,"Invesco QQQ Trust, Series 1",19318717,5401126639,0.0212,-0.0177
TXN,2026-05-31,fund,SCHWAB STRATEGIC TRUST-Schwab US Dividend Equity ETF,18340453,5127623603,0.0201,0.1142
TXN,2026-06-30,fund,iShares Trust-iShares Core S&P 500 ETF,12558296,3511048227,0.0138,0.050300002
TXN,2026-06-30,fund,Fidelity Concord Street Trust-Fidelity 500 Index Fund,11674950,3264082364,0.0128,0.0053
TXN,2026-06-30,fund,SPDR S&P 500 ETF TRUST-State Street SPDR S&P 500 ETF Trust,10998942,3075084056,0.012,0.0050999997
TXN,2026-06-30,fund,VanEck ETF Trust-VanEck Semiconductor ETF,10894256,3045815946,0.0119,0.0508
TXN,2026-06-30,fund,SELECT SECTOR SPDR TRT-State Street Technology Select Sector SPDR ETF,7181454,2007790812,0.007900001,0.0209
TXN,2026-03-31,fund,VANGUARD CHESTER FUNDS-Vanguard PRIMECAP Fund,6783572,1896550968,0.0074,-0.0034999999
INTC,2026-06-30,institution,Blackrock Inc.,426478962,43714093605,0.0846,-0.0471
INTC,2026-06-30,institution,Vanguard Capital Management LLC,285230183,29236093757,0.056500003,0.0114
INTC,2026-06-30,institution,State Street Corporation,216849675,22227091687,0.043,0.0117999995
INTC,2026-03-31,institution,Nvidia Corp                          ,214776632,22014604780,0.042600002,0.0
INTC,2026-03-31,institution,Invesco Ltd.,153960482,15780949405,0.0305,-0.0179
INTC,2026-06-30,institution,"Geode Capital Management, LLC",110339857,11309835342,0.0219,0.0074
INTC,2026-06-30,institution,"FMR, LLC",94431754,9679254785,0.0187,0.6419
INTC,2026-06-30,institution,Vanguard Portfolio Management LLC,89395975,9163087437,0.0177,0.0465
INTC,2026-03-31,institution,Softbank Group Corporation,86956522,8913043505,0.0172,0.0
INTC,2026-03-31,institution,Primecap Management Company,75761968,7765601720,0.015,-0.0049
INTC,2026-03-31,fund,VANGUARD INDEX FUNDS-Vanguard Total Stock Market Index Fund,126899865,13007236162,0.0252,-0.0041
INTC,2026-03-31,fund,VANGUARD INDEX FUNDS-Vanguard 500 Index Fund,119364860,12234898150,0.023699999,0.0557
INTC,2026-06-30,fund,"Invesco QQQ Trust, Series 1",106687847,10935504317,0.0212,-0.0148
INTC,2026-06-30,fund,iShares Trust-iShares Core S&P 500 ETF,65191968,6682176720,0.0128999995,0.0538
INTC,2026-06-30,fund,Fidelity Concord Street Trust-Fidelity 500 Index Fund,60606555,6212171887,0.012,0.0087
INTC,2026-06-30,fund,SPDR S&P 500 ETF TRUST-State Street SPDR S&P 500 ETF Trust,57072100,5849890250,0.0113,0.0074
INTC,2026-06-30,fund,Growth Fund of America,52242667,5354873367,0.0104,0.0718
INTC,2026-03-31,fund,VANGUARD CHESTER FUNDS-Vanguard PRIMECAP Fund,46770018,4793926845,0.0093,-0.0063
INTC,2026-06-30,fund,SELECT SECTOR SPDR TRT-State Street Technology Select Sector SPDR ETF,37279821,3821181652,0.0074,0.024300002
INTC,2026-03-31,fund,VANGUARD INDEX FUNDS-Vanguard Value Index Fund,36960726,3788474415,0.0073,-0.0094
MU,2026-06-30,institution,Blackrock Inc.,104827219,101856412798,0.0928,0.0163
MU,2026-06-30,institution,Vanguard Capital Management LLC,73659544,71572030544,0.0652,0.0070999996
MU,2026-06-30,institution,State Street Corporation,50075870,48656718499,0.044299997,-0.0414
MU,2026-03-31,institution,Invesco Ltd.,35682439,34671197720,0.031600002,0.0178
MU,2026-06-30,institution,Capital World Investors,29469646,28634475440,0.026099999,-0.2992
MU,2026-06-30,institution,"Geode Capital Management, LLC",27705797,26920613968,0.024500001,0.01
MU,2026-06-30,institution,"FMR, LLC",26718869,25961655534,0.023699999,-0.1665
MU,2026-06-30,institution,JPMORGAN CHASE & CO,25836011,25103817754,0.0229,0.6378
MU,2026-06-30,institution,Vanguard Portfolio Management LLC,24662080,23963155990,0.0218,0.071100004
MU,2026-03-31,institution,Primecap Management Company,21874204,21254288471,0.0194,-0.1178
MU,2026-03-31,fund,VANGUARD INDEX FUNDS-Vanguard Total Stock Market Index Fund,35741158,34728252622,0.031600002,0.0106
MU,2026-03-31,fund,VANGUARD INDEX FUNDS-Vanguard 500 Index Fund,28602552,27791954908,0.0253,0.0105
MU,2026-06-30,fund,"Invesco QQQ Trust, Series 1",23938618,23260196922,0.0212,-0.0188
MU,2026-06-30,fund,iShares Trust-iShares Core S&P 500 ETF,15562756,15121707077,0.0138,0.0495
MU,2026-06-30,fund,Fidelity Concord Street Trust-Fidelity 500 Index Fund,14466915,14056922240,0.0128,0.0044
MU,2026-06-30,fund,SPDR S&P 500 ETF TRUST-State Street SPDR S&P 500 ETF Trust,13628505,13242272802,0.0121,0.0041
MU,2026-03-31,fund,VANGUARD CHESTER FUNDS-Vanguard PRIMECAP Fund,12739759,12378713887,0.0113,-0.1291
MU,2026-03-31,fund,VANGUARD INDEX FUNDS-Vanguard Value Index Fund,10410385,10115354409,0.0092,0.0052
MU,2026-06-30,fund,Growth Fund of America,10233588,9943567841,0.0091,0.0387
MU,2026-05-31,fund,VANGUARD WORLD FUND-Vanguard Information Technology Index Fund,7432810,7222163964,0.0066000004,-0.0126
ADI,2026-06-30,institution,Blackrock Inc.,46858696,18246308321,0.0962,0.086899996
ADI,2026-06-30,institution,Vanguard Capital Management LLC,31850408,12402230837,0.0654,0.0034999999
ADI,2026-06-30,institution,State Street Corporation,23660999,9213356747,0.048600003,0.026099999
ADI,2026-06-30,institution,JPMORGAN CHASE & CO,16890363,6576938695,0.0347,-0.18530001
ADI,2026-03-31,institution,Invesco Ltd.,16812717,6546704118,0.0345,-0.0315
ADI,2026-06-30,institution,Vanguard Portfolio Management LLC,14657807,5707603682,0.0301,0.022
ADI,2026-06-30,institution,"Geode Capital Management, LLC",12422798,4837313495,0.0255,0.0207
ADI,2026-03-31,institution,Bank of America Corporation,10216699,3978280573,0.021,0.051599998
ADI,2026-03-31,institution,Wells Fargo & Company,8372264,3260076001,0.0172,-0.0194
ADI,2026-06-30,institution,Morgan Stanley,8254604,3214260372,0.016900001,-0.00059999997
ADI,2026-03-31,fund,VANGUARD INDEX FUNDS-Vanguard Total Stock Market Index Fund,15503255,6036812691,0.0318,0.0078
ADI,2026-03-31,fund,VANGUARD INDEX FUNDS-Vanguard 500 Index Fund,12416714,4834944446,0.0255,0.00090000004
ADI,2026-06-30,fund,"Invesco QQQ Trust, Series 1",10339488,4026093383,0.0212,-0.0226
ADI,2026-06-30,fund,VanEck ETF Trust-VanEck Semiconductor ETF,7841647,3053459040,0.0161,0.21530001
ADI,2026-06-30,fund,iShares Trust-iShares Core S&P 500 ETF,6737005,2623322475,0.0138,0.0465
ADI,2026-06-30,fund,Fidelity Concord Street Trust-Fidelity 500 Index Fund,6262829,2438683076,0.0128999995,0.0016
ADI,2026-06-30,fund,SPDR S&P 500 ETF TRUST-State Street SPDR S&P 500 ETF Trust,5900583,2297628100,0.0121,0.0016
ADI,2026-03-31,fund,VANGUARD INDEX FUNDS-Vanguard Value Index Fund,4515516,1758296841,0.0093,0.0021
ADI,2026-06-30,fund,iShares Trust-iShares Semiconductor ETF,3983306,1551059581,0.0082,0.5403
ADI,2026-06-30,fund,SELECT SECTOR SPDR TRT-State Street Technology Select Sector SPDR ETF,3852372,1500075189,0.007900001,0.0171
NXPI,2026-06-30,institution,"FMR, LLC",25240381,5924169993,0.1001,0.0039
NXPI,2026-06-30,institution,Blackrock Inc.,23899271,5609398056,0.094799995,0.053200003
NXPI,2026-06-30,institution,JPMORGAN CHASE & CO,17313269,4063597483,0.0687,-0.1455
NXPI,2026-03-31,institution,"Wellington Management Group, LLP",13643966,3202375351,0.0541,0.0461
NXPI,2026-06-30,institution,State Street Corporation,11699143,2745905932,0.0464,0.0638
NXPI,2026-03-31,institution,Invesco Ltd.,11102153,2605786405,0.044,-0.0113
NXPI,2026-06-30,institution,Vanguard Capital Management LLC,8198937,1924372558,0.0325,0.015
NXPI,2026-06-30,institution,Massachusetts Financial Services Co.,6458702,1515921989,0.0256,-0.14739999
NXPI,2026-06-30,institution,"Geode Capital Management, LLC",5652741,1326754878,0.0224,0.0135
NXPI,2026-03-31,institution,Van Eck Associates Corporation,4378316,1027634577,0.0174,0.0294
NXPI,2026-06-30,fund,Fidelity Select Portfolios-Select Semiconductors Portfolio,9337234,2191542254,0.037,0.0061000003
NXPI,2026-03-31,fund,VANGUARD INDEX FUNDS-Vanguard 500 Index Fund,6394186,1500779438,0.0254,0.0076
NXPI,2026-06-30,fund,Fidelity Select Portfolios-Technology Portfolio,6403008,1502850050,0.0254,0.0068
NXPI,2026-06-30,fund,"Invesco QQQ Trust, Series 1",5359248,1257869134,0.021300001,-0.021300001
NXPI,2026-06-30,fund,iShares Trust-iShares Semiconductor ETF,5129884,1204035108,0.020299999,0.26569998
NXPI,2026-06-30,fund,iShares Trust-iShares Core S&P 500 ETF,3484177,817771207,0.0138,0.0508
NXPI,2026-06-30,fund,Fidelity Concord Street Trust-Fidelity 500 Index Fund,3238775,760172901,0.0128,0.0056
NXPI,2026-06-30,fund,VanEck ETF Trust-VanEck Semiconductor ETF,3176145,745473014,0.0126,0.1549
NXPI,2026-06-30,fund,SPDR S&P 500 ETF TRUST-State Street SPDR S&P 500 ETF Trust,3052052,716347145,0.0121,0.005
NXPI,2026-05-31,fund,MFS SERIES TRUST I-MFS Value Fund,3021687,709220176,0.012,-0.16479999
MRVL,2026-06-30,institution,Blackrock Inc.,85641174,19014053817,0.0979,0.3414
MRVL,2026-06-30,institution,Vanguard Capital Management LLC,57898902,12854714469,0.066199996,0.4806
MRVL,2026-06-30,institution,"FMR, LLC",56933063,12640278890,0.0651,-0.5662
MRVL,2026-06-30,institution,State Street Corporation,41834272,9288045248,0.0478,0.7925
MRVL,2026-03-31,institution,Invesco Ltd.,28807696,6395884788,0.032899998,-0.0135
MRVL,2026-06-30,institution,"Geode Capital Management, LLC",21126096,4690415924,0.0241,0.67870003
MRVL,2026-06-30,institution,Vanguard Portfolio Management LLC,21015501,4665861621,0.024,-0.3673
MRVL,2026-03-31,institution,"Ameriprise Financial, Inc.",20844639,4627926839,0.0238,0.2156
MRVL,2026-06-30,institution,NORGES BANK,14201483,3153013316,0.0162,0.3477
MRVL,2026-06-30,institution,JPMORGAN CHASE & CO,13891628,3084219307,0.0159,1.3882
MRVL,2026-03-31,fund,VANGUARD INDEX FUNDS-Vanguard Total Stock Market Index Fund,27715400,6153373226,0.0317,0.0229
MRVL,2026-06-30,fund,"Invesco QQQ Trust, Series 1",18569546,4122810682,0.0212,-0.0163
MRVL,2026-06-30,fund,Fidelity Select Portfolios-Select Semiconductors Portfolio,15589031,3461076729,0.0178,-0.16290002
MRVL,2026-06-30,fund,VanEck ETF Trust-VanEck Semiconductor ETF,12190454,2706524649,0.0139,0.1739
MRVL,2026-06-30,fund,iShares Trust-iShares Core S&P 500 ETF,12081789,2682398845,0.0138,1.0
MRVL,2026-06-30,fund,Fidelity Concord Street Trust-Fidelity 500 Index Fund,11231860,2493697605,0.0128,1.0
MRVL,2026-06-30,fund,SPDR S&P 500 ETF TRUST-State Street SPDR S&P 500 ETF Trust,10578773,2348699226,0.0121,1.0
MRVL,2026-03-31,fund,VANGUARD INDEX FUNDS-Vanguard Growth Index Fund,9781977,2171794575,0.0112,0.0105
MRVL,2026-03-31,fund,VANGUARD INDEX FUNDS-Vanguard Extended Market Index Fund,9731551,2160598994,0.0111,0.0473
MRVL,2026-03-31,fund,VANGUARD INDEX FUNDS-Vanguard Mid-Cap Index Fund,9423589,2092225270,0.0108,0.0044
ON,2026-06-30,institution,"FMR, LLC",56679393,4685118832,0.1456,-0.0254
ON,2026-06-30,institution,Blackrock Inc.,40980739,3387468035,0.105299994,0.026800001
ON,2026-06-30,institution,Vanguard Capital Management LLC,25616396,2117451387,0.065799996,-0.0007
ON,2026-06-30,institution,Vanguard Portfolio Management LLC,19639331,1623387172,0.0504,-0.0211
ON,2026-06-30,institution,State Street Corporation,18557255,1533942766,0.0477,0.0136
ON,2026-03-31,institution,Janus Henderson Group PLC,13700884,1132515121,0.0352,0.1089
ON,2026-06-30,institution,"Geode Capital Management, LLC",10836563,895750337,0.0278,0.0068
ON,2026-06-30,institution,JPMORGAN CHASE & CO,10129250,837283842,0.025999999,-0.3712
ON,2026-06-30,institution,NORGES BANK,7857251,649480396,0.0202,0.2859
ON,2026-03-31,institution,"Slate Path Capital, LP",7798800,644648836,0.02,-0.2559
ON,2026-06-30,fund,Fidelity Select Portfolios-Select Semiconductors Portfolio,22643376,1871701543,0.0582,0.0182
ON,2026-06-30,fund,Fidelity Select Portfolios-Technology Portfolio,17638205,1457974089,0.045300003,0.0577
ON,2026-03-31,fund,VANGUARD INDEX FUNDS-Vanguard Total Stock Market Index Fund,12516126,1034583020,0.0321,-0.0099
ON,2026-03-31,fund,VANGUARD INDEX FUNDS-Vanguard 500 Index Fund,10010450,827463833,0.0257,-0.0139
ON,2026-03-31,fund,VANGUARD INDEX FUNDS-Vanguard Mid-Cap Index Fund,8509384,703385712,0.0219,-0.028399998
ON,2026-06-30,fund,iShares Trust-iShares Semiconductor ETF,7990826,660521706,0.020499999,0.0718
ON,2026-06-30,fund,JANUS INVESTMENT FUND-Janus Henderson Enterprise Fund,7509031,620696529,0.019299999,0.0
ON,2026-06-30,fund,iShares Trust-iShares Core S&P 500 ETF,5408122,447035384,0.0139,0.0418
ON,2026-06-30,fund,Fidelity Concord Street Trust-Fidelity 500 Index Fund,5027451,415569118,0.0128999995,-0.0029
ON,2026-06-30,fund,VanEck ETF Trust-VanEck Semiconductor ETF,4762995,393709184,0.012200001,0.1286
MCHP,2026-06-30,institution,Blackrock Inc.,63586448,5034138971,0.1171,0.17040001
MCHP,2026-06-30,institution,Vanguard Capital Management LLC,35362807,2799673365,0.0651,0.0068
MCHP,2026-06-30,institution,Vanguard Portfolio Management LLC,33078712,2618841568,0.060900003,0.0208
MCHP,2026-06-30,institution,State Street Corporation,28851673,2284186898,0.0531,0.0293
MCHP,2026-03-31,institution,Invesco Ltd.,25763731,2039714536,0.047399998,-0.0505
MCHP,2026-06-30,institution,"Geode Capital Management, LLC",15540542,1230344681,0.0286,0.0678
MCHP,2026-06-30,institution,Boston Partners,14522587,1149753186,0.026700001,-0.0153
MCHP,2026-03-31,institution,"Aristotle Capital Management, LLC",11641968,921694585,0.0214,-0.0638
MCHP,2026-03-31,institution,Bank of America Corporation,11402205,902712548,0.021,-0.0581
MCHP,2026-03-31,institution,"T. Rowe Price Investment Management, Inc.",9909469,784532642,0.0182,-0.001
MCHP,2026-03-31,fund,VANGUARD INDEX FUNDS-Vanguard Total Stock Market Index Fund,17160117,1358566431,0.031600002,0.0093
MCHP,2026-03-31,fund,VANGUARD INDEX FUNDS-Vanguard 500 Index Fund,13752022,1088747556,0.0253,0.009
MCHP,2026-03-31,fund,VANGUARD INDEX FUNDS-Vanguard Mid-Cap Index Fund,11686447,925215987,0.0215,-0.0064999997
MCHP,2026-06-30,fund,"Invesco QQQ Trust, Series 1",11506816,910994601,0.0212,-0.0187
MCHP,2026-06-30,fund,iShares Trust-iShares Semiconductor ETF,10900715,863009586,0.0201,0.080299996
MCHP,2026-06-30,fund,VanEck ETF Trust-VanEck Semiconductor ETF,7668227,607093517,0.014099999,0.1361
MCHP,2026-06-30,fund,iShares Trust-iShares Core S&P 500 ETF,7467725,591219774,0.0138,0.047399998
MCHP,2026-06-30,fund,Fidelity Concord Street Trust-Fidelity 500 Index Fund,6941845,549585855,0.0128,0.0023999999
MCHP,2026-06-30,fund,SPDR S&P 500 ETF TRUST-State Street SPDR S&P 500 ETF Trust,6540674,517825148,0.012,-0.0016
MCHP,2026-06-30,fund,Direxion Shares ETF Trust-Direxion Daily Semiconductor Bull 3X ETF,5354840,423942672,0.0099,0.1345
ARM,2026-03-31,institution,"Dz Bank Ag Deutsche Zentral Genossenschafts Bank, Frankfurt Am Main",9376278,2620107147,0.0088,3.3994
ARM,2026-03-31,institution,Invesco Ltd.,5883125,1643980464,0.0055,0.0629
ARM,2026-06-30,institution,Capital World Investors,4330875,1210219720,0.0041,1.0
ARM,2026-06-30,institution,"Arrowstreet Capital, Limited Partnership",4094696,1144221860,0.0038,3.3323002
ARM,2026-06-30,institution,"FMR, LLC",4062977,1135358302,0.0038,0.65900004
ARM,2026-06-30,institution,Capital Research Global Investors,2401422,671053369,0.0022,-0.43080002
ARM,2026-03-31,institution,Van Eck Associates Corporation,2212884,618368310,0.0021,42.922997
ARM,2026-06-30,institution,Morgan Stanley,2158428,603151125,0.002,-0.5165
ARM,2026-06-30,institution,Blackrock Inc.,2035975,568932858,0.0019,0.6384
ARM,2026-06-30,institution,Capital International Investors,2050241,572919350,0.0019,0.7591
ARM,2026-06-30,fund,"Invesco QQQ Trust, Series 1",9000496,2515098624,0.0084,1.9671
ARM,2026-06-30,fund,VanEck ETF Trust-VanEck Semiconductor ETF,2559364,715188682,0.0023999999,0.1593
ARM,2026-06-30,fund,Fidelity Select Portfolios-Select Semiconductors Portfolio,2370042,662284542,0.0022,0.21959999
ARM,2026-06-30,fund,Growth Fund of America,2076257,580189261,0.0019,0.59220004
ARM,2026-06-30,fund,NEW PERSPECTIVE FUND,1934132,540473850,0.0018000001,1.0778
ARM,2026-06-30,fund,Invesco Exchange-Traded Fund Trust II-Invesco NASDAQ 100 ETF,1859690,519671778,0.0017,2.1332002
ARM,2026-06-30,fund,iShares Trust-iShares Semiconductor ETF,1022837,285821573,0.001,0.2643
ARM,2026-03-31,fund,Bridge Builder Trust-Bridge Builder Large Cap Growth Fund,982443,274533874,0.00090000004,-0.12189999
ARM,2026-04-30,fund,HARTFORD MUTUAL FUNDS II INC-THE HARTFORD GROWTH OPPORTUNITIES FUND,916642,256146442,0.00090000004,-0.0106
ARM,2026-04-30,fund,HARTFORD MUTUAL Fd.S II INC-Hartford Schroders Intl Stock Fd.,864264,241509934,0.0008,0.0675
MPWR,2026-06-30,institution,Blackrock Inc.,5589925,7837130803,0.1137,-0.0795
MPWR,2026-06-30,institution,"FMR, LLC",5177258,7258567539,0.105399996,0.17639999
MPWR,2026-06-30,institution,Vanguard Capital Management LLC,3126756,4383743210,0.0636,0.0139999995
MPWR,2026-03-31,institution,Invesco Ltd.,2515987,3527438958,0.0512,0.002
MPWR,2026-06-30,institution,Vanguard Portfolio Management LLC,2504858,3511835989,0.051,-0.0046
MPWR,2026-06-30,institution,State Street Corporation,2282186,3199647616,0.0464,0.0428
MPWR,2026-03-31,institution,Price (T.Rowe) Associates Inc,1262954,1770674149,0.0257,-0.2533
MPWR,2026-06-30,institution,"Geode Capital Management, LLC",1195281,1675795926,0.024300002,-0.16530001
MPWR,2026-06-30,institution,"Franklin Resources, Inc.",811974,1138395675,0.0165,-0.1257
MPWR,2026-06-30,institution,NORGES BANK,751399,1053468919,0.0153,0.034
MPWR,2026-06-30,fund,Fidelity Select Portfolios-Select Semiconductors Portfolio,1857348,2604020487,0.0378,0.0922
MPWR,2026-03-31,fund,VANGUARD INDEX FUNDS-Vanguard Total Stock Market Index Fund,1469660,2060478030,0.0299,0.028800001
MPWR,2026-03-31,fund,VANGUARD INDEX FUNDS-Vanguard 500 Index Fund,1238003,1735692598,0.0252,0.024500001
MPWR,2026-06-30,fund,"Invesco QQQ Trust, Series 1",1042894,1462147827,0.0212,-0.0202
MPWR,2026-03-31,fund,VANGUARD INDEX FUNDS-Vanguard Mid-Cap Index Fund,999330,1401070663,0.020299999,0.0088
MPWR,2026-06-30,fund,iShares Trust-iShares Semiconductor ETF,971625,1362227975,0.0198,0.2068
MPWR,2026-06-30,fund,VanEck ETF Trust-VanEck Semiconductor ETF,686722,962791117,0.0139999995,0.39540002
MPWR,2026-06-30,fund,iShares Trust-iShares Core S&P 500 ETF,678565,951354922,0.0138,0.0577
MPWR,2026-06-30,fund,Fidelity Concord Street Trust-Fidelity 500 Index Fund,630255,883623818,0.0128,0.0111
MPWR,2026-06-30,fund,Fidelity Securities Fund-Fidelity Blue Chip Growth Fund,629056,881942808,0.0128,0.012200001
ALAB,2026-06-30,institution,"FMR, LLC",24845364,7990517152,0.1432,-0.026800001
ALAB,2026-06-30,institution,Blackrock Inc.,13683865,4400867622,0.0789,0.19510001
ALAB,2026-06-30,institution,Vanguard Portfolio Management LLC,7887650,2536747000,0.045500003,0.0791
ALAB,2026-06-30,institution,Vanguard Capital Management LLC,6727089,2163498994,0.0388,0.060900003
ALAB,2026-06-30,institution,State Street Corporation,3678093,1182911435,0.0212,0.1033
ALAB,2026-03-31,institution,"Atreides Management, LP",3365787,1082470707,0.0194,1.089
ALAB,2026-06-30,institution,"Geode Capital Management, LLC",2796173,899277157,0.0161,0.1148
ALAB,2026-03-31,institution,"Fred Alger Management, LLC",2573005,827504100,0.0148,0.32990003
ALAB,2026-03-31,institution,Alliancebernstein L.P.,2512695,808107802,0.0145000005,0.1538
ALAB,2026-03-31,institution,Van Eck Associates Corporation,1864416,599614802,0.0107,40.5988
ALAB,2026-06-30,fund,Fidelity Select Portfolios-Select Semiconductors Portfolio,7869556,2530927789,0.0454,0.029000001
ALAB,2026-03-31,fund,VANGUARD INDEX FUNDS-Vanguard Total Stock Market Index Fund,4595036,1477809460,0.026500002,0.081599995
ALAB,2026-06-30,fund,"Invesco QQQ Trust, Series 1",3638513,1170182112,0.021,1.0
ALAB,2026-03-31,fund,VANGUARD INDEX FUNDS-Vanguard Small-Cap Index Fund,3336071,1072913745,0.019199999,0.088
ALAB,2026-06-30,fund,iShares Trust-iShares Semiconductor ETF,2870329,923126467,0.0165,0.111
ALAB,2026-06-30,fund,Fidelity Select Portfolios-Technology Portfolio,2400730,772098740,0.0138,0.0738
ALAB,2026-06-30,fund,Fidelity Securities Fund-Fidelity Blue Chip Growth Fund,2242270,721136421,0.0128999995,-0.106400006
ALAB,2026-06-30,fund,Fidelity Mt. Vernon Street Trust-Fidelity Growth Company Fund,2164393,696090401,0.0125,-0.0511
ALAB,2026-06-30,fund,VanEck ETF Trust-VanEck Semiconductor ETF,2053650,660474346,0.0117999995,0.1608
ALAB,2026-03-31,fund,VANGUARD INDEX FUNDS-Vanguard Small-Cap Growth Index Fund,1866394,600250947,0.0108,0.078600004
CRDO,2026-06-30,institution,Blackrock Inc.,17759842,4615782827,0.0952,-0.1039
CRDO,2026-06-30,institution,Vanguard Portfolio Management LLC,8222867,2137123083,0.044099998,-0.0862
CRDO,2026-03-31,institution,"Point72 Asset Management, L.P.",7479599,1943947734,0.0401,0.3446
CRDO,2026-06-30,institution,Vanguard Capital Management LLC,7440285,1933730026,0.0399,0.028399998
CRDO,2026-06-30,institution,State Street Corporation,4221110,1097066463,0.0226,-0.1337
CRDO,2026-03-31,institution,"Wellington Management Group, LLP",3411895,886751489,0.0183,0.6525
CRDO,2026-06-30,institution,"Geode Capital Management, LLC",3226106,838464929,0.0173,-0.2634
CRDO,2026-06-30,institution,Jennison Associates LLC,2655290,690109854,0.014199999,9.746099
CRDO,2026-03-31,institution,"Srs Investment Management, Llc",2505841,651268060,0.0134000005,21.4381
CRDO,2026-03-31,institution,Alliancebernstein L.P.,1984516,515775696,0.0106,-0.1004
CRDO,2026-03-31,fund,VANGUARD INDEX FUNDS-Vanguard Total Stock Market Index Fund,5162695,1341784398,0.0277,0.0547
CRDO,2026-03-31,fund,VANGUARD INDEX FUNDS-Vanguard Small-Cap Index Fund,3748463,974225510,0.0201,0.061
CRDO,2026-06-30,fund,iShares Trust-iShares Semiconductor ETF,3392591,881734380,0.0182,0.1037
CRDO,2026-03-31,fund,VANGUARD INDEX FUNDS-Vanguard Small-Cap Growth Index Fund,2097105,545037576,0.0112,0.051799998
CRDO,2026-04-30,fund,Vanguard Explorer Fund,1842094,478760219,0.0099,1.1855999
CRDO,2026-03-31,fund,VANGUARD INDEX FUNDS-Vanguard Extended Market Index Fund,1774217,461118987,0.0095,0.08140001
CRDO,2026-06-30,fund,Direxion Shares ETF Trust-Direxion Daily Semiconductor Bull 3X ETF,1667298,433330740,0.0089,0.1594
CRDO,2026-05-31,fund,Fidelity Salem Street Trust-Fidelity Small Cap Index Fund,1606187,417447991,0.0086,0.0056
CRDO,2026-05-31,fund,VANGUARD WORLD FUND-Vanguard Information Technology Index Fund,1576261,409670224,0.0085,-0.0085
CRDO,2026-06-30,fund,BlackRock ETF Trust-iShares A.I. Innovation and Tech Active ETF,1219742,317010938,0.0064999997,-0.003
AMAT,2026-06-30,institution,Blackrock Inc.,80212518,40682184291,0.101,0.015700001
AMAT,2026-06-30,institution,Vanguard Capital Management LLC,51848358,26296449830,0.0653,0.0052
AMAT,2026-06-30,institution,State Street Corporation,38240019,19394572556,0.0482,0.0195
AMAT,2026-03-31,institution,Invesco Ltd.,26365590,13372099743,0.0332,0.0186
AMAT,2026-06-30,institution,Capital Research Global Investors,22159097,11238650654,0.0279,-0.2477
AMAT,2026-06-30,institution,"Geode Capital Management, LLC",22007983,11162008656,0.0277,0.0039
AMAT,2026-06-30,institution,Vanguard Portfolio Management LLC,18553307,9409866108,0.0234,0.0748
AMAT,2026-06-30,institution,JPMORGAN CHASE & CO,13886053,7042728258,0.0175,1.8196001
AMAT,2026-06-30,institution,Morgan Stanley,13523832,6859017014,0.017,0.1418
AMAT,2026-06-30,institution,NORGES BANK,11305788,5734069475,0.014199999,0.0164
AMAT,2026-03-31,fund,VANGUARD INDEX FUNDS-Vanguard Total Stock Market Index Fund,25201663,12781779255,0.0317,0.0067000003
AMAT,2026-03-31,fund,VANGUARD INDEX FUNDS-Vanguard 500 Index Fund,20169314,10229472526,0.0254,0.004
AMAT,2026-06-30,fund,"Invesco QQQ Trust, Series 1",16853527,8547771700,0.0212,-0.02
AMAT,2026-06-30,fund,iShares Trust-iShares Core S&P 500 ETF,10950543,5553896318,0.0138,0.047199998
AMAT,2026-06-30,fund,Fidelity Concord Street Trust-Fidelity 500 Index Fund,10180671,5163432643,0.0128,0.0023
AMAT,2026-06-30,fund,SPDR S&P 500 ETF TRUST-State Street SPDR S&P 500 ETF Trust,9586377,4862018616,0.0121,0.0014
AMAT,2026-06-30,fund,SELECT SECTOR SPDR TRT-State Street Technology Select Sector SPDR ETF,6262264,3176095009,0.007900001,0.0179
AMAT,2026-06-30,fund,VanEck ETF Trust-VanEck Semiconductor ETF,6181518,3135142253,0.0078,0.053600002
AMAT,2026-06-30,fund,Growth Fund of America,5781418,2932219538,0.0073,-0.024300002
AMAT,2026-05-31,fund,VANGUARD WORLD FUND-Vanguard Information Technology Index Fund,5327892,2702200225,0.0067000003,-0.0335
LRCX,2026-06-30,institution,Blackrock Inc.,132727776,44113401687,0.10609999,-0.00090000004
LRCX,2026-06-30,institution,Vanguard Capital Management LLC,81683639,27148373061,0.0653,0.0064999997
LRCX,2026-06-30,institution,State Street Corporation,60704130,20175623757,0.048499998,0.026099999
LRCX,2026-03-31,institution,Invesco Ltd.,50464319,16772320323,0.0403,-0.0113
LRCX,2026-06-30,institution,JPMORGAN CHASE & CO,45317479,15061716656,0.036199998,0.38529998
LRCX,2026-06-30,institution,Vanguard Portfolio Management LLC,36635534,12176185543,0.0293,-0.0115
LRCX,2026-06-30,institution,"Geode Capital Management, LLC",34506240,11468493420,0.0276,-0.019
LRCX,2026-06-30,institution,"FMR, LLC",33677858,11193172391,0.0269,0.0031
LRCX,2026-03-31,institution,"Ameriprise Financial, Inc.",20788130,6909142582,0.0166,-0.105900005
LRCX,2026-06-30,institution,Morgan Stanley,19217787,6387223405,0.0154,0.012999999
LRCX,2026-03-31,fund,VANGUARD INDEX FUNDS-Vanguard Total Stock Market Index Fund,39654171,13179459692,0.0317,0.0047999998
LRCX,2026-03-31,fund,VANGUARD INDEX FUNDS-Vanguard 500 Index Fund,31731740,10546360641,0.0254,0.0018000001
LRCX,2026-06-30,fund,"Invesco QQQ Trust, Series 1",26546111,8822865063,0.0212,-0.019
LRCX,2026-06-30,fund,iShares Trust-iShares Core S&P 500 ETF,17256655,5735421603,0.0138,0.048899997
LRCX,2026-06-30,fund,Fidelity Concord Street Trust-Fidelity 500 Index Fund,16042706,5331953531,0.0128,0.0039
LRCX,2026-06-30,fund,SPDR S&P 500 ETF TRUST-State Street SPDR S&P 500 ETF Trust,15106407,5020765209,0.0121,0.003
LRCX,2026-03-31,fund,VANGUARD INDEX FUNDS-Vanguard Growth Index Fund,13390657,4450518564,0.0107,-0.0095
LRCX,2026-06-30,fund,SELECT SECTOR SPDR TRT-State Street Technology Select Sector SPDR ETF,9868085,3279756586,0.007900001,0.0195
LRCX,2026-06-30,fund,VanEck ETF Trust-VanEck Semiconductor ETF,9321087,3097956338,0.0074,-0.0095
LRCX,2026-05-31,fund,VANGUARD WORLD FUND-Vanguard Information Technology Index Fund,8416516,2797313134,0.0067000003,-0.026700001
KLAC,2026-06-30,institution,Blackrock Inc.,126198653,25709189743,0.096599996,0.0019
KLAC,2026-06-30,institution,Vanguard Capital Management LLC,85323770,17382158528,0.0653,0.0015
KLAC,2026-06-30,institution,State Street Corporation,62892994,12812560814,0.0481,0.0221
KLAC,2026-06-30,institution,Capital World Investors,45318111,9232205628,0.0347,0.1096
KLAC,2026-03-31,institution,Invesco Ltd.,44127770,8989709358,0.033800002,-0.0277
KLAC,2026-06-30,institution,"FMR, LLC",43007912,8761571885,0.032899998,-0.0229
KLAC,2026-06-30,institution,Vanguard Portfolio Management LLC,39388674,8024260715,0.0301,-0.0224
KLAC,2026-06-30,institution,"Geode Capital Management, LLC",36488344,7433405484,0.0279,-0.0066000004
KLAC,2026-06-30,institution,Capital International Investors,35558216,7243919806,0.0272,0.3034
KLAC,2026-03-31,institution,Primecap Management Company,24376470,4965974498,0.0187,-0.1524
KLAC,2026-03-31,fund,VANGUARD INDEX FUNDS-Vanguard Total Stock Market Index Fund,41624390,8479720781,0.0319,0.0084
KLAC,2026-03-31,fund,VANGUARD INDEX FUNDS-Vanguard 500 Index Fund,33314460,6786821831,0.0255,0.0056
KLAC,2026-06-30,fund,"Invesco QQQ Trust, Series 1",27728554,5648861054,0.0212,-0.023699999
KLAC,2026-06-30,fund,WASHINGTON MUTUAL INVESTORS FUND,18364835,3741284208,0.014099999,0.1481
KLAC,2026-06-30,fund,iShares Trust-iShares Core S&P 500 ETF,18024841,3672020630,0.0138,0.0436
KLAC,2026-06-30,fund,Fidelity Concord Street Trust-Fidelity 500 Index Fund,16757358,3413808992,0.0128,-0.001
KLAC,2026-06-30,fund,SPDR S&P 500 ETF TRUST-State Street SPDR S&P 500 ETF Trust,15777275,3214146482,0.0121,-0.0017
KLAC,2026-06-30,fund,Growth Fund of America,15766850,3212022701,0.0121,0.0217
KLAC,2026-03-31,fund,VANGUARD CHESTER FUNDS-Vanguard PRIMECAP Fund,14861600,3027605170,0.0114,-0.14829999
KLAC,2026-03-31,fund,VANGUARD INDEX FUNDS-Vanguard Growth Index Fund,14175510,2887834914,0.0108,-0.0057
ASML,2026-06-30,institution,"FMR, LLC",5478341,10102498830,0.014099999,0.74
ASML,2026-06-30,institution,"Fisher Asset Management, LLC",4737614,8736539016,0.012200001,0.0298
ASML,2026-06-30,institution,Capital World Investors,3726679,6872294046,0.0095999995,-0.0018000001
ASML,2026-03-31,institution,Invesco Ltd.,2969679,5476325519,0.0077,0.0067000003
ASML,2026-06-30,institution,State Farm Mutual Automobile Insurance Co,2758173,5086291544,0.0070999996,0.0
ASML,2026-06-30,institution,Capital International Investors,2439219,4498114866,0.0063,0.38009998
ASML,2026-06-30,institution,JPMORGAN CHASE & CO,2395859,4418155559,0.0062,0.1238
ASML,2026-03-31,institution,Van Eck Associates Corporation,1867295,3443441281,0.0047999998,-0.0746
ASML,2026-06-30,institution,Morgan Stanley,1788291,3297751588,0.0046,0.0016
ASML,2026-03-31,institution,Bank of America Corporation,1560256,2877236815,0.004,0.0124
ASML,2026-06-30,fund,iShares Trust-iShares Core MSCI EAFE ETF,2866270,5285631055,0.0074,0.0047999998
ASML,2026-06-30,fund,VanEck ETF Trust-VanEck Semiconductor ETF,1972846,3638085764,0.0050999997,0.19530001
ASML,2026-06-30,fund,"Invesco QQQ Trust, Series 1",1945146,3587004750,0.005,0.0212
ASML,2026-06-30,fund,WASHINGTON MUTUAL INVESTORS FUND,1708028,3149740199,0.0044,0.0517
ASML,2026-06-30,fund,Fidelity Select Portfolios-Select Semiconductors Portfolio,1613893,2976147732,0.0042,0.1027
ASML,2026-06-30,fund,iShares Trust-iShares MSCI EAFE ETF,1378967,2542925404,0.0036000002,-0.005
ASML,2026-06-30,fund,Growth Fund of America,1197226,2207780469,0.0031,0.0135
ASML,2026-06-30,fund,NEW PERSPECTIVE FUND,748365,1380044896,0.0019,0.0
ASML,2026-06-30,fund,iShares Trust-iShares MSCI EAFE Growth ETF,593153,1093821558,0.0015,0.0383
ASML,2026-06-30,fund,Fidelity Contrafund,556542,1026307946,0.0014,0.3664
TER,2026-06-30,institution,Blackrock Inc.,19437021,8140030190,0.111899994,0.19209999
TER,2026-06-30,institution,Vanguard Capital Management LLC,10225398,4282294515,0.0589,0.0047999998
TER,2026-06-30,institution,Vanguard Portfolio Management LLC,8633782,3615741637,0.0497,0.0036000002
TER,2026-06-30,institution,State Street Corporation,7290460,3053171805,0.042,0.045900002
TER,2026-06-30,institution,JPMORGAN CHASE & CO,5570053,2332682543,0.0321,0.9404
TER,2026-06-30,institution,"Geode Capital Management, LLC",4602292,1927393906,0.026500002,0.0535
TER,2026-06-30,institution,"FMR, LLC",4105776,1719457966,0.023599999,0.1375
TER,2026-03-31,institution,"Ameriprise Financial, Inc.",2843976,1191028733,0.0164,-0.3666
TER,2026-03-31,institution,Alkeon Capital Management LLC,2789510,1168218916,0.0161,0.1466
TER,2026-03-31,institution,Invesco Ltd.,2520584,1055595394,0.0145000005,-0.146
TER,2026-03-31,fund,VANGUARD INDEX FUNDS-Vanguard Total Stock Market Index Fund,4971157,2081870882,0.0286,0.01
TER,2026-03-31,fund,VANGUARD INDEX FUNDS-Vanguard 500 Index Fund,3979877,1666732722,0.0229,0.0077
TER,2026-03-31,fund,VANGUARD INDEX FUNDS-Vanguard Mid-Cap Index Fund,3381016,1415935719,0.0195,0.9842
TER,2026-06-30,fund,"Invesco QQQ Trust, Series 1",3322945,1391616164,0.0191,1.0
TER,2026-06-30,fund,iShares Trust-iShares Semiconductor ETF,3190048,1335960229,0.0184,0.1096
TER,2026-06-30,fund,VanEck ETF Trust-VanEck Semiconductor ETF,2406969,1008014568,0.0139,0.1558
TER,2026-06-30,fund,iShares Trust-iShares Core S&P 500 ETF,2160122,904637510,0.0124,0.047
TER,2026-06-30,fund,Fidelity Concord Street Trust-Fidelity 500 Index Fund,2008168,841000693,0.0116,0.002
TER,2026-06-30,fund,SPDR S&P 500 ETF TRUST-State Street SPDR S&P 500 ETF Trust,1891264,792042466,0.0109,-0.0022
TER,2026-03-31,fund,VANGUARD INDEX FUNDS-Vanguard Growth Index Fund,1846779,773412593,0.0106,0.5904
ENTG,2026-06-30,institution,Blackrock Inc.,20480129,3312865554,0.13430001,0.0553
ENTG,2026-03-31,institution,Price (T.Rowe) Associates Inc,11618818,1879459935,0.0762,-0.20729999
ENTG,2026-06-30,institution,Capital Research Global Investors,11207917,1812992592,0.0735,-0.0143
ENTG,2026-06-30,institution,Vanguard Portfolio Management LLC,7784532,1259225853,0.051,0.0041
ENTG,2026-06-30,institution,Vanguard Capital Management LLC,6888468,1114278545,0.0452,0.0109
ENTG,2026-06-30,institution,"Principal Financial Group, Inc.",5955687,963391896,0.039100002,0.012
ENTG,2026-06-30,institution,State Street Corporation,5522913,893386376,0.036199998,0.0478
ENTG,2026-06-30,institution,JPMORGAN CHASE & CO,5520399,892979711,0.036199998,0.8001
ENTG,2026-03-31,institution,Invesco Ltd.,4661824,754096624,0.0306,0.2976
ENTG,2026-03-31,institution,Primecap Management Company,3142833,508384648,0.020599999,-0.0055
ENTG,2026-06-30,fund,Amcap Fund,6738057,1089948063,0.0442,0.0
ENTG,2026-07-31,fund,iShares Trust-iShares Core S&P Mid-Cap ETF,5237974,847294645,0.0343,0.0091
ENTG,2026-03-31,fund,VANGUARD INDEX FUNDS-Vanguard Total Stock Market Index Fund,4825134,780513649,0.031600002,0.01
ENTG,2026-04-30,fund,"Principal Funds, Inc-MidCap Fund",3933315,636253012,0.025799999,0.0067000003
ENTG,2026-03-31,fund,VANGUARD INDEX FUNDS-Vanguard Small-Cap Index Fund,3504734,566925752,0.023,0.0187
ENTG,2026-06-30,fund,AMERICAN FUNDS INSURANCE SERIES-Growth-Income Fund,3114310,503770768,0.020399999,-0.0473
ENTG,2026-06-30,fund,iShares Trust-iShares Semiconductor ETF,3108954,502904381,0.020399999,0.083000004
ENTG,2026-04-30,fund,AIM Sector Funds (Invesco Sector Funds)-Invesco Small Cap Value Fund,1985520,321177704,0.012999999,0.1263
ENTG,2026-03-31,fund,VANGUARD INDEX FUNDS-Vanguard Small-Cap Growth Index Fund,1961438,317282200,0.0128999995,0.0105
ENTG,2026-03-31,fund,Touchstone Fd.s Group TRT-Touchstone Fd.s Group TRT-Touchstone Mid Cap,1872233,302852399,0.0123000005,-0.0983
MSFT,2026-06-30,institution,Blackrock Inc.,607367113,300889664073,0.08180001,0.023699999
MSFT,2026-06-30,institution,Vanguard Capital Management LLC,485192007,240364117306,0.0653,0.0055
MSFT,2026-06-30,institution,State Street Corporation,315653206,156374596325,0.0425,0.0292
MSFT,2026-06-30,institution,"Geode Capital Management, LLC",189632090,93943736228,0.0255,0.006
MSFT,2026-06-30,institution,"FMR, LLC",185960066,92124615561,0.025,-0.0224
MSFT,2026-06-30,institution,Vanguard Portfolio Management LLC,168407641,83429144323,0.0227,0.0055
MSFT,2026-06-30,institution,JPMORGAN CHASE & CO,135173516,66964959001,0.0182,0.0633
MSFT,2026-06-30,institution,Morgan Stanley,127674661,63250026280,0.0172,0.0224
MSFT,2026-03-31,institution,Price (T.Rowe) Associates Inc,117242934,58082148788,0.015800001,-0.0673
MSFT,2026-06-30,institution,NORGES BANK,102732956,50893905775,0.0138,-0.0194
MSFT,2026-03-31,fund,VANGUARD INDEX FUNDS-Vanguard Total Stock Market Index Fund,235805345,116817966473,0.0318,0.0095999995
MSFT,2026-03-31,fund,VANGUARD INDEX FUNDS-Vanguard 500 Index Fund,188702055,93482996895,0.0254,0.0068
MSFT,2026-06-30,fund,iShares Trust-iShares Core S&P 500 ETF,102504556,50780756416,0.0138,0.0478
MSFT,2026-06-30,fund,Fidelity Concord Street Trust-Fidelity 500 Index Fund,95294226,47208758978,0.0128,0.0028
MSFT,2026-06-30,fund,SPDR S&P 500 ETF TRUST-State Street SPDR S&P 500 ETF Trust,89766189,44470169482,0.0121,0.0023
MSFT,2026-03-31,fund,VANGUARD INDEX FUNDS-Vanguard Growth Index Fund,78110065,38695725724,0.0105,0.0070999996
MSFT,2026-06-30,fund,"Invesco QQQ Trust, Series 1",57117911,28296212760,0.0077,-0.020399999
MSFT,2026-03-31,fund,VANGUARD INSTITUTIONAL INDEX FUNDS-Vanguard Institutional Index Fund,41868492,20741650681,0.0056,-0.0184
MSFT,2026-05-31,fund,VANGUARD WORLD FUND-Vanguard Information Technology Index Fund,36085837,17876923429,0.0049,0.0681
MSFT,2026-06-30,fund,Growth Fund of America,32629664,16164735346,0.0044,-0.0162
ORCL,2026-06-30,institution,Blackrock Inc.,145353687,21878637588,0.0505,0.0143
ORCL,2026-06-30,institution,Vanguard Capital Management LLC,111788001,16826330388,0.0388,0.0061000003
ORCL,2026-06-30,institution,State Street Corporation,78645193,11837674786,0.0273,0.0307
ORCL,2026-06-30,institution,Vanguard Portfolio Management LLC,57285664,8622638390,0.0199,0.0095
ORCL,2026-06-30,institution,Capital Research Global Investors,39746237,5982603763,0.0138,0.2367
ORCL,2026-06-30,institution,"Geode Capital Management, LLC",39248959,5907753476,0.0136,0.0077
ORCL,2026-06-30,institution,Morgan Stanley,30551196,4598566152,0.0106,0.048699997
ORCL,2026-06-30,institution,"FMR, LLC",26025909,3917419933,0.009,0.1375
ORCL,2026-06-30,institution,NORGES BANK,25002553,3763384384,0.0087,0.123900004
ORCL,2026-06-30,institution,JPMORGAN CHASE & CO,22899905,3446893798,0.008,-0.2952
ORCL,2026-03-31,fund,VANGUARD INDEX FUNDS-Vanguard Total Stock Market Index Fund,54743852,8240044836,0.019,0.0184
ORCL,2026-03-31,fund,VANGUARD INDEX FUNDS-Vanguard 500 Index Fund,43094432,6486574088,0.015,0.016
ORCL,2026-06-30,fund,iShares Trust-iShares Core S&P 500 ETF,23414473,3524346575,0.0081,0.048
ORCL,2026-06-30,fund,Fidelity Concord Street Trust-Fidelity 500 Index Fund,21767928,3276508615,0.0076,0.0031
ORCL,2026-06-30,fund,SPDR S&P 500 ETF TRUST-State Street SPDR S&P 500 ETF Trust,20494122,3084775331,0.0070999996,0.0017
ORCL,2026-03-31,fund,VANGUARD INDEX FUNDS-Vanguard Growth Index Fund,18463894,2779185403,0.0064,0.018099999
ORCL,2026-06-30,fund,Growth Fund of America,14300865,2152566260,0.005,0.14
ORCL,2026-06-30,fund,SELECT SECTOR SPDR TRT-State Street Technology Select Sector SPDR ETF,13389765,2015427485,0.0046,0.0187
ORCL,2026-06-30,fund,Investment Co of America,12439777,1872435287,0.0043,0.19629999
ORCL,2026-05-31,fund,VANGUARD WORLD FUND-Vanguard Information Technology Index Fund,11068414,1666017722,0.0038,0.0036000002
PANW,2026-06-30,institution,Blackrock Inc.,75753509,29109800071,0.77769995,0.045900002
PANW,2026-06-30,institution,Vanguard Capital Management LLC,53129128,20415929432,0.5454,0.0069
PANW,2026-06-30,institution,State Street Corporation,36979497,14210110905,0.3796,0.0421
PANW,2026-06-30,institution,Morgan Stanley,29450112,11316794214,0.3023,-0.0888
PANW,2026-03-31,institution,Invesco Ltd.,23928423,9194974843,0.2457,0.1125
PANW,2026-03-31,institution,Bank of America Corporation,22476753,8637141628,0.2308,0.1601
PANW,2026-06-30,institution,JPMORGAN CHASE & CO,21715578,8344644919,0.2229,0.6122
PANW,2026-06-30,institution,"FMR, LLC",20054462,7706327892,0.2059,1.4744
PANW,2026-06-30,institution,"Geode Capital Management, LLC",19615573,7537676021,0.2014,0.0150999995
PANW,2026-06-30,institution,Vanguard Portfolio Management LLC,19347649,7434720868,0.19860001,-0.0128999995
PANW,2026-03-31,fund,VANGUARD INDEX FUNDS-Vanguard Total Stock Market Index Fund,25911718,9957095591,0.266,0.18290001
PANW,2026-03-31,fund,VANGUARD INDEX FUNDS-Vanguard 500 Index Fund,20536945,7891731629,0.21079999,0.1907
PANW,2026-06-30,fund,"Invesco QQQ Trust, Series 1",17321389,6656089960,0.1778,-0.020399999
PANW,2026-06-30,fund,iShares Trust-iShares Core S&P 500 ETF,11190353,4300116824,0.1149,0.0511
PANW,2026-06-30,fund,Fidelity Concord Street Trust-Fidelity 500 Index Fund,10403755,3997850819,0.106800005,0.0061000003
PANW,2026-06-30,fund,SPDR S&P 500 ETF TRUST-State Street SPDR S&P 500 ETF Trust,9798628,3765318673,0.100600004,0.005
PANW,2026-03-31,fund,VANGUARD INDEX FUNDS-Vanguard Growth Index Fund,8904145,3421595701,0.091400005,0.1703
PANW,2026-06-30,fund,SELECT SECTOR SPDR TRT-State Street Technology Select Sector SPDR ETF,6399499,2459135410,0.0657,0.0217
PANW,2026-05-31,fund,VANGUARD WORLD FUND-Vanguard Information Technology Index Fund,5599575,2151748623,0.0575,0.0036000002
PANW,2026-05-31,fund,First TRT Exch-Trd Fd. II-First TRT NASDAQ Cybersecurity ETF,5108849,1963177349,0.052399997,0.0179
CRWD,2026-06-30,institution,Blackrock Inc.,87385588,18958303049,0.3433,0.0221
CRWD,2026-06-30,institution,Vanguard Capital Management LLC,64822984,14063346180,0.2546,0.0150999995
CRWD,2026-06-30,institution,State Street Corporation,46335400,10052464888,0.18200001,0.0401
CRWD,2026-06-30,institution,JPMORGAN CHASE & CO,32697852,7093798891,0.1284,1.278
CRWD,2026-06-30,institution,"FMR, LLC",31388468,6809728036,0.1233,1.281
CRWD,2026-03-31,institution,Invesco Ltd.,30629720,6645117660,0.120299995,-0.069
CRWD,2026-06-30,institution,Morgan Stanley,25978188,5635967807,0.102,-0.0097
CRWD,2026-06-30,institution,"Geode Capital Management, LLC",24333356,5279121509,0.0956,0.0143
CRWD,2026-06-30,institution,Vanguard Portfolio Management LLC,23827488,5169373448,0.0936,-0.0127
CRWD,2026-03-31,institution,Price (T.Rowe) Associates Inc,16609544,3603440520,0.0652,-0.0279
CRWD,2026-03-31,fund,VANGUARD INDEX FUNDS-Vanguard Total Stock Market Index Fund,30423120,6600295791,0.1195,0.0154
CRWD,2026-03-31,fund,VANGUARD INDEX FUNDS-Vanguard 500 Index Fund,25627252,5559832243,0.1007,0.0125
CRWD,2026-06-30,fund,"Invesco QQQ Trust, Series 1",21616120,4689617168,0.0849,-0.0107
CRWD,2026-06-30,fund,iShares Trust-iShares Core S&P 500 ETF,14049608,3048062412,0.0552,0.0575
CRWD,2026-06-30,fund,Fidelity Concord Street Trust-Fidelity 500 Index Fund,13061112,2833608208,0.0513,0.0121
CRWD,2026-06-30,fund,SPDR S&P 500 ETF TRUST-State Street SPDR S&P 500 ETF Trust,12307100,2670025307,0.048299998,0.0104
CRWD,2026-03-31,fund,VANGUARD INDEX FUNDS-Vanguard Growth Index Fund,10575516,2294358163,0.041500002,0.0095999995
CRWD,2026-05-31,fund,First TRT Exch-Trd Fd. II-First TRT NASDAQ Cybersecurity ETF,8181208,1774913050,0.0321,0.0179
CRWD,2026-06-30,fund,SELECT SECTOR SPDR TRT-State Street Technology Select Sector SPDR ETF,8034000,1742976275,0.031600002,0.0279
CRWD,2026-05-31,fund,VANGUARD WORLD FUND-Vanguard Information Technology Index Fund,7078400,1535658858,0.0278,0.0037
FTNT,2026-06-30,institution,Blackrock Inc.,62242221,9959377440,0.0848,0.0044
FTNT,2026-06-30,institution,Vanguard Capital Management LLC,40663961,6506640176,0.0554,0.0229
FTNT,2026-06-30,institution,State Street Corporation,29630652,4741200463,0.0404,0.0242
FTNT,2026-03-31,institution,Invesco Ltd.,25534532,4085780325,0.0348,-0.0728
FTNT,2026-06-30,institution,Vanguard Portfolio Management LLC,24844685,3975397910,0.0339,-0.0077
FTNT,2026-06-30,institution,"Geode Capital Management, LLC",17439799,2790542142,0.0238,-0.0013
FTNT,2026-06-30,institution,NORGES BANK,12449356,1992021385,0.017,-0.1425
FTNT,2026-06-30,institution,First Trust Advisors LP,10815814,1730638338,0.0147,-0.06
FTNT,2026-06-30,institution,"Arrowstreet Capital, Limited Partnership",10127342,1620475937,0.0138,0.0494
FTNT,2026-06-30,institution,Bank Of New York Mellon Corporation,9327182,1492442340,0.0127,-0.30040002
FTNT,2026-03-31,fund,VANGUARD INDEX FUNDS-Vanguard Total Stock Market Index Fund,18798339,3007922120,0.0256,-0.052699998
FTNT,2026-03-31,fund,VANGUARD INDEX FUNDS-Vanguard 500 Index Fund,16061814,2570050769,0.0219,0.0076
FTNT,2026-06-30,fund,"Invesco QQQ Trust, Series 1",15552071,2488486795,0.0212,-0.03
FTNT,2026-05-31,fund,First TRT Exch-Trd Fd. II-First TRT NASDAQ Cybersecurity ETF,8764467,1402402316,0.0119,0.0179
FTNT,2026-06-30,fund,iShares Trust-iShares Core S&P 500 ETF,8593314,1375016125,0.0117,0.0319
FTNT,2026-06-30,fund,Fidelity Concord Street Trust-Fidelity 500 Index Fund,7988837,1278293764,0.0109,-0.0124
FTNT,2026-06-30,fund,SPDR S&P 500 ETF TRUST-State Street SPDR S&P 500 ETF Trust,7526737,1204353146,0.010299999,-0.0162
FTNT,2026-03-31,fund,VANGUARD INDEX FUNDS-Vanguard Growth Index Fund,6877272,1100432254,0.0094,-0.0683
FTNT,2026-03-31,fund,VANGUARD INDEX FUNDS-Vanguard Mid-Cap Index Fund,6391876,1022764043,0.0087,-0.0709
FTNT,2026-05-31,fund,VANGUARD WORLD FUND-Vanguard Information Technology Index Fund,5183171,829359163,0.0070999996,-0.0299
DDOG,2026-06-30,institution,Blackrock Inc.,35546533,9080717558,0.10609999,0.0084
DDOG,2026-06-30,institution,Vanguard Capital Management LLC,21604265,5519025681,0.0645,0.013300001
DDOG,2026-06-30,institution,"FMR, LLC",19758680,5047552525,0.059,0.48689997
DDOG,2026-06-30,institution,Vanguard Portfolio Management LLC,17558413,4485472302,0.052399997,-0.001
DDOG,2026-06-30,institution,State Street Corporation,14707381,3757147649,0.043899998,0.046
DDOG,2026-03-31,institution,Invesco Ltd.,11633863,2971986720,0.0347,-0.0577
DDOG,2026-03-31,institution,Price (T.Rowe) Associates Inc,10381725,2652115538,0.031,-0.2802
DDOG,2026-06-30,institution,"Geode Capital Management, LLC",9536964,2436312887,0.028499998,0.021300001
DDOG,2026-03-31,institution,Janus Henderson Group PLC,7749569,1979704948,0.0231,0.22799999
DDOG,2026-06-30,institution,Jennison Associates LLC,6860657,1752623483,0.020499999,0.1583
DDOG,2026-03-31,fund,VANGUARD INDEX FUNDS-Vanguard Total Stock Market Index Fund,10425815,2663378769,0.0311,0.019199999
DDOG,2026-03-31,fund,VANGUARD INDEX FUNDS-Vanguard 500 Index Fund,8343324,2131385605,0.0249,0.0165
DDOG,2026-03-31,fund,VANGUARD INDEX FUNDS-Vanguard Mid-Cap Index Fund,7089567,1811100833,0.0212,0.0008
DDOG,2026-06-30,fund,"Invesco QQQ Trust, Series 1",7022499,1793967641,0.021,-0.0134000005
DDOG,2026-06-30,fund,iShares Trust-iShares Core S&P 500 ETF,4564622,1166078366,0.0136,0.0553
DDOG,2026-06-30,fund,Fidelity Concord Street Trust-Fidelity 500 Index Fund,4243937,1084156174,0.0127,0.010199999
DDOG,2026-06-30,fund,SPDR S&P 500 ETF TRUST-State Street SPDR S&P 500 ETF Trust,3998620,1021487492,0.0119,0.0069999998
DDOG,2026-03-31,fund,VANGUARD INDEX FUNDS-Vanguard Growth Index Fund,3887255,993038188,0.0116,0.010299999
DDOG,2026-06-30,fund,JANUS INVESTMENT FUND-Janus Henderson Forty Fund,3076176,785839941,0.0092,-0.121400006
DDOG,2026-06-30,fund,Fidelity Select Portfolios-Technology Portfolio,3060676,781880311,0.0091,0.0508
SNOW,2026-06-30,institution,Blackrock Inc.,31405420,10329871168,0.09060001,0.123100005
SNOW,2026-06-30,institution,Vanguard Capital Management LLC,15066218,4955580626,0.0435,0.0195
SNOW,2026-06-30,institution,Vanguard Portfolio Management LLC,12878536,4236008234,0.0372,0.0028
SNOW,2026-06-30,institution,JPMORGAN CHASE & CO,9218816,3032253082,0.026600001,-0.1759
SNOW,2026-06-30,institution,State Street Corporation,7957874,2617504022,0.023,0.0385
SNOW,2026-06-30,institution,"FMR, LLC",7653175,2517282423,0.0221,-0.2879
SNOW,2026-06-30,institution,"Geode Capital Management, LLC",6416309,2110452442,0.0185,0.33580002
SNOW,2026-06-30,institution,Jennison Associates LLC,6340455,2085502543,0.0183,-0.115
SNOW,2026-03-31,institution,"Wellington Management Group, LLP",5347668,1758955030,0.0154,0.78080004
SNOW,2026-03-31,institution,"AQR Capital Management, LLC",4912588,1615848510,0.014199999,0.4992
SNOW,2026-03-31,fund,VANGUARD INDEX FUNDS-Vanguard Total Stock Market Index Fund,10326491,3396589558,0.0298,0.020399999
SNOW,2026-03-31,fund,VANGUARD INDEX FUNDS-Vanguard Extended Market Index Fund,3819661,1256362947,0.011,0.0461
SNOW,2026-03-31,fund,VANGUARD INDEX FUNDS-Vanguard Growth Index Fund,3720352,1223698229,0.0107,0.0178
SNOW,2026-03-31,fund,VANGUARD INDEX FUNDS-Vanguard Mid-Cap Index Fund,3510426,1154649367,0.0101,0.0022
SNOW,2026-05-31,fund,VANGUARD WELLINGTON FUND,2827344,929970026,0.0082,0.674
SNOW,2026-05-31,fund,VANGUARD WORLD FUND-Vanguard Information Technology Index Fund,2417864,795283859,0.0069999998,0.0036000002
SNOW,2026-06-30,fund,Fidelity Select Portfolios-Technology Portfolio,2338213,769085051,0.0067000003,0.0682
SNOW,2026-06-30,fund,iShares Trust-iShares Russell Mid-Cap Growth ETF,1968077,647339913,0.0057,1.0
SNOW,2026-06-30,fund,Fidelity Concord Street Trust-Fidelity Extended Market Index Fund,1762941,579866577,0.0050999997,-0.00090000004
SNOW,2026-06-30,fund,JANUS INVESTMENT FUND-Janus Henderson Research Fund,1617327,531971218,0.0047,0.3143
MDB,2026-06-30,institution,Blackrock Inc.,6342387,2919590922,0.0789,0.1078
MDB,2026-06-30,institution,Vanguard Portfolio Management LLC,4478068,2061388982,0.0557,-0.0052
MDB,2026-06-30,institution,"FMR, LLC",3660780,1685166808,0.045500003,0.66940004
MDB,2026-06-30,institution,Vanguard Capital Management LLC,3500977,1611604695,0.0435,-0.0050999997
MDB,2026-03-31,institution,Price (T.Rowe) Associates Inc,2092486,963234052,0.025999999,0.1221
MDB,2026-03-31,institution,"Dz Bank Ag Deutsche Zentral Genossenschafts Bank, Frankfurt Am Main",1953175,899105021,0.024300002,0.6464
MDB,2026-06-30,institution,State Street Corporation,1934054,890303051,0.024,0.048800003
MDB,2026-06-30,institution,"Geode Capital Management, LLC",1554896,715765254,0.019299999,0.0177
MDB,2026-06-30,institution,NORGES BANK,1404430,646501243,0.0175,0.0254
MDB,2026-03-31,institution,"AQR Capital Management, LLC",1312130,604012785,0.0163,1.2771
MDB,2026-03-31,fund,VANGUARD INDEX FUNDS-Vanguard Total Stock Market Index Fund,2460192,1132500150,0.0306,0.0150999995
MDB,2026-03-31,fund,VANGUARD INDEX FUNDS-Vanguard Mid-Cap Index Fund,1669889,768699980,0.0208,-0.0074
MDB,2026-06-30,fund,Fidelity Select Portfolios-Technology Portfolio,1370786,631013900,0.017,0.0923
MDB,2026-03-31,fund,VANGUARD INDEX FUNDS-Vanguard Growth Index Fund,1016573,467959035,0.0126,0.0436
MDB,2026-03-31,fund,VANGUARD INDEX FUNDS-Vanguard Extended Market Index Fund,908494,418207030,0.0113,0.0361
MDB,2026-05-31,fund,VANGUARD WORLD FUND-Vanguard Information Technology Index Fund,796802,366791853,0.0099,-0.0341
MDB,2026-03-31,fund,VANGUARD INDEX FUNDS-Vanguard Mid-Cap Growth Index Fund,588118,270728351,0.0073,-0.090299994
MDB,2026-03-31,fund,VANGUARD HORIZON FUNDS-Vanguard Capital Opportunity Fund,512588,235959627,0.0064,-0.0242
MDB,2026-06-30,fund,NEW PERSPECTIVE FUND,500000,230164993,0.0062,0.0
MDB,2026-03-31,fund,"T. Rowe Price Equity Funds, Inc.-T. Rowe Price Large-Cap Growth Fund",475229,218762159,0.0058999998,0.1336
NET,2026-06-30,institution,Capital World Investors,24325692,7681566990,0.0757,0.0699
NET,2026-06-30,institution,Blackrock Inc.,21598907,6820502826,0.0672,0.0239
NET,2026-06-30,institution,Vanguard Portfolio Management LLC,16819726,5311333055,0.052399997,0.048600003
NET,2026-06-30,institution,Morgan Stanley,15258327,4818274481,0.0475,-0.039300002
NET,2026-06-30,institution,BAILLIE GIFFORD & CO,14598594,4609943995,0.045500003,-0.0833
NET,2026-06-30,institution,Vanguard Capital Management LLC,14430365,4556820642,0.044899996,0.0521
NET,2026-06-30,institution,"FMR, LLC",12655471,3996344616,0.0394,-0.066700004
NET,2026-06-30,institution,Capital International Investors,10981005,3467581745,0.0342,0.0081
NET,2026-06-30,institution,State Street Corporation,7420765,2343329162,0.0231,0.0337
NET,2026-06-30,institution,"Geode Capital Management, LLC",5963905,1883281913,0.0186,-0.0049
NET,2026-06-30,fund,Growth Fund of America,15816291,4994468352,0.049200002,0.038900003
NET,2026-03-31,fund,VANGUARD INDEX FUNDS-Vanguard Total Stock Market Index Fund,9582204,3025868367,0.0298,0.0176
NET,2026-03-31,fund,VANGUARD INDEX FUNDS-Vanguard Mid-Cap Index Fund,6515570,2057486686,0.020299999,-0.0005
NET,2026-06-30,fund,NEW PERSPECTIVE FUND,5744708,1814063885,0.0179,0.0736
NET,2026-06-30,fund,AMERICAN FUNDS INSURANCE SERIES-Growth Fund,3603033,1137765756,0.0112,-0.0084
NET,2026-03-31,fund,VANGUARD INDEX FUNDS-Vanguard Extended Market Index Fund,3541852,1118446020,0.011,0.0425
NET,2026-03-31,fund,VANGUARD INDEX FUNDS-Vanguard Growth Index Fund,3451598,1089945612,0.0107,-0.0037
NET,2026-05-31,fund,VANGUARD WORLD FUND-Vanguard U.S. Growth Fund,2528224,798362571,0.007900001,-0.18180001
NET,2026-05-31,fund,VANGUARD WORLD FUND-Vanguard Information Technology Index Fund,2423658,765342720,0.0075,0.0036000002
NET,2026-03-31,fund,VANGUARD INDEX FUNDS-Vanguard Mid-Cap Growth Index Fund,2294738,724632362,0.0070999996,-0.084
ZS,2026-06-30,institution,Blackrock Inc.,9890384,1815874562,0.0612,0.1543
ZS,2026-06-30,institution,Vanguard Portfolio Management LLC,6196726,1137718931,0.0383,0.044899996
ZS,2026-06-30,institution,Vanguard Capital Management LLC,4721393,866847783,0.0292,0.012999999
ZS,2026-03-31,institution,Invesco Ltd.,4306572,790686645,0.026600001,-0.1476
ZS,2026-06-30,institution,First Trust Advisors LP,3529213,647963528,0.0218,0.003
ZS,2026-03-31,institution,Goldman Sachs Group Inc,2924939,537018818,0.018099999,0.2125
ZS,2026-06-30,institution,State Street Corporation,2493672,457838194,0.0154,0.0458
ZS,2026-06-30,institution,Pictet Asset Management Holding SA,2104621,386408428,0.012999999,0.0958
ZS,2026-06-30,institution,"Geode Capital Management, LLC",2090724,383856939,0.0128999995,0.0018000001
ZS,2026-03-31,institution,Price (T.Rowe) Associates Inc,1749210,321154966,0.0108,-0.32
ZS,2026-03-31,fund,VANGUARD INDEX FUNDS-Vanguard Total Stock Market Index Fund,3323521,610198475,0.020599999,0.0196
ZS,2026-05-31,fund,First TRT Exch-Trd Fd. II-First TRT NASDAQ Cybersecurity ETF,2517884,462283517,0.0156,0.0179
ZS,2026-03-31,fund,VANGUARD INDEX FUNDS-Vanguard Mid-Cap Index Fund,2257176,414417527,0.0139999995,0.0005
ZS,2026-03-31,fund,VANGUARD INDEX FUNDS-Vanguard Growth Index Fund,1434862,263440671,0.0089,0.0513
ZS,2026-03-31,fund,VANGUARD INDEX FUNDS-Vanguard Extended Market Index Fund,1139157,209149232,0.0069999998,0.0437
ZS,2026-05-31,fund,VANGUARD WORLD FUND-Vanguard Information Technology Index Fund,970581,178198677,0.006,0.0036000002
ZS,2026-03-31,fund,VANGUARD INDEX FUNDS-Vanguard Mid-Cap Growth Index Fund,794944,145951723,0.0049,-0.0832
ZS,2026-03-31,fund,"T. Rowe Price Mid-Cap Growth Fund, Inc.",794660,145899580,0.0049,-0.1267
ZS,2026-03-31,fund,-Victory Pioneer Fund,719529,132105528,0.0044,1.0
ZS,2026-06-30,fund,iShares Trust-iShares Russell Mid-Cap Growth ETF,614404,112804578,0.0038,-0.0728
CRM,2026-06-30,institution,Blackrock Inc.,72748909,14274063923,0.0888,-0.0871
CRM,2026-06-30,institution,Vanguard Capital Management LLC,52065228,10215718735,0.0636,-0.1225
CRM,2026-06-30,institution,State Street Corporation,44869478,8803840579,0.0548,-0.0834
CRM,2026-06-30,institution,Morgan Stanley,23311316,4573913468,0.028499998,-0.2641
CRM,2026-06-30,institution,"Geode Capital Management, LLC",19814297,3887763347,0.0242,-0.108500004
CRM,2026-06-30,institution,Vanguard Portfolio Management LLC,16104722,3159907611,0.0197,-0.1707
CRM,2026-03-31,institution,Harris Associates L.P.,14917993,2927059506,0.0182,0.5236
CRM,2026-06-30,institution,"Arrowstreet Capital, Limited Partnership",13278612,2605396549,0.0162,0.048899997
CRM,2026-06-30,institution,Capital Research Global Investors,11742835,2304061734,0.0143,-0.1432
CRM,2026-03-31,institution,Bank of America Corporation,11724790,2300521124,0.0143,0.2796
CRM,2026-03-31,fund,VANGUARD INDEX FUNDS-Vanguard Total Stock Market Index Fund,28267928,5546450342,0.0345,-0.0054
CRM,2026-03-31,fund,VANGUARD INDEX FUNDS-Vanguard 500 Index Fund,23808254,4671417677,0.0291,-0.0082
CRM,2026-06-30,fund,iShares Trust-iShares Core S&P 500 ETF,11288961,2215007113,0.0138,-0.0855
CRM,2026-06-30,fund,Fidelity Concord Street Trust-Fidelity 500 Index Fund,10494245,2059075881,0.0128,-0.1248
CRM,2026-06-30,fund,SPDR S&P 500 ETF TRUST-State Street SPDR S&P 500 ETF Trust,9887084,1939944818,0.0121,-0.125
CRM,2026-06-30,fund,SELECT SECTOR SPDR TRT-State Street Technology Select Sector SPDR ETF,6455184,1266571695,0.007900001,-0.1112
CRM,2026-05-31,fund,VANGUARD WORLD FUND-Vanguard Information Technology Index Fund,6248194,1225958186,0.0076,-0.025999999
CRM,2026-04-30,fund,VANGUARD WINDSOR FUNDS-Vanguard Windsor II Fund,6143112,1205340046,0.0075,0.203
CRM,2026-03-31,fund,VANGUARD INSTITUTIONAL INDEX FUNDS-Vanguard Institutional Index Fund,5283225,1036621612,0.0064999997,-0.033
CRM,2026-06-30,fund,SPDR DOW JONES INDUSTRIAL AVERAGE ETF TRT-State Street SPDR Dow Jones ,5097433,1000167363,0.0062,-0.054899998
ADBE,2026-06-30,institution,Blackrock Inc.,41156085,10866029109,0.1035,0.0085
ADBE,2026-06-30,institution,Vanguard Capital Management LLC,26405210,6971503254,0.0664,-0.010299999
ADBE,2026-06-30,institution,State Street Corporation,20515508,5416504196,0.051599998,0.030199999
ADBE,2026-03-31,institution,Invesco Ltd.,14126834,3729766557,0.0355,-0.0273
ADBE,2026-06-30,institution,"Geode Capital Management, LLC",11615763,3066793619,0.0292,-0.0095
ADBE,2026-06-30,institution,Vanguard Portfolio Management LLC,9363848,2472243046,0.023599999,-0.061
ADBE,2026-06-30,institution,"Arrowstreet Capital, Limited Partnership",6787022,1791909473,0.0171,-0.0008
ADBE,2026-06-30,institution,Morgan Stanley,5390521,1423205295,0.0136,-0.0505
ADBE,2026-06-30,institution,Amundi,5242464,1384115287,0.013200001,0.1097
ADBE,2026-06-30,institution,"UBS AM, a distinct business unit of UBS ASSET MANAGEMENT AMERICAS LLC",5045547,1332125263,0.0127,0.0038
ADBE,2026-03-31,fund,VANGUARD INDEX FUNDS-Vanguard Total Stock Market Index Fund,13034727,3441428479,0.0328,-0.0088
ADBE,2026-03-31,fund,VANGUARD INDEX FUNDS-Vanguard 500 Index Fund,10429575,2753616276,0.026199998,-0.0119
ADBE,2026-06-30,fund,"Invesco QQQ Trust, Series 1",8580026,2265298370,0.0216,-0.0287
ADBE,2026-06-30,fund,iShares Trust-iShares Core S&P 500 ETF,5577599,1472597626,0.0139999995,0.0313
ADBE,2026-06-30,fund,Fidelity Concord Street Trust-Fidelity 500 Index Fund,5185201,1368996711,0.012999999,-0.0128999995
ADBE,2026-06-30,fund,SPDR S&P 500 ETF TRUST-State Street SPDR S&P 500 ETF Trust,4885117,1289768536,0.0123000005,-0.0127
ADBE,2026-03-31,fund,VANGUARD INDEX FUNDS-Vanguard Growth Index Fund,4505672,1189587471,0.0113,-0.012
ADBE,2026-06-30,fund,SELECT SECTOR SPDR TRT-State Street Technology Select Sector SPDR ETF,3189489,842088850,0.008,0.0023999999
ADBE,2026-03-31,fund,VANGUARD CHESTER FUNDS-Vanguard PRIMECAP Fund,3098357,818028181,0.0078,0.21139999
ADBE,2026-05-31,fund,VANGUARD WORLD FUND-Vanguard Information Technology Index Fund,2983490,787700997,0.0075,0.0036000002
NOW,2026-06-30,institution,Blackrock Inc.,96057763,11911162612,0.0929,-0.0148
NOW,2026-06-30,institution,Vanguard Capital Management LLC,67351838,8351627912,0.0651,-0.0092
NOW,2026-06-30,institution,State Street Corporation,49038218,6080739032,0.047399998,0.020399999
NOW,2026-03-31,institution,Price (T.Rowe) Associates Inc,34109888,4229626112,0.033,0.0529
NOW,2026-06-30,institution,Morgan Stanley,26630984,3302242016,0.025799999,0.14060001
NOW,2026-06-30,institution,Vanguard Portfolio Management LLC,25184743,3122908132,0.024400001,0.0005
NOW,2026-06-30,institution,"Geode Capital Management, LLC",24274498,3010037752,0.0235,-0.0061000003
NOW,2026-06-30,institution,"UBS AM, a distinct business unit of UBS ASSET MANAGEMENT AMERICAS LLC",16638071,2063120804,0.0161,0.16549999
NOW,2026-06-30,institution,JPMORGAN CHASE & CO,13949279,1729710596,0.0135,-0.55
NOW,2026-06-30,institution,NORGES BANK,12458091,1544803284,0.012,-0.0557
NOW,2026-03-31,fund,VANGUARD INDEX FUNDS-Vanguard Total Stock Market Index Fund,33217378,4118954872,0.0321,0.019
NOW,2026-03-31,fund,VANGUARD INDEX FUNDS-Vanguard 500 Index Fund,26581865,3296151260,0.0257,0.0161
NOW,2026-06-30,fund,iShares Trust-iShares Core S&P 500 ETF,14230286,1764555464,0.0138,0.0326
NOW,2026-06-30,fund,Fidelity Concord Street Trust-Fidelity 500 Index Fund,13229932,1640511568,0.0128,-0.0116
NOW,2026-06-30,fund,SPDR S&P 500 ETF TRUST-State Street SPDR S&P 500 ETF Trust,12464961,1545655164,0.0121,-0.0123000005
NOW,2026-03-31,fund,VANGUARD INDEX FUNDS-Vanguard Growth Index Fund,11428948,1417189552,0.0111,0.0194
NOW,2026-06-30,fund,SELECT SECTOR SPDR TRT-State Street Technology Select Sector SPDR ETF,8137881,1009097244,0.007900001,0.0037
NOW,2026-05-31,fund,VANGUARD WORLD FUND-Vanguard Information Technology Index Fund,7101089,880535036,0.0069,0.0036000002
NOW,2026-03-31,fund,"T. Rowe Price Blue Chip Growth Fund, Inc.",6130754,760213496,0.0058999998,-0.060900003
NOW,2026-03-31,fund,VANGUARD INSTITUTIONAL INDEX FUNDS-Vanguard Institutional Index Fund,5897825,731330300,0.0057,-0.0094
INTU,2026-06-30,institution,Blackrock Inc.,26252335,9074382212,0.096,0.0305
INTU,2026-06-30,institution,Vanguard Capital Management LLC,17958464,6207522732,0.0657,-0.0067000003
INTU,2026-06-30,institution,State Street Corporation,13289484,4593643088,0.048600003,0.0253
INTU,2026-03-31,institution,Invesco Ltd.,10339030,3573789147,0.0378,0.0654
INTU,2026-06-30,institution,Corient Private Wealth LP,8595932,2971269886,0.031400003,67.3704
INTU,2026-06-30,institution,Vanguard Portfolio Management LLC,8568625,2961830948,0.0313,0.0347
INTU,2026-06-30,institution,"Geode Capital Management, LLC",6934202,2396876288,0.0254,0.0209
INTU,2026-03-31,institution,Price (T.Rowe) Associates Inc,5395374,1864964996,0.0197,-0.0784
INTU,2026-06-30,institution,NORGES BANK,5375785,1858193862,0.0197,0.16430001
INTU,2026-06-30,institution,FIL LTD,5077870,1755216562,0.0186,1.7414
INTU,2026-03-31,fund,VANGUARD INDEX FUNDS-Vanguard Total Stock Market Index Fund,8837071,3054621994,0.0323,0.0106
INTU,2026-03-31,fund,VANGUARD INDEX FUNDS-Vanguard 500 Index Fund,7070519,2443995623,0.025799999,0.0057
INTU,2026-06-30,fund,"Invesco QQQ Trust, Series 1",5806423,2007048195,0.0212,-0.0312
INTU,2026-06-30,fund,iShares Trust-iShares Core S&P 500 ETF,3816446,1319192738,0.0139999995,0.040999997
INTU,2026-06-30,fund,Fidelity Concord Street Trust-Fidelity 500 Index Fund,3547667,1226286588,0.012999999,-0.0038
INTU,2026-06-30,fund,SPDR S&P 500 ETF TRUST-State Street SPDR S&P 500 ETF Trust,3342297,1155298393,0.012200001,-0.0037
INTU,2026-03-31,fund,VANGUARD INDEX FUNDS-Vanguard Growth Index Fund,3037145,1049819551,0.0111,0.0119
INTU,2026-06-30,fund,SELECT SECTOR SPDR TRT-State Street Technology Select Sector SPDR ETF,2182213,754303753,0.008,0.0117
INTU,2026-05-31,fund,VANGUARD WORLD FUND-Vanguard Information Technology Index Fund,1917364,662756047,0.0069999998,0.0036000002
INTU,2026-03-31,fund,VANGUARD INSTITUTIONAL INDEX FUNDS-Vanguard Institutional Index Fund,1569031,542351261,0.0057,-0.0194
WDAY,2026-06-30,institution,Blackrock Inc.,21126013,4197316108,0.1346,0.0521
WDAY,2026-06-30,institution,Vanguard Capital Management LLC,13220374,2626623809,0.0842,-0.044299997
WDAY,2026-06-30,institution,Vanguard Portfolio Management LLC,11176693,2220585283,0.0712,-0.0396
WDAY,2026-03-31,institution,"Hotchkis & Wiley Capital Management, LLC",10655733,2117080954,0.0679,0.5769
WDAY,2026-06-30,institution,State Street Corporation,9570551,1901477002,0.061,0.0034999999
WDAY,2026-06-30,institution,"First Eagle Investment Management, LLC",8824517,1753254972,0.056199998,0.1598
WDAY,2026-03-31,institution,Eagle Capital Management LLC,8707006,1729907888,0.0555,0.1494
WDAY,2026-03-31,institution,Invesco Ltd.,7751763,1540120216,0.0494,0.056500003
WDAY,2026-06-30,institution,"Geode Capital Management, LLC",5904641,1173134030,0.0376,0.1437
WDAY,2026-03-31,institution,Goldman Sachs Group Inc,3944450,783683297,0.0251,1.9636999
WDAY,2026-03-31,fund,VANGUARD INDEX FUNDS-Vanguard Total Stock Market Index Fund,6755742,1342230771,0.043,0.009
WDAY,2026-04-30,fund,VANGUARD WINDSOR FUNDS-Vanguard Windsor II Fund,6227957,1237370451,0.0397,0.44509998
WDAY,2026-03-31,fund,VANGUARD INDEX FUNDS-Vanguard 500 Index Fund,5412313,1075318307,0.0345,-0.011
WDAY,2026-04-30,fund,First Eagle Funds-First Eagle Global Fund,5355997,1064129444,0.0341,0.3707
WDAY,2026-03-31,fund,VANGUARD INDEX FUNDS-Vanguard Mid-Cap Index Fund,4600111,913950019,0.0293,0.98480004
WDAY,2026-06-30,fund,"Invesco QQQ Trust, Series 1",4266660,847699977,0.0272,-0.077800006
WDAY,2026-06-30,fund,iShares Trust-iShares Core S&P 500 ETF,2810427,558375615,0.0179,0.0015
WDAY,2026-03-31,fund,VANGUARD INDEX FUNDS-Vanguard Growth Index Fund,2603132,517190246,0.0166,0.0274
WDAY,2026-06-30,fund,Fidelity Concord Street Trust-Fidelity 500 Index Fund,2613279,519206252,0.0166,-0.041300002
WDAY,2026-06-30,fund,SPDR S&P 500 ETF TRUST-State Street SPDR S&P 500 ETF Trust,2462031,489156301,0.015700001,-0.038399998
TEAM,2026-06-30,institution,Blackrock Inc.,12747664,2067926069,0.0799,0.1043
TEAM,2026-06-30,institution,Vanguard Portfolio Management LLC,9968285,1617055204,0.0624,0.0075
TEAM,2026-06-30,institution,DnB Asset Management AS,9830768,1594747196,0.0616,0.21700001
TEAM,2026-06-30,institution,GQG Partners LLC,7658413,1242347766,0.048,1.0
TEAM,2026-06-30,institution,Vanguard Capital Management LLC,7217901,1170887909,0.0452,-0.0507
TEAM,2026-06-30,institution,Pictet Asset Management Holding SA,5474077,888004777,0.0343,0.088
TEAM,2026-03-31,institution,Invesco Ltd.,4680276,759234378,0.0293,-0.0559
TEAM,2026-06-30,institution,State Street Corporation,4675073,758390347,0.0293,0.1469
TEAM,2026-03-31,institution,"Two Sigma Investments, LP",4647650,753941788,0.0291,4.0823
TEAM,2026-06-30,institution,Morgan Stanley,4188687,679488810,0.026199998,-0.0106
TEAM,2026-03-31,fund,VANGUARD INDEX FUNDS-Vanguard Total Stock Market Index Fund,5389757,874326387,0.033800002,0.0201
TEAM,2026-03-31,fund,VANGUARD INDEX FUNDS-Vanguard Mid-Cap Index Fund,3663130,594232953,0.0229,0.0015
TEAM,2026-03-31,fund,VANGUARD INDEX FUNDS-Vanguard Growth Index Fund,2442993,396302327,0.0153,0.1182
TEAM,2026-05-31,fund,VANGUARD WORLD FUND-Vanguard International Growth Fund,2326280,377369144,0.0146,-0.0332
TEAM,2026-03-31,fund,VANGUARD INDEX FUNDS-Vanguard Extended Market Index Fund,1893466,307158056,0.0119,0.0456
TEAM,2026-05-31,fund,VANGUARD WORLD FUND-Vanguard Information Technology Index Fund,1718381,278755767,0.0108,0.0036000002
TEAM,2026-03-31,fund,VANGUARD INDEX FUNDS-Vanguard Mid-Cap Growth Index Fund,1290073,209275643,0.0081,-0.082200006
TEAM,2026-05-31,fund,Columbia Fd.s Series TRT II-Columbia Seligman Technology and Informati,1271659,206288524,0.008,1.0
TEAM,2026-03-31,fund,"T. Rowe Price Mid-Cap Growth Fund, Inc.",1108740,179859804,0.0069,0.2275
TEAM,2026-06-30,fund,iShares Trust-iShares Russell Mid-Cap Growth ETF,993012,161086407,0.0062,1.0
HUBS,2026-03-31,institution,Price (T.Rowe) Associates Inc,4605897,1032365750,0.0924,0.0052
HUBS,2026-06-30,institution,Blackrock Inc.,3459461,775403586,0.0694,-0.1559
HUBS,2026-06-30,institution,Vanguard Portfolio Management LLC,2511352,562894435,0.0504,-0.1223
HUBS,2026-06-30,institution,Vanguard Capital Management LLC,2226554,499059812,0.044699997,-0.0198
HUBS,2026-06-30,institution,"FMR, LLC",1692362,379326017,0.0339,-0.032
HUBS,2026-06-30,institution,Pictet Asset Management Holding SA,1655750,371119803,0.0332,-0.2433
HUBS,2026-03-31,institution,"AQR Capital Management, LLC",1628169,364937798,0.0327,0.3694
HUBS,2026-03-31,institution,"Two Sigma Investments, LP",1344621,301383350,0.027,5.5612
HUBS,2026-06-30,institution,"Arrowstreet Capital, Limited Partnership",1320054,295876902,0.026500002,0.4609
HUBS,2026-06-30,institution,STATE OF MICHIGAN RETIREMENT SYSTEM,1188887,266477131,0.0238,10.1738
HUBS,2026-03-31,fund,VANGUARD INDEX FUNDS-Vanguard Total Stock Market Index Fund,1586120,355512935,0.0318,0.0139999995
HUBS,2026-03-31,fund,"T. Rowe Price Equity Funds, Inc.-T. Rowe Price Large-Cap Growth Fund",723386,162139737,0.0145000005,-0.0694
HUBS,2026-06-30,fund,Growth Fund of America,652028,146145555,0.013099999,0.0
HUBS,2026-06-30,fund,Fidelity Select Portfolios-Technology Portfolio,644379,144431108,0.0128999995,0.0
HUBS,2026-03-31,fund,VANGUARD INDEX FUNDS-Vanguard Extended Market Index Fund,588751,131962648,0.0117999995,0.0427
HUBS,2026-03-31,fund,VANGUARD INDEX FUNDS-Vanguard Small-Cap Index Fund,577621,129467970,0.0116,1.0
HUBS,2026-05-31,fund,VANGUARD WORLD FUND-Vanguard Information Technology Index Fund,544599,122066419,0.0109,0.0036000002
HUBS,2026-03-31,fund,VANGUARD INDEX FUNDS-Vanguard Mid-Cap Index Fund,540839,121223653,0.0108,-0.5007
HUBS,2026-03-31,fund,-Price (T.Rowe) Large Cap Growth Trust,465667,104374601,0.0093,-0.0842
HUBS,2026-03-31,fund,VANGUARD INDEX FUNDS-Vanguard Growth Index Fund,449675,100790154,0.009,-0.35860002
VEEV,2026-06-30,institution,Blackrock Inc.,12862503,3135235106,0.0792,0.112799995
VEEV,2026-06-30,institution,Vanguard Capital Management LLC,9692862,2362635112,0.059699997,0.45310003
VEEV,2026-06-30,institution,Vanguard Portfolio Management LLC,7414743,1807343606,0.0456,0.0052
VEEV,2026-06-30,institution,State Street Corporation,6706909,1634809068,0.041300002,0.8586
VEEV,2026-03-31,institution,Alliancebernstein L.P.,6271098,1528580137,0.038599998,0.073
VEEV,2026-06-30,institution,"Principal Financial Group, Inc.",4979210,1213682437,0.0307,0.2023
VEEV,2026-03-31,institution,Linonia Partnership LP,4924626,1200377587,0.030299999,0.75879997
VEEV,2026-06-30,institution,"Geode Capital Management, LLC",4508933,1099052418,0.0278,0.36110002
VEEV,2026-03-31,institution,"T. Rowe Price Investment Management, Inc.",3405594,830113537,0.021,-0.050100002
VEEV,2026-03-31,institution,"AQR Capital Management, LLC",2596865,632985843,0.016,0.1461
VEEV,2026-03-31,fund,VANGUARD INDEX FUNDS-Vanguard Total Stock Market Index Fund,4701273,1145935293,0.028900001,0.0093
VEEV,2026-03-31,fund,VANGUARD INDEX FUNDS-Vanguard Mid-Cap Index Fund,3195065,778797093,0.0197,-0.0078
VEEV,2026-04-30,fund,"Principal Funds, Inc-MidCap Fund",2919015,711509906,0.018,0.14
VEEV,2026-06-30,fund,iShares Trust-iShares Core S&P 500 ETF,2071428,504910575,0.0128,0.0401
VEEV,2026-06-30,fund,Fidelity Concord Street Trust-Fidelity 500 Index Fund,1926081,469482243,0.0119,-0.0047999998
VEEV,2026-03-31,fund,VANGUARD INDEX FUNDS-Vanguard Growth Index Fund,1836671,447688556,0.0113,0.0053
VEEV,2026-06-30,fund,SPDR S&P 500 ETF TRUST-State Street SPDR S&P 500 ETF Trust,1814613,442311918,0.0112,-0.0046
VEEV,2026-03-31,fund,VANGUARD INDEX FUNDS-Vanguard Extended Market Index Fund,1687875,411419531,0.0104,0.039
VEEV,2026-03-31,fund,"T. Rowe Price Mid-Cap Growth Fund, Inc.",1611260,392744625,0.0099,-0.050100002
VEEV,2026-06-30,fund,VanEck ETF Trust-VanEck Morningstar Wide Moat ETF,1575069,383923068,0.0097,1.0771
ADSK,2026-06-30,institution,Blackrock Inc.,24837233,6250538147,0.1177,0.1325
ADSK,2026-06-30,institution,Vanguard Capital Management LLC,13797791,3472352133,0.0654,0.0013
ADSK,2026-06-30,institution,Vanguard Portfolio Management LLC,11606318,2920846030,0.055,0.336
ADSK,2026-06-30,institution,State Street Corporation,10268172,2584088203,0.048699997,0.028499998
ADSK,2026-03-31,institution,Invesco Ltd.,7082526,1782388519,0.0336,-0.0134000005
ADSK,2026-06-30,institution,"Geode Capital Management, LLC",6891840,1734400479,0.0327,0.183
ADSK,2026-03-31,institution,LOOMIS SAYLES & CO L P,5740231,1444586554,0.0272,-0.0098
ADSK,2026-06-30,institution,JPMORGAN CHASE & CO,5023243,1264149351,0.0238,0.19469999
ADSK,2026-06-30,institution,Ninety One UK Ltd,3799635,956216158,0.018,-0.0561
ADSK,2026-06-30,institution,"FMR, LLC",3803875,957283196,0.018,-0.245
ADSK,2026-03-31,fund,VANGUARD INDEX FUNDS-Vanguard Total Stock Market Index Fund,6732688,1694348286,0.0319,0.011
ADSK,2026-03-31,fund,VANGUARD INDEX FUNDS-Vanguard 500 Index Fund,5387014,1355695962,0.0255,0.003
ADSK,2026-06-30,fund,"Invesco QQQ Trust, Series 1",4478931,1127167791,0.0212,-0.025
ADSK,2026-06-30,fund,iShares Trust-iShares Core S&P 500 ETF,2913953,733325422,0.0138,0.0432
ADSK,2026-06-30,fund,Fidelity Concord Street Trust-Fidelity 500 Index Fund,2708631,681654087,0.0128,-0.0016
ADSK,2026-06-30,fund,SPDR S&P 500 ETF TRUST-State Street SPDR S&P 500 ETF Trust,2551779,642180712,0.0121,-0.0002
ADSK,2026-03-31,fund,VANGUARD INDEX FUNDS-Vanguard Growth Index Fund,2438229,613604719,0.0116,0.0017
ADSK,2026-03-31,fund,VANGUARD INDEX FUNDS-Vanguard Mid-Cap Index Fund,2289238,576109643,0.0108,1.0
ADSK,2026-05-31,fund,VANGUARD WORLD FUND-Vanguard Information Technology Index Fund,1705642,429241871,0.0081,0.0034999999
ADSK,2026-06-30,fund,SELECT SECTOR SPDR TRT-State Street Technology Select Sector SPDR ETF,1666120,419295765,0.007900001,0.0139
SNPS,2026-06-30,institution,Blackrock Inc.,16203958,6829968297,0.0846,0.021300001
SNPS,2026-06-30,institution,Vanguard Capital Management LLC,12507020,5271708930,0.0653,0.0052
SNPS,2026-06-30,institution,State Street Corporation,9073873,3824637469,0.047399998,0.0196
SNPS,2026-06-30,institution,"FMR, LLC",5989785,2524694377,0.0313,-0.284
SNPS,2026-03-31,institution,Invesco Ltd.,5912305,2492036557,0.0309,-0.020599999
SNPS,2026-03-31,institution,Nvidia Corp                          ,4821717,2032353715,0.0252,0.0
SNPS,2026-06-30,institution,"Geode Capital Management, LLC",4510929,1901356573,0.023599999,-0.0117999995
SNPS,2026-06-30,institution,Vanguard Portfolio Management LLC,4493481,1894002241,0.0235,-0.050100002
SNPS,2026-06-30,institution,Morgan Stanley,3768607,1588467850,0.0197,-0.0376
SNPS,2026-03-31,institution,Goldman Sachs Group Inc,3133799,1320896278,0.0164,2.9649
SNPS,2026-03-31,fund,VANGUARD INDEX FUNDS-Vanguard Total Stock Market Index Fund,6083529,2564207473,0.0318,0.043
SNPS,2026-03-31,fund,VANGUARD INDEX FUNDS-Vanguard 500 Index Fund,4863607,2050010350,0.0254,0.0383
SNPS,2026-06-30,fund,"Invesco QQQ Trust, Series 1",4064572,1713217098,0.0212,-0.0208
SNPS,2026-06-30,fund,VanEck ETF Trust-VanEck Semiconductor ETF,3128317,1318585615,0.0163,0.1358
SNPS,2026-06-30,fund,iShares Trust-iShares Core S&P 500 ETF,2642858,1113964647,0.0138,0.0484
SNPS,2026-06-30,fund,Fidelity Concord Street Trust-Fidelity 500 Index Fund,2457416,1035800844,0.0128,0.0037
SNPS,2026-06-30,fund,SPDR S&P 500 ETF TRUST-State Street SPDR S&P 500 ETF Trust,2315259,975881668,0.0121,0.0031
SNPS,2026-03-31,fund,VANGUARD INDEX FUNDS-Vanguard Growth Index Fund,2138115,901215472,0.0112,0.026300002
SNPS,2026-06-30,fund,Amcap Fund,1633910,688693065,0.0085,0.0
SNPS,2026-06-30,fund,SELECT SECTOR SPDR TRT-State Street Technology Select Sector SPDR ETF,1511567,637125490,0.007900001,0.019299999
CDNS,2026-06-30,institution,Blackrock Inc.,26660845,8659975868,0.0968,0.0475
CDNS,2026-06-30,institution,Vanguard Capital Management LLC,18016381,5852081008,0.0654,0.0114
CDNS,2026-06-30,institution,State Street Corporation,13031391,4232856520,0.0473,0.0432
CDNS,2026-06-30,institution,"FMR, LLC",9554947,3103637954,0.0347,0.043899998
CDNS,2026-03-31,institution,Invesco Ltd.,8816635,2863819445,0.032,-0.0172
CDNS,2026-06-30,institution,JPMORGAN CHASE & CO,7865907,2555003969,0.0286,0.2018
CDNS,2026-06-30,institution,"Geode Capital Management, LLC",7184139,2333552082,0.026099999,-0.087799996
CDNS,2026-06-30,institution,Vanguard Portfolio Management LLC,6961873,2261355638,0.0253,-0.01
CDNS,2026-03-31,institution,Alliancebernstein L.P.,5008665,1626914601,0.0182,0.26389998
CDNS,2026-03-31,institution,"Wellington Management Group, LLP",4901229,1592017239,0.0178,0.9196
CDNS,2026-03-31,fund,VANGUARD INDEX FUNDS-Vanguard Total Stock Market Index Fund,8761089,2845776993,0.0318,0.0242
CDNS,2026-03-31,fund,VANGUARD INDEX FUNDS-Vanguard 500 Index Fund,6917351,2246894002,0.0251,0.0077
CDNS,2026-06-30,fund,"Invesco QQQ Trust, Series 1",5854798,1901755529,0.021300001,-0.0214
CDNS,2026-06-30,fund,VanEck ETF Trust-VanEck Semiconductor ETF,4461181,1449080845,0.0162,0.1668
CDNS,2026-06-30,fund,iShares Trust-iShares Core S&P 500 ETF,3805509,1236105461,0.0138,0.061100002
CDNS,2026-06-30,fund,Fidelity Concord Street Trust-Fidelity 500 Index Fund,3538252,1149295040,0.0128,0.015800001
CDNS,2026-06-30,fund,SPDR S&P 500 ETF TRUST-State Street SPDR S&P 500 ETF Trust,3333660,1082839465,0.0121,0.0138
CDNS,2026-03-31,fund,VANGUARD INDEX FUNDS-Vanguard Growth Index Fund,3083303,1001518503,0.0112,0.0139999995
CDNS,2026-05-31,fund,VANGUARD WELLINGTON FUND,2344934,761681479,0.0085,-0.113000005
CDNS,2026-06-30,fund,SELECT SECTOR SPDR TRT-State Street Technology Select Sector SPDR ETF,2176449,706954180,0.007900001,0.031600002
GOOGL,2026-06-30,institution,Blackrock Inc.,460972803,159450489744,0.078600004,0.0313
GOOGL,2026-06-30,institution,Vanguard Capital Management LLC,382951664,132462978240,0.0653,0.0124
GOOGL,2026-06-30,institution,"FMR, LLC",250714005,86721972799,0.0427,0.059899997
GOOGL,2026-06-30,institution,State Street Corporation,238977259,82662232429,0.040700004,0.056199998
GOOGL,2026-06-30,institution,"Geode Capital Management, LLC",150078198,51912047772,0.0256,-0.0119
GOOGL,2026-06-30,institution,Morgan Stanley,120511301,41684858280,0.020499999,-0.0037
GOOGL,2026-06-30,institution,Vanguard Portfolio Management LLC,98896291,34208226453,0.016900001,0.024400001
GOOGL,2026-06-30,institution,JPMORGAN CHASE & CO,91919476,31794946187,0.015700001,0.296
GOOGL,2026-03-31,institution,Invesco Ltd.,90104413,31167115906,0.0154,-0.028399998
GOOGL,2026-06-30,institution,NORGES BANK,80931418,27994176992,0.0138,-0.17040001
GOOGL,2026-03-31,fund,VANGUARD INDEX FUNDS-Vanguard Total Stock Market Index Fund,184890156,63953503831,0.0315,0.0111
GOOGL,2026-03-31,fund,VANGUARD INDEX FUNDS-Vanguard 500 Index Fund,147947856,51175162487,0.0252,0.0084
GOOGL,2026-06-30,fund,iShares Trust-iShares Core S&P 500 ETF,80911866,27987413955,0.0138,0.0548
GOOGL,2026-06-30,fund,Fidelity Concord Street Trust-Fidelity 500 Index Fund,75221021,26018950704,0.0128,0.0095999995
GOOGL,2026-06-30,fund,SPDR S&P 500 ETF TRUST-State Street SPDR S&P 500 ETF Trust,70858571,24509979276,0.0121,0.0092
GOOGL,2026-03-31,fund,VANGUARD INDEX FUNDS-Vanguard Growth Index Fund,61249818,21186311672,0.0104,0.0087
GOOGL,2026-06-30,fund,"Invesco QQQ Trust, Series 1",44781268,15489840327,0.0076,-0.020399999
GOOGL,2026-03-31,fund,VANGUARD INSTITUTIONAL INDEX FUNDS-Vanguard Institutional Index Fund,32826336,11354629422,0.0056,-0.0168
GOOGL,2026-06-30,fund,Growth Fund of America,27563146,9534092033,0.0047,-0.0429
GOOGL,2026-06-30,fund,Fidelity Securities Fund-Fidelity Blue Chip Growth Fund,24784644,8573008208,0.0042,0.1022
META,2026-06-30,institution,Blackrock Inc.,173396976,102278202060,0.078600004,0.027
META,2026-06-30,institution,Vanguard Capital Management LLC,143440997,84608668578,0.065,0.0092
META,2026-06-30,institution,"FMR, LLC",95895744,56564102257,0.0435,-0.1777
META,2026-06-30,institution,State Street Corporation,92033963,54286230828,0.0417,0.0397
META,2026-06-30,institution,"Geode Capital Management, LLC",54949893,32412193044,0.0249,0.0145000005
META,2026-06-30,institution,JPMORGAN CHASE & CO,45944387,27100295550,0.0208,-0.0844
META,2026-06-30,institution,Capital World Investors,40876883,24111228439,0.0185,-0.0043
META,2026-06-30,institution,Capital Research Global Investors,39619778,23369725086,0.018,0.2818
META,2026-06-30,institution,Morgan Stanley,39435817,23261215694,0.0179,0.0356
META,2026-06-30,institution,Vanguard Portfolio Management LLC,38386817,22642463070,0.0174,0.0139999995
META,2026-03-31,fund,VANGUARD INDEX FUNDS-Vanguard Total Stock Market Index Fund,69455474,40968309643,0.0315,0.0148
META,2026-03-31,fund,VANGUARD INDEX FUNDS-Vanguard 500 Index Fund,55584566,32786554898,0.0252,0.0121
META,2026-06-30,fund,iShares Trust-iShares Core S&P 500 ETF,30303796,17874693330,0.0137,0.051599998
META,2026-06-30,fund,Fidelity Concord Street Trust-Fidelity 500 Index Fund,28171547,16616986310,0.0128,0.0064999997
META,2026-06-30,fund,SPDR S&P 500 ETF TRUST-State Street SPDR S&P 500 ETF Trust,26538946,15653996650,0.012,0.0061000003
META,2026-06-30,fund,Growth Fund of America,24236650,14295987410,0.011,0.0431
META,2026-03-31,fund,VANGUARD INDEX FUNDS-Vanguard Growth Index Fund,23052887,13597744834,0.0105,0.0116
META,2026-06-30,fund,"Invesco QQQ Trust, Series 1",22769865,13430804314,0.010299999,-0.017
META,2026-06-30,fund,Fidelity Contrafund,22235659,13115702918,0.0101,-0.089099996
META,2026-03-31,fund,VANGUARD INSTITUTIONAL INDEX FUNDS-Vanguard Institutional Index Fund,12332130,7274106579,0.0056,-0.013300001
SPOT,2026-06-30,institution,Blackrock Inc.,10890937,5585090392,0.0529,-0.0428
SPOT,2026-06-30,institution,BAILLIE GIFFORD & CO,7928451,4065868299,0.0385,-0.0353
SPOT,2026-06-30,institution,Morgan Stanley,7418358,3804282403,0.036,-0.1148
SPOT,2026-06-30,institution,State Street Corporation,4633537,2376170478,0.0225,-0.0202
SPOT,2026-03-31,institution,Price (T.Rowe) Associates Inc,4603839,2360940749,0.0224,0.1898
SPOT,2026-03-31,institution,"Wellington Management Group, LLP",3319838,1702479347,0.0161,2.6929002
SPOT,2026-06-30,institution,"WCM Investment Management, LLC",2840477,1456653435,0.0138,0.1761
SPOT,2026-06-30,institution,Jennison Associates LLC,2809432,1440732938,0.0136,0.011
SPOT,2026-06-30,institution,"Fisher Asset Management, LLC",2674677,1371627878,0.012999999,0.0332
SPOT,2026-06-30,institution,Massachusetts Financial Services Co.,2133009,1093849691,0.0104,0.0355
SPOT,2026-05-31,fund,VANGUARD WORLD FUND-Vanguard International Growth Fund,2396719,1229085455,0.0116,0.0081
SPOT,2026-06-30,fund,iShares Trust-iShares Core MSCI EAFE ETF,1088869,558393808,0.0053,0.0
SPOT,2026-06-30,fund,INVESTMENT MANAGERS SERIES TRUST-WCM Focused International Growth Fund,1084610,556209708,0.0053,0.2167
SPOT,2026-05-31,fund,VANGUARD WORLD FUND-Vanguard U.S. Growth Fund,978008,501542069,0.0047999998,-0.0557
SPOT,2026-05-31,fund,MFS Series Trust II-MFS Growth Fund,882334,452478528,0.0043,-0.0087
SPOT,2026-03-31,fund,"T. Rowe Price Growth Stock Fund, Inc.",810390,415584205,0.0039,0.147
SPOT,2026-03-31,fund,-Price (T.Rowe) Growth Stock Trust,775327,397603197,0.0038,0.231
SPOT,2026-03-31,fund,"T. ROWE PRICE COMMUNICATIONS & TECHNOLOGY Fd., INC.-T. Rowe Price Comm",728654,373668349,0.0034999999,0.0475
SPOT,2026-06-30,fund,iShares Trust-iShares Russell 1000 Growth ETF,602739,309096618,0.0029,-0.0152
SPOT,2026-06-30,fund,Fidelity Concord Street Trust-Fidelity International Index Fund,564767,289623817,0.0027,-0.0414
PINS,2026-03-31,institution,Goldman Sachs Group Inc,51890938,1248495940,0.107700005,12.56
PINS,2026-06-30,institution,Blackrock Inc.,47405026,1140564900,0.098400004,-0.2606
PINS,2026-03-31,institution,Elliott Investment Management L.P.,28000000,673679985,0.0581,0.0
PINS,2026-06-30,institution,UBS Group AG,23988215,577156440,0.0498,0.4972
PINS,2026-06-30,institution,Victory Capital Management Inc.,21678049,521573847,0.045,-0.052199997
PINS,2026-06-30,institution,Vanguard Capital Management LLC,20201291,486043050,0.0419,-0.2016
PINS,2026-06-30,institution,Vanguard Portfolio Management LLC,19716591,474381168,0.040900003,-0.32889998
PINS,2026-03-31,institution,"Ameriprise Financial, Inc.",18621472,448032606,0.0387,-0.0482
PINS,2026-06-30,institution,State Street Corporation,15317272,368533556,0.0318,-0.2885
PINS,2026-06-30,institution,Davis Selected Advisers,12574721,302547780,0.026099999,0.014099999
PINS,2026-05-31,fund,Columbia Fd.s Series TRT II-Columbia Seligman Technology and Informati,23569221,567075444,0.048899997,1.4239
PINS,2026-03-31,fund,VANGUARD INDEX FUNDS-Vanguard Total Stock Market Index Fund,17669754,425134271,0.0367,-0.0052
PINS,2026-07-31,fund,iShares Trust-iShares Core S&P Mid-Cap ETF,16546890,398118164,0.0343,0.0091
PINS,2026-03-31,fund,-Victory Pioneer Fundamental Growth Fund,7889548,189822520,0.0164,0.075500004
PINS,2026-03-31,fund,VANGUARD INDEX FUNDS-Vanguard Extended Market Index Fund,6534662,157223964,0.0136,0.0179
PINS,2026-03-31,fund,VANGUARD INDEX FUNDS-Vanguard Small-Cap Index Fund,6412407,154282508,0.013300001,1.0
PINS,2026-03-31,fund,VANGUARD INDEX FUNDS-Vanguard Mid-Cap Index Fund,6001268,144390504,0.0125,-0.5128
PINS,2026-03-31,fund,VANGUARD INDEX FUNDS-Vanguard Growth Index Fund,5686176,136809391,0.0117999995,-0.33020002
PINS,2026-04-30,fund,DAVIS NEW YORK VENTURE FUND INC-Davis New York Venture Fund,4095200,98530509,0.0085,0.0
PINS,2026-06-30,fund,SPDR S&P MIDCAP 400 ETF TRT-State Street SPDR S&P Mid Cap 400 ETF TRT,3706625,89181395,0.0077,-0.1549
SNAP,2026-06-30,institution,"FMR, LLC",66514779,359844944,0.0463,-0.2505
SNAP,2026-06-30,institution,Vanguard Capital Management LLC,46916039,253815763,0.0326,-0.0163
SNAP,2026-06-30,institution,Vanguard Portfolio Management LLC,46432846,251201689,0.0323,-0.0046
SNAP,2026-06-30,institution,Blackrock Inc.,44007270,238079323,0.0306,-0.0688
SNAP,2026-03-31,institution,Irenic Capital Management LP                          ,30000000,162299995,0.0209,1.0
SNAP,2026-06-30,institution,UBS Group AG,17035990,92164703,0.0119,-0.1184
SNAP,2026-03-31,institution,"Two Sigma Investments, LP",13007250,70369220,0.0091,-0.2472
SNAP,2026-06-30,institution,"Geode Capital Management, LLC",13032550,70506093,0.0091,-0.0535
SNAP,2026-06-30,institution,State Street Corporation,12863987,69594167,0.009,-0.1494
SNAP,2026-03-31,institution,"AQR Capital Management, LLC",11417319,61767694,0.007900001,0.1341
SNAP,2026-03-31,fund,VANGUARD INDEX FUNDS-Vanguard Total Stock Market Index Fund,34213286,185093872,0.0238,-0.0125
SNAP,2026-06-30,fund,Fidelity Securities Fund-Fidelity Blue Chip Growth Fund,31606174,170989396,0.022,-0.237
SNAP,2026-03-31,fund,VANGUARD INDEX FUNDS-Vanguard Small-Cap Index Fund,24811519,134230314,0.0173,-0.005
SNAP,2026-03-31,fund,VANGUARD INDEX FUNDS-Vanguard Small-Cap Value Index Fund,15800389,85480102,0.011,-0.0173
SNAP,2026-03-31,fund,VANGUARD INDEX FUNDS-Vanguard Extended Market Index Fund,12322662,66665599,0.0086,0.013200001
SNAP,2026-06-30,fund,Fidelity Securities Fund-Fidelity Blue Chip Growth K6 Fund,8054689,43575866,0.0056,-0.2068
SNAP,2026-06-30,fund,iShares Trust-iShares Expanded Tech-Software Sector ETF,5472799,29607841,0.0038,-0.1435
SNAP,2026-06-30,fund,Fidelity Concord Street Trust-Fidelity Extended Market Index Fund,5494385,29724622,0.0038,-0.026500002
SNAP,2026-05-31,fund,VANGUARD WORLD FUND-Vanguard Communication Services Index Fund,4257118,23031007,0.003,-0.0047
SNAP,2026-06-30,fund,GLOBAL X FUNDS-Global X Artificial Intelligence & Technology ETF,3303558,17872248,0.0023,-0.0086
TTD,2026-06-30,institution,Blackrock Inc.,32668268,461929320,0.0765,-0.1293
TTD,2026-06-30,institution,State Street Corporation,31285823,442381547,0.0733,-0.3037
TTD,2026-06-30,institution,Vanguard Capital Management LLC,27899665,394501272,0.0654,-0.025999999
TTD,2026-06-30,institution,Vanguard Portfolio Management LLC,19380271,274037038,0.0454,-0.1365
TTD,2026-06-30,institution,"Geode Capital Management, LLC",16134883,228147251,0.0378,0.1534
TTD,2026-03-31,institution,"Two Sigma Investments, LP",14161321,200241083,0.0332,1.343
TTD,2026-06-30,institution,"Federated Hermes, Inc.",10877783,153811855,0.0255,0.426
TTD,2026-06-30,institution,Morgan Stanley,9849697,139274718,0.0231,0.1234
TTD,2026-03-31,institution,Goldman Sachs Group Inc,8728294,123418080,0.020499999,0.5422
TTD,2026-03-31,institution,Invesco Ltd.,8379187,118481707,0.0196,0.5204
TTD,2026-06-30,fund,SELECT SECTOR SPDR TRT-State Street Communication Services Select Sect,17927454,253494205,0.042,-0.38819999
TTD,2026-03-31,fund,VANGUARD INDEX FUNDS-Vanguard Total Stock Market Index Fund,14009706,198097247,0.0328,0.0119
TTD,2026-03-31,fund,VANGUARD INDEX FUNDS-Vanguard 500 Index Fund,11190148,158228696,0.026199998,0.0082
TTD,2026-06-30,fund,Invesco Exchange-Traded Fund Trust-Invesco S&P 500 Equal Weight ETF,9435992,133424930,0.0221,0.5327
TTD,2026-06-30,fund,iShares Trust-iShares Core S&P 500 ETF,5891858,83310874,0.0138,0.0156
TTD,2026-06-30,fund,Fidelity Concord Street Trust-Fidelity 500 Index Fund,5477685,77454467,0.0128,-0.0279
TTD,2026-06-30,fund,SPDR S&P 500 ETF TRUST-State Street SPDR S&P 500 ETF Trust,5160592,72970772,0.0121,-0.0315
TTD,2026-03-31,fund,VANGUARD INDEX FUNDS-Vanguard Small-Cap Index Fund,5076274,71778516,0.0119,1.0
TTD,2026-03-31,fund,VANGUARD INDEX FUNDS-Vanguard Mid-Cap Index Fund,4750500,67172071,0.0111,-0.5042
TTD,2026-03-31,fund,VANGUARD INDEX FUNDS-Vanguard Growth Index Fund,4201860,59414301,0.0098,-0.335
RDDT,2026-06-30,institution,Blackrock Inc.,8004079,1425446399,0.0548,0.0446
RDDT,2026-06-30,institution,BAILLIE GIFFORD & CO,7191302,1280698946,0.049200002,-0.0161
RDDT,2026-06-30,institution,Vanguard Portfolio Management LLC,6937449,1235490267,0.0475,0.030299999
RDDT,2026-06-30,institution,Vanguard Capital Management LLC,6038213,1075345331,0.041300002,0.0239
RDDT,2026-03-31,institution,Alliancebernstein L.P.,4871993,867653215,0.033299997,0.5648
RDDT,2026-06-30,institution,Capital World Investors,4432810,789439116,0.030299999,0.0023
RDDT,2026-03-31,institution,Goldman Sachs Group Inc,3283106,584688335,0.0225,1.734
RDDT,2026-06-30,institution,State Street Corporation,2979587,530634637,0.020399999,0.0866
RDDT,2026-06-30,institution,"FMR, LLC",2830225,504034759,0.0194,-0.0296
RDDT,2026-03-31,institution,Coatue Management LLC,2789891,496851677,0.0191,-0.4973
RDDT,2026-03-31,fund,VANGUARD INDEX FUNDS-Vanguard Total Stock Market Index Fund,4213214,750331265,0.028800001,0.0235
RDDT,2026-06-30,fund,Growth Fund of America,3856813,686859813,0.026400002,0.0
RDDT,2026-03-31,fund,VANGUARD INDEX FUNDS-Vanguard Mid-Cap Index Fund,2865183,510260429,0.0196,0.0052
RDDT,2026-03-31,fund,VANGUARD INDEX FUNDS-Vanguard Growth Index Fund,1790202,318817067,0.0123000005,0.0783
RDDT,2026-03-31,fund,VANGUARD INDEX FUNDS-Vanguard Extended Market Index Fund,1434007,255382301,0.0098,0.0493
RDDT,2026-03-31,fund,"T. Rowe Price Mid-Cap Growth Fund, Inc.",1027700,183023089,0.0069999998,0.1875
RDDT,2026-03-31,fund,VANGUARD INDEX FUNDS-Vanguard Mid-Cap Growth Index Fund,1009078,179706697,0.0069,-0.078200005
RDDT,2026-06-30,fund,AB Large Cap Growth Fund Inc,814101,144983244,0.0056,0.0
RDDT,2026-06-30,fund,iShares Trust-iShares Russell Mid-Cap Growth ETF,783440,139522826,0.0054,-0.0892
RDDT,2026-03-31,fund,JPMorgan Trust II-JPMorgan Mid Cap Growth Fund,727716,129598939,0.005,-0.21079999
NFLX,2026-06-30,institution,Blackrock Inc.,348770600,27259911373,0.0838,0.0073
NFLX,2026-06-30,institution,Vanguard Capital Management LLC,275026936,21496106324,0.066,0.0023
NFLX,2026-06-30,institution,State Street Corporation,180129582,14078928788,0.0433,0.0494
NFLX,2026-06-30,institution,"FMR, LLC",135937268,10624857364,0.0326,-0.33580002
NFLX,2026-03-31,institution,Invesco Ltd.,131460127,10274924007,0.031600002,-0.0519
NFLX,2026-06-30,institution,"Geode Capital Management, LLC",110312736,8622043849,0.026500002,0.0655
NFLX,2026-06-30,institution,Morgan Stanley,99723374,7794379277,0.0239,0.0070999996
NFLX,2026-03-31,institution,Price (T.Rowe) Associates Inc,99031792,7740325225,0.0238,0.1507
NFLX,2026-06-30,institution,Capital World Investors,87336163,6826194819,0.021,-0.1187
NFLX,2026-06-30,institution,Vanguard Portfolio Management LLC,75056512,5866417252,0.018,-0.0045
NFLX,2026-03-31,fund,VANGUARD INDEX FUNDS-Vanguard Total Stock Market Index Fund,134076984,10479457560,0.0322,0.0068
NFLX,2026-03-31,fund,VANGUARD INDEX FUNDS-Vanguard 500 Index Fund,107289278,8385730361,0.025799999,0.0041
NFLX,2026-06-30,fund,"Invesco QQQ Trust, Series 1",89383412,6986207809,0.0215,-0.023
NFLX,2026-06-30,fund,iShares Trust-iShares Core S&P 500 ETF,58105068,4541492327,0.0139999995,0.044499997
NFLX,2026-06-30,fund,Fidelity Concord Street Trust-Fidelity 500 Index Fund,54017408,4222000807,0.012999999,-0.00029999999
NFLX,2026-06-30,fund,Growth Fund of America,52244333,4083417258,0.0125,-0.0602
NFLX,2026-06-30,fund,SPDR S&P 500 ETF TRUST-State Street SPDR S&P 500 ETF Trust,50857573,3975028091,0.012200001,-0.001
NFLX,2026-03-31,fund,VANGUARD INDEX FUNDS-Vanguard Growth Index Fund,44894815,3508978904,0.0108,0.0015
NFLX,2026-03-31,fund,VANGUARD INSTITUTIONAL INDEX FUNDS-Vanguard Institutional Index Fund,23806080,1860683299,0.0057,-0.021
NFLX,2026-06-30,fund,Investment Co of America,20780697,1624219353,0.005,0.0239
DIS,2026-06-30,institution,Blackrock Inc.,136882993,14625947593,0.0793,0.0105
DIS,2026-06-30,institution,Vanguard Capital Management LLC,113429755,12119969148,0.0657,-0.0146
DIS,2026-06-30,institution,State Street Corporation,83495399,8921483255,0.0484,-0.0025
DIS,2026-06-30,institution,JPMORGAN CHASE & CO,75807759,8100058933,0.043899998,-0.014099999
DIS,2026-06-30,institution,"Geode Capital Management, LLC",41318206,4414850248,0.0239,-0.0064999997
DIS,2026-06-30,institution,Vanguard Portfolio Management LLC,36764336,3928269245,0.021300001,0.0387
DIS,2026-06-30,institution,Morgan Stanley,34495232,3685815486,0.02,0.020599999
DIS,2026-03-31,institution,"Wellington Management Group, LLP",27890688,2980119970,0.0162,0.3156
DIS,2026-06-30,institution,"FMR, LLC",25391170,2713046475,0.0147,0.1566
DIS,2026-06-30,institution,NORGES BANK,20249669,2163677101,0.0117,-0.0354
DIS,2026-03-31,fund,VANGUARD INDEX FUNDS-Vanguard Total Stock Market Index Fund,56248921,6010197123,0.0326,0.0028
DIS,2026-03-31,fund,VANGUARD INDEX FUNDS-Vanguard 500 Index Fund,45015281,4809882706,0.026099999,-0.0001
DIS,2026-06-30,fund,iShares Trust-iShares Core S&P 500 ETF,23961455,2560281430,0.0139,0.026600001
DIS,2026-06-30,fund,Fidelity Concord Street Trust-Fidelity 500 Index Fund,22276489,2380242815,0.0128999995,-0.0174
DIS,2026-06-30,fund,SPDR S&P 500 ETF TRUST-State Street SPDR S&P 500 ETF Trust,20987599,2242524921,0.012200001,-0.0175
DIS,2026-03-31,fund,VANGUARD INDEX FUNDS-Vanguard Value Index Fund,16385167,1750755068,0.0095,-0.0027
DIS,2026-06-30,fund,SELECT SECTOR SPDR TRT-State Street Communication Services Select Sect,10437076,1115201554,0.006,-0.0648
DIS,2026-03-31,fund,VANGUARD INSTITUTIONAL INDEX FUNDS-Vanguard Institutional Index Fund,9988363,1067256571,0.0058,-0.0251
DIS,2026-06-30,fund,AMERICAN BALANCED FUND,7893523,843422920,0.0046,0.26299998
DIS,2026-05-31,fund,VANGUARD WELLINGTON FUND,7336586,783914202,0.0042,-0.0198
CMCSA,2026-06-30,institution,Blackrock Inc.,313212228,8199896224,0.0885,-0.0056
CMCSA,2026-06-30,institution,Vanguard Capital Management LLC,232645894,6090669575,0.0657,-0.0022
CMCSA,2026-06-30,institution,State Street Corporation,195059449,5106656434,0.0551,0.0674
CMCSA,2026-03-31,institution,"Charles Schwab Investment Management, Inc.",121558654,3182405598,0.0343,2.1235
CMCSA,2026-03-31,institution,Invesco Ltd.,119801906,3136413935,0.0339,-0.041500002
CMCSA,2026-06-30,institution,Capital Research Global Investors,116113743,3039857827,0.0328,0.2963
CMCSA,2026-06-30,institution,Dodge & Cox Inc.,115903125,3034343847,0.0327,0.0247
CMCSA,2026-06-30,institution,Capital World Investors,104629299,2739195079,0.0296,-0.42560002
CMCSA,2026-06-30,institution,"Geode Capital Management, LLC",89530463,2343907548,0.0253,0.0161
CMCSA,2026-06-30,institution,Vanguard Portfolio Management LLC,80039893,2095444423,0.0226,0.0434
CMCSA,2026-03-31,fund,VANGUARD INDEX FUNDS-Vanguard Total Stock Market Index Fund,113947666,2983149930,0.0322,-0.0011
CMCSA,2026-03-31,fund,VANGUARD INDEX FUNDS-Vanguard 500 Index Fund,91177076,2387015877,0.025799999,-0.0052
CMCSA,2026-05-31,fund,SCHWAB STRATEGIC TRUST-Schwab US Dividend Equity ETF,85708910,2243859289,0.0242,1.0
CMCSA,2026-06-30,fund,"Invesco QQQ Trust, Series 1",75627894,1979938287,0.0214,-0.0274
CMCSA,2026-03-31,fund,Dodge & Cox Funds-Dodge & Cox Stock Fund,75418594,1974458813,0.021300001,0.0
CMCSA,2026-06-30,fund,Investment Co of America,51221279,1340973099,0.0145000005,0.29729998
CMCSA,2026-06-30,fund,iShares Trust-iShares Core S&P 500 ETF,49162691,1287079265,0.0139,0.0399
CMCSA,2026-06-30,fund,WASHINGTON MUTUAL INVESTORS FUND,45896163,1201561561,0.012999999,-0.1236
CMCSA,2026-06-30,fund,Fidelity Concord Street Trust-Fidelity 500 Index Fund,45704477,1196543221,0.0128999995,-0.0047
CMCSA,2026-06-30,fund,SPDR S&P 500 ETF TRUST-State Street SPDR S&P 500 ETF Trust,43060795,1127331626,0.012200001,-0.0044
WBD,2026-06-30,institution,Blackrock Inc.,198085828,5544422280,0.0789,0.0168
WBD,2026-06-30,institution,Vanguard Capital Management LLC,158635529,4440208420,0.063200004,0.011
WBD,2026-06-30,institution,State Street Corporation,128364674,3592927195,0.0511,0.0073
WBD,2026-06-30,institution,Vanguard Portfolio Management LLC,105102281,2941812821,0.0419,0.0165
WBD,2026-03-31,institution,Invesco Ltd.,77599161,2172000498,0.0309,-0.0466
WBD,2026-06-30,institution,"Geode Capital Management, LLC",69897377,1956427566,0.0278,-0.00059999997
WBD,2026-03-31,institution,Pentwater Capital Management Lp,50245000,1406357538,0.02,0.090500005
WBD,2026-06-30,institution,"FMR, LLC",45257749,1266764384,0.018,0.39380002
WBD,2026-03-31,institution,Millennium Management Llc,43939392,1229863572,0.0175,0.71559995
WBD,2026-03-31,institution,Harris Associates L.P.,32874039,920144344,0.013099999,-0.5831
WBD,2026-03-31,fund,VANGUARD INDEX FUNDS-Vanguard Total Stock Market Index Fund,74804646,2093782024,0.0298,0.0112
WBD,2026-03-31,fund,VANGUARD INDEX FUNDS-Vanguard 500 Index Fund,62981212,1762844109,0.0251,0.007900001
WBD,2026-06-30,fund,"Invesco QQQ Trust, Series 1",53219468,1489612897,0.0212,-0.0097
WBD,2026-03-31,fund,VANGUARD INDEX FUNDS-Vanguard Mid-Cap Index Fund,50878258,1424082429,0.020299999,-0.0069999998
WBD,2026-06-30,fund,SELECT SECTOR SPDR TRT-State Street Communication Services Select Sect,37971662,1062826810,0.0150999995,-0.0228
WBD,2026-06-30,fund,iShares Trust-iShares Core S&P 500 ETF,34199791,957252142,0.0136,0.047399998
WBD,2026-06-30,fund,Fidelity Concord Street Trust-Fidelity 500 Index Fund,31793652,889904312,0.0127,0.0023999999
WBD,2026-06-30,fund,SPDR S&P 500 ETF TRUST-State Street SPDR S&P 500 ETF Trust,29954266,838419898,0.0119,-0.0002
WBD,2026-03-31,fund,VANGUARD INDEX FUNDS-Vanguard Value Index Fund,21794295,610022312,0.0087,0.006
WBD,2026-03-31,fund,VANGUARD INDEX FUNDS-Vanguard Mid-Cap Value Index Fund,15314662,428657385,0.0061000003,0.0456
LYV,2026-06-30,institution,Blackrock Inc.,13521060,2548179058,0.0574,0.0027
LYV,2026-06-30,institution,State Street Corporation,11387981,2146178975,0.048299998,-0.103599995
LYV,2026-06-30,institution,"FMR, LLC",10702508,2016994729,0.0454,0.355
LYV,2026-06-30,institution,Vanguard Capital Management LLC,10561545,1990428841,0.0448,0.0085
LYV,2026-06-30,institution,"Principal Financial Group, Inc.",9967266,1878431017,0.0423,-0.1017
LYV,2026-03-31,institution,Canada Pension Plan Investment Board,8798835,1658228503,0.0373,-0.0673
LYV,2026-06-30,institution,Vanguard Portfolio Management LLC,8207296,1546747059,0.0348,-0.0182
LYV,2026-06-30,institution,Capital International Investors,7216244,1359973392,0.0306,0.0146
LYV,2026-03-31,institution,Bank of America Corporation,6563550,1236966677,0.0279,0.0075
LYV,2026-06-30,institution,"Independent Franchise Partners, LLP",6013439,1133292754,0.0255,0.0254
LYV,2026-04-30,fund,"Principal Funds, Inc-MidCap Fund",8195088,1544446339,0.0348,0.0127
LYV,2026-06-30,fund,Growth Fund of America,6011636,1132952960,0.0255,0.0
LYV,2026-06-30,fund,SELECT SECTOR SPDR TRT-State Street Communication Services Select Sect,5609101,1057091212,0.0238,-0.2077
LYV,2026-03-31,fund,VANGUARD INDEX FUNDS-Vanguard Total Stock Market Index Fund,5211558,982170255,0.0221,0.008
LYV,2026-06-30,fund,Fidelity Contrafund,4677334,881490397,0.0199,0.19229999
LYV,2026-03-31,fund,VANGUARD INDEX FUNDS-Vanguard 500 Index Fund,4013730,756427582,0.017,0.008
LYV,2026-03-31,fund,VANGUARD INDEX FUNDS-Vanguard Mid-Cap Index Fund,3549629,668963105,0.0150999995,-0.0076
LYV,2026-06-30,fund,iShares Trust-iShares Core S&P 500 ETF,2183633,411527489,0.0093,0.0497
LYV,2026-05-31,fund,MFS Series Trust IV-MFS Mid Cap Growth Fund,2146807,404587261,0.0091,-0.0046
LYV,2026-03-31,fund,VANGUARD INDEX FUNDS-Vanguard Growth Index Fund,2080408,392073705,0.0088,-0.0579
EA,2026-03-31,institution,Blackrock Inc.,25102510,5263996270,0.0995,-0.0173
EA,2026-03-31,institution,Public Investment Fund,24807932,5202223264,0.0983,0.0
EA,2026-03-31,institution,Vanguard Capital Management LLC,15478804,3245905151,0.061300002,1.0
EA,2026-03-31,institution,State Street Corporation,14143686,2965930911,0.055999998,-0.0538
EA,2026-03-31,institution,Pentwater Capital Management Lp,12807500,2685732710,0.0507,0.1696
EA,2026-03-31,institution,Vanguard Portfolio Management LLC,11107312,2329203292,0.044,1.0
EA,2026-03-31,institution,Invesco Ltd.,8567783,1796664068,0.0339,-0.1145
EA,2026-03-31,institution,"Geode Capital Management, LLC",7522237,1577413075,0.0298,0.111999996
EA,2026-03-31,institution,UBS Group AG,6426839,1347708118,0.0255,0.3035
EA,2026-03-31,institution,Millennium Management Llc,4275528,896578208,0.016900001,0.019199999
EA,2026-03-31,fund,VANGUARD INDEX FUNDS-Vanguard Total Stock Market Index Fund,7942965,1665639736,0.0315,0.0109
EA,2026-03-31,fund,VANGUARD INDEX FUNDS-Vanguard 500 Index Fund,5725444,1200625589,0.0227,0.0114
EA,2026-03-31,fund,VANGUARD INDEX FUNDS-Vanguard Mid-Cap Index Fund,5404375,1133297421,0.0214,-0.0073
EA,2026-06-30,fund,"Invesco QQQ Trust, Series 1",5322749,1116180449,0.0211,-0.0184
EA,2026-06-30,fund,SELECT SECTOR SPDR TRT-State Street Communication Services Select Sect,5021228,1052951496,0.0199,-0.0337
EA,2026-06-30,fund,iShares Trust-iShares Core S&P 500 ETF,3108028,651753462,0.0123000005,0.0475
EA,2026-06-30,fund,Fidelity Concord Street Trust-Fidelity 500 Index Fund,2889301,605886410,0.0114,0.0023999999
EA,2026-06-30,fund,SPDR S&P 500 ETF TRUST-State Street SPDR S&P 500 ETF Trust,2722462,570900273,0.0108,-0.00059999997
EA,2026-03-31,fund,VANGUARD INDEX FUNDS-Vanguard Value Index Fund,2315160,485489044,0.0092,0.0058
EA,2026-03-31,fund,VANGUARD INSTITUTIONAL INDEX FUNDS-Vanguard Institutional Index Fund,1269882,266294251,0.005,-0.0139999995
TTWO,2026-06-30,institution,Blackrock Inc.,18244175,4505398960,0.097600006,-0.0505
TTWO,2026-06-30,institution,Vanguard Capital Management LLC,11455971,2829052003,0.061300002,0.0067000003
TTWO,2026-03-31,institution,Saudi Electronic Games Holding Co,11414680,2818855191,0.061,0.0
TTWO,2026-06-30,institution,JPMORGAN CHASE & CO,11034093,2724869232,0.059,0.1103
TTWO,2026-06-30,institution,State Street Corporation,10889975,2689279293,0.0582,-0.0941
TTWO,2026-06-30,institution,Vanguard Portfolio Management LLC,9043181,2233213520,0.0484,0.0248
TTWO,2026-06-30,institution,Starlite Capital Inc,7426519,1833978844,0.0397,1.0
TTWO,2026-03-31,institution,Invesco Ltd.,6326916,1562431886,0.033800002,-0.1014
TTWO,2026-06-30,institution,"Geode Capital Management, LLC",5099269,1259264463,0.0273,0.039
TTWO,2026-06-30,institution,NORGES BANK,3362476,830363437,0.018,0.1707
TTWO,2026-03-31,fund,VANGUARD INDEX FUNDS-Vanguard Total Stock Market Index Fund,5586165,1379503429,0.0299,0.0113
TTWO,2026-03-31,fund,VANGUARD INDEX FUNDS-Vanguard 500 Index Fund,4422589,1092158340,0.023699999,0.0098
TTWO,2026-06-30,fund,SELECT SECTOR SPDR TRT-State Street Communication Services Select Sect,4176865,1031476799,0.0223,-0.2339
TTWO,2026-06-30,fund,"Invesco QQQ Trust, Series 1",3941183,973275129,0.0211,-0.0202
TTWO,2026-03-31,fund,VANGUARD INDEX FUNDS-Vanguard Mid-Cap Index Fund,3799170,938205019,0.020299999,-0.0057
TTWO,2026-06-30,fund,iShares Trust-iShares Core S&P 500 ETF,2401652,593087954,0.0128,0.047199998
TTWO,2026-06-30,fund,Fidelity Concord Street Trust-Fidelity 500 Index Fund,2232952,551427489,0.0119,0.0023999999
TTWO,2026-03-31,fund,VANGUARD INDEX FUNDS-Vanguard Growth Index Fund,2108955,520806430,0.0113,0.0005
TTWO,2026-06-30,fund,SPDR S&P 500 ETF TRUST-State Street SPDR S&P 500 ETF Trust,2103857,519547479,0.0113,0.0027
TTWO,2026-05-31,fund,MFS Series Trust IV-MFS Mid Cap Growth Fund,1673800,413344904,0.009,-0.1126
RBLX,2026-06-30,institution,"FMR, LLC",79723713,3047837511,0.118999995,0.7101
RBLX,2026-06-30,institution,Blackrock Inc.,38327569,1465262945,0.0572,-0.019199999
RBLX,2026-06-30,institution,Vanguard Portfolio Management LLC,31636629,1209468312,0.047199998,0.033800002
RBLX,2026-06-30,institution,Vanguard Capital Management LLC,29196094,1116166660,0.0436,0.0225
RBLX,2026-06-30,institution,Capital World Investors,22709293,868176260,0.0339,0.0105
RBLX,2026-06-30,institution,Morgan Stanley,21741285,831169315,0.0325,-0.0577
RBLX,2026-06-30,institution,BAILLIE GIFFORD & CO,21124935,807606255,0.0315,-0.0139
RBLX,2026-03-31,institution,Price (T.Rowe) Associates Inc,19117369,730857008,0.028499998,3.9059
RBLX,2026-06-30,institution,"IEQ Capital, LLC",16574553,633645153,0.0247,0.0027
RBLX,2026-06-30,institution,Capital International Investors,16086049,614969645,0.024,-0.44869998
RBLX,2026-03-31,fund,VANGUARD INDEX FUNDS-Vanguard Total Stock Market Index Fund,19965236,763270963,0.0298,0.020499999
RBLX,2026-06-30,fund,Growth Fund of America,14710137,562368530,0.022,-0.2409
RBLX,2026-03-31,fund,VANGUARD INDEX FUNDS-Vanguard Mid-Cap Index Fund,13574526,518954122,0.020299999,0.0025
RBLX,2026-06-30,fund,Fidelity Advisor Series I-Fidelity Advisor Growth Opportunities Fund,9624700,367952276,0.014400001,0.026300002
RBLX,2026-06-30,fund,Fidelity Contrafund,7940697,303572842,0.0119,0.5147
RBLX,2026-03-31,fund,VANGUARD INDEX FUNDS-Vanguard Growth Index Fund,7471566,285637964,0.0112,0.0378
RBLX,2026-06-30,fund,NEW PERSPECTIVE FUND,7517016,287375518,0.0112,0.0273
RBLX,2026-03-31,fund,VANGUARD INDEX FUNDS-Vanguard Extended Market Index Fund,7385414,282344373,0.011,0.0464
RBLX,2026-03-31,fund,VANGUARD INDEX FUNDS-Vanguard Mid-Cap Growth Index Fund,4780843,182771625,0.0070999996,-0.0813
RBLX,2026-06-30,fund,AMERICAN FUNDS FUNDAMENTAL INVESTORS,4241675,162159233,0.0063,-0.6181
TMUS,2026-06-30,institution,Blackrock Inc.,39499642,7213029649,0.0368,0.0098
TMUS,2026-03-31,institution,Invesco Ltd.,31237473,5704274963,0.0291,-0.0774
TMUS,2026-06-30,institution,Vanguard Capital Management LLC,29359860,5361404052,0.0274,-0.0123000005
TMUS,2026-03-31,institution,Price (T.Rowe) Associates Inc,28492116,5202945320,0.026600001,0.0251
TMUS,2026-06-30,institution,State Street Corporation,25021478,4569172112,0.0233,0.054899998
TMUS,2026-03-31,institution,"Wellington Management Group, LLP",17200244,3140936567,0.016,0.0372
TMUS,2026-06-30,institution,Morgan Stanley,14522141,2651888176,0.0135,0.0094
TMUS,2026-06-30,institution,"Geode Capital Management, LLC",12758271,2329787875,0.0119,0.026300002
TMUS,2026-06-30,institution,Vanguard Portfolio Management LLC,10365776,1892894361,0.0097,0.0433
TMUS,2026-03-31,institution,Softbank Group Corporation,10000000,1826100006,0.0093,-0.64919996
TMUS,2026-06-30,fund,"Invesco QQQ Trust, Series 1",22972163,4194946699,0.0214,-0.0379
TMUS,2026-03-31,fund,VANGUARD INDEX FUNDS-Vanguard Total Stock Market Index Fund,13999362,2556423503,0.013099999,-0.005
TMUS,2026-03-31,fund,VANGUARD INDEX FUNDS-Vanguard 500 Index Fund,12039044,2198449832,0.0112,-0.0074
TMUS,2026-06-30,fund,iShares Trust-iShares Core S&P 500 ETF,6420611,1172467778,0.006,0.028499998
TMUS,2026-06-30,fund,Fidelity Concord Street Trust-Fidelity 500 Index Fund,5969626,1090113407,0.0056,-0.0154
TMUS,2026-06-30,fund,SELECT SECTOR SPDR TRT-State Street Communication Services Select Sect,5909037,1079049250,0.0055,0.201
TMUS,2026-06-30,fund,SPDR S&P 500 ETF TRUST-State Street SPDR S&P 500 ETF Trust,5624457,1027082096,0.0052,-0.0150999995
TMUS,2026-06-30,fund,Invesco Exchange-Traded Fund Trust II-Invesco NASDAQ 100 ETF,4746358,866732437,0.0044,0.0135
TMUS,2026-03-31,fund,Dodge & Cox Funds-Dodge & Cox Stock Fund,4664337,851754582,0.0043,0.0
TMUS,2026-03-31,fund,VANGUARD FENWAY FUNDS-Vanguard Equity Income Fund,3762704,687107379,0.0034999999,0.1093
VZ,2026-06-30,institution,Blackrock Inc.,398216158,19305519157,0.0958,0.081999995
VZ,2026-06-30,institution,Vanguard Capital Management LLC,258996106,12556131100,0.0623,-0.0046
VZ,2026-06-30,institution,State Street Corporation,209676274,10165105667,0.0505,-0.0241
VZ,2026-03-31,institution,"Charles Schwab Investment Management, Inc.",112936510,5475161953,0.0272,-0.0312
VZ,2026-06-30,institution,"Geode Capital Management, LLC",106820018,5178634423,0.0257,0.0058
VZ,2026-06-30,institution,Vanguard Portfolio Management LLC,77434092,3754004744,0.0186,0.0077
VZ,2026-06-30,institution,Morgan Stanley,70302870,3408283105,0.016900001,-0.0508
VZ,2026-03-31,institution,Bank of America Corporation,62101021,3010657469,0.0149,0.1541
VZ,2026-06-30,institution,NORGES BANK,54307400,2632822727,0.013099999,-0.0616
VZ,2026-06-30,institution,Northern Trust Corporation,43831966,2124973691,0.0105,-0.0112
VZ,2026-03-31,fund,VANGUARD INDEX FUNDS-Vanguard Total Stock Market Index Fund,120541145,5843834654,0.029000001,0.0111
VZ,2026-03-31,fund,VANGUARD INDEX FUNDS-Vanguard 500 Index Fund,107163360,5195279643,0.025799999,0.007900001
VZ,2026-05-31,fund,SCHWAB STRATEGIC TRUST-Schwab US Dividend Equity ETF,72499607,3514780914,0.0174,-0.0191
VZ,2026-06-30,fund,iShares Trust-iShares Core S&P 500 ETF,57618066,2793323813,0.0139,0.037100002
VZ,2026-06-30,fund,Fidelity Concord Street Trust-Fidelity 500 Index Fund,53565339,2596847610,0.0128999995,-0.0074
VZ,2026-06-30,fund,SPDR S&P 500 ETF TRUST-State Street SPDR S&P 500 ETF Trust,50466809,2446630877,0.0121,-0.0076
VZ,2026-03-31,fund,VANGUARD INDEX FUNDS-Vanguard Value Index Fund,35111408,1702201043,0.0085,0.0054
VZ,2026-03-31,fund,VANGUARD INSTITUTIONAL INDEX FUNDS-Vanguard Institutional Index Fund,23777349,1152725868,0.0057,-0.0174
VZ,2026-06-30,fund,SELECT SECTOR SPDR TRT-State Street Communication Services Select Sect,23311610,1130146842,0.0056,0.113900006
VZ,2026-06-30,fund,iShares Trust-iShares Core High Dividend ETF,16859865,817366247,0.0041,1.0
T,2026-06-30,institution,Blackrock Inc.,559396053,13923367417,0.081599995,-0.0029
T,2026-06-30,institution,Vanguard Capital Management LLC,453562905,11289180428,0.066199996,-0.0026
T,2026-06-30,institution,State Street Corporation,334273613,8320070023,0.048800003,0.0585
T,2026-06-30,institution,"Newport Trust Company, LLC",178729595,4448579510,0.026099999,-0.0042
T,2026-06-30,institution,"Geode Capital Management, LLC",177038673,4406492462,0.025799999,0.0116
T,2026-06-30,institution,Vanguard Portfolio Management LLC,134321307,3343257249,0.0196,0.0057
T,2026-03-31,institution,Bank of America Corporation,125191700,3116021336,0.0183,0.045500003
T,2026-06-30,institution,Morgan Stanley,106275422,2645195188,0.0155,0.010299999
T,2026-06-30,institution,JPMORGAN CHASE & CO,96916024,2412239778,0.014099999,-0.18030001
T,2026-06-30,institution,NORGES BANK,79271870,1973076795,0.0116,-0.097600006
T,2026-03-31,fund,VANGUARD INDEX FUNDS-Vanguard Total Stock Market Index Fund,222313258,5533376855,0.0324,-0.002
T,2026-03-31,fund,VANGUARD INDEX FUNDS-Vanguard 500 Index Fund,177878349,4427391998,0.025999999,-0.005
T,2026-06-30,fund,iShares Trust-iShares Core S&P 500 ETF,95879837,2386449084,0.0139999995,0.0395
T,2026-06-30,fund,Fidelity Concord Street Trust-Fidelity 500 Index Fund,89135403,2218580126,0.012999999,-0.005
T,2026-06-30,fund,SPDR S&P 500 ETF TRUST-State Street SPDR S&P 500 ETF Trust,83979507,2090249877,0.0123000005,-0.0052
T,2026-03-31,fund,VANGUARD INDEX FUNDS-Vanguard Value Index Fund,64753233,1611707929,0.0094,-0.0075
T,2026-06-30,fund,SELECT SECTOR SPDR TRT-State Street Communication Services Select Sect,47115353,1172701107,0.0069,0.2882
T,2026-03-31,fund,VANGUARD INSTITUTIONAL INDEX FUNDS-Vanguard Institutional Index Fund,39472551,982471770,0.0058,-0.0298
T,2026-06-30,fund,Income Fund of America,33563034,835383895,0.0049,-0.3155
T,2026-05-31,fund,Columbia Funds Series Trust I-Columbia Dividend Income Fund,27638215,687915154,0.004,-0.0095
CHTR,2026-06-30,institution,Dodge & Cox Inc.,15032214,2319019718,0.126,0.0277
CHTR,2026-06-30,institution,Blackrock Inc.,7070700,1090796919,0.059299998,0.0116
CHTR,2026-06-30,institution,State Street Corporation,6971723,1075527736,0.0584,-0.1492
CHTR,2026-03-31,institution,Invesco Ltd.,5593492,862908034,0.0469,-0.0161
CHTR,2026-06-30,institution,Vanguard Capital Management LLC,5342446,824179167,0.0448,-0.0234
CHTR,2026-03-31,institution,Harris Associates L.P.,3989043,615389680,0.0334,-0.08189999
CHTR,2026-06-30,institution,"First Eagle Investment Management, LLC",3587347,553420037,0.0301,0.002
CHTR,2026-06-30,institution,Vanguard Portfolio Management LLC,3525388,543861621,0.0296,-0.0543
CHTR,2026-06-30,institution,NORGES BANK,2452458,378340706,0.020599999,-0.078200005
CHTR,2026-06-30,institution,"Geode Capital Management, LLC",2398491,370015216,0.0201,-0.0207
CHTR,2026-03-31,fund,Dodge & Cox Funds-Dodge & Cox Stock Fund,9791376,1510515617,0.082100004,0.0
CHTR,2026-06-30,fund,SELECT SECTOR SPDR TRT-State Street Communication Services Select Sect,3511162,541666976,0.0294,-0.26299998
CHTR,2026-03-31,fund,VANGUARD INDEX FUNDS-Vanguard Total Stock Market Index Fund,2613135,403128347,0.0219,-0.0105
CHTR,2026-04-30,fund,First Eagle Funds-First Eagle Global Fund,2556040,394320301,0.0214,0.0
CHTR,2026-03-31,fund,VANGUARD INDEX FUNDS-Vanguard 500 Index Fund,2187739,337502504,0.0183,-0.0145000005
CHTR,2026-03-31,fund,VANGUARD INDEX FUNDS-Vanguard Mid-Cap Index Fund,1777635,274235759,0.0149,-0.0293
CHTR,2026-06-30,fund,Invesco Exchange-Traded Fund Trust-Invesco S&P 500 Equal Weight ETF,1321030,203795303,0.0111,0.7647
CHTR,2026-03-31,fund,HARRIS ASSOCIATES INVESTMENT TRUST-Oakmark Fund,1250000,192837505,0.0105,-0.0701
CHTR,2026-04-30,fund,VANGUARD WINDSOR FUNDS-Vanguard Windsor II Fund,1178999,181884180,0.0099,0.0
CHTR,2026-06-30,fund,iShares Trust-iShares Core S&P 500 ETF,1154550,178112433,0.0097,0.0178
AAPL,2026-06-30,institution,Blackrock Inc.,1162996939,355795645030,0.0797,0.016
AAPL,2026-06-30,institution,Vanguard Capital Management LLC,959107911,293419876187,0.0657,0.0055
AAPL,2026-06-30,institution,State Street Corporation,615129929,188186694673,0.0421,0.0212
AAPL,2026-06-30,institution,"Geode Capital Management, LLC",371336543,113602985880,0.0254,0.0074
AAPL,2026-06-30,institution,Vanguard Portfolio Management LLC,334119156,102217070947,0.0229,0.0081
AAPL,2026-06-30,institution,"FMR, LLC",325348754,99533941928,0.0223,0.0582
AAPL,2026-06-30,institution,Morgan Stanley,242614238,74222972054,0.0166,-0.0076
AAPL,2026-06-30,institution,JPMORGAN CHASE & CO,228762008,69985159431,0.015700001,-0.0123000005
AAPL,2026-03-31,institution,"Berkshire Hathaway, Inc",227917808,69726893332,0.0156,0.0
AAPL,2026-03-31,institution,Price (T.Rowe) Associates Inc,200426620,61316514388,0.0137,-0.0150999995
AAPL,2026-03-31,fund,VANGUARD INDEX FUNDS-Vanguard Total Stock Market Index Fund,466211410,142628053246,0.0319,0.004
AAPL,2026-03-31,fund,VANGUARD INDEX FUNDS-Vanguard 500 Index Fund,373078146,114135794473,0.0256,0.0011999999
AAPL,2026-06-30,fund,iShares Trust-iShares Core S&P 500 ETF,202669342,62002630313,0.0139,0.0478
AAPL,2026-06-30,fund,Fidelity Concord Street Trust-Fidelity 500 Index Fund,188413875,57641455398,0.0128999995,0.0029
AAPL,2026-06-30,fund,SPDR S&P 500 ETF TRUST-State Street SPDR S&P 500 ETF Trust,177480976,54296753687,0.012200001,0.0023999999
AAPL,2026-03-31,fund,VANGUARD INDEX FUNDS-Vanguard Growth Index Fund,154377784,47228794328,0.0106,0.0014
AAPL,2026-06-30,fund,"Invesco QQQ Trust, Series 1",112932408,34549410752,0.0077,-0.020499999
AAPL,2026-03-31,fund,VANGUARD INSTITUTIONAL INDEX FUNDS-Vanguard Institutional Index Fund,82777763,25324200428,0.0057,-0.0238
AAPL,2026-05-31,fund,VANGUARD WORLD FUND-Vanguard Information Technology Index Fund,80206224,24537489520,0.0055,0.0925
AAPL,2026-06-30,fund,SELECT SECTOR SPDR TRT-State Street Technology Select Sector SPDR ETF,47444510,14514698596,0.0033000002,0.0155
CSCO,2026-06-30,institution,Blackrock Inc.,358672289,40056521344,0.091000006,-0.0175
CSCO,2026-06-30,institution,Vanguard Capital Management LLC,244787330,27337849089,0.0621,0.0041
CSCO,2026-06-30,institution,State Street Corporation,197153062,22018054024,0.05,0.0184
CSCO,2026-03-31,institution,Invesco Ltd.,139681748,15599657659,0.0354,-0.06
CSCO,2026-06-30,institution,Vanguard Portfolio Management LLC,119309850,13324524084,0.030299999,0.0124
CSCO,2026-06-30,institution,"Geode Capital Management, LLC",101007196,11280483680,0.0256,-0.011
CSCO,2026-06-30,institution,Morgan Stanley,80401715,8979263555,0.020399999,0.0344
CSCO,2026-06-30,institution,"FMR, LLC",76063526,8494774606,0.019299999,0.1288
CSCO,2026-06-30,institution,Capital Research Global Investors,67174294,7502025174,0.017,0.0504
CSCO,2026-06-30,institution,NORGES BANK,54835694,6124050322,0.0139,-0.0557
CSCO,2026-03-31,fund,VANGUARD INDEX FUNDS-Vanguard Total Stock Market Index Fund,112890088,12607565062,0.0286,0.010199999
CSCO,2026-03-31,fund,VANGUARD INDEX FUNDS-Vanguard 500 Index Fund,100407485,11213507955,0.0255,0.0104
CSCO,2026-06-30,fund,"Invesco QQQ Trust, Series 1",83665578,9343771776,0.0212,-0.023
CSCO,2026-06-30,fund,iShares Trust-iShares Core S&P 500 ETF,54504360,6087046941,0.0138,0.047
CSCO,2026-06-30,fund,Fidelity Concord Street Trust-Fidelity 500 Index Fund,50670430,5658873637,0.0128999995,0.0021
CSCO,2026-06-30,fund,SPDR S&P 500 ETF TRUST-State Street SPDR S&P 500 ETF Trust,47712092,5328486449,0.0121,0.0015
CSCO,2026-03-31,fund,VANGUARD INDEX FUNDS-Vanguard Value Index Fund,32881287,3672182142,0.0083,0.0047999998
CSCO,2026-06-30,fund,SELECT SECTOR SPDR TRT-State Street Technology Select Sector SPDR ETF,31168052,3480848056,0.007900001,0.0177
CSCO,2026-06-30,fund,AMERICAN MUTUAL FUND,26695702,2981376007,0.0068,0.030299999
CSCO,2026-05-31,fund,VANGUARD WORLD FUND-Vanguard Information Technology Index Fund,26424869,2951129377,0.0067000003,0.0005
DELL,2026-06-30,institution,Blackrock Inc.,24094119,11825634487,0.074200004,-0.026500002
DELL,2026-06-30,institution,Vanguard Capital Management LLC,19013637,9332083129,0.0585,-0.0218
DELL,2026-03-31,institution,Bank of America Corporation,14394835,7065128931,0.044299997,0.075500004
DELL,2026-06-30,institution,State Street Corporation,13764359,6755685007,0.0424,-0.0402
DELL,2026-06-30,institution,JPMORGAN CHASE & CO,10437458,5122808735,0.0321,2.3869
DELL,2026-03-31,institution,Invesco Ltd.,8914668,4375408179,0.0274,0.221
DELL,2026-06-30,institution,"Geode Capital Management, LLC",7651858,3755608406,0.023599999,-0.0092
DELL,2026-06-30,institution,Vanguard Portfolio Management LLC,7668070,3763565417,0.023599999,-0.0433
DELL,2026-06-30,institution,Morgan Stanley,7074450,3472210787,0.0218,0.0642
DELL,2026-03-31,institution,Goldman Sachs Group Inc,6609696,3244104877,0.020299999,0.6759
DELL,2026-03-31,fund,VANGUARD INDEX FUNDS-Vanguard Total Stock Market Index Fund,9544296,4684435896,0.0294,-0.0512
DELL,2026-03-31,fund,VANGUARD INDEX FUNDS-Vanguard 500 Index Fund,7550550,3705885427,0.0232,-0.0068
DELL,2026-06-30,fund,iShares Trust-iShares Core S&P 500 ETF,3991546,1959090682,0.0123000005,0.0195
DELL,2026-06-30,fund,Fidelity Concord Street Trust-Fidelity 500 Index Fund,3710975,1821383630,0.0114,-0.0242
DELL,2026-06-30,fund,SPDR S&P 500 ETF TRUST-State Street SPDR S&P 500 ETF Trust,3496475,1716104886,0.0108,-0.0227
DELL,2026-03-31,fund,VANGUARD INDEX FUNDS-Vanguard Value Index Fund,2780195,1364547501,0.0086,-0.0561
DELL,2026-05-31,fund,VANGUARD WORLD FUND-Vanguard Information Technology Index Fund,2491268,1222739240,0.0077,-0.088
DELL,2026-06-30,fund,SELECT SECTOR SPDR TRT-State Street Technology Select Sector SPDR ETF,2282665,1120354803,0.0069999998,-0.0091
DELL,2026-03-31,fund,VANGUARD INSTITUTIONAL INDEX FUNDS-Vanguard Institutional Index Fund,1675674,822437551,0.0052,-0.0317
DELL,2026-04-30,fund,VANGUARD WHITEHALL FUNDS-Vanguard High Dividend Yield Index Fund,1230427,603905872,0.0038,-0.04
SMCI,2026-06-30,institution,Blackrock Inc.,47686321,1899823035,0.0793,0.0998
SMCI,2026-06-30,institution,Vanguard Capital Management LLC,36356823,1448455833,0.060500003,0.10520001
SMCI,2026-06-30,institution,Vanguard Portfolio Management LLC,32864645,1309327461,0.0546,0.1114
SMCI,2026-06-30,institution,State Street Corporation,24635554,981480475,0.040999997,0.1189
SMCI,2026-06-30,institution,UBS Group AG,19689932,784446893,0.0327,0.6308
SMCI,2026-06-30,institution,"Geode Capital Management, LLC",15510079,617921549,0.025799999,0.095699996
SMCI,2026-03-31,institution,Invesco Ltd.,11813138,470635419,0.0196,0.1868
SMCI,2026-06-30,institution,Morgan Stanley,9049474,360531045,0.015,0.17959999
SMCI,2026-06-30,institution,BNP Paribas Financial Markets,7682632,306076060,0.0128,0.4141
SMCI,2026-06-30,institution,"Renaissance Technologies, LLC",6785600,270338305,0.0113,113.2357
SMCI,2026-03-31,fund,VANGUARD INDEX FUNDS-Vanguard Total Stock Market Index Fund,16148004,643336481,0.026800001,0.0095
SMCI,2026-03-31,fund,VANGUARD INDEX FUNDS-Vanguard 500 Index Fund,12785077,509357469,0.021300001,0.0111
SMCI,2026-03-31,fund,VANGUARD INDEX FUNDS-Vanguard Mid-Cap Index Fund,10995710,438069088,0.0183,-0.0042
SMCI,2026-06-30,fund,iShares Trust-iShares Core S&P 500 ETF,7765510,309377919,0.0128999995,0.1714
SMCI,2026-06-30,fund,Fidelity Concord Street Trust-Fidelity 500 Index Fund,7219507,287625159,0.012,0.121199995
SMCI,2026-03-31,fund,VANGUARD INDEX FUNDS-Vanguard Growth Index Fund,7114117,283426422,0.0117999995,-0.0235
SMCI,2026-06-30,fund,SPDR S&P 500 ETF TRUST-State Street SPDR S&P 500 ETF Trust,6801419,270968533,0.0113,0.122200005
SMCI,2026-06-30,fund,Invesco Exchange-Traded Fund Trust-Invesco S&P 500 Equal Weight ETF,6218637,247750499,0.010299999,0.17459999
SMCI,2026-05-31,fund,VANGUARD WORLD FUND-Vanguard Information Technology Index Fund,5262066,209640710,0.0087,0.0036000002
SMCI,2026-06-30,fund,SELECT SECTOR SPDR TRT-State Street Technology Select Sector SPDR ETF,4440768,176920197,0.0074,0.1387
ANET,2026-06-30,institution,Blackrock Inc.,91383843,18168936334,0.0725,-0.0057
ANET,2026-06-30,institution,Vanguard Capital Management LLC,68688349,13656618051,0.0545,0.0061000003
ANET,2026-06-30,institution,State Street Corporation,48165803,9576325305,0.0382,0.03
ANET,2026-06-30,institution,"FMR, LLC",47349865,9414100506,0.0375,-0.094799995
ANET,2026-03-31,institution,Price (T.Rowe) Associates Inc,29321973,5829794886,0.0232,-0.21120001
ANET,2026-06-30,institution,"Geode Capital Management, LLC",27505753,5468694012,0.0218,0.010199999
ANET,2026-06-30,institution,Vanguard Portfolio Management LLC,25808745,5131294869,0.020499999,-0.0011999999
ANET,2026-03-31,institution,"Cresset Asset Management, LLC",20692711,4114124952,0.0164,-0.0001
ANET,2026-06-30,institution,Morgan Stanley,19696435,3916045350,0.0156,0.0644
ANET,2026-06-30,institution,Capital Research Global Investors,13164137,2617293814,0.0104,-0.108100004
ANET,2026-03-31,fund,VANGUARD INDEX FUNDS-Vanguard Total Stock Market Index Fund,33918363,6743649180,0.0269,0.0713
ANET,2026-03-31,fund,VANGUARD INDEX FUNDS-Vanguard 500 Index Fund,26240376,5217111748,0.0208,0.0077
ANET,2026-06-30,fund,iShares Trust-iShares Core S&P 500 ETF,14247770,2832741735,0.0113,0.0473
ANET,2026-06-30,fund,Fidelity Concord Street Trust-Fidelity 500 Index Fund,13245821,2633534228,0.0105,0.0023999999
ANET,2026-06-30,fund,SPDR S&P 500 ETF TRUST-State Street SPDR S&P 500 ETF Trust,12479350,2481144458,0.0099,0.0023999999
ANET,2026-03-31,fund,VANGUARD INDEX FUNDS-Vanguard Growth Index Fund,11632003,2312674921,0.0092,0.0543
ANET,2026-06-30,fund,SELECT SECTOR SPDR TRT-State Street Technology Select Sector SPDR ETF,8147709,1619927563,0.0064999997,0.018
ANET,2026-05-31,fund,VANGUARD WORLD FUND-Vanguard Information Technology Index Fund,7406494,1472559191,0.0058999998,0.0036000002
ANET,2026-06-30,fund,Fidelity Contrafund,6528457,1297987868,0.0052,-0.0072000003
ANET,2026-03-31,fund,VANGUARD INSTITUTIONAL INDEX FUNDS-Vanguard Institutional Index Fund,5822321,1157593903,0.0046,-0.0175
WDC,2026-06-30,institution,Blackrock Inc.,32953613,16766797892,0.0956,-0.0787
WDC,2026-06-30,institution,"FMR, LLC",25983645,13220478258,0.0754,-0.1783
WDC,2026-06-30,institution,Vanguard Capital Management LLC,22510811,11453500362,0.0653,0.0216
WDC,2026-06-30,institution,JPMORGAN CHASE & CO,17007789,8653562835,0.0493,-0.028800001
WDC,2026-06-30,institution,Capital World Investors,16598211,8445169554,0.0482,0.39720002
WDC,2026-06-30,institution,State Street Corporation,16276615,8281541513,0.047199998,0.052399997
WDC,2026-06-30,institution,Vanguard Portfolio Management LLC,13109474,6670100211,0.038,-0.2366
WDC,2026-03-31,institution,Invesco Ltd.,12646421,6434498850,0.0367,-0.0373
WDC,2026-03-31,institution,Bank of America Corporation,8489612,4319514481,0.024600001,-0.2952
WDC,2026-06-30,institution,"Geode Capital Management, LLC",8411628,4279836223,0.024400001,-0.112399995
WDC,2026-03-31,fund,VANGUARD INDEX FUNDS-Vanguard Total Stock Market Index Fund,10766395,5477941644,0.0312,0.0019
WDC,2026-03-31,fund,VANGUARD INDEX FUNDS-Vanguard 500 Index Fund,8614792,4383206064,0.025,-0.0008
WDC,2026-03-31,fund,VANGUARD INDEX FUNDS-Vanguard Mid-Cap Index Fund,7321947,3725406544,0.0212,-0.0161
WDC,2026-06-30,fund,"Invesco QQQ Trust, Series 1",7316629,3722700745,0.0212,-0.0041
WDC,2026-06-30,fund,iShares Trust-iShares Core S&P 500 ETF,4755744,2419722489,0.0138,0.0647
WDC,2026-06-30,fund,AMERICAN FUNDS FUNDAMENTAL INVESTORS,4442387,2260286451,0.0128999995,0.4371
WDC,2026-06-30,fund,Fidelity Concord Street Trust-Fidelity 500 Index Fund,4421686,2249753782,0.0128,0.0191
WDC,2026-06-30,fund,SPDR S&P 500 ETF TRUST-State Street SPDR S&P 500 ETF Trust,4164454,2118874144,0.0121,0.0191
WDC,2026-06-30,fund,AMERICAN BALANCED FUND,3904864,1986794755,0.0113,0.0276
WDC,2026-03-31,fund,JPMorgan Trust II-JPMorgan Large Cap Growth Fund,3682616,1873714975,0.0107,0.0
STX,2026-06-30,institution,Blackrock Inc.,15166793,14763963014,0.0669,0.0625
STX,2026-06-30,institution,Vanguard Capital Management LLC,14630067,14241492456,0.0646,0.0335
STX,2026-06-30,institution,State Street Corporation,9911669,9648415095,0.0437,0.0633
STX,2026-06-30,institution,"FMR, LLC",8153134,7936586780,0.036,-0.0029
STX,2026-06-30,institution,Vanguard Portfolio Management LLC,7999686,7787214359,0.0353,-0.27899998
STX,2026-03-31,institution,Invesco Ltd.,7176698,6986084918,0.0317,-0.024500001
STX,2026-06-30,institution,"WCM Investment Management, LLC",5320463,5179151515,0.0235,0.22399999
STX,2026-06-30,institution,JPMORGAN CHASE & CO,5201103,5062961717,0.0229,-0.219
STX,2026-06-30,institution,"Geode Capital Management, LLC",5155435,5018506658,0.0227,0.0187
STX,2026-06-30,institution,Morgan Stanley,4720524,4595146894,0.0208,-0.0081
STX,2026-03-31,fund,VANGUARD INDEX FUNDS-Vanguard Total Stock Market Index Fund,6925150,6741218032,0.0306,0.0328
STX,2026-03-31,fund,VANGUARD INDEX FUNDS-Vanguard 500 Index Fund,5543179,5395952179,0.024500001,0.0091
STX,2026-06-30,fund,"Invesco QQQ Trust, Series 1",4759747,4633328131,0.021,0.0073
STX,2026-03-31,fund,VANGUARD INDEX FUNDS-Vanguard Mid-Cap Index Fund,4709560,4584474097,0.0208,0.013200001
STX,2026-06-30,fund,iShares Trust-iShares Core S&P 500 ETF,3093644,3011476822,0.0136,0.076799996
STX,2026-06-30,fund,Fidelity Concord Street Trust-Fidelity 500 Index Fund,2876478,2800078751,0.0127,0.0307
STX,2026-06-30,fund,SPDR S&P 500 ETF TRUST-State Street SPDR S&P 500 ETF Trust,2709154,2637198876,0.012,0.0304
STX,2026-03-31,fund,VANGUARD INDEX FUNDS-Vanguard Growth Index Fund,2446981,2381989190,0.0108,0.7984
STX,2026-06-30,fund,SELECT SECTOR SPDR TRT-State Street Technology Select Sector SPDR ETF,1769346,1722352174,0.0078,0.0468
STX,2026-03-31,fund,VANGUARD INDEX FUNDS-Vanguard Mid-Cap Growth Index Fund,1658684,1614629357,0.0073,-0.0715
NTAP,2026-06-30,institution,Blackrock Inc.,18901321,3914085587,0.0963,-0.0506
NTAP,2026-06-30,institution,Vanguard Capital Management LLC,12885538,2668337232,0.0657,0.0318
NTAP,2026-06-30,institution,Vanguard Portfolio Management LLC,12276980,2542317040,0.0626,-0.0297
NTAP,2026-06-30,institution,State Street Corporation,9921533,2054551071,0.0506,-0.010199999
NTAP,2026-03-31,institution,Primecap Management Company,9057455,1875617797,0.0462,-0.0011999999
NTAP,2026-06-30,institution,"Geode Capital Management, LLC",6368156,1318717756,0.0325,-0.0117999995
NTAP,2026-03-31,institution,"Ameriprise Financial, Inc.",6000694,1242623724,0.0306,-0.0349
NTAP,2026-03-31,institution,"Wellington Management Group, LLP",4670721,967212913,0.0238,0.0306
NTAP,2026-06-30,institution,"UBS AM, a distinct business unit of UBS ASSET MANAGEMENT AMERICAS LLC",4444057,920275331,0.0226,0.0945
NTAP,2026-06-30,institution,NORGES BANK,4170849,863699418,0.021300001,-0.0249
NTAP,2026-03-31,fund,VANGUARD INDEX FUNDS-Vanguard Total Stock Market Index Fund,6054096,1253682210,0.0309,0.0042
NTAP,2026-03-31,fund,VANGUARD CHESTER FUNDS-Vanguard PRIMECAP Fund,5242031,1085519789,0.026700001,0.0
NTAP,2026-03-31,fund,VANGUARD INDEX FUNDS-Vanguard 500 Index Fund,4858225,1006041241,0.0248,-0.0032
NTAP,2026-03-31,fund,VANGUARD INDEX FUNDS-Vanguard Mid-Cap Index Fund,4144092,858158578,0.0211,-0.020399999
NTAP,2026-06-30,fund,iShares Trust-iShares Core S&P 500 ETF,2723363,563954015,0.0139,0.0436
NTAP,2026-06-30,fund,Fidelity Concord Street Trust-Fidelity 500 Index Fund,2531409,524204180,0.0128999995,-0.0013
NTAP,2026-06-30,fund,SPDR S&P 500 ETF TRUST-State Street SPDR S&P 500 ETF Trust,2388407,494591325,0.012200001,0.0049
NTAP,2026-03-31,fund,VANGUARD FENWAY FUNDS-Vanguard Equity Income Fund,2185069,452484092,0.0111,0.0
NTAP,2026-03-31,fund,VANGUARD HORIZON FUNDS-Vanguard Capital Opportunity Fund,2146080,444410250,0.0109,-0.0021
NTAP,2026-05-31,fund,VANGUARD WORLD FUND-Vanguard Information Technology Index Fund,2141604,443483360,0.0109,0.0050999997
MSI,2026-06-30,institution,Blackrock Inc.,15900993,7417972399,0.096099995,-0.033099998
MSI,2026-06-30,institution,Vanguard Capital Management LLC,10844275,5058962836,0.0655,0.0070999996
MSI,2026-06-30,institution,Vanguard Portfolio Management LLC,9714700,4532004791,0.0587,0.0084
MSI,2026-06-30,institution,State Street Corporation,7849952,3662081184,0.047399998,0.043
MSI,2026-06-30,institution,"Geode Capital Management, LLC",4140011,1931356572,0.025,0.010199999
MSI,2026-06-30,institution,"FMR, LLC",3931639,1834148948,0.0238,0.1365
MSI,2026-03-31,institution,"Raymond James Financial, Inc.",3363408,1569063498,0.020299999,0.0
MSI,2026-03-31,institution,Alliancebernstein L.P.,2794638,1303726600,0.016900001,0.0706
MSI,2026-03-31,institution,"Ameriprise Financial, Inc.",2611124,1218115482,0.015800001,0.28530002
MSI,2026-03-31,institution,Goldman Sachs Group Inc,2572029,1199877273,0.0155,0.5533
MSI,2026-03-31,fund,VANGUARD INDEX FUNDS-Vanguard Total Stock Market Index Fund,5261270,2454435119,0.0318,0.0056
MSI,2026-03-31,fund,VANGUARD INDEX FUNDS-Vanguard 500 Index Fund,4210169,1964085981,0.0254,0.0025
MSI,2026-03-31,fund,VANGUARD INDEX FUNDS-Vanguard Mid-Cap Index Fund,3577597,1668984811,0.0216,-0.013099999
MSI,2026-06-30,fund,iShares Trust-iShares Core S&P 500 ETF,2289878,1068251008,0.0138,0.049099997
MSI,2026-06-30,fund,Fidelity Concord Street Trust-Fidelity 500 Index Fund,2129447,993408340,0.0128999995,0.0045
MSI,2026-06-30,fund,SPDR S&P 500 ETF TRUST-State Street SPDR S&P 500 ETF Trust,2005693,935675861,0.0121,0.0050999997
MSI,2026-03-31,fund,VANGUARD INDEX FUNDS-Vanguard Growth Index Fund,1859806,867618115,0.0112,0.7673
MSI,2026-06-30,fund,SELECT SECTOR SPDR TRT-State Street Technology Select Sector SPDR ETF,1309853,611059535,0.007900001,0.0201
MSI,2026-05-31,fund,VANGUARD WORLD FUND-Vanguard Information Technology Index Fund,1277157,595806524,0.0077,-0.0119
MSI,2026-06-30,fund,Fidelity Magellan Fund,1273721,594203596,0.0077,0.0011999999
GLW,2026-06-30,institution,Blackrock Inc.,65765574,10916427989,0.0763,-0.014199999
GLW,2026-06-30,institution,Vanguard Capital Management LLC,50831214,8437473491,0.059,0.0074
GLW,2026-06-30,institution,State Street Corporation,41108384,6823580885,0.0477,0.1336
GLW,2026-06-30,institution,JPMORGAN CHASE & CO,36016393,5978361271,0.0418,2.0339
GLW,2026-06-30,institution,Capital Research Global Investors,24698700,4099737348,0.0287,0.1305
GLW,2026-06-30,institution,"FMR, LLC",24027884,3988388597,0.0279,-0.0354
GLW,2026-06-30,institution,Vanguard Portfolio Management LLC,18920070,3140542523,0.022,-0.33080003
GLW,2026-06-30,institution,"Geode Capital Management, LLC",18363394,3048139870,0.021300001,-0.1241
GLW,2026-06-30,institution,Morgan Stanley,15134070,2512104362,0.0176,-0.034
GLW,2026-03-31,institution,Bank of America Corporation,14499109,2406707182,0.0168,-0.1659
GLW,2026-03-31,fund,VANGUARD INDEX FUNDS-Vanguard Total Stock Market Index Fund,24519377,4069971522,0.028499998,0.0114
GLW,2026-03-31,fund,VANGUARD INDEX FUNDS-Vanguard 500 Index Fund,19840838,3293380808,0.023,0.0085
GLW,2026-06-30,fund,iShares Trust-iShares Core S&P 500 ETF,10806716,1793806848,0.0125,0.0506
GLW,2026-06-30,fund,Fidelity Concord Street Trust-Fidelity 500 Index Fund,10046879,1667681500,0.0117,0.0056
GLW,2026-06-30,fund,SPDR S&P 500 ETF TRUST-State Street SPDR S&P 500 ETF Trust,9465709,1571213088,0.011,0.0062
GLW,2026-03-31,fund,VANGUARD INDEX FUNDS-Vanguard Mid-Cap Index Fund,8337821,1383994953,0.0097,-0.5035
GLW,2026-03-31,fund,VANGUARD INDEX FUNDS-Vanguard Value Index Fund,7141647,1185442024,0.0083,0.0057
GLW,2026-06-30,fund,AMERICAN MUTUAL FUND,7000000,1161930038,0.0081,0.4
GLW,2026-06-30,fund,SELECT SECTOR SPDR TRT-State Street Technology Select Sector SPDR ETF,6179975,1025814084,0.0072000003,0.0212
GLW,2026-05-31,fund,VANGUARD WORLD FUND-Vanguard Information Technology Index Fund,5790424,961152511,0.0067000003,-0.0836
COHR,2026-06-30,institution,Blackrock Inc.,16608092,5411414393,0.0849,0.1107
COHR,2026-06-30,institution,Vanguard Capital Management LLC,12765663,4159435803,0.0653,0.0481
COHR,2026-06-30,institution,"FMR, LLC",11012710,3588271151,0.0563,-0.514
COHR,2026-06-30,institution,Vanguard Portfolio Management LLC,10015964,3263501415,0.0512,0.0588
COHR,2026-06-30,institution,State Street Corporation,8591135,2799249401,0.043899998,0.1088
COHR,2026-03-31,institution,Nvidia Corp                          ,7788161,2537616394,0.0398,1.0
COHR,2026-03-31,institution,Invesco Ltd.,6711332,2186753215,0.0343,0.2485
COHR,2026-06-30,institution,"Geode Capital Management, LLC",5269330,1716905723,0.0269,0.0058999998
COHR,2026-06-30,institution,Capital International Investors,3600561,1173170742,0.0184,1.0
COHR,2026-06-30,institution,Morgan Stanley,3280583,1068912314,0.0168,0.1912
COHR,2026-03-31,fund,VANGUARD INDEX FUNDS-Vanguard Total Stock Market Index Fund,5953157,1939717065,0.0304,0.2048
COHR,2026-03-31,fund,VANGUARD INDEX FUNDS-Vanguard 500 Index Fund,4771550,1554714072,0.024400001,1.0
COHR,2026-06-30,fund,iShares Trust-iShares Core S&P 500 ETF,2700005,879742592,0.0138,0.0932
COHR,2026-06-30,fund,Fidelity Concord Street Trust-Fidelity 500 Index Fund,2509717,817741056,0.0128,0.0461
COHR,2026-06-30,fund,SPDR S&P 500 ETF TRUST-State Street SPDR S&P 500 ETF Trust,2364309,770362769,0.0121,0.0452
COHR,2026-03-31,fund,VANGUARD INDEX FUNDS-Vanguard Small-Cap Index Fund,2161473,704272718,0.011,-0.3939
COHR,2026-03-31,fund,VANGUARD INDEX FUNDS-Vanguard Mid-Cap Index Fund,2024469,659632707,0.010299999,1.0
COHR,2026-06-30,fund,Growth Fund of America,1803889,587761128,0.0092,0.6068
COHR,2026-06-30,fund,SELECT SECTOR SPDR TRT-State Street Technology Select Sector SPDR ETF,1543742,502997435,0.007900001,0.0623
COHR,2026-06-30,fund,Fidelity Select Portfolios-Select Semiconductors Portfolio,1396233,454934579,0.0070999996,-0.24219999
LITE,2026-06-30,institution,Blackrock Inc.,9179958,8501926436,0.118,0.1714
LITE,2026-06-30,institution,Vanguard Capital Management LLC,5078410,4703318711,0.0653,0.0945
LITE,2026-06-30,institution,Vanguard Portfolio Management LLC,4092283,3790027037,0.052600004,0.10560001
LITE,2026-06-30,institution,JPMORGAN CHASE & CO,4059807,3759949714,0.052199997,0.3802
LITE,2026-06-30,institution,"FMR, LLC",3519154,3259229337,0.0452,-0.5102
LITE,2026-06-30,institution,State Street Corporation,3453717,3198625512,0.0444,0.1366
LITE,2026-06-30,institution,"Geode Capital Management, LLC",2245102,2079278799,0.028900001,0.0553
LITE,2026-06-30,institution,"Arrowstreet Capital, Limited Partnership",1370571,1269340646,0.0176,2.3852
LITE,2026-03-31,institution,Price (T.Rowe) Associates Inc,1309909,1213159140,0.0168,1.6219001
LITE,2026-06-30,institution,Morgan Stanley,1309986,1213230453,0.0168,0.2748
LITE,2026-03-31,fund,VANGUARD INDEX FUNDS-Vanguard Total Stock Market Index Fund,2267465,2099990068,0.0291,0.0171
LITE,2026-03-31,fund,VANGUARD INDEX FUNDS-Vanguard 500 Index Fund,1814927,1680876518,0.0233,1.0
LITE,2026-06-30,fund,"Invesco QQQ Trust, Series 1",1651477,1529498932,0.0212,0.0674
LITE,2026-03-31,fund,SmallCap World Fund Inc,1469014,1360512647,0.0189,-0.5131
LITE,2026-06-30,fund,iShares Trust-iShares Core S&P 500 ETF,1073242,993972361,0.0138,0.1407
LITE,2026-06-30,fund,Fidelity Concord Street Trust-Fidelity 500 Index Fund,998042,924326632,0.0128,0.0923
LITE,2026-06-30,fund,SPDR S&P 500 ETF TRUST-State Street SPDR S&P 500 ETF Trust,940244,870797591,0.0121,0.0908
LITE,2026-03-31,fund,JPMorgan Trust II-JPMorgan Large Cap Growth Fund,848016,785381550,0.0109,0.4827
LITE,2026-03-31,fund,VANGUARD INDEX FUNDS-Vanguard Small-Cap Index Fund,823177,762377158,0.0106,-0.48830003
LITE,2026-06-30,fund,JANUS INVESTMENT FUND-Janus Henderson Forty Fund,807784,748121085,0.0104,1.0
CIEN,2026-06-30,institution,"FMR, LLC",19113538,8195311478,0.135,-0.0988
CIEN,2026-06-30,institution,Blackrock Inc.,12718494,5453308532,0.08979999,-0.049000002
CIEN,2026-06-30,institution,JPMORGAN CHASE & CO,11206209,4804886109,0.0792,0.0958
CIEN,2026-06-30,institution,Vanguard Capital Management LLC,9233803,3959177610,0.0652,0.0069999998
CIEN,2026-06-30,institution,Vanguard Portfolio Management LLC,7680665,3293238647,0.0543,0.0423
CIEN,2026-06-30,institution,State Street Corporation,6680578,2864431355,0.047199998,0.0589
CIEN,2026-03-31,institution,Price (T.Rowe) Associates Inc,5242802,2247956155,0.037,0.294
CIEN,2026-06-30,institution,"Geode Capital Management, LLC",3370462,1445152954,0.0238,-0.171
CIEN,2026-03-31,institution,Bank of America Corporation,1954632,838087541,0.0138,-0.09689999
CIEN,2026-06-30,institution,American Century Companies Inc,1851788,793991120,0.013099999,2.4558
CIEN,2026-06-30,fund,Fidelity Mt. Vernon Street Trust-Fidelity Growth Company Fund,6049205,2593717561,0.0427,-0.0542
CIEN,2026-03-31,fund,VANGUARD INDEX FUNDS-Vanguard Total Stock Market Index Fund,4489155,1924814940,0.0317,0.0123000005
CIEN,2026-03-31,fund,VANGUARD INDEX FUNDS-Vanguard 500 Index Fund,3578900,1534524913,0.0253,1.0
CIEN,2026-03-31,fund,JPMorgan Trust II-JPMorgan Large Cap Growth Fund,3327347,1426666536,0.0235,0.15609999
CIEN,2026-06-30,fund,iShares Trust-iShares Core S&P 500 ETF,1950586,836352737,0.0138,0.0511
CIEN,2026-06-30,fund,Fidelity Concord Street Trust-Fidelity 500 Index Fund,1813897,777744596,0.0128,0.0063
CIEN,2026-06-30,fund,SPDR S&P 500 ETF TRUST-State Street SPDR S&P 500 ETF Trust,1705056,731076842,0.012,0.0050999997
CIEN,2026-06-30,fund,Fidelity Mt. Vernon Street Trust-Fidelity Growth Company K6 Fund,1687258,723445594,0.0119,-0.0509
CIEN,2026-03-31,fund,VANGUARD INDEX FUNDS-Vanguard Small-Cap Index Fund,1630946,699300698,0.0115,-0.49040002
CIEN,2026-03-31,fund,VANGUARD INDEX FUNDS-Vanguard Mid-Cap Index Fund,1527546,654965881,0.0108,1.0
IBM,2026-06-30,institution,Blackrock Inc.,76763481,17987219430,0.081499994,-0.010299999
IBM,2026-06-30,institution,Vanguard Capital Management LLC,61385366,14383819410,0.0652,0.0089
IBM,2026-06-30,institution,State Street Corporation,56045055,13132477698,0.059499998,0.026600001
IBM,2026-06-30,institution,Vanguard Portfolio Management LLC,28348295,6642572692,0.0301,0.0249
IBM,2026-06-30,institution,"Geode Capital Management, LLC",23448500,5494452691,0.0249,0.0161
IBM,2026-06-30,institution,Morgan Stanley,17459828,4091187024,0.0185,-0.1106
IBM,2026-06-30,institution,Capital World Investors,16207905,3797836418,0.0172,-0.050100002
IBM,2026-03-31,institution,Bank of America Corporation,16063653,3764035288,0.0171,0.0699
IBM,2026-06-30,institution,JPMORGAN CHASE & CO,12445411,2916208796,0.013200001,-0.32889998
IBM,2026-06-30,institution,Northern Trust Corporation,10227731,2396562002,0.0109,-0.0075
IBM,2026-03-31,fund,VANGUARD INDEX FUNDS-Vanguard Total Stock Market Index Fund,29789082,6980177912,0.031600002,0.0139
IBM,2026-03-31,fund,VANGUARD INDEX FUNDS-Vanguard 500 Index Fund,23753146,5565837344,0.0252,0.0077
IBM,2026-06-30,fund,iShares Trust-iShares Core S&P 500 ETF,12968946,3038883521,0.0138,0.0531
IBM,2026-06-30,fund,Fidelity Concord Street Trust-Fidelity 500 Index Fund,12057131,2825227024,0.0128,0.008
IBM,2026-06-30,fund,SPDR S&P 500 ETF TRUST-State Street SPDR S&P 500 ETF Trust,11356003,2660938706,0.0121,0.0073
IBM,2026-03-31,fund,VANGUARD INDEX FUNDS-Vanguard Value Index Fund,8676274,2033024587,0.0092,0.0086
IBM,2026-06-30,fund,SELECT SECTOR SPDR TRT-State Street Technology Select Sector SPDR ETF,7416461,1737825195,0.007900001,0.023599999
IBM,2026-05-31,fund,VANGUARD WORLD FUND-Vanguard Information Technology Index Fund,6245330,1463405771,0.0066000004,0.0036000002
IBM,2026-03-31,fund,JPMorgan Trust II-JPMorgan Large Cap Growth Fund,5820429,1363842965,0.0062,0.0
IBM,2026-03-31,fund,VANGUARD INSTITUTIONAL INDEX FUNDS-Vanguard Institutional Index Fund,5270567,1234999298,0.0056,-0.0175
ACN,2026-06-30,institution,Blackrock Inc.,62162363,10995900353,0.093100004,0.0879
ACN,2026-06-30,institution,Vanguard Capital Management LLC,40094187,7092260713,0.060100004,0.0028
ACN,2026-06-30,institution,State Street Corporation,30773423,5443510775,0.0461,0.0681
ACN,2026-06-30,institution,Vanguard Portfolio Management LLC,19942387,3527608824,0.0299,0.0196
ACN,2026-03-31,institution,"Charles Schwab Investment Management, Inc.",19500578,3449457230,0.0292,2.5927
ACN,2026-06-30,institution,"Geode Capital Management, LLC",15726680,2781892415,0.023599999,0.0113
ACN,2026-06-30,institution,Morgan Stanley,12169874,2152729004,0.0182,0.0655
ACN,2026-06-30,institution,JPMORGAN CHASE & CO,9480985,1677091430,0.014199999,-0.1013
ACN,2026-06-30,institution,"Franklin Resources, Inc.",7817508,1382838985,0.0117,0.122
ACN,2026-06-30,institution,Northern Trust Corporation,7232152,1279295362,0.0108,-0.0201
ACN,2026-03-31,fund,VANGUARD INDEX FUNDS-Vanguard Total Stock Market Index Fund,19541028,3456612430,0.0293,-0.0018000001
ACN,2026-03-31,fund,VANGUARD INDEX FUNDS-Vanguard 500 Index Fund,15634963,2765668595,0.0234,-0.0001
ACN,2026-05-31,fund,SCHWAB STRATEGIC TRUST-Schwab US Dividend Equity ETF,14696448,2599654677,0.022,1.0
ACN,2026-06-30,fund,iShares Trust-iShares Core S&P 500 ETF,8471893,1498593147,0.0127,0.045100003
ACN,2026-06-30,fund,Fidelity Concord Street Trust-Fidelity 500 Index Fund,7875796,1393149549,0.0117999995,0.0002
ACN,2026-06-30,fund,SPDR S&P 500 ETF TRUST-State Street SPDR S&P 500 ETF Trust,7420296,1312576154,0.0111,0.00029999999
ACN,2026-03-31,fund,VANGUARD INDEX FUNDS-Vanguard Value Index Fund,5690940,1006670373,0.0085,-0.0072000003
ACN,2026-06-30,fund,SELECT SECTOR SPDR TRT-State Street Technology Select Sector SPDR ETF,4844485,856940948,0.0073,0.015800001
ACN,2026-05-31,fund,VANGUARD WORLD FUND-Vanguard Information Technology Index Fund,4348621,769227566,0.0064999997,0.0036000002
ACN,2026-03-31,fund,VANGUARD INSTITUTIONAL INDEX FUNDS-Vanguard Institutional Index Fund,3469664,613748862,0.0052,-0.0251
CTSH,2026-06-30,institution,Blackrock Inc.,46183240,2715112721,0.1025,0.0416
CTSH,2026-06-30,institution,Vanguard Capital Management LLC,30950850,1819600499,0.0687,-0.0041
CTSH,2026-03-31,institution,Invesco Ltd.,28129017,1653704935,0.0624,0.20899999
CTSH,2026-06-30,institution,Pzena Investment Management LLC,26529172,1559650046,0.0589,0.3093
CTSH,2026-06-30,institution,Vanguard Portfolio Management LLC,26148721,1537283331,0.0581,-0.0004
CTSH,2026-06-30,institution,State Street Corporation,25304648,1487660279,0.056199998,0.0471
CTSH,2026-06-30,institution,JPMORGAN CHASE & CO,14952942,879083473,0.0332,-0.2858
CTSH,2026-06-30,institution,"Geode Capital Management, LLC",14848876,872965433,0.033,0.0046
CTSH,2026-06-30,institution,Dodge & Cox Inc.,14542493,854953176,0.0323,0.0189
CTSH,2026-06-30,institution,FIL LTD,9616907,565377971,0.021300001,0.4289
CTSH,2026-03-31,fund,VANGUARD INDEX FUNDS-Vanguard Total Stock Market Index Fund,15187277,892860028,0.0337,0.0015
CTSH,2026-03-31,fund,VANGUARD INDEX FUNDS-Vanguard 500 Index Fund,12152486,714444663,0.027,-0.0017
CTSH,2026-03-31,fund,Dodge & Cox Funds-Dodge & Cox Stock Fund,11098377,652473593,0.024600001,-0.0458
CTSH,2026-03-31,fund,VANGUARD INDEX FUNDS-Vanguard Mid-Cap Index Fund,10328356,607204058,0.0229,-0.016900001
CTSH,2026-06-30,fund,iShares Trust-iShares Core S&P 500 ETF,6538256,384384076,0.0145000005,0.0377
CTSH,2026-06-30,fund,Fidelity Concord Street Trust-Fidelity 500 Index Fund,6078935,357380594,0.0135,-0.0067000003
CTSH,2026-06-30,fund,SPDR S&P 500 ETF TRUST-State Street SPDR S&P 500 ETF Trust,5727472,336718084,0.0127,-0.0038
CTSH,2026-03-31,fund,J.P. Morgan Exch-Trd Fd. TRT-JPMorgan Eqy. Premium Income ETF,5572003,327578061,0.0124,0.2582
CTSH,2026-06-30,fund,AMERICAN MUTUAL FUND,5279819,310400563,0.0117,0.0
CTSH,2026-06-30,fund,First TRT Exch-Trd Fd. VI-First TRT Rising Dividend Achievers ETF,5210790,306342348,0.0116,0.2716
INFY,2026-06-30,institution,Morgan Stanley,56575375,683996292,0.0139,0.3233
INFY,2026-06-30,institution,Robeco Institutional Asset Management B.V.,49040701,592902082,0.0121,0.2715
INFY,2026-06-30,institution,First Trust Advisors LP,28009803,338638522,0.0069,0.5927
INFY,2026-06-30,institution,GQG Partners LLC,26999640,326425651,0.0067000003,1.0
INFY,2026-03-31,institution,Lazard Asset Management LLC,26776494,323727816,0.0066000004,0.1702
INFY,2026-06-30,institution,"Arrowstreet Capital, Limited Partnership",24742422,299135885,0.0061000003,2.8122
INFY,2026-06-30,institution,JPMORGAN CHASE & CO,21192827,256221281,0.0052,-0.2447
INFY,2026-06-30,institution,Blackrock Inc.,15172989,183441439,0.0037,0.3662
INFY,2026-06-30,institution,State Street Corporation,13684485,165445425,0.0034,-0.1034
INFY,2026-06-30,institution,UBS Group AG,13547487,163789119,0.0033000002,-0.3442
INFY,2026-06-30,fund,"iShares, Inc.-iShares Core MSCI Emerging Markets ETF",33608862,406331146,0.0083,1.0
INFY,2026-06-30,fund,iShares Trust-iShares MSCI India ETF,15128999,182909600,0.0037,1.0
INFY,2026-05-31,fund,First TRT Exch-Trd Fd. II-First TRT NASDAQ Cybersecurity ETF,13171989,159249349,0.0032,0.0179
INFY,2026-06-30,fund,"iShares, Inc.-iShares MSCI Emerging Markets ex China ETF",7761223,93833187,0.0019,1.0
INFY,2026-06-30,fund,"iShares, Inc.-iShares MSCI Emerging Markets ETF",7322496,88528977,0.0018000001,1.0
INFY,2026-03-31,fund,LAZARD FUNDS INC-Lazard Emerging Markets Equity Portfolio,6121772,74012224,0.0015,0.3412
INFY,2026-06-30,fund,American Century ETF Trust-Avantis Emerging Markets Equity ETF,5810453,70248377,0.0014,0.0114
INFY,2026-06-30,fund,SPDR INDEX SHARES Fd.S-State Street SPDR PORT. Emerging Markets ETF,5470083,66133304,0.0013,-0.0161
INFY,2026-06-30,fund,Fidelity Investment TRT-Fidelity Series Emerging Markets Opportunities,5059100,61164519,0.0011999999,1.131
INFY,2026-06-30,fund,iShares Trust-iShares Core MSCI Total International Stock ETF,4149231,50164203,0.001,0.0325
EPAM,2026-06-30,institution,Blackrock Inc.,6637475,667066237,0.1287,0.6234
EPAM,2026-06-30,institution,Capital World Investors,4825040,484916520,0.0935,-0.29459998
EPAM,2026-03-31,institution,Invesco Ltd.,4378904,440079852,0.0849,0.1182
EPAM,2026-03-31,institution,"Ameriprise Financial, Inc.",3783297,380221348,0.0733,0.6016
EPAM,2026-06-30,institution,Vanguard Portfolio Management LLC,3466590,348392295,0.0672,0.1721
EPAM,2026-06-30,institution,Vanguard Capital Management LLC,2275391,228676795,0.044099998,-0.3431
EPAM,2026-06-30,institution,State Street Corporation,1956089,196586944,0.0379,-0.1241
EPAM,2026-06-30,institution,Dimensional Fund Advisors LP,1648593,165683596,0.032,0.5418
EPAM,2026-06-30,institution,Aikya Investment Management Ltd,1365913,137274256,0.026500002,0.5
EPAM,2026-03-31,institution,Brandes Investment Partners L.P.,1325054,133167927,0.0257,0.3468
EPAM,2026-07-31,fund,iShares Trust-iShares Core S&P Small-Cap ETF,3181253,319715926,0.0617,0.0105
EPAM,2026-03-31,fund,VANGUARD INDEX FUNDS-Vanguard Total Stock Market Index Fund,1634322,164249361,0.0317,-0.0064
EPAM,2026-03-31,fund,VANGUARD INDEX FUNDS-Vanguard 500 Index Fund,1403315,141033157,0.0272,0.0075
EPAM,2026-03-31,fund,VANGUARD INDEX FUNDS-Vanguard Small-Cap Index Fund,1185931,119186065,0.023,-0.0042
EPAM,2026-06-30,fund,New Economy Fund,1066439,107177119,0.0207,0.0
EPAM,2026-06-30,fund,NEW PERSPECTIVE FUND,983951,98887075,0.0191,-0.38369998
EPAM,2026-05-31,fund,VANGUARD WORLD FUND-Vanguard Information Technology Index Fund,956904,96168852,0.0185,-0.0478
EPAM,2026-05-31,fund,Columbia Funds Series Trust II-Columbia Select Large Cap Value Fund,929679,93432739,0.018,0.2186
EPAM,2026-05-31,fund,Columbia Funds Series Trust II-Columbia Intrinsic Value Fund,772983,77684791,0.015,0.9778
EPAM,2026-03-31,fund,VANGUARD INDEX FUNDS-Vanguard Small-Cap Value Index Fund,755194,75896997,0.0146,-0.0165
BA,2026-06-30,institution,Blackrock Inc.,61043446,14141935023,0.077199996,0.049000002
BA,2026-06-30,institution,"FMR, LLC",58951274,13657241539,0.0746,0.0365
BA,2026-06-30,institution,Vanguard Capital Management LLC,51463432,11922533197,0.0651,0.009
BA,2026-06-30,institution,State Street Corporation,38047990,8814577773,0.0481,0.0167
BA,2026-06-30,institution,Capital World Investors,30665928,7104375483,0.0388,0.1919
BA,2026-06-30,institution,"Newport Trust Company, LLC",28260770,6547172534,0.0358,-0.014099999
BA,2026-06-30,institution,"Geode Capital Management, LLC",17976472,4164609235,0.0227,0.0229
BA,2026-03-31,institution,LOOMIS SAYLES & CO L P,14061954,3257732857,0.0178,-0.0069
BA,2026-06-30,institution,Vanguard Portfolio Management LLC,13414486,3107733947,0.017,0.028800001
BA,2026-03-31,institution,Price (T.Rowe) Associates Inc,11872323,2750461047,0.015,0.0318
BA,2026-03-31,fund,VANGUARD INDEX FUNDS-Vanguard Total Stock Market Index Fund,24932388,5776086282,0.0315,0.0128
BA,2026-03-31,fund,VANGUARD INDEX FUNDS-Vanguard 500 Index Fund,19957482,4623549818,0.0253,0.0108
BA,2026-06-30,fund,iShares Trust-iShares Core S&P 500 ETF,10877419,2519971639,0.0138,0.0513
BA,2026-06-30,fund,Fidelity Concord Street Trust-Fidelity 500 Index Fund,10112578,2342780926,0.0128,0.0062
BA,2026-06-30,fund,SPDR S&P 500 ETF TRUST-State Street SPDR S&P 500 ETF Trust,9527677,2207276913,0.0121,0.0047999998
BA,2026-06-30,fund,Growth Fund of America,9444408,2187985984,0.0119,0.0
BA,2026-03-31,fund,VANGUARD INDEX FUNDS-Vanguard Growth Index Fund,8486222,1966003035,0.0107,-0.0017
BA,2026-06-30,fund,WASHINGTON MUTUAL INVESTORS FUND,6439889,1491929072,0.0081,0.0
BA,2026-06-30,fund,Fidelity Rutland Square TRT II-Strategic Advisers Fidelity U.S. Total ,6396649,1481911662,0.0081,0.011
BA,2026-06-30,fund,AMERICAN BALANCED FUND,6168857,1429139089,0.0078,0.2483
RTX,2026-06-30,institution,Blackrock Inc.,110528494,24644538442,0.081999995,0.0136
RTX,2026-06-30,institution,State Street Corporation,95417318,21275199510,0.0708,0.0305
RTX,2026-06-30,institution,Vanguard Capital Management LLC,87947095,19609563879,0.0653,0.0083
RTX,2026-06-30,institution,Capital Research Global Investors,52346255,11671644541,0.0388,0.0002
RTX,2026-06-30,institution,JPMORGAN CHASE & CO,37167727,8287288134,0.0276,-0.1012
RTX,2026-06-30,institution,Dodge & Cox Inc.,35113249,7829201172,0.026099999,-0.010199999
RTX,2026-06-30,institution,"Geode Capital Management, LLC",33183061,7398827151,0.024600001,-0.002
RTX,2026-06-30,institution,Morgan Stanley,30933048,6897141750,0.023,0.0269
RTX,2026-06-30,institution,Vanguard Portfolio Management LLC,26141915,5828862819,0.0194,0.026500002
RTX,2026-03-31,institution,Bank of America Corporation,25393685,5662029975,0.0188,-0.0034
RTX,2026-03-31,fund,VANGUARD INDEX FUNDS-Vanguard Total Stock Market Index Fund,42623247,9503705435,0.031600002,0.0116
RTX,2026-03-31,fund,VANGUARD INDEX FUNDS-Vanguard 500 Index Fund,34111055,7605741974,0.0253,0.0089
RTX,2026-03-31,fund,Dodge & Cox Funds-Dodge & Cox Stock Fund,24122000,5378482369,0.0179,-0.043
RTX,2026-06-30,fund,iShares Trust-iShares Core S&P 500 ETF,18583085,4143470485,0.0138,0.0508
RTX,2026-06-30,fund,Fidelity Concord Street Trust-Fidelity 500 Index Fund,17275658,3851953485,0.0128,0.0057
RTX,2026-06-30,fund,WASHINGTON MUTUAL INVESTORS FUND,16575264,3695786634,0.0123000005,-0.0028
RTX,2026-06-30,fund,SPDR S&P 500 ETF TRUST-State Street SPDR S&P 500 ETF Trust,16271172,3627983240,0.0121,0.0050999997
RTX,2026-03-31,fund,VANGUARD INDEX FUNDS-Vanguard Value Index Fund,12416217,2768443919,0.0092,0.0063
RTX,2026-06-30,fund,Investment Co of America,11907338,2654979168,0.0088,-0.060500003
RTX,2026-06-30,fund,iShares Trust-iShares U.S. Aerospace & Defense ETF,11281516,2515439636,0.0084,-0.0028
LMT,2026-06-30,institution,State Street Corporation,32975170,20071326234,0.1429,0.0128999995
LMT,2026-06-30,institution,Blackrock Inc.,18877978,11490647510,0.08180001,0.0586
LMT,2026-06-30,institution,Vanguard Capital Management LLC,14158758,8618152715,0.061300002,0.0066000004
LMT,2026-03-31,institution,"Charles Schwab Investment Management, Inc.",7152449,4353552604,0.031,-0.1721
LMT,2026-06-30,institution,Corient Private Wealth LP,7116411,4331616995,0.0308,39.8644
LMT,2026-06-30,institution,Morgan Stanley,5706408,3473376379,0.0247,0.0073
LMT,2026-06-30,institution,Vanguard Portfolio Management LLC,5559369,3383876682,0.0241,0.0429
LMT,2026-06-30,institution,"Geode Capital Management, LLC",5216758,3175336221,0.0226,0.028499998
LMT,2026-03-31,institution,Bank of America Corporation,2695689,1640811960,0.0117,-0.0999
LMT,2026-06-30,institution,"Sanders Capital, LLC",2093533,1274291651,0.0091,0.8348
LMT,2026-03-31,fund,VANGUARD INDEX FUNDS-Vanguard Total Stock Market Index Fund,7305945,4446982549,0.0317,0.0047
LMT,2026-03-31,fund,VANGUARD INDEX FUNDS-Vanguard 500 Index Fund,5145317,3131851513,0.0223,0.0019
LMT,2026-05-31,fund,SCHWAB STRATEGIC TRUST-Schwab US Dividend Equity ETF,4835703,2943395666,0.021,-0.2308
LMT,2026-06-30,fund,iShares Trust-iShares Core S&P 500 ETF,2799597,1704058681,0.0121,0.0495
LMT,2026-06-30,fund,Fidelity Concord Street Trust-Fidelity 500 Index Fund,2602816,1584282023,0.0113,0.0046
LMT,2026-06-30,fund,SPDR S&P 500 ETF TRUST-State Street SPDR S&P 500 ETF Trust,2448491,1490347483,0.0106,0.003
LMT,2026-03-31,fund,VANGUARD INDEX FUNDS-Vanguard Value Index Fund,2128163,1295370239,0.0092,-0.00059999997
LMT,2026-06-30,fund,SELECT SECTOR SPDR TRT-State Street Industrial Select Sector SPDR ETF,1191292,725115605,0.0052,0.0502
LMT,2026-06-30,fund,iShares Trust-iShares U.S. Aerospace & Defense ETF,1148107,698829760,0.005,0.1503
LMT,2026-03-31,fund,VANGUARD INSTITUTIONAL INDEX FUNDS-Vanguard Institutional Index Fund,1141616,694878818,0.0049,-0.0232
GD,2026-03-31,institution,"Longview Asset Management, LLC",27060944,10710180383,0.1,0.0
GD,2026-06-30,institution,Blackrock Inc.,19310609,7642752806,0.0714,0.0381
GD,2026-06-30,institution,Vanguard Capital Management LLC,16670477,6597841366,0.0616,0.0328
GD,2026-06-30,institution,"Newport Trust Company, LLC",13398261,5302763722,0.0495,-0.0127
GD,2026-06-30,institution,State Street Corporation,11811099,4674596747,0.0437,0.0328
GD,2026-03-31,institution,Bank of America Corporation,8129671,3217561178,0.03,-0.0494
GD,2026-06-30,institution,Vanguard Portfolio Management LLC,6808241,2694565614,0.0252,0.077199996
GD,2026-06-30,institution,"Geode Capital Management, LLC",6220205,2461832727,0.023,-0.0073
GD,2026-06-30,institution,JPMORGAN CHASE & CO,5283746,2091200985,0.0195,-0.0188
GD,2026-03-31,institution,"Ameriprise Financial, Inc.",4754802,1881855529,0.0176,0.016900001
GD,2026-03-31,fund,VANGUARD INDEX FUNDS-Vanguard Total Stock Market Index Fund,7726364,3057940334,0.0286,0.012200001
GD,2026-03-31,fund,VANGUARD INDEX FUNDS-Vanguard 500 Index Fund,6449514,2552588643,0.0238,0.0087
GD,2026-06-30,fund,iShares Trust-iShares Core S&P 500 ETF,3503117,1386463641,0.0128999995,0.0477
GD,2026-06-30,fund,Fidelity Concord Street Trust-Fidelity 500 Index Fund,3256101,1288699649,0.012,0.0026
GD,2026-06-30,fund,SPDR S&P 500 ETF TRUST-State Street SPDR S&P 500 ETF Trust,3067682,1214127178,0.0113,0.0036000002
GD,2026-05-31,fund,MFS SERIES TRUST I-MFS Value Fund,2966184,1173956299,0.011,-0.0775
GD,2026-03-31,fund,VANGUARD INDEX FUNDS-Vanguard Value Index Fund,2250647,890761066,0.0083,0.006
GD,2026-06-30,fund,Investment Co of America,2256997,893274269,0.0083,0.0
GD,2026-03-31,fund,JPMorgan Trust II-JPMorgan Equity Income Fund,2228616,882041637,0.0082,-0.0802
GD,2026-04-30,fund,VANGUARD WINDSOR FUNDS-Vanguard Windsor II Fund,2067471,818263669,0.0076,0.0
NOC,2026-06-30,institution,State Street Corporation,13169195,7715436210,0.092700005,0.0128999995
NOC,2026-06-30,institution,Blackrock Inc.,11783817,6903784808,0.083000004,0.0828
NOC,2026-06-30,institution,Vanguard Capital Management LLC,8997139,5271153781,0.0633,0.0054
NOC,2026-06-30,institution,Capital International Investors,5852674,3428906087,0.041199997,-0.1753
NOC,2026-06-30,institution,Capital World Investors,5062384,2965898889,0.0356,-0.26549998
NOC,2026-03-31,institution,"Wellington Management Group, LLP",4970659,2912159964,0.035,0.77480006
NOC,2026-06-30,institution,Vanguard Portfolio Management LLC,3595011,2106209077,0.0253,0.0257
NOC,2026-06-30,institution,Morgan Stanley,3562274,2087029450,0.0251,-0.0128999995
NOC,2026-06-30,institution,"Franklin Resources, Inc.",3374876,1977238585,0.0238,0.0292
NOC,2026-06-30,institution,"Geode Capital Management, LLC",3261247,1910666763,0.023,0.015
NOC,2026-06-30,fund,WASHINGTON MUTUAL INVESTORS FUND,4549115,2665189982,0.032,0.0
NOC,2026-03-31,fund,VANGUARD INDEX FUNDS-Vanguard Total Stock Market Index Fund,4506818,2640409439,0.0317,0.0047999998
NOC,2026-03-31,fund,VANGUARD INDEX FUNDS-Vanguard 500 Index Fund,3389613,1985872551,0.0239,0.0019
NOC,2026-06-30,fund,iShares Trust-iShares Core S&P 500 ETF,1842865,1079679308,0.012999999,0.0484
NOC,2026-06-30,fund,Fidelity Concord Street Trust-Fidelity 500 Index Fund,1712719,1003430672,0.0121,0.0032
NOC,2026-06-30,fund,NEW PERSPECTIVE FUND,1662986,974293599,0.0117,-0.2018
NOC,2026-06-30,fund,SPDR S&P 500 ETF TRUST-State Street SPDR S&P 500 ETF Trust,1613458,945276630,0.0114,0.0033000002
NOC,2026-04-30,fund,VANGUARD SPECIALIZED FUNDS-Vanguard Dividend Growth Fund,1602702,938975012,0.0113,-0.15630001
NOC,2026-06-30,fund,AMERICAN BALANCED FUND,1480808,867560975,0.0104,-0.49400002
NOC,2026-05-31,fund,VANGUARD WELLINGTON FUND,1384303,811021591,0.0097,-0.0198
LHX,2026-06-30,institution,Blackrock Inc.,19015816,5549195564,0.1021,0.0637
LHX,2026-06-30,institution,Vanguard Capital Management LLC,12163586,3549577755,0.0653,0.0023
LHX,2026-06-30,institution,Vanguard Portfolio Management LLC,9604027,2802647229,0.051599998,0.0057
LHX,2026-06-30,institution,State Street Corporation,9097353,2654789619,0.048899997,0.0286
LHX,2026-06-30,institution,Capital World Investors,6608133,1928385420,0.0355,-0.39990002
LHX,2026-06-30,institution,"Geode Capital Management, LLC",5306845,1548643546,0.028499998,-0.0007
LHX,2026-03-31,institution,Wells Fargo & Company,4635568,1352751487,0.0249,-0.0247
LHX,2026-03-31,institution,"Wellington Management Group, LLP",4393655,1282156434,0.023599999,0.1863
LHX,2026-03-31,institution,Price (T.Rowe) Associates Inc,3748359,1093846150,0.0201,-0.1657
LHX,2026-06-30,institution,Morgan Stanley,3630976,1059591442,0.0195,-0.0505
LHX,2026-03-31,fund,VANGUARD INDEX FUNDS-Vanguard Total Stock Market Index Fund,5931124,1730820649,0.0319,0.0094
LHX,2026-03-31,fund,VANGUARD INDEX FUNDS-Vanguard 500 Index Fund,4746754,1385197787,0.0255,0.0062
LHX,2026-03-31,fund,VANGUARD INDEX FUNDS-Vanguard Mid-Cap Index Fund,4033645,1177098313,0.0217,-0.0093
LHX,2026-06-30,fund,iShares Trust-iShares Core S&P 500 ETF,2570266,750055042,0.0138,0.044499997
LHX,2026-06-30,fund,WASHINGTON MUTUAL INVESTORS FUND,2378327,694043402,0.0128,-0.0661
LHX,2026-06-30,fund,Fidelity Concord Street Trust-Fidelity 500 Index Fund,2389848,697405460,0.0128,-0.0001
LHX,2026-06-30,fund,SPDR S&P 500 ETF TRUST-State Street SPDR S&P 500 ETF Trust,2251636,657072434,0.0121,-0.0038
LHX,2026-06-30,fund,iShares Trust-iShares U.S. Aerospace & Defense ETF,1887511,550813473,0.0101,0.060599998
LHX,2026-03-31,fund,VANGUARD INDEX FUNDS-Vanguard Value Index Fund,1727324,504067702,0.0093,0.0034
LHX,2026-06-30,fund,AMERICAN BALANCED FUND,1717637,501240841,0.0092,-0.2226
TDG,2026-06-30,institution,Capital International Investors,5062682,6363285129,0.090500005,-0.078600004
TDG,2026-06-30,institution,Blackrock Inc.,4871505,6122994753,0.0871,0.0587
TDG,2026-06-30,institution,Capital World Investors,4274109,5372127706,0.0764,-0.0841
TDG,2026-06-30,institution,Vanguard Capital Management LLC,3653511,4592098065,0.0653,-0.0044
TDG,2026-06-30,institution,Capital Research Global Investors,3119490,3920887057,0.0558,-0.0076
TDG,2026-06-30,institution,Vanguard Portfolio Management LLC,2580994,3244051421,0.0461,0.0031
TDG,2026-06-30,institution,State Street Corporation,2559096,3216527824,0.0458,0.016900001
TDG,2026-06-30,institution,"Principal Financial Group, Inc.",1709129,2148204281,0.0306,-0.1513
TDG,2026-06-30,institution,"Geode Capital Management, LLC",1286385,1616857337,0.023,0.0078
TDG,2026-06-30,institution,"FMR, LLC",1091534,1371949111,0.0195,-0.1965
TDG,2026-06-30,fund,AMERICAN FUNDS FUNDAMENTAL INVESTORS,2743562,3448383144,0.049099997,-0.048
TDG,2026-06-30,fund,Growth Fund of America,2201138,2766610405,0.0394,-0.1301
TDG,2026-03-31,fund,VANGUARD INDEX FUNDS-Vanguard Total Stock Market Index Fund,1792840,2253420639,0.0321,0.0128999995
TDG,2026-06-30,fund,Amcap Fund,1766968,2220902122,0.031600002,0.0
TDG,2026-06-30,fund,AMERICAN BALANCED FUND,1447133,1818901503,0.025899999,-0.0185
TDG,2026-03-31,fund,VANGUARD INDEX FUNDS-Vanguard 500 Index Fund,1435555,1804349114,0.0257,0.0109
TDG,2026-03-31,fund,VANGUARD INDEX FUNDS-Vanguard Mid-Cap Index Fund,1219619,1532939150,0.0218,-0.005
TDG,2026-04-30,fund,"Principal Funds, Inc-MidCap Fund",1065888,1339714653,0.0191,-0.023599999
TDG,2026-06-30,fund,iShares Trust-iShares Core S&P 500 ETF,772517,970976636,0.0138,0.0382
TDG,2026-06-30,fund,Fidelity Concord Street Trust-Fidelity 500 Index Fund,717538,901873529,0.0128,-0.0070999996
HWM,2026-06-30,institution,Blackrock Inc.,45819158,13249983774,0.1145,-0.044699997
HWM,2026-06-30,institution,Vanguard Capital Management LLC,26136434,7558133792,0.0653,0.0031
HWM,2026-06-30,institution,State Street Corporation,18933928,5475313160,0.0473,0.0335
HWM,2026-06-30,institution,JPMORGAN CHASE & CO,18561518,5367619639,0.0464,-0.115600005
HWM,2026-06-30,institution,Vanguard Portfolio Management LLC,18548273,5363789450,0.0464,0.0007
HWM,2026-03-31,institution,Price (T.Rowe) Associates Inc,15428989,4461754926,0.038599998,-0.0723
HWM,2026-06-30,institution,"FMR, LLC",15412294,4456927066,0.0385,-0.0231
HWM,2026-03-31,institution,Bank of America Corporation,10728447,3102452224,0.026800001,0.0168
HWM,2026-06-30,institution,"Geode Capital Management, LLC",9509195,2749868940,0.0238,-0.17889999
HWM,2026-06-30,institution,NORGES BANK,7895313,2283166555,0.0197,-0.097600006
HWM,2026-03-31,fund,VANGUARD INDEX FUNDS-Vanguard Total Stock Market Index Fund,12731038,3681561475,0.0318,0.0073
HWM,2026-03-31,fund,VANGUARD INDEX FUNDS-Vanguard 500 Index Fund,10187508,2946023488,0.0255,0.0047999998
HWM,2026-03-31,fund,VANGUARD INDEX FUNDS-Vanguard Mid-Cap Index Fund,8658764,2503941310,0.0216,-0.0105
HWM,2026-06-30,fund,iShares Trust-iShares Core S&P 500 ETF,5521655,1596752152,0.0138,0.045300003
HWM,2026-06-30,fund,Fidelity Concord Street Trust-Fidelity 500 Index Fund,5132694,1484272413,0.0128,0.0004
HWM,2026-06-30,fund,SPDR S&P 500 ETF TRUST-State Street SPDR S&P 500 ETF Trust,4835806,1398418343,0.0121,0.0008
HWM,2026-03-31,fund,VANGUARD INDEX FUNDS-Vanguard Growth Index Fund,4431467,1281491594,0.0111,-0.026199998
HWM,2026-06-30,fund,JANUS INVESTMENT FUND-Janus Henderson Forty Fund,3169674,916606304,0.007900001,0.0
HWM,2026-03-31,fund,VANGUARD INDEX FUNDS-Vanguard Mid-Cap Growth Index Fund,3049588,881879835,0.0076,-0.0933
HWM,2026-03-31,fund,J.P. Morgan Exch-Trd Fd. TRT-JPMorgan Eqy. Premium Income ETF,3032947,877067591,0.0076,0.0085
CAT,2026-06-30,institution,Blackrock Inc.,37991505,32542383716,0.082600005,0.0221
CAT,2026-06-30,institution,State Street Corporation,34392316,29459426368,0.0748,-0.0139999995
CAT,2026-06-30,institution,Vanguard Capital Management LLC,30077764,25763710529,0.0654,-0.0052
CAT,2026-06-30,institution,State Farm Mutual Automobile Insurance Co,14509304,12428234633,0.031600002,-0.0038
CAT,2026-06-30,institution,Vanguard Portfolio Management LLC,12026244,10301319911,0.026199998,0.0274
CAT,2026-06-30,institution,"Geode Capital Management, LLC",11175493,9572592120,0.024300002,0.0043
CAT,2026-06-30,institution,"Fisher Asset Management, LLC",9942521,8516465285,0.0216,0.017
CAT,2026-06-30,institution,Morgan Stanley,7504426,6428066233,0.0163,0.00059999997
CAT,2026-06-30,institution,JPMORGAN CHASE & CO,7325731,6275001456,0.0159,1.4913001
CAT,2026-03-31,institution,Gates Foundation Trust,6353614,5442315190,0.0138,0.0
CAT,2026-03-31,fund,VANGUARD INDEX FUNDS-Vanguard Total Stock Market Index Fund,14774691,12655557178,0.0321,0.0046
CAT,2026-03-31,fund,VANGUARD INDEX FUNDS-Vanguard 500 Index Fund,11822770,10127030185,0.0257,0.0018000001
CAT,2026-06-30,fund,iShares Trust-iShares Core S&P 500 ETF,6356060,5444410360,0.0138,0.0368
CAT,2026-06-30,fund,Fidelity Concord Street Trust-Fidelity 500 Index Fund,5908614,5061141537,0.0128999995,-0.0077
CAT,2026-06-30,fund,SPDR S&P 500 ETF TRUST-State Street SPDR S&P 500 ETF Trust,5563575,4765591478,0.0121,-0.0083
CAT,2026-06-30,fund,SPDR DOW JONES INDUSTRIAL AVERAGE ETF TRT-State Street SPDR Dow Jones ,5097433,4366308222,0.0111,-0.054899998
CAT,2026-03-31,fund,VANGUARD INDEX FUNDS-Vanguard Value Index Fund,4303740,3686454603,0.0094,-0.0007
CAT,2026-06-30,fund,SELECT SECTOR SPDR TRT-State Street Industrial Select Sector SPDR ETF,2704353,2316467669,0.0058999998,0.0376
CAT,2026-03-31,fund,VANGUARD INSTITUTIONAL INDEX FUNDS-Vanguard Institutional Index Fund,2623484,2247197709,0.0057,-0.0232
CAT,2026-04-30,fund,VANGUARD SPECIALIZED FUNDS-Vanguard Dividend Appreciation Index Fund,2612169,2237505619,0.0057,0.0062
DE,2026-06-30,institution,Blackrock Inc.,18544770,11290982761,0.0687,0.0125
DE,2026-06-30,institution,Vanguard Capital Management LLC,16575154,10091782108,0.0614,0.003
DE,2026-06-30,institution,Capital World Investors,11501949,7002961367,0.042600002,-0.062800005
DE,2026-06-30,institution,State Street Corporation,10867942,6616946221,0.0403,0.0242
DE,2026-06-30,institution,JPMORGAN CHASE & CO,9211993,5608721713,0.0341,-0.0293
DE,2026-03-31,institution,Price (T.Rowe) Associates Inc,7884662,4800576266,0.0292,0.0249
DE,2026-06-30,institution,"FMR, LLC",7488674,4559478982,0.0277,0.1468
DE,2026-06-30,institution,Capital International Investors,6410022,3902741738,0.023699999,2.7628
DE,2026-06-30,institution,"Geode Capital Management, LLC",5713643,3478751401,0.0212,0.0049
DE,2026-06-30,institution,Morgan Stanley,4369891,2660608028,0.0162,0.028299998
DE,2026-03-31,fund,VANGUARD INDEX FUNDS-Vanguard Total Stock Market Index Fund,8148756,4961369891,0.030199999,0.0095999995
DE,2026-03-31,fund,VANGUARD INDEX FUNDS-Vanguard 500 Index Fund,6405426,3899943463,0.023699999,0.0104
DE,2026-06-30,fund,WASHINGTON MUTUAL INVESTORS FUND,4155943,2530345794,0.0154,0.0911
DE,2026-06-30,fund,iShares Trust-iShares Core S&P 500 ETF,3466264,2110434751,0.0128,0.0436
DE,2026-06-30,fund,Fidelity Concord Street Trust-Fidelity 500 Index Fund,3222464,1961997127,0.0119,-0.0011
DE,2026-06-30,fund,SPDR S&P 500 ETF TRUST-State Street SPDR S&P 500 ETF Trust,3036287,1848643265,0.0112,-0.0027
DE,2026-06-30,fund,AMERICAN BALANCED FUND,2775915,1690115779,0.010299999,-0.1083
DE,2026-06-30,fund,Fidelity Contrafund,2477745,1508574982,0.0092,0.1396
DE,2026-03-31,fund,VANGUARD INDEX FUNDS-Vanguard Value Index Fund,2373431,1445063406,0.0088,0.0043
DE,2026-06-30,fund,NEW PERSPECTIVE FUND,2219941,1351611023,0.0082,0.4193
CMI,2026-06-30,institution,Blackrock Inc.,11503261,7261548651,0.0836,-0.028099999
CMI,2026-06-30,institution,Vanguard Capital Management LLC,9010359,5687879310,0.0655,0.0038
CMI,2026-06-30,institution,Vanguard Portfolio Management LLC,7534991,4756538492,0.0547,0.0049
CMI,2026-06-30,institution,State Street Corporation,6908874,4361295868,0.0502,0.0149
CMI,2026-06-30,institution,"FMR, LLC",6085944,3841813068,0.0442,0.12109999
CMI,2026-06-30,institution,"Fisher Asset Management, LLC",3595361,2269607619,0.026099999,0.028099999
CMI,2026-06-30,institution,"Geode Capital Management, LLC",3229444,2038618850,0.0235,-0.138
CMI,2026-06-30,institution,Morgan Stanley,3107922,1961906872,0.0226,0.0135
CMI,2026-06-30,institution,NORGES BANK,1779281,1123188941,0.0128999995,0.0519
CMI,2026-06-30,institution,Northern Trust Corporation,1772846,1119126783,0.0128999995,0.0295
CMI,2026-03-31,fund,VANGUARD INDEX FUNDS-Vanguard Total Stock Market Index Fund,4386668,2769128084,0.0319,0.010199999
CMI,2026-03-31,fund,VANGUARD INDEX FUNDS-Vanguard 500 Index Fund,3511323,2216557791,0.0255,0.0087
CMI,2026-03-31,fund,VANGUARD INDEX FUNDS-Vanguard Mid-Cap Index Fund,2983846,1883582655,0.0217,-0.0068
CMI,2026-06-30,fund,iShares Trust-iShares Core S&P 500 ETF,1903806,1201796594,0.0138,0.0458
CMI,2026-06-30,fund,Fidelity Concord Street Trust-Fidelity 500 Index Fund,1770165,1117434375,0.0128999995,0.0011999999
CMI,2026-06-30,fund,SPDR S&P 500 ETF TRUST-State Street SPDR S&P 500 ETF Trust,1667770,1052796506,0.0121,0.0011999999
CMI,2026-03-31,fund,VANGUARD INDEX FUNDS-Vanguard Value Index Fund,1277764,806601315,0.0093,0.0058999998
CMI,2026-03-31,fund,VANGUARD INDEX FUNDS-Vanguard Mid-Cap Value Index Fund,898156,566969965,0.0064999997,0.0458
CMI,2026-06-30,fund,SELECT SECTOR SPDR TRT-State Street Industrial Select Sector SPDR ETF,810138,511407721,0.0058999998,0.0465
CMI,2026-03-31,fund,VANGUARD INSTITUTIONAL INDEX FUNDS-Vanguard Institutional Index Fund,779054,491785635,0.0057,-0.0165
PCAR,2026-06-30,institution,Blackrock Inc.,41023312,5365438701,0.0779,0.1155
PCAR,2026-06-30,institution,Vanguard Capital Management LLC,34370178,4495275349,0.0653,0.0063
PCAR,2026-06-30,institution,Vanguard Portfolio Management LLC,24607716,3218443010,0.0468,0.0089
PCAR,2026-06-30,institution,State Street Corporation,23280712,3044884166,0.0442,0.0272
PCAR,2026-03-31,institution,"Wellington Management Group, LLP",18499277,2419520314,0.035099998,-0.19489999
PCAR,2026-03-31,institution,Invesco Ltd.,17569905,2297967756,0.0334,0.016900001
PCAR,2026-06-30,institution,"FMR, LLC",14642326,1915069719,0.0278,-0.0512
PCAR,2026-06-30,institution,"Geode Capital Management, LLC",13009614,1701527327,0.0247,0.0138
PCAR,2026-03-31,institution,Bank of America Corporation,11629436,1521013856,0.0221,-0.0911
PCAR,2026-06-30,institution,Massachusetts Financial Services Co.,8486853,1109995446,0.0161,-0.17729999
PCAR,2026-03-31,fund,VANGUARD INDEX FUNDS-Vanguard Total Stock Market Index Fund,16695929,2183660441,0.0317,0.0117
PCAR,2026-03-31,fund,VANGUARD INDEX FUNDS-Vanguard 500 Index Fund,13351598,1746255412,0.0254,0.0081
PCAR,2026-03-31,fund,VANGUARD INDEX FUNDS-Vanguard Mid-Cap Index Fund,11357324,1485424329,0.0216,-0.0064999997
PCAR,2026-06-30,fund,"Invesco QQQ Trust, Series 1",11171581,1461131003,0.0212,-0.0197
PCAR,2026-06-30,fund,iShares Trust-iShares Core S&P 500 ETF,7262304,949836691,0.0138,0.049099997
PCAR,2026-06-30,fund,Fidelity Concord Street Trust-Fidelity 500 Index Fund,6751355,883009675,0.0128,0.0041
PCAR,2026-06-30,fund,SPDR S&P 500 ETF TRUST-State Street SPDR S&P 500 ETF Trust,6360795,831928335,0.0121,0.0023
PCAR,2026-05-31,fund,MFS SERIES TRUST I-MFS Value Fund,5430347,710235047,0.010299999,-0.0775
PCAR,2026-03-31,fund,VANGUARD INDEX FUNDS-Vanguard Value Index Fund,4863244,636063650,0.0092,0.0062
PCAR,2026-05-31,fund,VANGUARD WELLINGTON FUND,4195549,548735825,0.008,-0.0877
ITW,2026-06-30,institution,Briar Hall Management LLC,25811219,7506160534,0.09060001,-0.00090000004
ITW,2026-06-30,institution,Blackrock Inc.,23279289,6769849977,0.0817,-0.004
ITW,2026-06-30,institution,State Farm Mutual Automobile Insurance Co,21029900,6115705167,0.0738,0.0
ITW,2026-06-30,institution,Vanguard Capital Management LLC,17483266,5084308542,0.0614,0.0032
ITW,2026-06-30,institution,State Street Corporation,12788570,3719044010,0.044899996,0.0101
ITW,2026-06-30,institution,Northern Trust Corporation,11061411,3216768905,0.0388,-0.0125
ITW,2026-06-30,institution,"Geode Capital Management, LLC",7084318,2060190500,0.0249,0.0034999999
ITW,2026-06-30,institution,Vanguard Portfolio Management LLC,6943927,2019363393,0.024400001,0.0218
ITW,2026-06-30,institution,Morgan Stanley,4899971,1424960554,0.0172,-0.0933
ITW,2026-06-30,institution,Capital Research Global Investors,4879245,1418933226,0.0171,0.0254
ITW,2026-03-31,fund,VANGUARD INDEX FUNDS-Vanguard Total Stock Market Index Fund,8689375,2526957122,0.0305,0.0062
ITW,2026-03-31,fund,VANGUARD INDEX FUNDS-Vanguard 500 Index Fund,6664821,1938196578,0.0234,0.0011
ITW,2026-06-30,fund,iShares Trust-iShares Core S&P 500 ETF,3612402,1050522616,0.0127,0.045500003
ITW,2026-06-30,fund,Fidelity Concord Street Trust-Fidelity 500 Index Fund,3358538,976696427,0.0117999995,0.0007
ITW,2026-06-30,fund,SPDR S&P 500 ETF TRUST-State Street SPDR S&P 500 ETF Trust,3164395,920237702,0.0111,0.0015
ITW,2026-03-31,fund,VANGUARD INDEX FUNDS-Vanguard Value Index Fund,2532053,736346326,0.0089,-0.0017
ITW,2026-06-30,fund,Investment Co of America,2458574,714977898,0.0086,0.0
ITW,2026-05-31,fund,MFS SERIES TRUST I-MFS Value Fund,2012943,585383948,0.0070999996,-0.0775
ITW,2026-05-31,fund,Columbia Funds Series Trust I-Columbia Dividend Income Fund,1552453,451468853,0.0055,-0.0095
ITW,2026-06-30,fund,SELECT SECTOR SPDR TRT-State Street Industrial Select Sector SPDR ETF,1535831,446635009,0.0054,0.046
PH,2026-06-30,institution,Blackrock Inc.,10390711,10971031955,0.082399994,0.039
PH,2026-06-30,institution,State Street Corporation,9385389,9909562746,0.0744,0.0046
PH,2026-06-30,institution,Vanguard Capital Management LLC,8234180,8694058751,0.0653,0.0041
PH,2026-06-30,institution,"Procyon Advisors, LLC",5069169,5352281964,0.0402,0.0
PH,2026-06-30,institution,"FMR, LLC",3894862,4112389947,0.0309,-0.0377
PH,2026-03-31,institution,Bank of America Corporation,3483595,3678153695,0.0276,-0.1129
PH,2026-06-30,institution,"Geode Capital Management, LLC",2890496,3051930131,0.0229,-0.0098
PH,2026-06-30,institution,Morgan Stanley,2581520,2725697828,0.020499999,0.0106
PH,2026-03-31,institution,Invesco Ltd.,2352890,2484298849,0.0187,0.1175
PH,2026-03-31,institution,"Aristotle Capital Management, LLC",2121374,2239852686,0.0168,-0.2185
PH,2026-03-31,fund,VANGUARD INDEX FUNDS-Vanguard Total Stock Market Index Fund,4006779,4230557509,0.0318,0.011
PH,2026-03-31,fund,VANGUARD INDEX FUNDS-Vanguard 500 Index Fund,3207096,3386212233,0.0254,0.007900001
PH,2026-06-30,fund,iShares Trust-iShares Core S&P 500 ETF,1739443,1836590849,0.0138,0.045900002
PH,2026-06-30,fund,Fidelity Concord Street Trust-Fidelity 500 Index Fund,1617470,1707805660,0.0128,0.0014
PH,2026-06-30,fund,SPDR S&P 500 ETF TRUST-State Street SPDR S&P 500 ETF Trust,1523852,1608959096,0.0121,0.0018000001
PH,2026-03-31,fund,VANGUARD INDEX FUNDS-Vanguard Value Index Fund,1167433,1232634104,0.0093,0.0054
PH,2026-05-31,fund,Columbia Funds Series Trust I-Columbia Dividend Income Fund,947298,1000204570,0.0075,-0.1454
PH,2026-06-30,fund,SELECT SECTOR SPDR TRT-State Street Industrial Select Sector SPDR ETF,740330,781677412,0.0058999998,0.047199998
PH,2026-03-31,fund,VANGUARD INSTITUTIONAL INDEX FUNDS-Vanguard Institutional Index Fund,711683,751430478,0.0056,-0.0173
PH,2026-04-30,fund,VANGUARD WINDSOR FUNDS-Vanguard Windsor II Fund,700467,739588064,0.0056,0.0
DOV,2026-06-30,institution,JPMORGAN CHASE & CO,14615050,3026338510,0.108500004,0.035
DOV,2026-06-30,institution,Blackrock Inc.,10465196,2167028212,0.0777,0.044
DOV,2026-06-30,institution,Vanguard Capital Management LLC,8803061,1822849905,0.0654,0.0038
DOV,2026-06-30,institution,State Street Corporation,6619459,1370691423,0.049099997,0.0186
DOV,2026-06-30,institution,Vanguard Portfolio Management LLC,6496051,1345137328,0.0482,0.0045
DOV,2026-06-30,institution,"FMR, LLC",4366323,904134535,0.0324,-0.081099994
DOV,2026-06-30,institution,"Geode Capital Management, LLC",3585672,742485127,0.026600001,0.0081
DOV,2026-03-31,institution,Bank of America Corporation,2801530,580112837,0.0208,-0.0208
DOV,2026-06-30,institution,Bank Of New York Mellon Corporation,2636023,545841301,0.0196,-0.1303
DOV,2026-06-30,institution,Morgan Stanley,2473136,512112289,0.0184,0.0349
DOV,2026-03-31,fund,VANGUARD INDEX FUNDS-Vanguard Total Stock Market Index Fund,4279357,886126485,0.0318,-0.0091
DOV,2026-03-31,fund,VANGUARD INDEX FUNDS-Vanguard 500 Index Fund,3426905,709609243,0.0254,-0.0091
DOV,2026-03-31,fund,JPMorgan Trust II-JPMorgan Equity Income Fund,3052962,632176863,0.0227,-0.0971
DOV,2026-03-31,fund,VANGUARD INDEX FUNDS-Vanguard Mid-Cap Index Fund,2912533,603098229,0.0216,-0.024400001
DOV,2026-06-30,fund,iShares Trust-iShares Core S&P 500 ETF,1857790,384692588,0.0138,0.045500003
DOV,2026-06-30,fund,Fidelity Concord Street Trust-Fidelity 500 Index Fund,1727473,357707846,0.0128,0.00090000004
DOV,2026-06-30,fund,SPDR S&P 500 ETF TRUST-State Street SPDR S&P 500 ETF Trust,1628854,337286809,0.0121,0.0050999997
DOV,2026-03-31,fund,VANGUARD INDEX FUNDS-Vanguard Value Index Fund,1247657,258352344,0.0093,-0.0115
DOV,2026-04-30,fund,VANGUARD WINDSOR FUNDS-Vanguard Windsor Fund,1177656,243857236,0.0087,-0.027
DOV,2026-03-31,fund,J.P. Morgan Exch-Trd Fd. TRT-JPMorgan Eqy. Premium Income ETF,968981,200646902,0.0072000003,1.0
UNP,2026-06-30,institution,Blackrock Inc.,47894147,14065552740,0.0806,0.0023999999
UNP,2026-06-30,institution,Vanguard Capital Management LLC,38772919,11386830567,0.0653,0.0056
UNP,2026-06-30,institution,State Street Corporation,27890598,8190910616,0.0469,0.049000002
UNP,2026-06-30,institution,Capital World Investors,27141622,7970951350,0.045700002,0.0026
UNP,2026-06-30,institution,Capital Research Global Investors,17112417,5025574499,0.028800001,0.012200001
UNP,2026-06-30,institution,"Geode Capital Management, LLC",16122702,4734915005,0.0271,0.0164
UNP,2026-06-30,institution,JPMORGAN CHASE & CO,15674651,4603331390,0.026400002,-0.1116
UNP,2026-06-30,institution,Morgan Stanley,14579220,4281625222,0.024500001,-0.020499999
UNP,2026-03-31,institution,Bank of America Corporation,14463071,4247514585,0.024300002,0.1684
UNP,2026-06-30,institution,Vanguard Portfolio Management LLC,14282006,4194339417,0.024,-0.0113
UNP,2026-03-31,fund,VANGUARD INDEX FUNDS-Vanguard Total Stock Market Index Fund,18839648,5532827686,0.0317,0.011
UNP,2026-03-31,fund,VANGUARD INDEX FUNDS-Vanguard 500 Index Fund,15080004,4428695464,0.0254,0.0081
UNP,2026-06-30,fund,AMERICAN BALANCED FUND,9924865,2914734280,0.0167,0.0
UNP,2026-06-30,fund,iShares Trust-iShares Core S&P 500 ETF,8192452,2405959243,0.0138,0.0479
UNP,2026-06-30,fund,Fidelity Concord Street Trust-Fidelity 500 Index Fund,7616331,2236764032,0.0128,0.003
UNP,2026-06-30,fund,SPDR S&P 500 ETF TRUST-State Street SPDR S&P 500 ETF Trust,7175736,2107370095,0.0121,0.0034
UNP,2026-06-30,fund,WASHINGTON MUTUAL INVESTORS FUND,5786931,1699505853,0.0097,-0.0075
UNP,2026-03-31,fund,VANGUARD INDEX FUNDS-Vanguard Value Index Fund,5488642,1611904342,0.0092,0.0055
UNP,2026-06-30,fund,AMERICAN MUTUAL FUND,4960056,1456669209,0.0083,0.0
UNP,2026-06-30,fund,Income Fund of America,4679923,1374399752,0.007900001,0.0
CSX,2026-06-30,institution,Blackrock Inc.,161062005,8078870146,0.086899996,0.0053
CSX,2026-06-30,institution,Vanguard Capital Management LLC,121371632,6088001042,0.0655,0.0045
CSX,2026-06-30,institution,State Street Corporation,91455446,4587405157,0.0494,0.0273
CSX,2026-03-31,institution,Price (T.Rowe) Associates Inc,76158453,3820107990,0.041100003,0.08140001
CSX,2026-03-31,institution,Invesco Ltd.,58471155,2932913125,0.031600002,-0.0185
CSX,2026-06-30,institution,"Geode Capital Management, LLC",44162148,2215173336,0.0238,0.0067000003
CSX,2026-03-31,institution,Bank of America Corporation,42161735,2114832621,0.0228,-0.0946
CSX,2026-06-30,institution,Vanguard Portfolio Management LLC,37227799,1867346392,0.0201,0.0182
CSX,2026-06-30,institution,JPMORGAN CHASE & CO,36262181,1818910993,0.0196,-0.0856
CSX,2026-06-30,institution,"Fisher Asset Management, LLC",28042636,1406618617,0.0150999995,0.0292
CSX,2026-03-31,fund,VANGUARD INDEX FUNDS-Vanguard Total Stock Market Index Fund,59035738,2961232609,0.0319,0.0088
CSX,2026-03-31,fund,VANGUARD INDEX FUNDS-Vanguard 500 Index Fund,47253559,2370238512,0.0255,0.0064
CSX,2026-06-30,fund,"Invesco QQQ Trust, Series 1",39443070,1978464385,0.021300001,-0.0211
CSX,2026-06-30,fund,iShares Trust-iShares Core S&P 500 ETF,25640216,1286113230,0.0138,0.0466
CSX,2026-06-30,fund,Fidelity Concord Street Trust-Fidelity 500 Index Fund,23836772,1195652479,0.0128999995,0.0017
CSX,2026-06-30,fund,SPDR S&P 500 ETF TRUST-State Street SPDR S&P 500 ETF Trust,22458113,1126498944,0.0121,-0.0011
CSX,2026-03-31,fund,VANGUARD INDEX FUNDS-Vanguard Value Index Fund,17197664,862634823,0.0093,0.0036000002
CSX,2026-06-30,fund,Growth Fund of America,11357464,569690392,0.0061000003,0.15
CSX,2026-03-31,fund,LAZARD FUNDS INC-Lazard Global Listed Infrastructure Portfolio,11002768,551898841,0.0058999998,-0.0577
CSX,2026-06-30,fund,SELECT SECTOR SPDR TRT-State Street Industrial Select Sector SPDR ETF,10909677,547229396,0.0058999998,0.0471
NSC,2026-06-30,institution,Blackrock Inc.,16000346,5350675764,0.0712,0.047399998
NSC,2026-06-30,institution,Vanguard Capital Management LLC,14666136,4904502593,0.0653,0.0054
NSC,2026-06-30,institution,State Street Corporation,10242817,3425300470,0.0456,0.0416
NSC,2026-06-30,institution,Vanguard Portfolio Management LLC,7215898,2413068476,0.0321,0.7924
NSC,2026-06-30,institution,"Geode Capital Management, LLC",5114278,1710265724,0.0228,0.0075
NSC,2026-03-31,institution,Millennium Management Llc,4584086,1532964216,0.020399999,0.104499996
NSC,2026-03-31,institution,Pentwater Capital Management Lp,3220000,1076800211,0.0143,0.066599995
NSC,2026-03-31,institution,Bank of America Corporation,3201093,1070477521,0.0143,-0.0086
NSC,2026-06-30,institution,NORGES BANK,3040628,1016816420,0.0135,-0.1907
NSC,2026-03-31,institution,Citadel Advisors Llc,2620382,876281954,0.0117,0.0322
NSC,2026-03-31,fund,VANGUARD INDEX FUNDS-Vanguard Total Stock Market Index Fund,7127170,2383396945,0.0317,0.0117
NSC,2026-03-31,fund,VANGUARD INDEX FUNDS-Vanguard 500 Index Fund,5707599,1908678202,0.0254,0.0089
NSC,2026-03-31,fund,Dodge & Cox Funds-Dodge & Cox Stock Fund,4551972,1522224973,0.020299999,-0.27040002
NSC,2026-06-30,fund,iShares Trust-iShares Core S&P 500 ETF,3099792,1036601454,0.0138,0.0479
NSC,2026-06-30,fund,Fidelity Concord Street Trust-Fidelity 500 Index Fund,2881159,963488391,0.0128,0.0025
NSC,2026-06-30,fund,SPDR S&P 500 ETF TRUST-State Street SPDR S&P 500 ETF Trust,2715912,908228141,0.0121,-0.0001
NSC,2026-03-31,fund,VANGUARD INDEX FUNDS-Vanguard Value Index Fund,2076818,694508714,0.0092,0.0058
NSC,2026-06-30,fund,GLOBAL X FUNDS-Global X US Infrastructure Development ETF,1339727,448018110,0.006,0.04
NSC,2026-06-30,fund,SELECT SECTOR SPDR TRT-State Street Industrial Select Sector SPDR ETF,1318672,440977108,0.0058999998,0.0479
NSC,2026-03-31,fund,VANGUARD INSTITUTIONAL INDEX FUNDS-Vanguard Institutional Index Fund,1266238,423442654,0.0056,-0.0172
UPS,2026-06-30,institution,Blackrock Inc.,54929329,5740114880,0.0733,0.0746
UPS,2026-06-30,institution,Vanguard Capital Management LLC,48739036,5093229262,0.065,0.012200001
UPS,2026-06-30,institution,State Street Corporation,33864263,3538815483,0.0452,0.0388
UPS,2026-06-30,institution,"FMR, LLC",32848561,3432674624,0.0438,0.0084
UPS,2026-03-31,institution,"Charles Schwab Investment Management, Inc.",22112857,2310793556,0.0295,-0.18530001
UPS,2026-06-30,institution,"Geode Capital Management, LLC",17861160,1866491220,0.0238,0.02
UPS,2026-06-30,institution,Victory Capital Management Inc.,14251075,1489237337,0.019,0.2907
UPS,2026-06-30,institution,Vanguard Portfolio Management LLC,13889226,1451424117,0.0185,0.031
UPS,2026-03-31,institution,Bank of America Corporation,9728123,1016588853,0.012999999,0.2327
UPS,2026-06-30,institution,Morgan Stanley,8901540,930210930,0.0119,-0.1248
UPS,2026-03-31,fund,VANGUARD INDEX FUNDS-Vanguard Total Stock Market Index Fund,23618805,2468165122,0.0315,0.0161
UPS,2026-03-31,fund,VANGUARD INDEX FUNDS-Vanguard 500 Index Fund,18779089,1962414800,0.0251,0.0077
UPS,2026-05-31,fund,SCHWAB STRATEGIC TRUST-Schwab US Dividend Equity ETF,17650393,1844466068,0.023599999,-0.22639999
UPS,2026-06-30,fund,iShares Trust-iShares Core S&P 500 ETF,10302081,1076567464,0.0137,0.0581
UPS,2026-06-30,fund,Fidelity Concord Street Trust-Fidelity 500 Index Fund,9577382,1000836419,0.0128,0.0127
UPS,2026-06-30,fund,SPDR S&P 500 ETF TRUST-State Street SPDR S&P 500 ETF Trust,9023564,942962438,0.012,0.0105
UPS,2026-03-31,fund,VANGUARD INDEX FUNDS-Vanguard Value Index Fund,6879234,718879953,0.0092,0.0116
UPS,2026-06-30,fund,Income Fund of America,6500000,679250000,0.0087,3.3332999
UPS,2026-06-30,fund,Fidelity Rutland Square TRT II-Strategic Advisers Fidelity U.S. Total ,5242614,547853163,0.0069999998,0.0217
UPS,2026-06-30,fund,SELECT SECTOR SPDR TRT-State Street Industrial Select Sector SPDR ETF,4383565,458082542,0.0058,0.0586
FDX,2026-06-30,institution,Blackrock Inc.,20784028,6955167434,0.087799996,0.105299994
FDX,2026-06-30,institution,Vanguard Capital Management LLC,14181180,4745590282,0.059899997,0.0202
FDX,2026-06-30,institution,State Street Corporation,10053615,3364341870,0.0425,0.032
FDX,2026-03-31,institution,Primecap Management Company,8303010,2778519388,0.035099998,-0.024600001
FDX,2026-06-30,institution,Vanguard Portfolio Management LLC,7347236,2458679162,0.0311,0.0277
FDX,2026-06-30,institution,Dodge & Cox Inc.,7233269,2420541244,0.0306,-0.2755
FDX,2026-06-30,institution,"Franklin Resources, Inc.",5364782,1795270727,0.0227,-0.09
FDX,2026-06-30,institution,"Geode Capital Management, LLC",5194414,1738258777,0.022,0.0092
FDX,2026-06-30,institution,"FMR, LLC",5040208,1686655278,0.021300001,-0.19680001
FDX,2026-06-30,institution,NORGES BANK,3716680,1243749849,0.015700001,0.2497
FDX,2026-03-31,fund,Dodge & Cox Funds-Dodge & Cox Stock Fund,6945911,2324379758,0.0294,-0.3422
FDX,2026-03-31,fund,VANGUARD INDEX FUNDS-Vanguard Total Stock Market Index Fund,6717654,2247995832,0.028399998,0.0069999998
FDX,2026-03-31,fund,VANGUARD INDEX FUNDS-Vanguard 500 Index Fund,5497070,1839539585,0.0232,0.0044
FDX,2026-03-31,fund,VANGUARD CHESTER FUNDS-Vanguard PRIMECAP Fund,5376058,1799044127,0.0227,-0.0221
FDX,2026-06-30,fund,iShares Trust-iShares Core S&P 500 ETF,3029685,1013853832,0.0128,0.0631
FDX,2026-06-30,fund,Fidelity Concord Street Trust-Fidelity 500 Index Fund,2816049,942362678,0.0119,0.0173
FDX,2026-06-30,fund,SPDR S&P 500 ETF TRUST-State Street SPDR S&P 500 ETF Trust,2653020,887806651,0.0112,0.0179
FDX,2026-04-30,fund,PUTNAM LARGE CAP VALUE FUND,2509078,839637898,0.0106,0.055999998
FDX,2026-03-31,fund,VANGUARD INDEX FUNDS-Vanguard Mid-Cap Index Fund,2284943,764633358,0.0097,-0.0113
FDX,2026-03-31,fund,VANGUARD INDEX FUNDS-Vanguard Value Index Fund,1957560,655077907,0.0083,0.0017
ODFL,2026-06-30,institution,Blackrock Inc.,15771039,3327216117,0.0761,0.0589
ODFL,2026-06-30,institution,"FMR, LLC",12695818,2678436738,0.0612,0.0838
ODFL,2026-03-31,institution,Price (T.Rowe) Associates Inc,12325883,2600391551,0.0594,-0.13340001
ODFL,2026-06-30,institution,Vanguard Capital Management LLC,12099217,2552571825,0.0583,0.0015
ODFL,2026-06-30,institution,Vanguard Portfolio Management LLC,8717811,1839196597,0.042,0.0052
ODFL,2026-06-30,institution,State Street Corporation,8279956,1746822327,0.0399,0.056900002
ODFL,2026-03-31,institution,Invesco Ltd.,6967580,1469950361,0.0336,-0.0908
ODFL,2026-06-30,institution,"Geode Capital Management, LLC",5201143,1097285145,0.0251,0.02
ODFL,2026-06-30,institution,Boston Partners,3817754,805431566,0.0184,-0.0435
ODFL,2026-03-31,institution,"T. Rowe Price Investment Management, Inc.",3578790,755017330,0.0173,-0.0277
ODFL,2026-03-31,fund,VANGUARD INDEX FUNDS-Vanguard Total Stock Market Index Fund,5957778,1256912431,0.0287,0.006
ODFL,2026-03-31,fund,VANGUARD INDEX FUNDS-Vanguard 500 Index Fund,4677106,986729058,0.0226,0.0084
ODFL,2026-06-30,fund,"Invesco QQQ Trust, Series 1",4414578,931343526,0.021300001,-0.0249
ODFL,2026-03-31,fund,VANGUARD INDEX FUNDS-Vanguard Mid-Cap Index Fund,4051116,854663947,0.0195,-0.011
ODFL,2026-06-30,fund,Fidelity Contrafund,3794847,800598876,0.0183,0.1314
ODFL,2026-06-30,fund,iShares Trust-iShares Core S&P 500 ETF,2524832,532663810,0.012200001,0.0416
ODFL,2026-06-30,fund,Fidelity Concord Street Trust-Fidelity 500 Index Fund,2347731,495300811,0.0113,-0.003
ODFL,2026-03-31,fund,VANGUARD INDEX FUNDS-Vanguard Growth Index Fund,2255078,475753808,0.0109,-0.0629
ODFL,2026-06-30,fund,SPDR S&P 500 ETF TRUST-State Street SPDR S&P 500 ETF Trust,2211878,466639904,0.0107,-0.003
ODFL,2026-03-31,fund,"T. Rowe Price Mid-Cap Growth Fund, Inc.",1699900,358627905,0.0082,-0.0349
GE,2026-06-30,institution,Blackrock Inc.,89158626,32844255081,0.0859,-0.0175
GE,2026-06-30,institution,Vanguard Capital Management LLC,68137128,25100355545,0.0657,0.0257
GE,2026-06-30,institution,"FMR, LLC",49021400,18058503571,0.047199998,-0.0505
GE,2026-03-31,institution,TCI Fund Management Ltd,47510431,17501892803,0.0458,0.0
GE,2026-06-30,institution,State Street Corporation,46497628,17128796429,0.0448,0.0256
GE,2026-06-30,institution,Capital Research Global Investors,30942708,11398674924,0.0298,-0.1089
GE,2026-06-30,institution,"Geode Capital Management, LLC",24828857,9146454462,0.0239,-0.0214
GE,2026-03-31,institution,Price (T.Rowe) Associates Inc,23910347,8808093744,0.023,-0.11350001
GE,2026-06-30,institution,Capital International Investors,18310646,6745275862,0.0176,-0.0473
GE,2026-06-30,institution,Vanguard Portfolio Management LLC,16789108,6184771687,0.0162,0.0395
GE,2026-03-31,fund,VANGUARD INDEX FUNDS-Vanguard Total Stock Market Index Fund,31639833,11655481835,0.0305,0.0047
GE,2026-03-31,fund,VANGUARD INDEX FUNDS-Vanguard 500 Index Fund,26651454,9817862754,0.0257,0.002
GE,2026-06-30,fund,iShares Trust-iShares Core S&P 500 ETF,14396284,5303303170,0.0139,0.0418
GE,2026-06-30,fund,Fidelity Concord Street Trust-Fidelity 500 Index Fund,13384244,4930487870,0.0128999995,-0.0028
GE,2026-06-30,fund,SPDR S&P 500 ETF TRUST-State Street SPDR S&P 500 ETF Trust,12601970,4642313770,0.0121,-0.0038
GE,2026-06-30,fund,Investment Co of America,10789392,3974596277,0.0104,-0.15810001
GE,2026-06-30,fund,WASHINGTON MUTUAL INVESTORS FUND,8936373,3291981129,0.0086,0.0469
GE,2026-06-30,fund,iShares Trust-iShares U.S. Aerospace & Defense ETF,8740310,3219755440,0.0084,-0.0112
GE,2026-06-30,fund,Growth Fund of America,8572247,3157844391,0.0083,-0.0023
GE,2026-06-30,fund,AMERICAN MUTUAL FUND,7120040,2622880369,0.0069,0.0
HON,2026-06-30,institution,Blackrock Inc.,22778297,5329210519,0.0719,-0.0671
HON,2026-06-30,institution,Vanguard Capital Management LLC,20693284,4841400863,0.0653,0.0026
HON,2026-06-30,institution,"Newport Trust Company, LLC",12865197,3009941576,0.040599998,1.0
HON,2026-03-31,institution,Invesco Ltd.,10560019,2470622116,0.033299997,0.0055
HON,2026-06-30,institution,Morgan Stanley,9632173,2253543259,0.0304,0.045300003
HON,2026-03-31,institution,"Wellington Management Group, LLP",8317660,1945999789,0.026199998,0.29950002
HON,2026-06-30,institution,"Geode Capital Management, LLC",8207101,1920133405,0.025899999,0.0101
HON,2026-06-30,institution,Vanguard Portfolio Management LLC,7862818,1839584952,0.0248,0.0047999998
HON,2026-06-30,institution,"Franklin Resources, Inc.",6509094,1522867675,0.020499999,-0.038900003
HON,2026-06-30,institution,Massachusetts Financial Services Co.,5068155,1185745577,0.016,0.16409999
HON,2026-03-31,fund,VANGUARD INDEX FUNDS-Vanguard Total Stock Market Index Fund,10092286,2361191300,0.0318,0.0119
HON,2026-03-31,fund,VANGUARD INDEX FUNDS-Vanguard 500 Index Fund,8067029,1887362159,0.0255,0.0078
HON,2026-06-30,fund,"Invesco QQQ Trust, Series 1",6725387,1573471587,0.0212,-0.0235
HON,2026-06-30,fund,SPDR DOW JONES INDUSTRIAL AVERAGE ETF TRT-State Street SPDR Dow Jones ,5097433,1192595458,0.0161,0.8901
HON,2026-06-30,fund,iShares Trust-iShares Core S&P 500 ETF,4380545,1024872337,0.0138,0.047399998
HON,2026-06-30,fund,Fidelity Concord Street Trust-Fidelity 500 Index Fund,4064346,950894417,0.0128,0.0005
HON,2026-06-30,fund,SPDR S&P 500 ETF TRUST-State Street SPDR S&P 500 ETF Trust,3829058,895846435,0.0121,0.0005
HON,2026-03-31,fund,VANGUARD INDEX FUNDS-Vanguard Value Index Fund,2939797,687794925,0.0093,0.0063
HON,2026-05-31,fund,MFS SERIES TRUST I-MFS Value Fund,2236979,523363621,0.0070999996,0.3994
HON,2026-04-30,fund,PUTNAM LARGE CAP VALUE FUND,2149664,502935403,0.0068,0.048299998
ETN,2026-06-30,institution,Blackrock Inc.,30675945,13850496226,0.079,0.0043
ETN,2026-06-30,institution,Vanguard Capital Management LLC,25364223,11452200574,0.0653,0.0047
ETN,2026-06-30,institution,State Street Corporation,17479372,7892111422,0.045,0.0296
ETN,2026-06-30,institution,JPMORGAN CHASE & CO,16785110,7578645180,0.0432,-0.1303
ETN,2026-06-30,institution,Morgan Stanley,13250139,5982570389,0.0341,0.0106
ETN,2026-03-31,institution,Bank of America Corporation,12083030,5455608993,0.0311,0.049000002
ETN,2026-06-30,institution,Vanguard Portfolio Management LLC,9404429,4246193829,0.0242,0.0238
ETN,2026-06-30,institution,"Geode Capital Management, LLC",8956719,4044048283,0.0231,0.0117999995
ETN,2026-06-30,institution,"FMR, LLC",8331531,3761769643,0.0215,-0.013099999
ETN,2026-06-30,institution,Corient Private Wealth LP,6332872,2859355098,0.0163,14.396
ETN,2026-03-31,fund,VANGUARD INDEX FUNDS-Vanguard Total Stock Market Index Fund,12333820,5568843188,0.0318,0.010299999
ETN,2026-03-31,fund,VANGUARD INDEX FUNDS-Vanguard 500 Index Fund,9870775,4456753716,0.0254,0.0078
ETN,2026-06-30,fund,iShares Trust-iShares Core S&P 500 ETF,5358538,2419433544,0.0138,0.0471
ETN,2026-06-30,fund,Fidelity Concord Street Trust-Fidelity 500 Index Fund,4981230,2249075205,0.0128,0.0022
ETN,2026-06-30,fund,SPDR S&P 500 ETF TRUST-State Street SPDR S&P 500 ETF Trust,4693050,2118959051,0.0121,0.0026
ETN,2026-03-31,fund,VANGUARD INDEX FUNDS-Vanguard Value Index Fund,3592374,1621992819,0.0092,0.0050999997
ETN,2026-03-31,fund,JPMorgan Trust II-JPMorgan Equity Income Fund,2495016,1126524698,0.0064,-0.0064
ETN,2026-05-31,fund,VANGUARD WELLINGTON FUND,2431970,1098058798,0.0063,1.0
ETN,2026-06-30,fund,First TRT Exch-Trd Fd. II-First TRT NASDAQ Clean Edge Smart Grid Infra,2422416,1093745071,0.0062,0.0921
ETN,2026-06-30,fund,SELECT SECTOR SPDR TRT-State Street Industrial Select Sector SPDR ETF,2279836,1029368774,0.0058999998,0.048
EMR,2026-06-30,institution,Blackrock Inc.,43265282,7059595984,0.077199996,0.0348
EMR,2026-06-30,institution,Vanguard Capital Management LLC,36588248,5970104359,0.0653,0.0017
EMR,2026-06-30,institution,State Street Corporation,27678497,4516300304,0.0494,0.0148
EMR,2026-03-31,institution,Bank of America Corporation,19941844,3253910648,0.0356,0.1305
EMR,2026-06-30,institution,Vanguard Portfolio Management LLC,13312414,2172186568,0.0238,0.0165
EMR,2026-06-30,institution,"Geode Capital Management, LLC",12613008,2058064492,0.0225,0.0053
EMR,2026-06-30,institution,Morgan Stanley,12010701,1959786060,0.0214,0.031
EMR,2026-06-30,institution,JPMORGAN CHASE & CO,10753147,1754590976,0.019199999,-0.2775
EMR,2026-03-31,institution,Wells Fargo & Company,9964935,1625978425,0.0178,-0.080699995
EMR,2026-03-31,institution,"Wellington Management Group, LLP",9618055,1569378016,0.0172,-0.2585
EMR,2026-03-31,fund,VANGUARD INDEX FUNDS-Vanguard Total Stock Market Index Fund,17846653,2912038337,0.0319,0.0109
EMR,2026-03-31,fund,VANGUARD INDEX FUNDS-Vanguard 500 Index Fund,14281007,2330231886,0.0255,0.008
EMR,2026-06-30,fund,iShares Trust-iShares Core S&P 500 ETF,7729388,1261204225,0.0138,0.043899998
EMR,2026-06-30,fund,Fidelity Concord Street Trust-Fidelity 500 Index Fund,7185133,1172398138,0.0128,-0.00090000004
EMR,2026-06-30,fund,SPDR S&P 500 ETF TRUST-State Street SPDR S&P 500 ETF Trust,6769892,1104643265,0.0121,-0.0027
EMR,2026-03-31,fund,VANGUARD INDEX FUNDS-Vanguard Value Index Fund,5197451,848068070,0.0093,0.0053
EMR,2026-03-31,fund,J.P. Morgan Exch-Trd Fd. TRT-JPMorgan Eqy. Premium Income ETF,3918103,639316859,0.0069999998,0.062800005
EMR,2026-03-31,fund,VANGUARD FENWAY FUNDS-Vanguard Equity Income Fund,3467973,565869148,0.0062,-0.1574
EMR,2026-06-30,fund,SELECT SECTOR SPDR TRT-State Street Industrial Select Sector SPDR ETF,3288563,536594818,0.0058999998,0.044299997
EMR,2026-03-31,fund,VANGUARD INSTITUTIONAL INDEX FUNDS-Vanguard Institutional Index Fund,3168832,517058311,0.0057,-0.0171
ROK,2026-06-30,institution,Blackrock Inc.,12380576,5563459376,0.111499995,0.039300002
ROK,2026-06-30,institution,Vanguard Capital Management LLC,7270705,3267236670,0.0655,-0.0043
ROK,2026-06-30,institution,Vanguard Portfolio Management LLC,5928262,2663983065,0.053400002,0.014099999
ROK,2026-06-30,institution,State Street Corporation,5323990,2392441360,0.0479,0.052600004
ROK,2026-06-30,institution,"Geode Capital Management, LLC",3132604,1407698244,0.028199999,0.024400001
ROK,2026-06-30,institution,Morgan Stanley,3040314,1366225887,0.0274,0.076799996
ROK,2026-06-30,institution,JPMORGAN CHASE & CO,2919588,1311975245,0.026300002,0.5299
ROK,2026-06-30,institution,UBS Group AG,2183669,981275327,0.0197,0.0017
ROK,2026-03-31,institution,Goldman Sachs Group Inc,1922479,863904378,0.0173,-0.0892
ROK,2026-03-31,institution,Invesco Ltd.,1685669,757489070,0.0152,0.091000006
ROK,2026-03-31,fund,VANGUARD INDEX FUNDS-Vanguard Total Stock Market Index Fund,3565953,1602432282,0.0321,0.0107
ROK,2026-03-31,fund,VANGUARD INDEX FUNDS-Vanguard 500 Index Fund,2855672,1283253312,0.0257,0.0085
ROK,2026-03-31,fund,VANGUARD INDEX FUNDS-Vanguard Mid-Cap Index Fund,2426494,1090393596,0.0219,-0.0070999996
ROK,2026-06-30,fund,iShares Trust-iShares Core S&P 500 ETF,1535913,690193217,0.0138,0.0374
ROK,2026-06-30,fund,Fidelity Concord Street Trust-Fidelity 500 Index Fund,1427456,641455895,0.0128999995,-0.0072000003
ROK,2026-06-30,fund,SPDR S&P 500 ETF TRUST-State Street SPDR S&P 500 ETF Trust,1344606,604225591,0.0121,-0.0115
ROK,2026-03-31,fund,VANGUARD INDEX FUNDS-Vanguard Value Index Fund,1039383,467067533,0.0094,0.0058999998
ROK,2026-06-30,fund,GLOBAL X FUNDS-Global X US Infrastructure Development ETF,910791,409282147,0.0082,0.039100002
ROK,2026-03-31,fund,SIX CIRCLES TRUST-Six Circles U.S. Unconstrained Equity Fund,712227,320053443,0.0064,82.4967
ROK,2026-06-30,fund,SELECT SECTOR SPDR TRT-State Street Industrial Select Sector SPDR ETF,653330,293586898,0.0058999998,0.0385
AME,2026-06-30,institution,Blackrock Inc.,19533471,4976932944,0.085200004,0.0375
AME,2026-06-30,institution,Vanguard Capital Management LLC,14978776,3816442236,0.0654,0.0034999999
AME,2026-06-30,institution,State Street Corporation,10342632,2635199137,0.045100003,0.0257
AME,2026-06-30,institution,Vanguard Portfolio Management LLC,9952184,2535716894,0.0434,0.010299999
AME,2026-03-31,institution,Price (T.Rowe) Associates Inc,6924498,1764292798,0.030199999,-0.122600004
AME,2026-06-30,institution,"Geode Capital Management, LLC",6143082,1565195821,0.026800001,0.0029
AME,2026-06-30,institution,JPMORGAN CHASE & CO,4371879,1113911021,0.0191,-0.061300002
AME,2026-06-30,institution,NORGES BANK,4303368,1096455103,0.0188,0.0627
AME,2026-06-30,institution,"FMR, LLC",4277408,1089840755,0.0187,-0.0185
AME,2026-06-30,institution,Morgan Stanley,3745827,954399236,0.0163,-0.0317
AME,2026-03-31,fund,VANGUARD INDEX FUNDS-Vanguard Total Stock Market Index Fund,7270126,1852355354,0.0317,0.0054
AME,2026-03-31,fund,VANGUARD INDEX FUNDS-Vanguard 500 Index Fund,5849374,1490361962,0.0255,0.0076
AME,2026-03-31,fund,VANGUARD INDEX FUNDS-Vanguard Mid-Cap Index Fund,4944985,1259932694,0.0216,-0.013099999
AME,2026-03-31,fund,-Price (T.Rowe) U.S. Value Equity Trust,3377292,860500206,0.0147,-0.0833
AME,2026-06-30,fund,iShares Trust-iShares Core S&P 500 ETF,3162433,805756282,0.0138,0.0428
AME,2026-06-30,fund,Fidelity Concord Street Trust-Fidelity 500 Index Fund,2940284,749154940,0.0128,-0.0019
AME,2026-06-30,fund,SPDR S&P 500 ETF TRUST-State Street SPDR S&P 500 ETF Trust,2770333,705853126,0.0121,-0.0057
AME,2026-03-31,fund,"T. Rowe Price Value Fund, Inc.",2489871,634394215,0.0109,-0.1277
AME,2026-04-30,fund,VANGUARD SPECIALIZED FUNDS-Vanguard Dividend Growth Fund,2136936,544469909,0.0093,0.0874
AME,2026-03-31,fund,VANGUARD INDEX FUNDS-Vanguard Value Index Fund,2118264,539712470,0.0092,-0.0001
GEV,2026-06-30,institution,Blackrock Inc.,21763980,23140551735,0.0817,0.050100002
GEV,2026-06-30,institution,Vanguard Capital Management LLC,17552000,18662164000,0.0659,0.002
GEV,2026-06-30,institution,"FMR, LLC",16150499,17172018061,0.060599998,-0.1192
GEV,2026-06-30,institution,State Street Corporation,11765340,12509497755,0.0442,0.0325
GEV,2026-06-30,institution,"Geode Capital Management, LLC",6346988,6748434991,0.0238,-0.006
GEV,2026-06-30,institution,JPMORGAN CHASE & CO,6253305,6648826541,0.0235,-0.074
GEV,2026-06-30,institution,Morgan Stanley,5715959,6077493406,0.0215,-0.1026
GEV,2026-06-30,institution,Capital World Investors,5007405,5324123366,0.0188,0.17469999
GEV,2026-06-30,institution,Vanguard Portfolio Management LLC,4723958,5022748343,0.0177,-0.0155
GEV,2026-06-30,institution,"Fisher Asset Management, LLC",3559479,3784616046,0.0134000005,900.3621
GEV,2026-03-31,fund,VANGUARD INDEX FUNDS-Vanguard Total Stock Market Index Fund,8558976,9100331232,0.0321,0.0036000002
GEV,2026-03-31,fund,VANGUARD INDEX FUNDS-Vanguard 500 Index Fund,6849421,7282646878,0.0257,0.0011
GEV,2026-06-30,fund,iShares Trust-iShares Core S&P 500 ETF,3707768,3942284326,0.0139,0.0442
GEV,2026-06-30,fund,Fidelity Concord Street Trust-Fidelity 500 Index Fund,3447222,3665258791,0.0128999995,-0.00059999997
GEV,2026-06-30,fund,SPDR S&P 500 ETF TRUST-State Street SPDR S&P 500 ETF Trust,3245469,3450744914,0.012200001,-0.0016
GEV,2026-03-31,fund,VANGUARD INDEX FUNDS-Vanguard Growth Index Fund,2900381,3083830098,0.0109,-0.0121
GEV,2026-03-31,fund,JPMorgan Trust II-JPMorgan Large Cap Growth Fund,2737911,2911083870,0.010299999,0.0
GEV,2026-06-30,fund,SELECT SECTOR SPDR TRT-State Street Industrial Select Sector SPDR ETF,1577783,1677577774,0.0058999998,0.045
GEV,2026-03-31,fund,VANGUARD INSTITUTIONAL INDEX FUNDS-Vanguard Institutional Index Fund,1519709,1615830594,0.0057,-0.024
GEV,2026-06-30,fund,Fidelity Contrafund,1499772,1594632579,0.0056,-0.1237
VRT,2026-06-30,institution,Blackrock Inc.,35921459,10555161381,0.0933,-0.0346
VRT,2026-06-30,institution,Vanguard Capital Management LLC,25087955,7371844605,0.0652,0.0092
VRT,2026-06-30,institution,Vanguard Portfolio Management LLC,17909570,5262547983,0.0465,-0.00090000004
VRT,2026-06-30,institution,State Street Corporation,16531530,4857624714,0.0429,0.044499997
VRT,2026-06-30,institution,JPMORGAN CHASE & CO,10061204,2956384146,0.026099999,0.65870005
VRT,2026-06-30,institution,"Geode Capital Management, LLC",9028475,2652927060,0.0235,-0.1702
VRT,2026-03-31,institution,Bank of America Corporation,8416966,2473241258,0.0219,-0.088199995
VRT,2026-03-31,institution,Price (T.Rowe) Associates Inc,7861148,2309919699,0.020399999,0.168
VRT,2026-06-30,institution,Morgan Stanley,6894546,2025893371,0.0179,0.036
VRT,2026-03-31,institution,Invesco Ltd.,6547726,1923983783,0.017,0.096
VRT,2026-03-31,fund,VANGUARD INDEX FUNDS-Vanguard Total Stock Market Index Fund,12148807,3569805404,0.031600002,0.0111
VRT,2026-03-31,fund,VANGUARD INDEX FUNDS-Vanguard 500 Index Fund,9719792,2856063645,0.0252,1.0
VRT,2026-03-31,fund,VANGUARD INDEX FUNDS-Vanguard Mid-Cap Index Fund,8117697,2385304056,0.0211,-0.0072000003
VRT,2026-06-30,fund,iShares Trust-iShares Core S&P 500 ETF,5299911,1557325828,0.0138,0.051599998
VRT,2026-06-30,fund,Fidelity Concord Street Trust-Fidelity 500 Index Fund,4927467,1447886885,0.0128,0.0064999997
VRT,2026-06-30,fund,SPDR S&P 500 ETF TRUST-State Street SPDR S&P 500 ETF Trust,4639608,1363302397,0.0121,0.0052
VRT,2026-03-31,fund,VANGUARD INDEX FUNDS-Vanguard Growth Index Fund,4246474,1247783904,0.011,-0.023599999
VRT,2026-03-31,fund,VANGUARD INDEX FUNDS-Vanguard Mid-Cap Growth Index Fund,2910083,855098778,0.0076,-0.090100005
VRT,2026-06-30,fund,SELECT SECTOR SPDR TRT-State Street Industrial Select Sector SPDR ETF,2255268,662687940,0.0058999998,0.0523
VRT,2026-03-31,fund,VANGUARD INSTITUTIONAL INDEX FUNDS-Vanguard Institutional Index Fund,2156981,633807289,0.0056,1.0
PWR,2026-06-30,institution,Blackrock Inc.,13061264,8957154008,0.086899996,-0.0704
PWR,2026-06-30,institution,Vanguard Capital Management LLC,9802251,6722187977,0.0652,0.0099
PWR,2026-06-30,institution,Vanguard Portfolio Management LLC,6927511,4750748696,0.0461,0.0082
PWR,2026-06-30,institution,State Street Corporation,6581807,4513671797,0.0438,0.047199998
PWR,2026-06-30,institution,JPMORGAN CHASE & CO,5308495,3640459856,0.0353,-0.1259
PWR,2026-03-31,institution,"Peconic Partners, LLC",5007840,3434276661,0.033299997,0.0
PWR,2026-06-30,institution,"Geode Capital Management, LLC",3523903,2416622302,0.0234,-0.1592
PWR,2026-06-30,institution,"FMR, LLC",3510968,2407751737,0.0234,-0.15020001
PWR,2026-03-31,institution,Bank of America Corporation,3444711,2362314010,0.0229,0.053600002
PWR,2026-06-30,institution,Morgan Stanley,2311374,1585094129,0.0154,0.076799996
PWR,2026-03-31,fund,VANGUARD INDEX FUNDS-Vanguard Total Stock Market Index Fund,4749093,3256833136,0.031600002,0.013200001
PWR,2026-03-31,fund,VANGUARD INDEX FUNDS-Vanguard 500 Index Fund,3789417,2598706501,0.0252,0.0077
PWR,2026-03-31,fund,VANGUARD INDEX FUNDS-Vanguard Mid-Cap Index Fund,3231229,2215912318,0.0215,-0.0044
PWR,2026-06-30,fund,iShares Trust-iShares Core S&P 500 ETF,2070349,1419803997,0.0138,0.0538
PWR,2026-06-30,fund,Fidelity Concord Street Trust-Fidelity 500 Index Fund,1925016,1320137528,0.0128,0.0088
PWR,2026-06-30,fund,SPDR S&P 500 ETF TRUST-State Street SPDR S&P 500 ETF Trust,1813667,1243776608,0.0121,0.0095
PWR,2026-03-31,fund,VANGUARD INDEX FUNDS-Vanguard Growth Index Fund,1673581,1147708427,0.0111,-0.0177
PWR,2026-06-30,fund,Growth Fund of America,1625317,1114609939,0.0108,-0.0385
PWR,2026-03-31,fund,JPMorgan Trust II-JPMorgan Large Cap Growth Fund,1488464,1020758885,0.0099,0.0
PWR,2026-06-30,fund,First TRT Exch-Trd Fd. II-First TRT NASDAQ Clean Edge Smart Grid Infra,1363468,935039124,0.0091,0.84160006
NVT,2026-06-30,institution,Blackrock Inc.,17472987,2994695231,0.108,0.0615
NVT,2026-06-30,institution,Vanguard Capital Management LLC,7303426,1251734177,0.045100003,0.0073
NVT,2026-06-30,institution,Vanguard Portfolio Management LLC,6899810,1182558431,0.042600002,0.0269
NVT,2026-06-30,institution,State Street Corporation,5313122,910615976,0.0328,0.0494
NVT,2026-03-31,institution,Millennium Management Llc,4478152,767510468,0.0277,-0.2699
NVT,2026-06-30,institution,"Franklin Resources, Inc.",4411219,756038821,0.0273,0.0355
NVT,2026-06-30,institution,"FMR, LLC",3588009,614948860,0.0222,0.0249
NVT,2026-06-30,institution,"Geode Capital Management, LLC",3563268,610708500,0.022,0.0154
NVT,2026-06-30,institution,First Trust Advisors LP,2637445,452031696,0.0163,0.5548
NVT,2026-03-31,institution,Price (T.Rowe) Associates Inc,2371695,406484804,0.0147,-0.0799
NVT,2026-07-31,fund,iShares Trust-iShares Core S&P Mid-Cap ETF,5554683,952017115,0.0343,0.0091
NVT,2026-03-31,fund,VANGUARD INDEX FUNDS-Vanguard Total Stock Market Index Fund,5137387,880496754,0.0317,0.0113
NVT,2026-03-31,fund,VANGUARD INDEX FUNDS-Vanguard Small-Cap Index Fund,3729116,639133188,0.023,0.0185
NVT,2026-03-31,fund,Franklin Managed Trust-FRANKLIN RISING DIVIDENDS FUND,3260000,558731398,0.0201,-0.21260001
NVT,2026-03-31,fund,VANGUARD INDEX FUNDS-Vanguard Small-Cap Growth Index Fund,2086680,357636083,0.0128999995,1.019
NVT,2026-06-30,fund,First TRT Exch-Trd Fd. II-First TRT NASDAQ Clean Edge Smart Grid Infra,2049557,351273572,0.0127,0.2047
NVT,2026-03-31,fund,VANGUARD INDEX FUNDS-Vanguard Extended Market Index Fund,1800740,308628827,0.0111,0.0353
NVT,2026-06-30,fund,Invesco Exchange-Traded Fund Trust-Invesco S&P MidCap Momentum ETF,1260505,216037951,0.0078,0.0904
NVT,2026-06-30,fund,SPDR S&P MIDCAP 400 ETF TRT-State Street SPDR S&P Mid Cap 400 ETF TRT,1244292,213259205,0.0077,0.0293
NVT,2026-03-31,fund,MFS SERIES TRUST XI-MFS Mid Cap Value Fund,1214178,208097966,0.0075,-0.0414
HUBB,2026-06-30,institution,Blackrock Inc.,4694163,2400548085,0.0888,0.0579
HUBB,2026-06-30,institution,Vanguard Capital Management LLC,3452915,1765786252,0.0654,-0.0015
HUBB,2026-06-30,institution,Vanguard Portfolio Management LLC,2677321,1369155225,0.0507,-0.0005
HUBB,2026-06-30,institution,State Street Corporation,2386602,1220484431,0.0452,0.0313
HUBB,2026-03-31,institution,"Wellington Management Group, LLP",2091957,1069805920,0.0396,-0.1681
HUBB,2026-06-30,institution,Massachusetts Financial Services Co.,1546097,790658567,0.0293,0.0055
HUBB,2026-06-30,institution,Bank Of New York Mellon Corporation,1496831,765464427,0.028299998,-0.2728
HUBB,2026-06-30,institution,"Geode Capital Management, LLC",1418350,725330027,0.026800001,0.0072000003
HUBB,2026-03-31,institution,Invesco Ltd.,1219927,623858486,0.0231,-0.026099999
HUBB,2026-06-30,institution,Deutsche Bank AG,1166004,596282802,0.0221,0.025899999
HUBB,2026-03-31,fund,VANGUARD INDEX FUNDS-Vanguard Total Stock Market Index Fund,1690788,864652100,0.032,0.0093
HUBB,2026-03-31,fund,VANGUARD INDEX FUNDS-Vanguard 500 Index Fund,1351703,691247416,0.0256,0.0092
HUBB,2026-06-30,fund,Parnassus Income Funds-Parnassus Core Equity Fund,731369,374014803,0.0138,1.0
HUBB,2026-06-30,fund,iShares Trust-iShares Core S&P 500 ETF,729565,373092256,0.0138,0.0416
HUBB,2026-06-30,fund,Fidelity Concord Street Trust-Fidelity 500 Index Fund,677873,346657483,0.0128,-0.0036000002
HUBB,2026-06-30,fund,SPDR S&P 500 ETF TRUST-State Street SPDR S&P 500 ETF Trust,638877,326715318,0.0121,-0.0021
HUBB,2026-04-30,fund,HARTFORD MUTUAL FUNDS INC/CT-THE HARTFORD DIVIDEND AND GROWTH FUND,615633,314828568,0.0117,-0.023
HUBB,2026-03-31,fund,VANGUARD INDEX FUNDS-Vanguard Small-Cap Index Fund,612864,313412529,0.0116,0.0164
HUBB,2026-06-30,fund,First TRT Exch-Trd Fd. II-First TRT NASDAQ Clean Edge Smart Grid Infra,604175,308969062,0.0114,0.0802
HUBB,2026-03-31,fund,VANGUARD INDEX FUNDS-Vanguard Mid-Cap Index Fund,574043,293559858,0.0109,-0.0069999998
MMM,2026-06-30,institution,Blackrock Inc.,45048766,8228156834,0.0874,0.0559
MMM,2026-06-30,institution,JPMORGAN CHASE & CO,39432727,7202387345,0.0765,-0.1507
MMM,2026-06-30,institution,Vanguard Capital Management LLC,34065039,6221979165,0.0661,-0.0047
MMM,2026-06-30,institution,State Street Corporation,27828966,5082960470,0.054,0.0038
MMM,2026-06-30,institution,"Geode Capital Management, LLC",11957078,2183960223,0.0232,0.005
MMM,2026-06-30,institution,Vanguard Portfolio Management LLC,9542983,1743025786,0.0185,0.0097
MMM,2026-06-30,institution,Capital World Investors,8392028,1532803862,0.0163,-0.085
MMM,2026-06-30,institution,State Farm Mutual Automobile Insurance Co,7934035,1449151444,0.0154,0.0
MMM,2026-06-30,institution,NORGES BANK,7808095,1426148504,0.0150999995,-0.1769
MMM,2026-06-30,institution,Morgan Stanley,7630269,1393668586,0.0148,0.0198
MMM,2026-03-31,fund,VANGUARD INDEX FUNDS-Vanguard Total Stock Market Index Fund,16724860,3054795576,0.0324,0.0019
MMM,2026-03-31,fund,VANGUARD INDEX FUNDS-Vanguard 500 Index Fund,13383862,2444562312,0.025999999,-0.00090000004
MMM,2026-03-31,fund,JPMorgan Trust II-JPMorgan Large Cap Growth Fund,9864661,1801780271,0.0191,0.121400006
MMM,2026-06-30,fund,iShares Trust-iShares Core S&P 500 ETF,7196825,1314500042,0.0139999995,0.037100002
MMM,2026-06-30,fund,Fidelity Concord Street Trust-Fidelity 500 Index Fund,6690821,1222078414,0.012999999,-0.0073
MMM,2026-06-30,fund,SPDR S&P 500 ETF TRUST-State Street SPDR S&P 500 ETF Trust,6303629,1151357798,0.012200001,-0.0066000004
MMM,2026-06-30,fund,SPDR DOW JONES INDUSTRIAL AVERAGE ETF TRT-State Street SPDR Dow Jones ,5097433,931046106,0.0099,-0.054899998
MMM,2026-03-31,fund,VANGUARD INDEX FUNDS-Vanguard Value Index Fund,4871083,889703280,0.0094,-0.0036000002
MMM,2026-06-30,fund,WASHINGTON MUTUAL INVESTORS FUND,4563615,833544251,0.0088,-0.1065
MMM,2026-03-31,fund,J.P. Morgan Exch-Trd Fd. TRT-JPMorgan Eqy. Premium Income ETF,3755013,685853101,0.0073,0.09020001
CARR,2026-06-30,institution,Capital Research Global Investors,106065347,6658782355,0.1287,-0.0887
CARR,2026-06-30,institution,Blackrock Inc.,67176195,4217321440,0.081499994,0.16059999
CARR,2026-06-30,institution,Vanguard Capital Management LLC,51284274,3219626659,0.0622,-0.0011999999
CARR,2026-06-30,institution,Vanguard Portfolio Management LLC,36565910,2295607785,0.0444,0.0015
CARR,2026-06-30,institution,JPMORGAN CHASE & CO,34487524,2165126714,0.0418,-0.0134000005
CARR,2026-06-30,institution,State Street Corporation,34386031,2158754984,0.0417,0.026199998
CARR,2026-06-30,institution,Dodge & Cox Inc.,27475603,1724918322,0.033299997,0.0321
CARR,2026-06-30,institution,Capital World Investors,19334704,1213832693,0.0235,-0.019299999
CARR,2026-06-30,institution,"Geode Capital Management, LLC",17699114,1111150355,0.0215,0.0031
CARR,2026-06-30,institution,"Fisher Asset Management, LLC",13047300,819109478,0.015800001,0.0013
CARR,2026-06-30,fund,AMERICAN MUTUAL FUND,28530680,1791156055,0.0346,0.0
CARR,2026-06-30,fund,Investment Co of America,28366289,1780835588,0.0344,-0.104499996
CARR,2026-03-31,fund,VANGUARD INDEX FUNDS-Vanguard Total Stock Market Index Fund,25212289,1582827472,0.0306,0.0023
CARR,2026-03-31,fund,Dodge & Cox Funds-Dodge & Cox Stock Fund,20376079,1279210214,0.0247,1.0514
CARR,2026-03-31,fund,VANGUARD INDEX FUNDS-Vanguard 500 Index Fund,19963932,1253335626,0.0242,-0.0001
CARR,2026-03-31,fund,VANGUARD INDEX FUNDS-Vanguard Mid-Cap Index Fund,17148544,1076585571,0.0208,-0.0153
CARR,2026-05-31,fund,Capital Group Dividend Value ETF,14541380,912907818,0.0176,-0.1471
CARR,2026-06-30,fund,iShares Trust-iShares Core S&P 500 ETF,10773697,676372684,0.013099999,0.040799998
CARR,2026-06-30,fund,Capital World Growth & Income Fund,10167297,638302893,0.0123000005,0.0
CARR,2026-06-30,fund,Fidelity Concord Street Trust-Fidelity 500 Index Fund,10015638,628781741,0.012200001,-0.0039
JCI,2026-06-30,institution,Dodge & Cox Inc.,55776006,8569425527,0.0921,-0.0301
JCI,2026-06-30,institution,Blackrock Inc.,54406108,8358954399,0.08979999,0.060500003
JCI,2026-06-30,institution,Vanguard Capital Management LLC,39846092,6121953550,0.065799996,0.0019
JCI,2026-06-30,institution,State Street Corporation,28283873,4345534230,0.0467,0.0225
JCI,2026-06-30,institution,Vanguard Portfolio Management LLC,20282405,3116188691,0.0335,0.0111
JCI,2026-03-31,institution,Bank of America Corporation,17743537,2726117013,0.0293,-0.0736
JCI,2026-03-31,institution,Invesco Ltd.,17102653,2627651596,0.028199999,0.0687
JCI,2026-06-30,institution,"Geode Capital Management, LLC",13994098,2150053208,0.0231,-0.0095999995
JCI,2026-06-30,institution,Morgan Stanley,11892502,1827164000,0.0196,0.0108
JCI,2026-06-30,institution,"Fisher Asset Management, LLC",10769298,1654594938,0.0178,-0.38549998
JCI,2026-03-31,fund,Dodge & Cox Funds-Dodge & Cox Stock Fund,28178817,4329393426,0.0465,-0.0502
JCI,2026-03-31,fund,VANGUARD INDEX FUNDS-Vanguard Total Stock Market Index Fund,19430403,2985287105,0.0321,0.0126
JCI,2026-03-31,fund,Dodge & Cox Funds-Dodge & Cox International Stock Fund,16345201,2511276671,0.027,0.0
JCI,2026-03-31,fund,VANGUARD INDEX FUNDS-Vanguard 500 Index Fund,15554698,2389823791,0.0257,0.0093
JCI,2026-06-30,fund,iShares Trust-iShares Core S&P 500 ETF,8419453,1293564753,0.0139,0.044099998
JCI,2026-06-30,fund,Fidelity Concord Street Trust-Fidelity 500 Index Fund,7826754,1202502479,0.0128999995,-0.0007
JCI,2026-06-30,fund,SPDR S&P 500 ETF TRUST-State Street SPDR S&P 500 ETF Trust,7374302,1132987754,0.012200001,-0.003
JCI,2026-03-31,fund,VANGUARD INDEX FUNDS-Vanguard Mid-Cap Index Fund,6609102,1015422427,0.0109,-0.0063
JCI,2026-06-30,fund,First TRT Exch-Trd Fd. II-First TRT NASDAQ Clean Edge Smart Grid Infra,6622992,1017556486,0.0109,0.1461
JCI,2026-03-31,fund,VANGUARD INDEX FUNDS-Vanguard Value Index Fund,5660693,869708869,0.0093,0.0064999997
IR,2026-06-30,institution,Blackrock Inc.,30300264,2525223890,0.078099996,0.0342
IR,2026-06-30,institution,Capital World Investors,27934411,2328053710,0.072,-0.10569999
IR,2026-06-30,institution,Capital Research Global Investors,25215025,2101420091,0.065,-0.1444
IR,2026-06-30,institution,Vanguard Capital Management LLC,24476450,2039867253,0.0631,0.0047999998
IR,2026-03-31,institution,Price (T.Rowe) Associates Inc,20329193,1694234870,0.052399997,1.339
IR,2026-03-31,institution,"T. Rowe Price Investment Management, Inc.",17806236,1483971643,0.045900002,-0.18290001
IR,2026-06-30,institution,Vanguard Portfolio Management LLC,16857555,1404908571,0.0434,-0.0019
IR,2026-06-30,institution,State Street Corporation,15916822,1326507887,0.040999997,0.031600002
IR,2026-06-30,institution,"Franklin Resources, Inc.",15442960,1287016229,0.0398,-0.0877
IR,2026-06-30,institution,"FMR, LLC",13278782,1106653643,0.0342,-0.3676
IR,2026-03-31,fund,VANGUARD INDEX FUNDS-Vanguard Total Stock Market Index Fund,12438822,1036651379,0.0321,0.0008
IR,2026-06-30,fund,AMERICAN BALANCED FUND,9646892,803971943,0.0249,-0.0211
IR,2026-06-30,fund,Investment Co of America,9586777,798961960,0.0247,-0.0273
IR,2026-03-31,fund,VANGUARD INDEX FUNDS-Vanguard 500 Index Fund,9044491,753767846,0.0233,-0.0023
IR,2026-03-31,fund,VANGUARD INDEX FUNDS-Vanguard Mid-Cap Index Fund,8457522,704849852,0.0218,-0.0166
IR,2026-06-30,fund,Amcap Fund,6432262,536064691,0.0166,0.0
IR,2026-03-31,fund,"T. ROWE PRICE CAPITAL APPRECIATION Fd., INC.-T. Rowe Price Capital App",6310973,525956466,0.0163,-0.2914
IR,2026-06-30,fund,Growth Fund of America,6310592,525924714,0.0163,0.0
IR,2026-04-30,fund,PUTNAM LARGE CAP VALUE FUND,5562528,463581063,0.0143,0.055999998
IR,2026-06-30,fund,AMERICAN FUNDS FUNDAMENTAL INVESTORS,5392355,449398845,0.0139,-0.1252
AMZN,2026-06-30,institution,Blackrock Inc.,748403539,196568184950,0.0694,0.0175
AMZN,2026-06-30,institution,Vanguard Capital Management LLC,635764130,166983444864,0.0589,0.0073
AMZN,2026-06-30,institution,State Street Corporation,397186958,104321152094,0.0368,0.0173
AMZN,2026-06-30,institution,"FMR, LLC",365660364,96040692372,0.0339,0.0194
AMZN,2026-06-30,institution,"Geode Capital Management, LLC",233211684,61253047379,0.0216,-0.0001
AMZN,2026-06-30,institution,Morgan Stanley,179376541,47113247398,0.0166,0.0313
AMZN,2026-06-30,institution,JPMORGAN CHASE & CO,167979147,44119721934,0.0156,-0.0057
AMZN,2026-06-30,institution,NORGES BANK,140565601,36919554244,0.012999999,-0.0128999995
AMZN,2026-03-31,institution,Invesco Ltd.,138753518,36443610655,0.0128999995,-0.0535
AMZN,2026-03-31,institution,Price (T.Rowe) Associates Inc,122998950,32305673466,0.0114,-0.0608
AMZN,2026-03-31,fund,VANGUARD INDEX FUNDS-Vanguard Total Stock Market Index Fund,306806261,80582662579,0.028399998,0.0147
AMZN,2026-03-31,fund,VANGUARD INDEX FUNDS-Vanguard 500 Index Fund,248252818,65203601132,0.023,0.012
AMZN,2026-06-30,fund,iShares Trust-iShares Core S&P 500 ETF,135077249,35478038625,0.0125,0.0495
AMZN,2026-06-30,fund,Fidelity Concord Street Trust-Fidelity 500 Index Fund,125575876,32982503064,0.0116,0.0045
AMZN,2026-06-30,fund,SPDR S&P 500 ETF TRUST-State Street SPDR S&P 500 ETF Trust,118292258,31069460841,0.011,0.004
AMZN,2026-06-30,fund,"Invesco QQQ Trust, Series 1",82712393,21724409516,0.0077,-0.0188
AMZN,2026-03-31,fund,VANGUARD INDEX FUNDS-Vanguard Growth Index Fund,70101115,18412057426,0.0064999997,0.0022
AMZN,2026-03-31,fund,VANGUARD INSTITUTIONAL INDEX FUNDS-Vanguard Institutional Index Fund,55080036,14466771119,0.0050999997,-0.0134000005
AMZN,2026-06-30,fund,Growth Fund of America,48784462,12813238646,0.0045,-0.0612
AMZN,2026-06-30,fund,Fidelity Contrafund,43389820,11396335958,0.004,0.0
BKNG,2026-06-30,institution,Blackrock Inc.,65340562,13856119418,0.087,-0.0149
BKNG,2026-06-30,institution,Vanguard Capital Management LLC,50606248,10731560827,0.0674,-0.0251
BKNG,2026-06-30,institution,State Street Corporation,35038703,7430307272,0.0466,-0.0135
BKNG,2026-03-31,institution,Price (T.Rowe) Associates Inc,28993200,6148297921,0.038599998,0.20040001
BKNG,2026-06-30,institution,Dodge & Cox Inc.,25536950,5415365554,0.034,0.024
BKNG,2026-03-31,institution,Invesco Ltd.,25456650,5398337136,0.0339,-0.0883
BKNG,2026-06-30,institution,"Geode Capital Management, LLC",21923074,4649007018,0.0292,-0.016
BKNG,2026-06-30,institution,Capital World Investors,20614112,4371428540,0.0274,0.072
BKNG,2026-06-30,institution,JPMORGAN CHASE & CO,18836495,3994467083,0.0251,-0.296
BKNG,2026-06-30,institution,Vanguard Portfolio Management LLC,14456785,3065705791,0.019199999,-0.0189
BKNG,2026-03-31,fund,VANGUARD INDEX FUNDS-Vanguard Total Stock Market Index Fund,25143175,5331861629,0.0335,-0.0069999998
BKNG,2026-03-31,fund,VANGUARD INDEX FUNDS-Vanguard 500 Index Fund,20470025,4340873451,0.0272,0.0067000003
BKNG,2026-06-30,fund,"Invesco QQQ Trust, Series 1",16448489,3488066537,0.0219,-0.0414
BKNG,2026-03-31,fund,Dodge & Cox Funds-Dodge & Cox Stock Fund,11865750,2516250916,0.015800001,0.3425
BKNG,2026-06-30,fund,iShares Trust-iShares Core S&P 500 ETF,10691904,2267325136,0.014199999,0.0070999996
BKNG,2026-06-30,fund,Fidelity Concord Street Trust-Fidelity 500 Index Fund,9940371,2107955049,0.013200001,-0.0361
BKNG,2026-06-30,fund,SPDR S&P 500 ETF TRUST-State Street SPDR S&P 500 ETF Trust,9365295,1986004434,0.0125,-0.0376
BKNG,2026-03-31,fund,VANGUARD INDEX FUNDS-Vanguard Growth Index Fund,8618700,1827681500,0.0115,-0.0124
BKNG,2026-06-30,fund,Growth Fund of America,7910138,1677423844,0.0105,0.5077
BKNG,2026-03-31,fund,Dodge & Cox Funds-Dodge & Cox International Stock Fund,6344675,1345451765,0.0084,0.38830003
ABNB,2026-06-30,institution,Blackrock Inc.,33056139,6084312863,0.0788,0.0348
ABNB,2026-06-30,institution,Vanguard Capital Management LLC,26615598,4898866902,0.0634,0.0184
ABNB,2026-03-31,institution,Harris Associates L.P.,19162235,3527000927,0.045700002,0.025
ABNB,2026-06-30,institution,State Street Corporation,18150096,3340706625,0.0433,0.0235
ABNB,2026-03-31,institution,Invesco Ltd.,14897692,2742069153,0.0355,-0.027
ABNB,2026-06-30,institution,"Geode Capital Management, LLC",10340188,1903214978,0.024600001,-0.0058999998
ABNB,2026-06-30,institution,Morgan Stanley,10104542,1859841975,0.0241,-0.0308
ABNB,2026-03-31,institution,"AQR Capital Management, LLC",7999751,1472434149,0.0191,0.18290001
ABNB,2026-06-30,institution,Vanguard Portfolio Management LLC,7906004,1455179076,0.0188,0.0154
ABNB,2026-06-30,institution,"FMR, LLC",6713883,1235757288,0.016,-0.1339
ABNB,2026-03-31,fund,VANGUARD INDEX FUNDS-Vanguard Total Stock Market Index Fund,12101177,2227342609,0.028800001,0.0063
ABNB,2026-03-31,fund,VANGUARD INDEX FUNDS-Vanguard 500 Index Fund,10762991,1981036097,0.0257,0.0038
ABNB,2026-06-30,fund,"Invesco QQQ Trust, Series 1",8871479,1632884403,0.0211,-0.0335
ABNB,2026-06-30,fund,iShares Trust-iShares Core S&P 500 ETF,5767085,1061489651,0.0137,0.0334
ABNB,2026-06-30,fund,Fidelity Concord Street Trust-Fidelity 500 Index Fund,5361333,986806938,0.0128,-0.0109
ABNB,2026-03-31,fund,HARRIS ASSOCIATES INVESTMENT TRUST-Oakmark Fund,5080000,935024787,0.0121,-0.0172
ABNB,2026-06-30,fund,SPDR S&P 500 ETF TRUST-State Street SPDR S&P 500 ETF Trust,5051076,929701036,0.012,-0.0097
ABNB,2026-03-31,fund,VANGUARD INDEX FUNDS-Vanguard Growth Index Fund,4418466,813262841,0.0105,-0.0277
ABNB,2026-04-30,fund,VANGUARD WINDSOR FUNDS-Vanguard Windsor II Fund,3452778,635518310,0.0082,0.085
ABNB,2026-03-31,fund,HARRIS ASSOCIATES INVESTMENT TRUST-Oakmark Select Fund,2804900,516269887,0.0067000003,0.0
DASH,2026-03-31,institution,"Sc Us (ttgp), Ltd.",31595084,6856765264,0.0864,-0.0029
DASH,2026-06-30,institution,Blackrock Inc.,26863944,5830013241,0.0734,0.015
DASH,2026-06-30,institution,Vanguard Capital Management LLC,24446398,5305357398,0.0668,0.0423
DASH,2026-06-30,institution,Vanguard Portfolio Management LLC,17476520,3792754445,0.0478,0.0623
DASH,2026-06-30,institution,State Street Corporation,16102666,3494600644,0.044,0.0325
DASH,2026-06-30,institution,Morgan Stanley,14513536,3149727644,0.0397,0.0007
DASH,2026-03-31,institution,Price (T.Rowe) Associates Inc,13499397,2929639194,0.0369,-0.032899998
DASH,2026-06-30,institution,JPMORGAN CHASE & CO,13437684,2916246239,0.0367,0.2647
DASH,2026-03-31,institution,Invesco Ltd.,12661289,2747752992,0.0346,-0.0731
DASH,2026-06-30,institution,Capital Research Global Investors,10944937,2375270274,0.0299,1.1441001
DASH,2026-03-31,fund,VANGUARD INDEX FUNDS-Vanguard Total Stock Market Index Fund,11066205,2401587856,0.030199999,0.019199999
DASH,2026-03-31,fund,VANGUARD INDEX FUNDS-Vanguard 500 Index Fund,9500717,2061845643,0.025999999,0.008
DASH,2026-06-30,fund,Growth Fund of America,9391780,2038204135,0.0257,0.3891
DASH,2026-06-30,fund,"Invesco QQQ Trust, Series 1",8731521,1894914724,0.0239,-0.0171
DASH,2026-03-31,fund,VANGUARD INDEX FUNDS-Vanguard Mid-Cap Index Fund,7525691,1633225492,0.020599999,0.0011
DASH,2026-06-30,fund,iShares Trust-iShares Core S&P 500 ETF,5221972,1133272385,0.0143,0.060300004
DASH,2026-06-30,fund,Fidelity Concord Street Trust-Fidelity 500 Index Fund,4854616,1053548785,0.013300001,0.0148
DASH,2026-06-30,fund,SPDR S&P 500 ETF TRUST-State Street SPDR S&P 500 ETF Trust,4573635,992570287,0.0125,0.011
DASH,2026-06-30,fund,Investment Co of America,4352577,944596279,0.0119,1.5982001
DASH,2026-03-31,fund,VANGUARD INDEX FUNDS-Vanguard Growth Index Fund,3968156,861169232,0.0108,0.016
EBAY,2026-06-30,institution,Blackrock Inc.,39435323,4067359190,0.088599995,-0.0301
EBAY,2026-06-30,institution,Vanguard Capital Management LLC,28993850,2990425671,0.0652,-0.0085
EBAY,2026-06-30,institution,State Street Corporation,21812915,2249784039,0.049000002,-0.0212
EBAY,2026-06-30,institution,Vanguard Portfolio Management LLC,21501951,2217711213,0.048299998,-0.081199996
EBAY,2026-03-31,institution,"Ameriprise Financial, Inc.",15604180,1609415115,0.035099998,0.24180001
EBAY,2026-06-30,institution,"Geode Capital Management, LLC",12557902,1295222004,0.028199999,0.0107
EBAY,2026-03-31,institution,"Comprehensive Financial Management, LLC",10034000,1034906753,0.0225,0.0
EBAY,2026-03-31,institution,Invesco Ltd.,9170314,945826180,0.020599999,0.0166
EBAY,2026-06-30,institution,Morgan Stanley,8673828,894618614,0.0195,0.024
EBAY,2026-03-31,institution,Toronto Dominion Bank,8502533,876951248,0.0191,45.584103
EBAY,2026-03-31,fund,VANGUARD INDEX FUNDS-Vanguard Total Stock Market Index Fund,14230408,1467724272,0.032,0.0011999999
EBAY,2026-03-31,fund,VANGUARD INDEX FUNDS-Vanguard 500 Index Fund,11487320,1184802177,0.025799999,0.0077
EBAY,2026-03-31,fund,VANGUARD INDEX FUNDS-Vanguard Mid-Cap Index Fund,9675091,997888879,0.0217,-0.0166
EBAY,2026-06-30,fund,iShares Trust-iShares Core S&P 500 ETF,6126606,631898139,0.0138,0.028800001
EBAY,2026-06-30,fund,Fidelity Concord Street Trust-Fidelity 500 Index Fund,5695765,587461198,0.0128,-0.0153
EBAY,2026-06-30,fund,SPDR S&P 500 ETF TRUST-State Street SPDR S&P 500 ETF Trust,5366102,553459757,0.0121,-0.0191
EBAY,2026-03-31,fund,VANGUARD INDEX FUNDS-Vanguard Value Index Fund,4144456,427459189,0.0093,-0.0036000002
EBAY,2026-05-31,fund,Columbia Funds Series Trust I-Columbia Dividend Income Fund,3536082,364711495,0.007900001,-0.0095
EBAY,2026-06-30,fund,Fidelity Contrafund,3469244,357817824,0.0078,0.0387
EBAY,2026-06-30,fund,John Hancock Funds III-Disciplined Value Mid Cap Fund,2937405,302963949,0.0066000004,0.0022
CHWY,2026-03-31,institution,Bc Partners Pe LP,176478228,3956641885,0.7576,0.0
CHWY,2026-06-30,institution,Blackrock Inc.,22701688,508971846,0.0975,0.0448
CHWY,2026-03-31,institution,"AQR Capital Management, LLC",16342838,366406429,0.070199996,0.45669997
CHWY,2026-06-30,institution,Morgan Stanley,11067051,248123284,0.0475,0.36310002
CHWY,2026-06-30,institution,Vanguard Capital Management LLC,9896798,221886211,0.0425,-0.0467
CHWY,2026-06-30,institution,Vanguard Portfolio Management LLC,9702109,217521284,0.0416,-0.0342
CHWY,2026-06-30,institution,State Street Corporation,7606741,170543133,0.0327,0.060300004
CHWY,2026-06-30,institution,"Federated Hermes, Inc.",7434526,166682073,0.0319,1.3771001
CHWY,2026-06-30,institution,"Geode Capital Management, LLC",6281496,140831140,0.027,0.060399998
CHWY,2026-03-31,institution,"Two Sigma Investments, LP",6212892,139293039,0.026700001,1.3707001
CHWY,2026-07-31,fund,iShares Trust-iShares Core S&P Mid-Cap ETF,8244984,184852541,0.0354,0.0085
CHWY,2026-03-31,fund,VANGUARD INDEX FUNDS-Vanguard Total Stock Market Index Fund,7579827,169939721,0.0325,0.1284
CHWY,2026-03-31,fund,VANGUARD INDEX FUNDS-Vanguard Small-Cap Index Fund,5499848,123306592,0.023599999,0.134
CHWY,2026-03-31,fund,VANGUARD INDEX FUNDS-Vanguard Small-Cap Growth Index Fund,3075815,68959772,0.013200001,0.123
CHWY,2026-06-30,fund,JANUS INVESTMENT FUND-Janus Henderson Contrarian Fund,2600543,58304174,0.0112,1.0
CHWY,2026-03-31,fund,VANGUARD INDEX FUNDS-Vanguard Extended Market Index Fund,2353628,52768339,0.0101,0.1129
CHWY,2026-06-30,fund,Invesco Exchange-Traded Fund Trust-Invesco S&P MidCap Quality ETF,2354865,52796073,0.0101,0.1596
CHWY,2026-04-30,fund,Federated Hermes Equity Funds-Federated Hermes MDT Mid Cap Growth Fund,2269034,50871742,0.0097,3.0031
CHWY,2026-04-30,fund,Vanguard Explorer Fund,2072948,46475494,0.0089,0.1359
CHWY,2026-06-30,fund,Variable Insurance Products Fund III-VIP Mid Cap Portfolio,2051300,45990146,0.0088,0.0
WMT,2026-06-30,institution,Blackrock Inc.,354196208,40828195707,0.0444,0.0031
WMT,2026-06-30,institution,Vanguard Capital Management LLC,286350346,33007603422,0.0359,0.0053
WMT,2026-06-30,institution,State Street Corporation,188036646,21674983553,0.023599999,0.0113
WMT,2026-03-31,institution,Invesco Ltd.,146102818,16841271340,0.0183,4.8399
WMT,2026-06-30,institution,"Geode Capital Management, LLC",106449749,12270462209,0.0134000005,0.0056
WMT,2026-06-30,institution,JPMORGAN CHASE & CO,96309921,11101644270,0.0121,-0.21360001
WMT,2026-06-30,institution,Vanguard Portfolio Management LLC,94765592,10923629471,0.0119,0.0114
WMT,2026-06-30,institution,Morgan Stanley,88318921,10180521727,0.0111,0.028099999
WMT,2026-03-31,institution,Bank of America Corporation,65844247,7589866130,0.0083,-0.048499998
WMT,2026-06-30,institution,NORGES BANK,57423929,6619256103,0.0072000003,-0.0094
WMT,2026-03-31,fund,VANGUARD INDEX FUNDS-Vanguard Total Stock Market Index Fund,139201614,16045769578,0.0175,0.0101
WMT,2026-03-31,fund,VANGUARD INDEX FUNDS-Vanguard 500 Index Fund,111395087,12840511304,0.0139999995,0.0074
WMT,2026-06-30,fund,"Invesco QQQ Trust, Series 1",103550078,11936217143,0.012999999,-0.0226
WMT,2026-06-30,fund,iShares Trust-iShares Core S&P 500 ETF,60494686,6973222252,0.0076,0.047399998
WMT,2026-06-30,fund,Fidelity Concord Street Trust-Fidelity 500 Index Fund,56239862,6482768703,0.0070999996,0.0025
WMT,2026-06-30,fund,SPDR S&P 500 ETF TRUST-State Street SPDR S&P 500 ETF Trust,52957518,6104412922,0.0066000004,0.0019
WMT,2026-03-31,fund,VANGUARD INDEX FUNDS-Vanguard Value Index Fund,40546532,4673798607,0.0050999997,0.0047999998
WMT,2026-03-31,fund,VANGUARD INSTITUTIONAL INDEX FUNDS-Vanguard Institutional Index Fund,24716389,2849058077,0.0031,-0.0178
WMT,2026-04-30,fund,VANGUARD SPECIALIZED FUNDS-Vanguard Dividend Appreciation Index Fund,24610057,2836801187,0.0031,0.0214
WMT,2026-06-30,fund,Invesco Exchange-Traded Fund Trust II-Invesco NASDAQ 100 ETF,21394817,2466180483,0.0027,0.03
COST,2026-06-30,institution,Blackrock Inc.,34202834,32872342922,0.0771,-0.021300001
COST,2026-06-30,institution,Vanguard Capital Management LLC,28976605,27849414358,0.0653,0.0045
COST,2026-06-30,institution,State Street Corporation,18384951,17669775957,0.041500002,0.0128
COST,2026-03-31,institution,Invesco Ltd.,13629248,13099069920,0.0307,-0.045900002
COST,2026-06-30,institution,"Geode Capital Management, LLC",10627472,10214063079,0.024,-0.003
COST,2026-06-30,institution,Vanguard Portfolio Management LLC,10402555,9997895356,0.0235,-0.028299998
COST,2026-06-30,institution,Morgan Stanley,10220437,9822861751,0.023,0.0325
COST,2026-03-31,institution,Bank of America Corporation,7515031,7222696110,0.016900001,0.1148
COST,2026-06-30,institution,NORGES BANK,6474767,6222898405,0.0146,0.0747
COST,2026-06-30,institution,"FMR, LLC",6163541,5923779104,0.0139,-0.082600005
COST,2026-03-31,fund,VANGUARD INDEX FUNDS-Vanguard Total Stock Market Index Fund,14094820,13546531157,0.0318,0.012200001
COST,2026-03-31,fund,VANGUARD INDEX FUNDS-Vanguard 500 Index Fund,11280002,10841209646,0.0254,0.0094
COST,2026-06-30,fund,"Invesco QQQ Trust, Series 1",9417492,9051151331,0.0212,-0.0214
COST,2026-06-30,fund,iShares Trust-iShares Core S&P 500 ETF,6122103,5883953043,0.0138,0.0469
COST,2026-06-30,fund,Fidelity Concord Street Trust-Fidelity 500 Index Fund,5691315,5469922707,0.0128,0.002
COST,2026-06-30,fund,SPDR S&P 500 ETF TRUST-State Street SPDR S&P 500 ETF Trust,5358834,5150375226,0.0121,0.00090000004
COST,2026-03-31,fund,VANGUARD INDEX FUNDS-Vanguard Growth Index Fund,4716434,4532964602,0.0106,0.0047999998
COST,2026-03-31,fund,VANGUARD INSTITUTIONAL INDEX FUNDS-Vanguard Institutional Index Fund,2502703,2405347792,0.0056,-0.016
COST,2026-04-30,fund,VANGUARD SPECIALIZED FUNDS-Vanguard Dividend Appreciation Index Fund,2491945,2395008278,0.0056,0.025899999
COST,2026-06-30,fund,Invesco Exchange-Traded Fund Trust II-Invesco NASDAQ 100 ETF,1945741,1870051627,0.0044,0.0315
TGT,2026-06-30,institution,Blackrock Inc.,38699974,5978371818,0.085200004,0.0208
TGT,2026-06-30,institution,State Street Corporation,36049727,5568961672,0.0794,-0.038399998
TGT,2026-06-30,institution,Vanguard Capital Management LLC,29644004,4579405611,0.0653,0.008
TGT,2026-06-30,institution,"FMR, LLC",24630329,3804893118,0.0542,0.2376
TGT,2026-06-30,institution,Vanguard Portfolio Management LLC,22057164,3407390600,0.048600003,0.0088
TGT,2026-03-31,institution,"Charles Schwab Investment Management, Inc.",14008200,2163986676,0.0308,-0.1792
TGT,2026-06-30,institution,"Geode Capital Management, LLC",10839432,1674475409,0.0239,0.0233
TGT,2026-03-31,institution,"Shaw D.E. & Co., Inc.",7901395,1220607465,0.0174,8.5118
TGT,2026-06-30,institution,Morgan Stanley,6862571,1060129938,0.0150999995,-0.025999999
TGT,2026-06-30,institution,Bank Of New York Mellon Corporation,6366019,983422587,0.0139999995,1.1219001
TGT,2026-03-31,fund,VANGUARD INDEX FUNDS-Vanguard Total Stock Market Index Fund,14379379,2221326406,0.0317,0.01
TGT,2026-03-31,fund,VANGUARD INDEX FUNDS-Vanguard 500 Index Fund,11507370,1777658468,0.0253,0.0042
TGT,2026-05-31,fund,SCHWAB STRATEGIC TRUST-Schwab US Dividend Equity ETF,10815206,1670732976,0.0238,-0.2291
TGT,2026-03-31,fund,VANGUARD INDEX FUNDS-Vanguard Mid-Cap Index Fund,9778919,1510647365,0.0215,-0.0078
TGT,2026-06-30,fund,iShares Trust-iShares Core S&P 500 ETF,6271036,968749614,0.0138,0.0512
TGT,2026-06-30,fund,Fidelity Concord Street Trust-Fidelity 500 Index Fund,5826307,900047880,0.0128,0.0055
TGT,2026-06-30,fund,SPDR S&P 500 ETF TRUST-State Street SPDR S&P 500 ETF Trust,5479286,846440077,0.0121,0.0050999997
TGT,2026-03-31,fund,VANGUARD INDEX FUNDS-Vanguard Value Index Fund,4187231,646843426,0.0092,0.0049
TGT,2026-06-30,fund,SELECT SECTOR SPDR TRT-State Street Consumer Staples Select Sector SPD,4017427,620612105,0.0088,-0.0988
TGT,2026-06-30,fund,Fidelity Securities Fund-Fidelity Blue Chip Growth Fund,3467709,535691671,0.0076,0.039100002
HD,2026-06-30,institution,Blackrock Inc.,81578902,27643825536,0.08180001,0.037100002
HD,2026-06-30,institution,Vanguard Capital Management LLC,65076088,22051682226,0.0653,0.006
HD,2026-06-30,institution,State Street Corporation,47175026,15985728619,0.0473,0.0107
HD,2026-06-30,institution,Vanguard Portfolio Management LLC,25751551,8726170194,0.025799999,0.0188
HD,2026-06-30,institution,"Geode Capital Management, LLC",25263448,8560771619,0.0253,0.013099999
HD,2026-06-30,institution,Morgan Stanley,22603319,7659360345,0.0227,0.0105
HD,2026-06-30,institution,"FMR, LLC",18088396,6129433603,0.018099999,0.3179
HD,2026-03-31,institution,"Charles Schwab Investment Management, Inc.",17085966,5789750188,0.0171,0.104399994
HD,2026-06-30,institution,Capital Research Global Investors,16802396,5693659662,0.016900001,0.121199995
HD,2026-03-31,institution,Bank of America Corporation,16314357,5528282774,0.0164,0.0156
HD,2026-03-31,fund,VANGUARD INDEX FUNDS-Vanguard Total Stock Market Index Fund,31613627,10712593182,0.0317,0.0107
HD,2026-03-31,fund,VANGUARD INDEX FUNDS-Vanguard 500 Index Fund,25297615,8572349448,0.0254,0.0078
HD,2026-06-30,fund,iShares Trust-iShares Core S&P 500 ETF,13744175,4657350939,0.0138,0.0479
HD,2026-06-30,fund,Fidelity Concord Street Trust-Fidelity 500 Index Fund,12777353,4329733650,0.0128,0.003
HD,2026-06-30,fund,SPDR S&P 500 ETF TRUST-State Street SPDR S&P 500 ETF Trust,12029959,4076471730,0.0121,0.0019
HD,2026-05-31,fund,SCHWAB STRATEGIC TRUST-Schwab US Dividend Equity ETF,10056507,3407747814,0.0101,0.1974
HD,2026-03-31,fund,VANGUARD INDEX FUNDS-Vanguard Value Index Fund,9207965,3120210885,0.0092,0.0050999997
HD,2026-06-30,fund,Investment Co of America,6490202,2199269754,0.0064999997,0.111899994
HD,2026-03-31,fund,VANGUARD INSTITUTIONAL INDEX FUNDS-Vanguard Institutional Index Fund,5613001,1902021436,0.0056,-0.0174
HD,2026-04-30,fund,VANGUARD SPECIALIZED FUNDS-Vanguard Dividend Appreciation Index Fund,5589038,1893901334,0.0056,0.0226
LOW,2026-06-30,institution,Blackrock Inc.,40545728,8858025245,0.0723,0.0215
LOW,2026-06-30,institution,"FMR, LLC",37267356,8141799310,0.0665,0.1699
LOW,2026-06-30,institution,Vanguard Capital Management LLC,36598609,7995698152,0.0653,0.0039
LOW,2026-06-30,institution,JPMORGAN CHASE & CO,36201345,7908907886,0.0646,-0.024500001
LOW,2026-06-30,institution,State Street Corporation,25329373,5533708150,0.0452,0.036
LOW,2026-06-30,institution,Vanguard Portfolio Management LLC,14533932,3175228141,0.025899999,0.0194
LOW,2026-06-30,institution,"Geode Capital Management, LLC",14291229,3122204817,0.0255,0.0127
LOW,2026-06-30,institution,Morgan Stanley,10024383,2190026966,0.0179,-0.096599996
LOW,2026-03-31,institution,Wells Fargo & Company,8748137,1911205501,0.0156,-0.0253
LOW,2026-03-31,institution,Bank of America Corporation,8494032,1855691181,0.0150999995,-0.088999994
LOW,2026-03-31,fund,VANGUARD INDEX FUNDS-Vanguard Total Stock Market Index Fund,17816738,3892422772,0.0318,0.011
LOW,2026-03-31,fund,VANGUARD INDEX FUNDS-Vanguard 500 Index Fund,14254256,3114127325,0.0254,0.008
LOW,2026-06-30,fund,Fidelity Contrafund,8910851,1946753628,0.0159,0.17790002
LOW,2026-06-30,fund,iShares Trust-iShares Core S&P 500 ETF,7728908,1688534540,0.0138,0.0458
LOW,2026-06-30,fund,Fidelity Concord Street Trust-Fidelity 500 Index Fund,7184661,1569632897,0.0128,0.00090000004
LOW,2026-06-30,fund,SPDR S&P 500 ETF TRUST-State Street SPDR S&P 500 ETF Trust,6769278,1478884172,0.0121,-0.0008
LOW,2026-03-31,fund,VANGUARD INDEX FUNDS-Vanguard Value Index Fund,5188770,1133590588,0.0093,0.0050999997
LOW,2026-05-31,fund,MFS SERIES TRUST I-MFS Value Fund,3776904,825140221,0.0067000003,-0.0775
LOW,2026-03-31,fund,JPMorgan Trust I-JPMorgan U.S. Equity Fund,3327343,726924629,0.0058999998,-0.0194
LOW,2026-03-31,fund,VANGUARD INSTITUTIONAL INDEX FUNDS-Vanguard Institutional Index Fund,3162758,690967744,0.0056,-0.0174
TJX,2026-06-30,institution,Blackrock Inc.,108844399,16556321598,0.098500006,0.0125
TJX,2026-06-30,institution,Vanguard Capital Management LLC,72219699,10985338458,0.0654,0.0008
TJX,2026-06-30,institution,State Street Corporation,49709223,7561269940,0.045,0.0287
TJX,2026-06-30,institution,"Geode Capital Management, LLC",28894377,4395123703,0.026199998,-0.010299999
TJX,2026-06-30,institution,Morgan Stanley,27031090,4111699116,0.024500001,0.0115
TJX,2026-06-30,institution,"FMR, LLC",25442660,3870083028,0.023,-0.0764
TJX,2026-03-31,institution,Bank of America Corporation,25212075,3835008743,0.0228,-0.016
TJX,2026-06-30,institution,Vanguard Portfolio Management LLC,20212962,3074593662,0.0183,0.0202
TJX,2026-06-30,institution,JPMORGAN CHASE & CO,16938324,2576488473,0.0153,-0.0525
TJX,2026-06-30,institution,NORGES BANK,14473106,2201504162,0.013099999,0.0050999997
TJX,2026-03-31,fund,VANGUARD INDEX FUNDS-Vanguard Total Stock Market Index Fund,35262869,5363835025,0.0319,0.0088
TJX,2026-03-31,fund,VANGUARD INDEX FUNDS-Vanguard 500 Index Fund,28218509,4292317421,0.0255,0.0054
TJX,2026-06-30,fund,iShares Trust-iShares Core S&P 500 ETF,15259365,2321102019,0.0138,0.043
TJX,2026-06-30,fund,Fidelity Concord Street Trust-Fidelity 500 Index Fund,14185717,2157789421,0.0128,-0.0018000001
TJX,2026-06-30,fund,SPDR S&P 500 ETF TRUST-State Street SPDR S&P 500 ETF Trust,13365162,2032974799,0.0121,-0.0019
TJX,2026-03-31,fund,VANGUARD INDEX FUNDS-Vanguard Growth Index Fund,12008124,1826555748,0.0109,-0.003
TJX,2026-06-30,fund,iShares Trust-iShares MSCI USA Quality Factor ETF,11589268,1762843562,0.0105,-0.0286
TJX,2026-03-31,fund,VANGUARD INSTITUTIONAL INDEX FUNDS-Vanguard Institutional Index Fund,6260962,952354933,0.0057,-0.0197
TJX,2026-03-31,fund,VANGUARD CHESTER FUNDS-Vanguard PRIMECAP Fund,5929000,901860193,0.0054,-0.0092
TJX,2026-06-30,fund,SELECT SECTOR SPDR TRT-State Street Consumer Discretionary Select Sect,5865718,892234368,0.0053,-0.0104
ROST,2026-06-30,institution,Blackrock Inc.,27900923,6845770484,0.087,0.1225
ROST,2026-06-30,institution,Vanguard Capital Management LLC,21040574,5162515249,0.0656,0.001
ROST,2026-06-30,institution,State Street Corporation,14643656,3592967445,0.0456,0.052800003
ROST,2026-06-30,institution,Vanguard Portfolio Management LLC,14517853,3562100420,0.045300003,0.0238
ROST,2026-03-31,institution,Invesco Ltd.,12133660,2977114825,0.0378,0.0084
ROST,2026-06-30,institution,"FMR, LLC",10973537,2692467045,0.0342,0.19870001
ROST,2026-03-31,institution,Bank of America Corporation,9416866,2310522247,0.0294,-0.0373
ROST,2026-03-31,institution,Primecap Management Company,9170030,2249958566,0.0286,-0.004
ROST,2026-06-30,institution,JPMORGAN CHASE & CO,8685523,2131079928,0.0271,-0.1196
ROST,2026-06-30,institution,"Geode Capital Management, LLC",7943924,1949121197,0.0248,-0.1276
ROST,2026-03-31,fund,VANGUARD INDEX FUNDS-Vanguard Total Stock Market Index Fund,10270932,2520075881,0.032,0.0050999997
ROST,2026-03-31,fund,VANGUARD INDEX FUNDS-Vanguard 500 Index Fund,8218946,2016600595,0.0256,0.0021
ROST,2026-03-31,fund,VANGUARD INDEX FUNDS-Vanguard Mid-Cap Index Fund,6985092,1713862177,0.0218,-0.013200001
ROST,2026-06-30,fund,"Invesco QQQ Trust, Series 1",6838296,1677844310,0.021300001,-0.024300002
ROST,2026-03-31,fund,VANGUARD CHESTER FUNDS-Vanguard PRIMECAP Fund,6739470,1653596363,0.021,-0.0036000002
ROST,2026-06-30,fund,iShares Trust-iShares Core S&P 500 ETF,4444938,1090609990,0.0139,0.043
ROST,2026-06-30,fund,Fidelity Concord Street Trust-Fidelity 500 Index Fund,4132611,1013977437,0.0128999995,-0.0016
ROST,2026-06-30,fund,SPDR S&P 500 ETF TRUST-State Street SPDR S&P 500 ETF Trust,3893709,955360442,0.0121,-0.0007
ROST,2026-03-31,fund,J.P. Morgan Exch-Trd Fd. TRT-JPMorgan Eqy. Premium Income ETF,3466662,850580190,0.0108,0.0033000002
ROST,2026-03-31,fund,VANGUARD INDEX FUNDS-Vanguard Value Index Fund,2991246,733932120,0.0093,-0.00059999997
PG,2026-06-30,institution,Blackrock Inc.,190003442,27464998120,0.0817,0.0159
PG,2026-06-30,institution,Vanguard Capital Management LLC,152109741,21987463525,0.0654,0.0069999998
PG,2026-06-30,institution,State Street Corporation,102216308,14775367633,0.044,0.0095
PG,2026-06-30,institution,"Geode Capital Management, LLC",66458472,9606572330,0.0286,0.0319
PG,2026-06-30,institution,Vanguard Portfolio Management LLC,63393374,9163512405,0.0273,0.0087
PG,2026-06-30,institution,Morgan Stanley,47157141,6816564875,0.020299999,-0.0418
PG,2026-03-31,institution,"Charles Schwab Investment Management, Inc.",41360143,5978608796,0.0178,1.2025
PG,2026-03-31,institution,Price (T.Rowe) Associates Inc,32092077,4638909828,0.0138,0.0837
PG,2026-06-30,institution,NORGES BANK,31831692,4601271175,0.0137,-0.0221
PG,2026-06-30,institution,"FMR, LLC",29298374,4235080051,0.0126,-0.045900002
PG,2026-03-31,fund,VANGUARD INDEX FUNDS-Vanguard Total Stock Market Index Fund,73799184,10667672272,0.0317,0.005
PG,2026-03-31,fund,VANGUARD INDEX FUNDS-Vanguard 500 Index Fund,59054374,8536309941,0.0254,0.0022
PG,2026-06-30,fund,iShares Trust-iShares Core S&P 500 ETF,32133348,4644875551,0.0138,0.0495
PG,2026-06-30,fund,Fidelity Concord Street Trust-Fidelity 500 Index Fund,29871980,4317994800,0.0128999995,0.0044
PG,2026-06-30,fund,SPDR S&P 500 ETF TRUST-State Street SPDR S&P 500 ETF Trust,28125182,4065495143,0.0121,0.0033000002
PG,2026-05-31,fund,SCHWAB STRATEGIC TRUST-Schwab US Dividend Equity ETF,23448947,3389545360,0.0101,1.0
PG,2026-03-31,fund,VANGUARD INDEX FUNDS-Vanguard Value Index Fund,21496095,3107260597,0.0092,-0.0004
PG,2026-03-31,fund,VANGUARD INSTITUTIONAL INDEX FUNDS-Vanguard Institutional Index Fund,13103260,1894076272,0.0056,-0.0229
PG,2026-04-30,fund,VANGUARD SPECIALIZED FUNDS-Vanguard Dividend Appreciation Index Fund,13047395,1886000987,0.0056,0.0124
PG,2026-04-30,fund,VANGUARD WHITEHALL FUNDS-Vanguard High Dividend Yield Index Fund,9255811,1337927508,0.004,-0.0208
KO,2026-03-31,institution,"Berkshire Hathaway, Inc",400000000,35083999633,0.093,0.0
KO,2026-06-30,institution,Blackrock Inc.,322740471,28307566415,0.075,-0.0325
KO,2026-06-30,institution,Vanguard Capital Management LLC,238798011,20944973326,0.0555,0.0057
KO,2026-06-30,institution,State Street Corporation,167399379,14682599378,0.038900003,0.0011
KO,2026-06-30,institution,"FMR, LLC",109159806,9574406484,0.0254,0.0147
KO,2026-06-30,institution,"Geode Capital Management, LLC",105977991,9295329493,0.024600001,0.1401
KO,2026-06-30,institution,Vanguard Portfolio Management LLC,99612603,8737021317,0.0232,-0.0034
KO,2026-06-30,institution,Morgan Stanley,89824129,7878474272,0.0209,-0.0225
KO,2026-03-31,institution,"Charles Schwab Investment Management, Inc.",76339039,6695697040,0.0177,0.067600004
KO,2026-06-30,institution,JPMORGAN CHASE & CO,55484687,4866561845,0.0128999995,-0.214
KO,2026-03-31,fund,VANGUARD INDEX FUNDS-Vanguard Total Stock Market Index Fund,109256090,9582851553,0.0254,0.0105
KO,2026-03-31,fund,VANGUARD INDEX FUNDS-Vanguard 500 Index Fund,98380632,8628965142,0.0229,0.0077
KO,2026-06-30,fund,iShares Trust-iShares Core S&P 500 ETF,53432945,4686603557,0.0124,0.0476
KO,2026-06-30,fund,Fidelity Concord Street Trust-Fidelity 500 Index Fund,49674195,4356923597,0.0115,0.0026
KO,2026-05-31,fund,SCHWAB STRATEGIC TRUST-Schwab US Dividend Equity ETF,47528566,4168730480,0.011,0.1197
KO,2026-06-30,fund,SPDR S&P 500 ETF TRUST-State Street SPDR S&P 500 ETF Trust,46767172,4101948613,0.0109,0.0016
KO,2026-03-31,fund,VANGUARD INDEX FUNDS-Vanguard Value Index Fund,31824582,2791334058,0.0074,0.0049
KO,2026-03-31,fund,VANGUARD INSTITUTIONAL INDEX FUNDS-Vanguard Institutional Index Fund,21827969,1914531141,0.0050999997,-0.0175
KO,2026-04-30,fund,VANGUARD SPECIALIZED FUNDS-Vanguard Dividend Appreciation Index Fund,21735142,1906389284,0.0050999997,0.021
KO,2026-03-31,fund,JPMorgan Trust II-JPMorgan Large Cap Growth Fund,19238692,1687425657,0.0045,0.84080005
PEP,2026-06-30,institution,Blackrock Inc.,118281854,16652901430,0.0842,0.0211
PEP,2026-06-30,institution,Vanguard Capital Management LLC,89257968,12566628715,0.0636,0.0050999997
PEP,2026-06-30,institution,State Street Corporation,60406932,8504691550,0.043,0.0166
PEP,2026-03-31,institution,Invesco Ltd.,40743477,5736273853,0.029000001,-0.050100002
PEP,2026-06-30,institution,Vanguard Portfolio Management LLC,37159425,5231675196,0.026500002,0.019299999
PEP,2026-06-30,institution,"Geode Capital Management, LLC",34977755,4924517891,0.0249,0.0106
PEP,2026-06-30,institution,JPMORGAN CHASE & CO,30596336,4307657940,0.0218,-0.120799996
PEP,2026-03-31,institution,"Charles Schwab Investment Management, Inc.",30210808,4253379455,0.0215,0.075500004
PEP,2026-06-30,institution,Morgan Stanley,26615206,3747154674,0.019,0.0013
PEP,2026-03-31,institution,Bank of America Corporation,21283701,2996532120,0.0152,0.0063
PEP,2026-03-31,fund,VANGUARD INDEX FUNDS-Vanguard Total Stock Market Index Fund,43398257,6110040311,0.0309,0.0099
PEP,2026-03-31,fund,VANGUARD INDEX FUNDS-Vanguard 500 Index Fund,34728297,4889396701,0.0247,0.0070999996
PEP,2026-06-30,fund,"Invesco QQQ Trust, Series 1",29012647,4084690376,0.0207,-0.020299999
PEP,2026-05-31,fund,SCHWAB STRATEGIC TRUST-Schwab US Dividend Equity ETF,22644961,3188183907,0.0161,0.1154
PEP,2026-06-30,fund,iShares Trust-iShares Core S&P 500 ETF,18859285,2655198608,0.0134000005,0.047399998
PEP,2026-06-30,fund,Fidelity Concord Street Trust-Fidelity 500 Index Fund,17533318,2468515723,0.0125,0.0025
PEP,2026-06-30,fund,SPDR S&P 500 ETF TRUST-State Street SPDR S&P 500 ETF Trust,16518997,2325709476,0.0117999995,0.0023
PEP,2026-03-31,fund,VANGUARD INDEX FUNDS-Vanguard Value Index Fund,12640774,1779694486,0.009,0.0046
PEP,2026-03-31,fund,VANGUARD INSTITUTIONAL INDEX FUNDS-Vanguard Institutional Index Fund,7705437,1084848423,0.0055,-0.018099999
PEP,2026-04-30,fund,VANGUARD SPECIALIZED FUNDS-Vanguard Dividend Appreciation Index Fund,7672667,1080234735,0.0055,0.0214
PM,2026-06-30,institution,Capital World Investors,133152391,25350883641,0.0854,-0.0022
PM,2026-06-30,institution,Blackrock Inc.,108039522,20569644527,0.069299996,0.0047
PM,2026-06-30,institution,Vanguard Capital Management LLC,101785557,19378952135,0.0653,0.0062
PM,2026-06-30,institution,Capital Research Global Investors,84253663,16041054847,0.0541,0.0555
PM,2026-06-30,institution,Capital International Investors,72252261,13756107927,0.0464,-0.0069999998
PM,2026-06-30,institution,State Street Corporation,55569994,10579971123,0.0357,0.0098
PM,2026-06-30,institution,JPMORGAN CHASE & CO,48189101,9174722909,0.0309,-0.0659
PM,2026-06-30,institution,"FMR, LLC",46521326,8857195228,0.0298,0.039100002
PM,2026-06-30,institution,GQG Partners LLC,45436985,8650747546,0.0292,-0.0932
PM,2026-06-30,institution,"Geode Capital Management, LLC",39038598,7432558649,0.025,0.015
PM,2026-03-31,fund,VANGUARD INDEX FUNDS-Vanguard Total Stock Market Index Fund,49438526,9412600934,0.0317,0.010299999
PM,2026-06-30,fund,WASHINGTON MUTUAL INVESTORS FUND,44395893,8452534041,0.028499998,-0.0091
PM,2026-03-31,fund,VANGUARD INDEX FUNDS-Vanguard 500 Index Fund,39557853,7531419608,0.0254,0.0077
PM,2026-06-30,fund,AMERICAN FUNDS FUNDAMENTAL INVESTORS,36553926,6959501948,0.0235,-0.0162
PM,2026-06-30,fund,AMERICAN BALANCED FUND,36158865,6884286285,0.0232,0.0156
PM,2026-06-30,fund,Investment Co of America,23508328,4475750553,0.0150999995,0.0225
PM,2026-04-30,fund,Goldman Sachs TRT II-Goldman Sachs GQG Part. Intl Opportunities Fd.,22297764,4245271274,0.0143,0.0
PM,2026-06-30,fund,iShares Trust-iShares Core S&P 500 ETF,21506526,4094627472,0.0138,0.048600003
PM,2026-06-30,fund,Capital Income Builder,20132320,3832992392,0.0128999995,0.017
PM,2026-06-30,fund,AMERICAN MUTUAL FUND,19997923,3807404547,0.0128,-0.0061000003
MO,2026-06-30,institution,Blackrock Inc.,126073166,8283006621,0.075500004,0.0106
MO,2026-06-30,institution,Vanguard Capital Management LLC,109032952,7163464613,0.0653,0.0018000001
MO,2026-06-30,institution,State Street Corporation,70192620,4611654919,0.042,-0.0223
MO,2026-06-30,institution,Capital Research Global Investors,58653624,3853542917,0.035099998,1.2839999
MO,2026-03-31,institution,"Charles Schwab Investment Management, Inc.",54280109,3566202995,0.0325,-0.1715
MO,2026-06-30,institution,"Geode Capital Management, LLC",47721870,3135326713,0.0286,0.0149
MO,2026-06-30,institution,Vanguard Portfolio Management LLC,33719478,2215369601,0.0202,-0.0423
MO,2026-06-30,institution,GQG Partners LLC,25111622,1649833488,0.015,0.0535
MO,2026-06-30,institution,Morgan Stanley,22702935,1491582760,0.0136,-0.0717
MO,2026-03-31,institution,"Ameriprise Financial, Inc.",21503069,1412751567,0.0128999995,-0.0135
MO,2026-03-31,fund,VANGUARD INDEX FUNDS-Vanguard Total Stock Market Index Fund,53091357,3488101992,0.0318,0.0066000004
MO,2026-03-31,fund,VANGUARD INDEX FUNDS-Vanguard 500 Index Fund,42659213,2802710163,0.0255,0.0078
MO,2026-05-31,fund,SCHWAB STRATEGIC TRUST-Schwab US Dividend Equity ETF,40094740,2634224295,0.024,-0.2209
MO,2026-06-30,fund,iShares Trust-iShares Core S&P 500 ETF,23043192,1513937644,0.0138,0.0419
MO,2026-06-30,fund,Fidelity Concord Street Trust-Fidelity 500 Index Fund,21421870,1407416793,0.0128,-0.0028
MO,2026-06-30,fund,SPDR S&P 500 ETF TRUST-State Street SPDR S&P 500 ETF Trust,20182778,1326008453,0.0121,-0.0021
MO,2026-06-30,fund,AMERICAN MUTUAL FUND,20092913,1320104322,0.012,0.8113
MO,2026-06-30,fund,Investment Co of America,18852742,1238625091,0.0113,1.5546001
MO,2026-03-31,fund,VANGUARD INDEX FUNDS-Vanguard Value Index Fund,15463422,1015946778,0.0093,0.001
MO,2026-06-30,fund,Capital Income Builder,10280570,675433417,0.0062,0.14140001
MDLZ,2026-06-30,institution,Blackrock Inc.,105969321,6740708573,0.083000004,0.00029999999
MDLZ,2026-06-30,institution,Vanguard Capital Management LLC,83858130,5334215700,0.0657,0.0063
MDLZ,2026-06-30,institution,Capital Research Global Investors,69663227,4431277911,0.0546,0.0199
MDLZ,2026-06-30,institution,JPMORGAN CHASE & CO,60744872,3863981344,0.0476,-0.0224
MDLZ,2026-06-30,institution,State Street Corporation,59579607,3789858837,0.0467,-0.0357
MDLZ,2026-06-30,institution,Capital International Investors,50549498,3215453598,0.0396,0.0106
MDLZ,2026-03-31,institution,Invesco Ltd.,45906671,2920123370,0.036,0.0211
MDLZ,2026-03-31,institution,Price (T.Rowe) Associates Inc,43998928,2798771836,0.0345,0.1775
MDLZ,2026-06-30,institution,Vanguard Portfolio Management LLC,34110119,2169744690,0.026700001,0.0134000005
MDLZ,2026-06-30,institution,"Geode Capital Management, LLC",30090399,1914050298,0.023599999,0.0075
MDLZ,2026-03-31,fund,VANGUARD INDEX FUNDS-Vanguard Total Stock Market Index Fund,40715099,2589887472,0.0319,0.003
MDLZ,2026-06-30,fund,AMERICAN MUTUAL FUND,35688132,2270122098,0.027999999,-0.0067000003
MDLZ,2026-03-31,fund,VANGUARD INDEX FUNDS-Vanguard 500 Index Fund,32572040,2071907484,0.0255,0.0011
MDLZ,2026-06-30,fund,"Invesco QQQ Trust, Series 1",27248278,1733262980,0.021300001,-0.019
MDLZ,2026-06-30,fund,WASHINGTON MUTUAL INVESTORS FUND,21728620,1382157531,0.017,0.0
MDLZ,2026-06-30,fund,Capital Income Builder,18486581,1175931428,0.0145000005,0.0484
MDLZ,2026-06-30,fund,iShares Trust-iShares Core S&P 500 ETF,17712788,1126710455,0.0139,0.048800003
MDLZ,2026-06-30,fund,Fidelity Concord Street Trust-Fidelity 500 Index Fund,16467046,1047468806,0.0128999995,0.0039
MDLZ,2026-06-30,fund,SPDR S&P 500 ETF TRUST-State Street SPDR S&P 500 ETF Trust,15520876,987282931,0.012200001,0.005
MDLZ,2026-03-31,fund,-Price (T.Rowe) U.S. Value Equity Trust,13088830,832580484,0.010299999,0.2523
CL,2026-06-30,institution,Blackrock Inc.,69915472,6428727437,0.0877,-0.0375
CL,2026-06-30,institution,Vanguard Capital Management LLC,52246333,4804050159,0.0655,0.0005
CL,2026-06-30,institution,State Street Corporation,47020966,4323577680,0.059,-0.0146
CL,2026-03-31,institution,Price (T.Rowe) Associates Inc,33729165,3101396618,0.0423,0.081499994
CL,2026-06-30,institution,Vanguard Portfolio Management LLC,24021137,2208743473,0.0301,0.0083
CL,2026-06-30,institution,"Geode Capital Management, LLC",23144319,2128120061,0.029000001,0.0107
CL,2026-06-30,institution,Morgan Stanley,22072925,2029605386,0.0277,0.0571
CL,2026-06-30,institution,Bank Of New York Mellon Corporation,13532417,1244305701,0.017,0.080699995
CL,2026-06-30,institution,Deutsche Bank AG,11751973,1080593881,0.0147,-0.0148
CL,2026-06-30,institution,NORGES BANK,9686029,890630336,0.012200001,-0.1117
CL,2026-03-31,fund,VANGUARD INDEX FUNDS-Vanguard Total Stock Market Index Fund,25450432,2340167144,0.0319,0.0062
CL,2026-03-31,fund,VANGUARD INDEX FUNDS-Vanguard 500 Index Fund,20483655,1883472014,0.0257,0.0078
CL,2026-06-30,fund,iShares Trust-iShares Core S&P 500 ETF,11041574,1015272695,0.0139,0.0397
CL,2026-06-30,fund,Fidelity Concord Street Trust-Fidelity 500 Index Fund,10265064,943872603,0.0128999995,-0.0049
CL,2026-06-30,fund,SPDR S&P 500 ETF TRUST-State Street SPDR S&P 500 ETF Trust,9671438,889288694,0.0121,-0.0034
CL,2026-03-31,fund,VANGUARD INDEX FUNDS-Vanguard Value Index Fund,7412429,681572823,0.0093,-0.0008
CL,2026-06-30,fund,SELECT SECTOR SPDR TRT-State Street Consumer Staples Select Sector SPD,6982221,642015199,0.0088,-0.068
CL,2026-04-30,fund,First Eagle Funds-First Eagle Global Fund,5342322,491226491,0.0067000003,0.0
CL,2026-03-31,fund,VANGUARD INSTITUTIONAL INDEX FUNDS-Vanguard Institutional Index Fund,4544683,417883587,0.0057,-0.0174
CL,2026-04-30,fund,VANGUARD SPECIALIZED FUNDS-Vanguard Dividend Appreciation Index Fund,4525892,416155755,0.0057,0.0154
KMB,2026-06-30,institution,Blackrock Inc.,32321354,3567954248,0.097399995,0.070300005
KMB,2026-06-30,institution,Vanguard Capital Management LLC,21661695,2391234497,0.0653,0.0054
KMB,2026-06-30,institution,State Street Corporation,21081552,2327192512,0.0635,-0.026199998
KMB,2026-06-30,institution,Vanguard Portfolio Management LLC,16099649,1777240243,0.048499998,-0.0034
KMB,2026-06-30,institution,"FMR, LLC",13133613,1449819531,0.0396,2.6218
KMB,2026-06-30,institution,"Geode Capital Management, LLC",11199927,1236359934,0.033800002,0.29659998
KMB,2026-03-31,institution,"Charles Schwab Investment Management, Inc.",9660478,1066420160,0.0291,-0.1894
KMB,2026-03-31,institution,"Wellington Management Group, LLP",8956524,988710678,0.027,0.2155
KMB,2026-06-30,institution,Massachusetts Financial Services Co.,8156490,900394926,0.024600001,0.0669
KMB,2026-06-30,institution,Morgan Stanley,6857668,757017966,0.0207,-0.0679
KMB,2026-03-31,fund,VANGUARD INDEX FUNDS-Vanguard Total Stock Market Index Fund,10534905,1162948156,0.0317,0.0126
KMB,2026-03-31,fund,VANGUARD INDEX FUNDS-Vanguard 500 Index Fund,8434978,931137216,0.0254,0.007900001
KMB,2026-05-31,fund,SCHWAB STRATEGIC TRUST-Schwab US Dividend Equity ETF,7927703,875139129,0.0239,-0.22620001
KMB,2026-03-31,fund,VANGUARD INDEX FUNDS-Vanguard Mid-Cap Index Fund,7168115,791288210,0.0216,-0.0077
KMB,2026-03-31,fund,VANGUARD FENWAY FUNDS-Vanguard Equity Income Fund,4840551,534348421,0.0146,0.2193
KMB,2026-06-30,fund,iShares Trust-iShares Core S&P 500 ETF,4580492,505640509,0.0138,0.047399998
KMB,2026-06-30,fund,Fidelity Concord Street Trust-Fidelity 500 Index Fund,4258226,470065565,0.0128,0.0025
KMB,2026-06-30,fund,SPDR S&P 500 ETF TRUST-State Street SPDR S&P 500 ETF Trust,4011656,442846703,0.0121,-0.0008
KMB,2026-05-31,fund,MFS SERIES TRUST I-MFS Value Fund,3808553,420426163,0.0115,-0.0775
KMB,2026-06-30,fund,iShares Trust-iShares Select Dividend ETF,3495417,385859080,0.0105,0.0001
MCD,2026-06-30,institution,Blackrock Inc.,55436039,15124613775,0.0783,0.0015
MCD,2026-06-30,institution,Vanguard Capital Management LLC,46396692,12658408855,0.0656,0.0039
MCD,2026-06-30,institution,State Street Corporation,36080505,9843843694,0.051,0.0183
MCD,2026-06-30,institution,JPMORGAN CHASE & CO,31923726,8709749735,0.045100003,-0.1522
MCD,2026-06-30,institution,Vanguard Portfolio Management LLC,18781589,5124180674,0.026500002,-0.016900001
MCD,2026-06-30,institution,"Geode Capital Management, LLC",18114553,4942193251,0.0256,0.0085
MCD,2026-06-30,institution,Morgan Stanley,15027364,4099915518,0.0212,-0.0378
MCD,2026-03-31,institution,Bank of America Corporation,12156558,3316673555,0.0172,-0.0212
MCD,2026-06-30,institution,NORGES BANK,9878380,2695118282,0.0139999995,0.044499997
MCD,2026-03-31,institution,Price (T.Rowe) Associates Inc,9734954,2655987369,0.0138,0.0275
MCD,2026-03-31,fund,VANGUARD INDEX FUNDS-Vanguard Total Stock Market Index Fund,22556128,6153988099,0.0319,0.008
MCD,2026-03-31,fund,VANGUARD INDEX FUNDS-Vanguard 500 Index Fund,18097662,4937584880,0.0256,0.0077
MCD,2026-06-30,fund,iShares Trust-iShares Core S&P 500 ETF,9804228,2674887393,0.0139,0.044899996
MCD,2026-06-30,fund,Fidelity Concord Street Trust-Fidelity 500 Index Fund,9114587,2486732648,0.0128999995,0.0001
MCD,2026-06-30,fund,SPDR S&P 500 ETF TRUST-State Street SPDR S&P 500 ETF Trust,8587456,2342915505,0.0121,-0.0001
MCD,2026-03-31,fund,VANGUARD INDEX FUNDS-Vanguard Growth Index Fund,7628428,2081263908,0.0108,-0.0016
MCD,2026-06-30,fund,SPDR DOW JONES INDUSTRIAL AVERAGE ETF TRT-State Street SPDR Dow Jones ,5097433,1390732576,0.0072000003,-0.054899998
MCD,2026-03-31,fund,VANGUARD INSTITUTIONAL INDEX FUNDS-Vanguard Institutional Index Fund,4015388,1095518254,0.0057,-0.0175
MCD,2026-04-30,fund,VANGUARD SPECIALIZED FUNDS-Vanguard Dividend Appreciation Index Fund,3998161,1090818211,0.0056,0.0224
MCD,2026-03-31,fund,JPMorgan Trust II-JPMorgan Large Cap Growth Fund,3677571,1003351646,0.0052,0.8468
SBUX,2026-06-30,institution,Capital Research Global Investors,109649535,11808158691,0.0962,0.0713
SBUX,2026-06-30,institution,Capital World Investors,91475472,9850993803,0.0802,-0.1146
SBUX,2026-06-30,institution,Blackrock Inc.,83222518,8962233166,0.073,0.046
SBUX,2026-06-30,institution,Vanguard Capital Management LLC,74431675,8015547262,0.0653,0.0055
SBUX,2026-06-30,institution,State Street Corporation,49260268,5304838381,0.0432,0.0321
SBUX,2026-03-31,institution,Invesco Ltd.,38167241,4110230276,0.0335,-0.0495
SBUX,2026-06-30,institution,Vanguard Portfolio Management LLC,30105849,3242098952,0.026400002,0.0224
SBUX,2026-06-30,institution,"Geode Capital Management, LLC",28569031,3076599018,0.0251,0.0197
SBUX,2026-06-30,institution,"FMR, LLC",26301027,2832357661,0.0231,0.0208
SBUX,2026-06-30,institution,Morgan Stanley,19928895,2146142751,0.0175,-0.1985
SBUX,2026-03-31,fund,VANGUARD INDEX FUNDS-Vanguard Total Stock Market Index Fund,36171829,3895344353,0.0317,0.012200001
SBUX,2026-03-31,fund,VANGUARD INDEX FUNDS-Vanguard 500 Index Fund,28951293,3117764813,0.0254,0.0099
SBUX,2026-06-30,fund,AMERICAN MUTUAL FUND,28924014,3114827138,0.0254,0.09689999
SBUX,2026-06-30,fund,Investment Co of America,26068458,2807312305,0.0229,0.107700005
SBUX,2026-06-30,fund,AMERICAN BALANCED FUND,25424885,2738005927,0.0223,-0.1309
SBUX,2026-06-30,fund,"Invesco QQQ Trust, Series 1",24192623,2605303629,0.0212,-0.0201
SBUX,2026-06-30,fund,Growth Fund of America,23445861,2524884828,0.020599999,0.0
SBUX,2026-06-30,fund,AMERICAN FUNDS FUNDAMENTAL INVESTORS,17502976,1884895528,0.0154,0.0954
SBUX,2026-06-30,fund,iShares Trust-iShares Core S&P 500 ETF,15725972,1693529963,0.0138,0.0477
SBUX,2026-06-30,fund,WASHINGTON MUTUAL INVESTORS FUND,15189766,1635785937,0.013300001,-0.1883
CMG,2026-06-30,institution,Blackrock Inc.,129925735,4352512122,0.1027,0.16549999
CMG,2026-06-30,institution,Vanguard Capital Management LLC,83815448,2807817508,0.066199996,-0.0101
CMG,2026-06-30,institution,JPMORGAN CHASE & CO,66168691,2216651148,0.0523,0.3463
CMG,2026-06-30,institution,Vanguard Portfolio Management LLC,60320683,2020742880,0.0477,-0.0125
CMG,2026-06-30,institution,State Street Corporation,55667783,1864870730,0.044,0.0150999995
CMG,2026-03-31,institution,Price (T.Rowe) Associates Inc,53747546,1800542791,0.0425,-0.0804
CMG,2026-06-30,institution,Capital World Investors,45806251,1534509408,0.036199998,-0.4322
CMG,2026-06-30,institution,"Geode Capital Management, LLC",36374611,1218549468,0.0287,0.2019
CMG,2026-06-30,institution,"FMR, LLC",34290443,1148729840,0.0271,0.13
CMG,2026-06-30,institution,Capital International Investors,30126283,1009230480,0.0238,-0.2962
CMG,2026-03-31,fund,VANGUARD INDEX FUNDS-Vanguard Total Stock Market Index Fund,41357972,1385492062,0.0327,-0.0050999997
CMG,2026-03-31,fund,VANGUARD INDEX FUNDS-Vanguard 500 Index Fund,33093812,1108642702,0.026199998,-0.0076
CMG,2026-03-31,fund,VANGUARD INDEX FUNDS-Vanguard Mid-Cap Index Fund,28127532,942272322,0.0222,0.955
CMG,2026-06-30,fund,AMERICAN FUNDS FUNDAMENTAL INVESTORS,22245308,745217818,0.0176,-0.3195
CMG,2026-06-30,fund,iShares Trust-iShares Core S&P 500 ETF,17700900,592980150,0.0139999995,0.031600002
CMG,2026-06-30,fund,Fidelity Concord Street Trust-Fidelity 500 Index Fund,16455300,551252550,0.012999999,-0.0127
CMG,2026-06-30,fund,SPDR S&P 500 ETF TRUST-State Street SPDR S&P 500 ETF Trust,15503160,519355860,0.0123000005,-0.011
CMG,2026-03-31,fund,VANGUARD INDEX FUNDS-Vanguard Growth Index Fund,15241135,510578022,0.012,-0.0363
CMG,2026-06-30,fund,iShares Trust-iShares MSCI USA Quality Factor ETF,12122759,406112426,0.0095999995,-0.0286
CMG,2026-06-30,fund,Growth Fund of America,11523006,386020701,0.0091,0.0
YUM,2026-06-30,institution,Blackrock Inc.,26190487,3879073045,0.096,-0.0093
YUM,2026-06-30,institution,JPMORGAN CHASE & CO,20017649,2964814005,0.0734,0.0334
YUM,2026-06-30,institution,Vanguard Capital Management LLC,18000462,2666048437,0.066,-0.0001
YUM,2026-06-30,institution,Capital International Investors,16961198,2512123046,0.0622,0.008
YUM,2026-06-30,institution,Vanguard Portfolio Management LLC,13996754,2073059243,0.0513,0.0044
YUM,2026-06-30,institution,State Street Corporation,13185799,1952948697,0.048299998,0.0155
YUM,2026-03-31,institution,"T. Rowe Price Investment Management, Inc.",9881620,1463566744,0.036199998,-0.357
YUM,2026-06-30,institution,"Geode Capital Management, LLC",8371753,1239940341,0.0307,0.0052
YUM,2026-06-30,institution,NORGES BANK,5022027,743812422,0.0184,0.0749
YUM,2026-06-30,institution,Morgan Stanley,4397381,651296102,0.0161,0.0456
YUM,2026-06-30,fund,WASHINGTON MUTUAL INVESTORS FUND,8804472,1304030353,0.0323,0.0064
YUM,2026-03-31,fund,VANGUARD INDEX FUNDS-Vanguard Total Stock Market Index Fund,8775568,1299749381,0.0322,0.0077
YUM,2026-03-31,fund,VANGUARD INDEX FUNDS-Vanguard 500 Index Fund,7056349,1045115854,0.025899999,0.008
YUM,2026-03-31,fund,VANGUARD INDEX FUNDS-Vanguard Mid-Cap Index Fund,5969787,884185156,0.0219,-0.012200001
YUM,2026-03-31,fund,J.P. Morgan Exch-Trd Fd. TRT-JPMorgan Eqy. Premium Income ETF,3983974,590066391,0.0146,0.0627
YUM,2026-06-30,fund,iShares Trust-iShares Core S&P 500 ETF,3802978,563259073,0.0139,0.0396
YUM,2026-06-30,fund,Fidelity Concord Street Trust-Fidelity 500 Index Fund,3535750,523679934,0.012999999,-0.0049
YUM,2026-06-30,fund,SPDR S&P 500 ETF TRUST-State Street SPDR S&P 500 ETF Trust,3331387,493411730,0.012200001,-0.0077
YUM,2026-03-31,fund,VANGUARD INDEX FUNDS-Vanguard Growth Index Fund,3248614,481152221,0.0119,-0.036
YUM,2026-06-30,fund,NEW PERSPECTIVE FUND,2625350,388840590,0.0095999995,0.0
QSR,2026-06-30,institution,Capital World Investors,43862952,3405519566,0.12560001,0.0234
QSR,2026-03-31,institution,"Pershing Square Capital Management, L.P.",22645483,1758195286,0.0648,-0.0097
QSR,2026-03-31,institution,Edgepoint Investment Group Inc.,19348137,1502189344,0.0554,0.16239999
QSR,2026-03-31,institution,Royal Bank of Canada,18386132,1427499277,0.052699998,-0.0086
QSR,2026-06-30,institution,Blackrock Inc.,15228770,1182361693,0.0436,0.90610003
QSR,2026-06-30,institution,Bank of Montreal /CAN/,11295632,876992861,0.0323,0.2534
QSR,2026-06-30,institution,Vanguard Capital Management LLC,10489509,814405472,0.03,0.0173
QSR,2026-06-30,institution,"FMR, LLC",8417025,653497815,0.0241,0.019299999
QSR,2026-03-31,institution,Goldman Sachs Group Inc,7113439,552287399,0.020399999,1.8189999
QSR,2026-06-30,institution,BAUPOST GROUP LLC/MA,6753112,524311611,0.019299999,-0.16420001
QSR,2026-06-30,fund,NEW PERSPECTIVE FUND,11694954,907996221,0.0335,0.0
QSR,2026-06-30,fund,AMERICAN FUNDS FUNDAMENTAL INVESTORS,9809955,761644900,0.028099999,0.0
QSR,2026-06-30,fund,Income Fund of America,8176037,634787507,0.0234,0.0
QSR,2026-06-30,fund,AMERICAN BALANCED FUND,6668873,517771295,0.0191,0.0068
QSR,2026-04-30,fund,VANGUARD STAR FUNDS-Vanguard Total International Stock Index Fund,4981653,386775535,0.0143,0.0513
QSR,2026-03-31,fund,VANGUARD TAX-MANAGED FUNDS-Vanguard Developed Markets Index Fund,3297550,256021779,0.0094,0.0805
QSR,2026-04-30,fund,BLACKROCK EQUITY DIVIDEND FUND,3083588,239409770,0.0088,1.0
QSR,2026-06-30,fund,Capital Income Builder,2445509,189869317,0.0069999998,0.0
QSR,2026-06-30,fund,Fidelity Investment Trust-Fidelity Series Canada Fund,2350052,182458035,0.0067000003,-0.0041
QSR,2026-04-30,fund,AIM Sector Funds (Invesco Sector Funds)-INVESCO COMSTOCK FUND,1986643,154242961,0.0057,-0.074499995
DRI,2026-06-30,institution,Capital World Investors,15169444,3417068872,0.133,0.0161
DRI,2026-06-30,institution,Blackrock Inc.,9781606,2203404513,0.0857,0.0137
DRI,2026-06-30,institution,Vanguard Capital Management LLC,7473025,1683373570,0.0655,-0.0001
DRI,2026-03-31,institution,"Wellington Management Group, LLP",6848992,1542803900,0.06,-0.1521
DRI,2026-06-30,institution,Vanguard Portfolio Management LLC,5374923,1210755125,0.0471,0.0037
DRI,2026-06-30,institution,State Street Corporation,5004209,1127248091,0.043899998,0.0293
DRI,2026-03-31,institution,"Raymond James Financial, Inc.",3565772,803225781,0.0313,0.0241
DRI,2026-06-30,institution,"Geode Capital Management, LLC",3460025,779405212,0.030299999,0.0047
DRI,2026-03-31,institution,"Charles Schwab Investment Management, Inc.",3366224,758275599,0.0295,-0.1966
DRI,2026-03-31,institution,Bank of America Corporation,3212283,723598850,0.028199999,0.4463
DRI,2026-06-30,fund,Income Fund of America,6267143,1411736597,0.054899998,0.0403
DRI,2026-06-30,fund,WASHINGTON MUTUAL INVESTORS FUND,5547269,1249577784,0.048600003,0.0
DRI,2026-03-31,fund,VANGUARD INDEX FUNDS-Vanguard Total Stock Market Index Fund,3654492,823210847,0.032,0.0027
DRI,2026-05-31,fund,VANGUARD WELLINGTON FUND,3425504,771629012,0.03,-0.0198
DRI,2026-03-31,fund,VANGUARD INDEX FUNDS-Vanguard 500 Index Fund,2925619,659024919,0.0256,-0.0027
DRI,2026-05-31,fund,SCHWAB STRATEGIC TRUST-Schwab US Dividend Equity ETF,2750400,619555088,0.0241,-0.2341
DRI,2026-03-31,fund,VANGUARD INDEX FUNDS-Vanguard Mid-Cap Index Fund,2486575,560125870,0.0218,-0.0178
DRI,2026-06-30,fund,AMERICAN BALANCED FUND,1640000,369426390,0.014400001,0.0
DRI,2026-06-30,fund,iShares Trust-iShares Core S&P 500 ETF,1581059,356149341,0.0139,0.0423
DRI,2026-03-31,fund,VANGUARD FENWAY FUNDS-Vanguard Equity Income Fund,1564591,352439760,0.0137,-0.3584
TSLA,2026-06-30,institution,Blackrock Inc.,214123129,73287921010,0.0542,0.029000001
TSLA,2026-06-30,institution,Vanguard Capital Management LLC,184023551,62985738779,0.0466,0.0064
TSLA,2026-06-30,institution,State Street Corporation,117456756,40201922585,0.0297,0.0241
TSLA,2026-06-30,institution,"Geode Capital Management, LLC",68914720,23587440457,0.0174,0.0134000005
TSLA,2026-03-31,institution,Invesco Ltd.,54881149,18784170265,0.0139,0.0359
TSLA,2026-06-30,institution,Vanguard Portfolio Management LLC,49550535,16959661070,0.0125,0.006
TSLA,2026-06-30,institution,Capital World Investors,45735669,15653946926,0.0116,0.066
TSLA,2026-06-30,institution,JPMORGAN CHASE & CO,41972287,14365854210,0.0106,-0.088999994
TSLA,2026-06-30,institution,"FMR, LLC",39766224,13610785051,0.0101,0.1038
TSLA,2026-06-30,institution,Morgan Stanley,38872087,13304748790,0.0098,-0.0078
TSLA,2026-03-31,fund,VANGUARD INDEX FUNDS-Vanguard Total Stock Market Index Fund,89378120,30591448150,0.0226,0.006
TSLA,2026-03-31,fund,VANGUARD INDEX FUNDS-Vanguard 500 Index Fund,71471326,24462489964,0.018099999,0.0087
TSLA,2026-06-30,fund,iShares Trust-iShares Core S&P 500 ETF,38847526,13296342297,0.0098,0.0484
TSLA,2026-06-30,fund,"Invesco QQQ Trust, Series 1",38410623,13146803512,0.0097,-0.0199
TSLA,2026-06-30,fund,Fidelity Concord Street Trust-Fidelity 500 Index Fund,36115559,12361271982,0.0091,0.0034999999
TSLA,2026-06-30,fund,SPDR S&P 500 ETF TRUST-State Street SPDR S&P 500 ETF Trust,34022968,11645040883,0.0086,0.0031
TSLA,2026-03-31,fund,VANGUARD INDEX FUNDS-Vanguard Growth Index Fund,29694382,10163495800,0.0075,0.0032
TSLA,2026-06-30,fund,Growth Fund of America,21301052,7290710834,0.0054,0.0304
TSLA,2026-03-31,fund,VANGUARD INSTITUTIONAL INDEX FUNDS-Vanguard Institutional Index Fund,15857578,5427573047,0.004,-0.0166
TSLA,2026-06-30,fund,NEW PERSPECTIVE FUND,11287665,3863428975,0.0029,0.0686
GM,2026-06-30,institution,Blackrock Inc.,77309218,6708120586,0.0881,-0.0647
GM,2026-06-30,institution,Vanguard Capital Management LLC,58893656,5110202333,0.0671,0.0026
GM,2026-06-30,institution,State Street Corporation,44441119,3856155746,0.0506,-0.0016
GM,2026-06-30,institution,Vanguard Portfolio Management LLC,37937650,3291849763,0.0432,0.0039
GM,2026-06-30,institution,"Franklin Resources, Inc.",31303928,2716241727,0.0357,-0.13149999
GM,2026-06-30,institution,"Geode Capital Management, LLC",21810186,1892469766,0.0249,-0.0097
GM,2026-06-30,institution,"FMR, LLC",19129294,1659848776,0.0218,0.26610002
GM,2026-06-30,institution,Capital World Investors,18507461,1605892328,0.0211,-0.0058
GM,2026-06-30,institution,Dimensional Fund Advisors LP,14096812,1223180329,0.0161,-0.009
GM,2026-06-30,institution,Morgan Stanley,14021135,1216613836,0.016,0.2
GM,2026-03-31,fund,VANGUARD INDEX FUNDS-Vanguard Total Stock Market Index Fund,28701082,2490392788,0.0327,-0.0209
GM,2026-03-31,fund,VANGUARD INDEX FUNDS-Vanguard 500 Index Fund,22964467,1992626724,0.026199998,-0.0238
GM,2026-03-31,fund,VANGUARD INDEX FUNDS-Vanguard Mid-Cap Index Fund,19522301,1693949992,0.0222,-0.0385
GM,2026-04-30,fund,PUTNAM LARGE CAP VALUE FUND,14716190,1276923756,0.0168,0.055999998
GM,2026-06-30,fund,iShares Trust-iShares Core S&P 500 ETF,12441856,1079579803,0.014199999,0.044699997
GM,2026-06-30,fund,Fidelity Concord Street Trust-Fidelity 500 Index Fund,11566835,1003654234,0.013200001,-0.0001
GM,2026-06-30,fund,SPDR S&P 500 ETF TRUST-State Street SPDR S&P 500 ETF Trust,10898096,945627753,0.0124,0.0008
GM,2026-06-30,fund,Growth Fund of America,10000000,867699966,0.0114,0.0
GM,2026-03-31,fund,VANGUARD INDEX FUNDS-Vanguard Value Index Fund,8362572,725620344,0.0095,-0.025899999
GM,2026-04-30,fund,VANGUARD WINDSOR FUNDS-Vanguard Windsor II Fund,8228468,713984140,0.0094,-0.097200006
F,2026-06-30,institution,Blackrock Inc.,334469887,4806332237,0.0854,0.0113
F,2026-06-30,institution,Vanguard Capital Management LLC,255450263,3670820250,0.0652,0.0034999999
F,2026-06-30,institution,State Street Corporation,194039770,2788351472,0.0495,0.0077
F,2026-06-30,institution,Vanguard Portfolio Management LLC,181567990,2609131995,0.0464,0.0104
F,2026-06-30,institution,"Newport Trust Company, LLC",131114486,1884115148,0.0335,-0.0588
F,2026-03-31,institution,"Charles Schwab Investment Management, Inc.",124672198,1791539470,0.0318,-0.17989999
F,2026-06-30,institution,"Geode Capital Management, LLC",121010192,1738916445,0.0309,-0.0002
F,2026-06-30,institution,Morgan Stanley,53075766,762698751,0.0136,0.18010001
F,2026-06-30,institution,Bank Of New York Mellon Corporation,51598382,741468743,0.013200001,0.2511
F,2026-06-30,institution,NORGES BANK,51707627,743038594,0.013200001,0.0058999998
F,2026-03-31,fund,VANGUARD INDEX FUNDS-Vanguard Total Stock Market Index Fund,124533670,1789548823,0.0318,0.0112
F,2026-03-31,fund,VANGUARD INDEX FUNDS-Vanguard 500 Index Fund,99581726,1430989391,0.0254,0.009
F,2026-05-31,fund,SCHWAB STRATEGIC TRUST-Schwab US Dividend Equity ETF,93596209,1344977512,0.0239,-0.22540002
F,2026-03-31,fund,VANGUARD INDEX FUNDS-Vanguard Mid-Cap Index Fund,84627219,1216093127,0.0216,-0.0064999997
F,2026-06-30,fund,iShares Trust-iShares Core S&P 500 ETF,54006819,776077982,0.0138,0.0461
F,2026-06-30,fund,Fidelity Concord Street Trust-Fidelity 500 Index Fund,50207951,721488250,0.0128,0.0011999999
F,2026-06-30,fund,SPDR S&P 500 ETF TRUST-State Street SPDR S&P 500 ETF Trust,47303567,679752252,0.0121,-0.0001
F,2026-03-31,fund,VANGUARD INDEX FUNDS-Vanguard Value Index Fund,36251095,520928231,0.0093,0.0064999997
F,2026-04-30,fund,Pacer Funds Trust-Pacer US Cash Cows 100 ETF,30181408,433706829,0.0077,0.115
F,2026-06-30,fund,iShares Trust-iShares Select Dividend ETF,26059781,374479049,0.0067000003,0.0007
NKE,2026-06-30,institution,Blackrock Inc.,81814490,3332304140,0.0681,-0.1088
NKE,2026-06-30,institution,Vanguard Capital Management LLC,78309610,3189550379,0.0651,0.0121
NKE,2026-06-30,institution,Capital World Investors,72055429,2934817590,0.059899997,0.4275
NKE,2026-06-30,institution,State Street Corporation,63598789,2590378646,0.0529,0.0681
NKE,2026-06-30,institution,Vanguard Portfolio Management LLC,45777579,1864520771,0.0381,0.6074
NKE,2026-03-31,institution,"Wellington Management Group, LLP",38352243,1562086839,0.0319,0.20709999
NKE,2026-06-30,institution,"Geode Capital Management, LLC",29258503,1191698813,0.024300002,0.0109
NKE,2026-06-30,institution,"FMR, LLC",21166666,862118296,0.0176,0.008
NKE,2026-06-30,institution,Morgan Stanley,20078560,817799739,0.0167,-0.0889
NKE,2026-06-30,institution,UBS Group AG,17395783,708530233,0.0145000005,0.35259998
NKE,2026-03-31,fund,VANGUARD INDEX FUNDS-Vanguard Total Stock Market Index Fund,37813248,1540133573,0.0315,0.0121
NKE,2026-03-31,fund,VANGUARD INDEX FUNDS-Vanguard 500 Index Fund,30277810,1233215187,0.0252,0.0095999995
NKE,2026-06-30,fund,Income Fund of America,21436300,873100489,0.0178,0.1924
NKE,2026-06-30,fund,AMERICAN BALANCED FUND,20414925,831499885,0.017,0.19379999
NKE,2026-04-30,fund,VANGUARD SPECIALIZED FUNDS-Vanguard Dividend Growth Fund,16833296,685620138,0.0139999995,-0.0211
NKE,2026-06-30,fund,iShares Trust-iShares Core S&P 500 ETF,16551474,674141528,0.0138,0.0544
NKE,2026-06-30,fund,Fidelity Concord Street Trust-Fidelity 500 Index Fund,15387531,626734130,0.0128,0.0092
NKE,2026-06-30,fund,SPDR S&P 500 ETF TRUST-State Street SPDR S&P 500 ETF Trust,14497314,590475592,0.0121,0.0095
NKE,2026-06-30,fund,WASHINGTON MUTUAL INVESTORS FUND,13266169,540331057,0.011,0.13260001
NKE,2026-03-31,fund,VANGUARD INDEX FUNDS-Vanguard Value Index Fund,11018572,448786432,0.0092,0.0067000003
LULU,2026-06-30,institution,Blackrock Inc.,8850632,1058093082,0.081599995,-0.0685
LULU,2026-06-30,institution,Vanguard Capital Management LLC,6830001,816526640,0.063,-0.0145000005
LULU,2026-06-30,institution,Vanguard Portfolio Management LLC,5048153,603506706,0.0466,-0.0238
LULU,2026-06-30,institution,State Street Corporation,4517466,540063074,0.0417,-0.00090000004
LULU,2026-06-30,institution,"Federated Hermes, Inc.",3625210,433393866,0.0334,0.20729999
LULU,2026-06-30,institution,"Geode Capital Management, LLC",2970005,355064106,0.0274,-0.0423
LULU,2026-06-30,institution,FIL LTD,2025858,242191330,0.0187,247.23651
LULU,2026-03-31,institution,Invesco Ltd.,1816624,217177404,0.0168,0.16780001
LULU,2026-06-30,institution,Flossbach von Storch SE,1816360,217145843,0.0168,-0.0224
LULU,2026-06-30,institution,Morgan Stanley,1618224,193458684,0.0149,-0.1145
LULU,2026-03-31,fund,VANGUARD INDEX FUNDS-Vanguard Total Stock Market Index Fund,3385141,404693616,0.0312,0.0002
LULU,2026-03-31,fund,VANGUARD INDEX FUNDS-Vanguard 500 Index Fund,2711749,324189601,0.025,-0.0034999999
LULU,2026-03-31,fund,VANGUARD INDEX FUNDS-Vanguard Mid-Cap Index Fund,2301768,275176371,0.0212,-0.019
LULU,2026-06-30,fund,Invesco Exchange-Traded Fund Trust-Invesco S&P 500 Equal Weight ETF,1530712,182996624,0.014099999,0.48369998
LULU,2026-03-31,fund,VANGUARD INDEX FUNDS-Vanguard Growth Index Fund,1444481,172687707,0.013300001,-0.0287
LULU,2026-06-30,fund,iShares Trust-iShares Core S&P 500 ETF,1445160,172768882,0.013300001,0.029000001
LULU,2026-06-30,fund,Fidelity Concord Street Trust-Fidelity 500 Index Fund,1343335,160595703,0.0124,-0.0166
LULU,2026-06-30,fund,SPDR S&P 500 ETF TRUST-State Street SPDR S&P 500 ETF Trust,1265754,151320894,0.0117,-0.030199999
LULU,2026-04-30,fund,Federated Hermes Equity Funds-Federated Hermes MDT Mid Cap Growth Fund,1077690,128837842,0.0099,1.8915
LULU,2026-06-30,fund,iShares Trust-iShares MSCI USA Quality Factor ETF,975560,116628200,0.009,-0.026700001
