ticker,as_of,insider,position,transaction,shares,value,ownership
NVDA,2026-08-10,NORA JOHNSON SUZANNE M,Director,Stock Award(Grant) at price 0.00 per share.,2410,0.0,D
NVDA,2026-08-05,COXE TENCH C,Director,Stock Gift at price 0.00 per share.,500000,0.0,I
NVDA,2026-07-01,COXE TENCH C,Director,Stock Gift at price 0.00 per share.,500000,0.0,I
NVDA,2026-06-25,NEAL STEPHEN C.,Director,Stock Award(Grant) at price 0.00 per share.,1211,0.0,D
NVDA,2026-06-25,DABIRI JOHN O,Director,Stock Award(Grant) at price 0.00 per share.,1211,0.0,D
NVDA,2026-06-25,SHAH AARTI S,Director,Stock Award(Grant) at price 0.00 per share.,1211,0.0,D
NVDA,2026-06-25,STEVENS MARK A,Director,Stock Award(Grant) at price 0.00 per share.,1211,0.0,D
NVDA,2026-06-25,JONES HARVEY C JR.,Director,Stock Award(Grant) at price 0.00 per share.,1211,0.0,D
NVDA,2026-06-25,COXE TENCH C,Director,Stock Award(Grant) at price 0.00 per share.,1211,0.0,D
NVDA,2026-06-25,LORA MELISSA,Director,Stock Award(Grant) at price 0.00 per share.,1211,0.0,D
NVDA,2026-06-25,SEAWELL A BROOKE,Director,Stock Award(Grant) at price 0.00 per share.,1211,0.0,D
NVDA,2026-06-25,HUDSON BEACH DAWN E,Director,Stock Award(Grant) at price 0.00 per share.,1211,0.0,D
NVDA,2026-06-18,STEVENS MARK A,Director,Sale at price 209.70 - 210.44 per share.,885000,185999938.0,I
NVDA,2026-06-16,HUANG JEN-HSUN,Chief Executive Officer,Stock Gift at price 0.00 per share.,400000,0.0,I
NVDA,2026-06-08,GAWEL SCOTT,Officer,Stock Award(Grant) at price 0.00 per share.,59509,0.0,D
NVDA,2026-06-04,STEVENS MARK A,Director,Stock Gift at price 0.00 per share.,307500,0.0,I
NVDA,2026-06-04,STEVENS MARK A,Director,Sale at price 217.66 - 222.38 per share.,1000000,221102600.0,I
NVDA,2026-06-03,NEAL STEPHEN C.,Director,Sale at price 215.73 per share.,15500,3343863.0,I
NVDA,2026-05-27,DABIRI JOHN O,Director,Sale at price 214.00 per share.,625,133750.0,D
NVDA,2026-03-20,ROBERTSON DONALD F JR,Officer,Sale at price 172.58 - 177.31 per share.,5396,942944.0,D
NVDA,2026-03-20,KRESS COLETTE M.,Chief Financial Officer,Sale at price 171.97 - 177.51 per share.,62650,10956706.0,D/I
NVDA,2026-03-20,STEVENS MARK A,Director,Sale at price 172.61 - 174.57 per share.,221682,38502524.0,I
NVDA,2026-03-19,SHAH AARTI S,Director,Sale at price 176.27 - 177.73 per share.,19000,3357549.0,D
NVDA,2026-03-18,PURI AJAY K,Officer,Sale at price 181.31 - 182.94 per share.,300000,54676140.0,I
NVDA,2026-03-18,HUANG JEN-HSUN,Chief Executive Officer,Stock Gift at price 0.00 per share.,58962602,0.0,I
NVDA,2026-03-17,SEAWELL A BROOKE,Director,Stock Gift at price 0.00 per share.,530,0.0,D
NVDA,2026-03-13,DABIRI JOHN O,Director,Sale at price 184.90 per share.,3004,555440.0,D
NVDA,2026-03-10,PURI AJAY K,Officer,Sale at price 182.47 - 183.11 per share.,300000,54756044.0,I
NVDA,2026-03-09,TETER TIMOTHY S,General Counsel,Stock Award(Grant) at price 0.00 per share.,47048,0.0,D
NVDA,2026-03-09,KRESS COLETTE M.,Chief Financial Officer,Stock Award(Grant) at price 0.00 per share.,47048,0.0,D
NVDA,2026-03-09,SHOQUIST DEBORA C,Officer,Stock Award(Grant) at price 0.00 per share.,47048,0.0,D
NVDA,2026-03-09,PURI AJAY K,Officer,Stock Award(Grant) at price 0.00 per share.,47048,0.0,D
NVDA,2026-03-02,TETER TIMOTHY S,General Counsel,Stock Award(Grant) at price 0.00 per share.,98328,0.0,D
NVDA,2026-03-02,KRESS COLETTE M.,Chief Financial Officer,Stock Award(Grant) at price 0.00 per share.,106660,0.0,D
NVDA,2026-03-02,HUANG JEN-HSUN,Chief Executive Officer,Stock Award(Grant) at price 0.00 per share.,936771,0.0,D
NVDA,2026-03-02,SHOQUIST DEBORA C,Officer,Stock Award(Grant) at price 0.00 per share.,98328,0.0,D
NVDA,2026-03-02,PURI AJAY K,Officer,Stock Award(Grant) at price 0.00 per share.,103278,0.0,D
NVDA,2026-02-04,KRESS COLETTE M.,Chief Financial Officer,Sale at price 172.40 - 179.16 per share.,47640,8371233.0,D/I
NVDA,2026-01-21,PURI AJAY K,Officer,Sale at price 180.04 per share.,200000,36007160.0,I
NVDA,2026-01-13,KRESS COLETTE M.,Chief Financial Officer,Sale at price 184.15 - 187.73 per share.,47640,8809582.0,D/I
NVDA,2026-01-07,PURI AJAY K,Officer,Sale at price 187.25 - 188.58 per share.,200000,37563619.0,I
NVDA,2026-01-02,ROBERTSON DONALD F JR,Officer,Sale at price 188.85 - 192.49 per share.,80000,15187742.0,D
NVDA,2025-12-19,ROBERTSON DONALD F JR,Officer,Sale at price 176.91 - 180.88 per share.,24590,4425727.0,D
NVDA,2025-12-19,STEVENS MARK A,Director,Sale at price 180.17 per share.,222500,40087380.0,I
NVDA,2025-12-18,STEVENS MARK A,Director,Stock Gift at price 0.00 per share.,258650,0.0,I
NVDA,2025-12-17,KRESS COLETTE M.,Chief Financial Officer,Stock Gift at price 0.00 per share.,113182,0.0,D
NVDA,2025-12-17,HUANG JEN-HSUN,Chief Executive Officer,Stock Gift at price 0.00 per share.,141488,0.0,I
NVDA,2025-12-15,JONES HARVEY C JR.,Director,Sale at price 177.33 per share.,250000,44333450.0,I
NVDA,2025-12-12,KRESS COLETTE M.,Chief Financial Officer,Sale at price 175.26 - 182.06 per share.,50500,8994793.0,D/I
NVDA,2025-12-12,SHOQUIST DEBORA C,Officer,Sale at price 175.14 - 185.16 per share.,229840,41414515.0,I
NVDA,2025-12-09,SHOQUIST DEBORA C,Officer,Sale at price 184.25 - 185.55 per share.,80000,14771657.0,I
NVDA,2025-12-05,STEVENS MARK A,Director,Sale at price 181.73 per share.,350000,63604065.0,I
NVDA,2025-12-02,SEAWELL A BROOKE,Director,Sale at price 183.93 per share.,12728,2341117.0,I
NVDA,2025-11-24,DABIRI JOHN O,Director,Sale at price 179.42 per share.,626,112317.0,D
NVDA,2025-11-24,SEAWELL A BROOKE,Director,Stock Gift at price 0.00 per share.,520000,0.0,I
NVDA,2025-11-03,KRESS COLETTE M.,Chief Financial Officer,Sale at price 207.03 - 210.86 per share.,47640,9924869.0,D/I
NVDA,2025-10-29,HUANG JEN-HSUN,Chief Executive Officer,Sale at price 205.65 - 211.76 per share.,25000,5197790.0,D
NVDA,2025-10-28,HUANG JEN-HSUN,Chief Executive Officer,Sale at price 184.24 - 202.64 per share.,125000,23558262.0,D
NVDA,2025-10-23,HUANG JEN-HSUN,Chief Executive Officer,Sale at price 177.57 - 183.27 per share.,225000,40734400.0,D
NVDA,2025-10-21,KRESS COLETTE M.,Chief Financial Officer,Sale at price 180.41 - 182.17 per share.,47640,8642640.0,D/I
AVGO,2026-07-10,BRAZEAL MARK DAVID,Officer,Sale at price 401.33 per share.,25000,10033225.0,D
AVGO,2026-07-10,DELLY GAYLA J,Director,Stock Gift at price 0.00 per share.,500,0.0,D
AVGO,2026-07-08,BRAZEAL MARK DAVID,Officer,Sale at price 379.19 per share.,25000,9479700.0,D
AVGO,2026-07-08,DELLY GAYLA J,Director,Sale at price 385.38 per share.,1890,728368.0,D
AVGO,2026-06-29,PAGE JUSTINE F.,Director,Sale at price 373.86 per share.,1602,598916.0,D
AVGO,2026-06-25,BRAZEAL MARK DAVID,Officer,Sale at price 387.00 per share.,25000,9675000.0,D
AVGO,2026-06-24,SAMUELI HENRY,Director,Sale at price 377.61 - 388.17 per share.,654241,250005852.0,I
AVGO,2026-06-24,SAMUELI HENRY,Director,Stock Gift at price 0.00 per share.,336893,0.0,D/I
AVGO,2026-06-17,BRAZEAL MARK DAVID,Officer,Sale at price 377.10 - 400.29 per share.,8152,3175919.0,D
AVGO,2026-06-15,O TOOLE AMIE THUENER,Chief Financial Officer,Stock Award(Grant) at price 0.00 per share.,50000,0.0,D
AVGO,2026-06-11,YOU HARRY L,Director,Purchase at price 373.57 per share.,1000,373570.0,D
AVGO,2026-04-21,SAMUELI HENRY,Director,Stock Award(Grant) at price 0.00 per share.,864,0.0,D
AVGO,2026-04-20,YOU HARRY L,Director,Stock Award(Grant) at price 0.00 per share.,864,0.0,D
AVGO,2026-04-20,BRYANT DIANE M,Director,Stock Award(Grant) at price 0.00 per share.,864,0.0,D
AVGO,2026-04-20,LOW CHECK KIAN,Director,Stock Award(Grant) at price 0.00 per share.,864,0.0,D
AVGO,2026-04-20,PAGE JUSTINE F.,Director,Stock Award(Grant) at price 0.00 per share.,864,0.0,D
AVGO,2026-04-20,DELLY GAYLA J,Director,Stock Award(Grant) at price 0.00 per share.,864,0.0,D
AVGO,2026-04-20,HAO KENNETH Y,Director,Stock Award(Grant) at price 0.00 per share.,864,0.0,D
AVGO,2026-04-10,VELAGA S. RAM,Officer,Sale at price 370.52 per share.,8000,2964178.0,D
AVGO,2026-04-09,VELAGA S. RAM,Officer,Sale at price 352.02 - 352.12 per share.,30215,10638012.0,D
AVGO,2026-04-09,DELLY GAYLA J,Director,Sale at price 358.31 per share.,1000,358310.0,D
AVGO,2026-04-08,PAGE JUSTINE F.,Director,Sale at price 353.00 per share.,2018,712354.0,D
AVGO,2026-04-08,KAWWAS CHARLIE B,Officer,Sale at price 345.23 per share.,10000,3452270.0,I
AVGO,2026-04-08,TAN HOCK E,Chief Executive Officer,Stock Gift at price 0.00 per share.,22000,0.0,D
AVGO,2026-03-17,VELAGA S. RAM,Officer,Sale at price 317.95 - 328.77 per share.,64379,20819103.0,D
AVGO,2026-03-17,SPEARS KIRSTEN MARGRETA,Chief Financial Officer,Sale at price 318.05 - 328.52 per share.,60154,19452716.0,D
AVGO,2026-03-17,BRAZEAL MARK DAVID,Officer,Sale at price 317.97 - 328.84 per share.,83682,27061694.0,D
AVGO,2026-03-17,KAWWAS CHARLIE B,Officer,Sale at price 317.97 - 328.70 per share.,64834,20966675.0,D
AVGO,2026-03-02,BRAZEAL MARK DAVID,Officer,Stock Award(Grant) at price 0.00 per share.,151250,0.0,D
AVGO,2026-03-02,KAWWAS CHARLIE B,Officer,Stock Award(Grant) at price 0.00 per share.,125000,0.0,D
AVGO,2026-03-02,VELAGA S. RAM,Officer,Stock Award(Grant) at price 0.00 per share.,125000,0.0,D
AVGO,2026-03-02,SPEARS KIRSTEN MARGRETA,Chief Financial Officer,Stock Award(Grant) at price 0.00 per share.,110640,0.0,D
AVGO,2026-01-06,TAN HOCK E,Chief Executive Officer,Sale at price 346.75 - 348.28 per share.,70000,24310684.0,D
AVGO,2026-01-06,BRAZEAL MARK DAVID,Officer,Sale at price 346.99 - 347.66 per share.,30000,10413693.0,D
AVGO,2025-12-31,SPEARS KIRSTEN MARGRETA,Chief Financial Officer,Sale at price 346.64 - 347.82 per share.,30000,10434603.0,D
AVGO,2025-12-26,BRAZEAL MARK DAVID,Officer,Sale at price 352.07 per share.,25921,9126058.0,D
AVGO,2025-12-23,TAN HOCK E,Chief Executive Officer,Sale at price 339.11 - 349.85 per share.,100000,34564807.0,I
AVGO,2025-12-18,TAN HOCK E,Chief Executive Officer,Sale at price 326.02 per share.,130000,42382600.0,I
AVGO,2025-12-18,YOU HARRY L,Director,Purchase at price 325.13 per share.,1000,325129.0,D
AVGO,2025-12-17,SPEARS KIRSTEN MARGRETA,Chief Financial Officer,Sale at price 322.58 - 346.49 per share.,6093,2028440.0,D
AVGO,2025-12-17,BRAZEAL MARK DAVID,Officer,Sale at price 322.29 - 345.01 per share.,38281,12542615.0,D
AVGO,2025-12-17,KAWWAS CHARLIE B,Officer,Sale at price 322.33 - 345.99 per share.,3163,1053112.0,D
AVGO,2025-12-16,BRAZEAL MARK DAVID,Officer,Sale at price 337.21 - 347.14 per share.,24527,8361500.0,D
AVGO,2025-12-16,PAGE JUSTINE F.,Director,Stock Gift at price 0.00 per share.,400,0.0,D
AVGO,2025-12-15,PAGE JUSTINE F.,Director,Sale at price 361.89 per share.,800,289512.0,D
AVGO,2025-12-08,SAMUELI HENRY,Director,Sale at price 398.14 - 407.01 per share.,320316,128297553.0,I
AVGO,2025-12-08,SAMUELI HENRY,Director,Stock Gift at price 0.00 per share.,68933,0.0,I
AVGO,2025-11-14,PAGE JUSTINE F.,Director,Sale at price 331.14 per share.,800,264912.0,D
AVGO,2025-10-14,PAGE JUSTINE F.,Director,Sale at price 350.15 per share.,800,280120.0,D
AVGO,2025-09-24,SAMUELI HENRY,Director,Sale at price 334.59 - 339.38 per share.,368797,124620222.0,I
AVGO,2025-09-24,SAMUELI HENRY,Director,Stock Gift at price 0.00 per share.,75678,0.0,I
AVGO,2025-09-23,TAN HOCK E,Chief Executive Officer,Sale at price 339.22 - 340.26 per share.,100000,33958393.0,I
AVGO,2025-09-17,BRAZEAL MARK DAVID,Officer,Sale at price 343.13 - 365.15 per share.,27204,9592387.0,D
AVGO,2025-09-17,KAWWAS CHARLIE B,Officer,Sale at price 343.93 - 365.32 per share.,6397,2256460.0,D
AVGO,2025-09-15,PAGE JUSTINE F.,Director,Sale at price 360.00 per share.,800,288000.0,D
AVGO,2025-09-10,TAN HOCK E,Chief Executive Officer,Sale at price 336.67 per share.,148154,49879007.0,I
AVGO,2025-09-10,TAN HOCK E,Chief Executive Officer,Sale at price 336.67 per share.,148514,50000208.0,I
AVGO,2025-09-10,YOU HARRY L,Director,Purchase at price 339.38 - 363.38 per share.,3550,1227870.0,D
AVGO,2025-08-14,PAGE JUSTINE F.,Director,Sale at price 307.46 per share.,800,245968.0,D
AVGO,2025-07-14,PAGE JUSTINE F.,Director,Sale at price 274.30 per share.,800,219440.0,D
AMD,2026-08-11,HAHN AVA M,General Counsel,Sale at price 474.75 per share.,143,67889.0,D
AMD,2026-07-15,PAPERMASTER MARK D,Chief Technology Officer,Sale at price 556.43 per share.,6000,3338580.0,D
AMD,2026-07-15,PAPERMASTER MARK D,Chief Technology Officer,Conversion of Exercise of derivative security at price 84.85 per share.,6000,509100.0,D
AMD,2026-06-15,PAPERMASTER MARK D,Chief Technology Officer,Sale at price 536.33 per share.,6000,3217980.0,D
AMD,2026-06-15,PAPERMASTER MARK D,Chief Technology Officer,Conversion of Exercise of derivative security at price 84.85 per share.,6000,509100.0,D
AMD,2026-06-12,SU LISA T,Chief Executive Officer,Stock Gift at price 0.00 per share.,30000,0.0,D
AMD,2026-06-10,SU LISA T,Chief Executive Officer,Sale at price 449.21 - 476.43 per share.,125000,57585715.0,D
AMD,2026-06-02,DENZEL NORA M,Director,Sale at price 522.00 per share.,10447,5453334.0,D
AMD,2026-05-20,NORROD FORREST EUGENE,Officer,Sale at price 427.80 - 435.91 per share.,19487,8406784.0,D
AMD,2026-05-20,NORROD FORREST EUGENE,Officer,Conversion of Exercise of derivative security at price 34.19 per share.,8237,281623.0,D
AMD,2026-05-13,SU LISA T,Chief Executive Officer,Sale at price 433.26 - 457.41 per share.,125000,55688359.0,D
AMD,2026-05-11,PAPERMASTER MARK D,Chief Technology Officer,Stock Gift at price 0.00 per share.,2350,0.0,D
AMD,2026-05-08,GRASBY PAUL DARREN,Officer,Sale at price 444.39 per share.,24376,10832451.0,D
AMD,2026-04-24,PAPERMASTER MARK D,Chief Technology Officer,Sale at price 350.00 per share.,31320,10962000.0,D
AMD,2026-04-16,PAPERMASTER MARK D,Chief Technology Officer,Sale at price 255.54 - 275.00 per share.,33109,8988215.0,D
AMD,2026-04-15,PAPERMASTER MARK D,Chief Technology Officer,Conversion of Exercise of derivative security at price 84.85 per share.,6000,509100.0,D
AMD,2026-04-06,PAPERMASTER MARK D,Chief Technology Officer,Sale at price 225.00 per share.,3293,740925.0,D
AMD,2026-03-12,SU LISA T,Chief Executive Officer,Sale at price 197.42 - 203.15 per share.,85000,16895157.0,D
AMD,2026-03-11,GRASBY PAUL DARREN,Officer,Sale at price 204.87 per share.,7500,1536525.0,D
AMD,2026-03-04,PAPERMASTER MARK D,Chief Technology Officer,Sale at price 200.00 per share.,3034,606800.0,D
AMD,2026-02-24,PAPERMASTER MARK D,Chief Technology Officer,Stock Gift at price 0.00 per share.,413212,0.0,D
AMD,2026-02-18,HAHN AVA M,General Counsel,Sale at price 198.65 per share.,286,56814.0,D
AMD,2026-02-17,HU JEAN X,Chief Financial Officer,Sale at price 196.78 - 205.12 per share.,19956,4023581.0,D
AMD,2026-02-11,SU LISA T,Chief Executive Officer,Sale at price 210.18 - 219.18 per share.,125000,26794875.0,D
AMD,2026-02-11,NORROD FORREST EUGENE,Officer,Sale at price 215.12 - 217.72 per share.,19450,4216969.0,D
AMD,2026-02-11,NORROD FORREST EUGENE,Officer,Conversion of Exercise of derivative security at price 34.19 per share.,8200,280358.0,D
AMD,2026-01-16,HAHN AVA M,General Counsel,Sale at price 234.42 per share.,2442,572454.0,D
AMD,2025-12-11,SU LISA T,Chief Executive Officer,Sale at price 210.79 - 221.47 per share.,125000,26891905.0,D
AMD,2025-12-10,SU LISA T,Chief Executive Officer,Stock Gift at price 0.00 per share.,100036,0.0,D/I
AMD,2025-12-04,GRASBY PAUL DARREN,Officer,Sale at price 218.77 per share.,10000,2187700.0,D
AMD,2025-12-02,PAPERMASTER MARK D,Chief Technology Officer,Stock Gift at price 0.00 per share.,500,0.0,D
AMD,2025-11-25,SU LISA T,Chief Executive Officer,Stock Gift at price 0.00 per share.,40000,0.0,D
AMD,2025-11-24,HU JEAN X,Chief Financial Officer,Sale at price 206.57 - 212.70 per share.,14506,3045741.0,D
AMD,2025-11-19,NORROD FORREST EUGENE,Officer,Sale at price 228.36 - 230.78 per share.,19450,4461296.0,D
AMD,2025-11-19,NORROD FORREST EUGENE,Officer,Conversion of Exercise of derivative security at price 34.19 per share.,8200,280358.0,D
AMD,2025-11-14,PAPERMASTER MARK D,Chief Technology Officer,Sale at price 235.87 - 243.98 per share.,17108,4107935.0,D
AMD,2025-11-14,PAPERMASTER MARK D,Chief Technology Officer,Conversion of Exercise of derivative security at price 34.19 per share.,17108,584923.0,D
AMD,2025-10-15,PAPERMASTER MARK D,Chief Technology Officer,Sale at price 221.42 - 226.17 per share.,16800,3767863.0,D
AMD,2025-10-15,PAPERMASTER MARK D,Chief Technology Officer,Conversion of Exercise of derivative security at price 34.19 per share.,16800,574392.0,D
AMD,2025-10-06,HAHN AVA M,General Counsel,Sale at price 226.01 per share.,2868,648197.0,D
AMD,2025-09-24,NORROD FORREST EUGENE,Officer,Sale at price 165.01 per share.,2250,371272.0,D
AMD,2025-09-15,PAPERMASTER MARK D,Chief Technology Officer,Sale at price 159.08 - 159.70 per share.,16800,2674513.0,D
AMD,2025-09-15,PAPERMASTER MARK D,Chief Technology Officer,Conversion of Exercise of derivative security at price 34.19 per share.,16800,574392.0,D
AMD,2025-09-10,NORROD FORREST EUGENE,Officer,Sale at price 160.04 - 163.94 per share.,17200,2768021.0,D
AMD,2025-09-10,NORROD FORREST EUGENE,Officer,Conversion of Exercise of derivative security at price 34.19 per share.,8200,280358.0,D
AMD,2025-09-02,HAHN AVA M,General Counsel,Sale at price 158.10 per share.,143,22608.0,D
AMD,2025-08-21,SU LISA T,Chief Executive Officer,Sale at price 163.06 - 165.45 per share.,225000,36893351.0,D
AMD,2025-08-21,SU LISA T,Chief Executive Officer,Conversion of Exercise of derivative security at price 34.19 per share.,224727,7683416.0,D
AMD,2025-08-15,PAPERMASTER MARK D,Chief Technology Officer,Stock Gift at price 0.00 per share.,32383,0.0,D
AMD,2025-08-15,PAPERMASTER MARK D,Chief Technology Officer,Sale at price 177.65 - 179.82 per share.,16800,2992244.0,D
AMD,2025-08-15,PAPERMASTER MARK D,Chief Technology Officer,Conversion of Exercise of derivative security at price 34.19 per share.,58875,574392.0,D
AMD,2025-08-13,OLSON JON A,Director,Stock Gift at price 0.00 per share.,2500,0.0,I
AMD,2025-08-12,GRASBY PAUL DARREN,Officer,Sale at price 173.21 per share.,10000,1732100.0,D
AMD,2025-07-15,PAPERMASTER MARK D,Chief Technology Officer,Sale at price 153.86 - 157.35 per share.,17998,2790187.0,D
AMD,2025-07-15,PAPERMASTER MARK D,Chief Technology Officer,Conversion of Exercise of derivative security at price 19.10 per share.,17998,343762.0,D
AMD,2025-06-13,PAPERMASTER MARK D,Chief Technology Officer,Sale at price 115.97 - 116.54 per share.,17500,2029996.0,D
AMD,2025-06-13,PAPERMASTER MARK D,Chief Technology Officer,Conversion of Exercise of derivative security at price 19.10 per share.,17500,334250.0,D
AMD,2025-06-12,VANDERSLICE ELIZABETH W,Director,Stock Gift at price 0.00 per share.,15859,0.0,I
AMD,2025-05-20,GUIDO PHILIP,Officer,Purchase at price 113.56 per share.,8800,999328.0,D
AMD,2025-05-15,PAPERMASTER MARK D,Chief Technology Officer,Sale at price 116.03 - 117.46 per share.,17500,2040276.0,D
QCOM,2026-08-12,PALKHIWALA AKASH J,Chief Operating Officer,Sale at price 161.77 - 165.34 per share.,2500,408143.0,D
QCOM,2026-08-03,ACE HEATHER S,Officer,Sale at price 147.04 per share.,3200,470528.0,I
QCOM,2026-07-14,PALKHIWALA AKASH J,Chief Operating Officer,Sale at price 178.27 - 189.42 per share.,2500,452030.0,D
QCOM,2026-06-30,MCLAUGHLIN MARK D,Director,Stock Award(Grant) at price 0.00 per share.,392,0.0,D
QCOM,2026-06-30,TRICOIRE JEAN-PASCAL,Director,Stock Award(Grant) at price 0.00 per share.,182,0.0,D
QCOM,2026-06-11,PALKHIWALA AKASH J,Chief Operating Officer,Sale at price 193.81 - 203.25 per share.,2500,493380.0,D
QCOM,2026-05-21,GRECH PATRICIA Y,Officer,Sale at price 201.77 per share.,829,167267.0,I
QCOM,2026-05-12,PALKHIWALA AKASH J,Chief Operating Officer,Sale at price 202.47 - 227.26 per share.,2500,529741.0,D
QCOM,2026-05-05,AMON CRISTIANO RENNO,Chief Executive Officer,Sale at price 185.00 per share.,10000,1850000.0,I
QCOM,2026-05-04,AMON CRISTIANO RENNO,Chief Executive Officer,Sale at price 180.00 per share.,10000,1800000.0,I
QCOM,2026-05-04,ACE HEATHER S,Officer,Sale at price 177.82 per share.,3200,569024.0,I
QCOM,2026-04-30,GRECH PATRICIA Y,Officer,Sale at price 172.00 per share.,192,33024.0,I
QCOM,2026-04-13,PALKHIWALA AKASH J,Chief Operating Officer,Sale at price 130.12 - 131.17 per share.,2500,325854.0,D
QCOM,2026-04-02,GRECH PATRICIA Y,Officer,Sale at price 125.50 per share.,85,10668.0,I
QCOM,2026-03-31,MCLAUGHLIN MARK D,Director,Stock Award(Grant) at price 0.00 per share.,538,0.0,D
QCOM,2026-03-31,TRICOIRE JEAN-PASCAL,Director,Stock Award(Grant) at price 0.00 per share.,262,0.0,D
QCOM,2026-03-17,MCLAUGHLIN MARK D,Director,Stock Award(Grant) at price 0.00 per share.,2563,0.0,D
QCOM,2026-03-17,HENDERSON JEFFREY WILLIAM,Director,Stock Award(Grant) at price 0.00 per share.,2563,0.0,D
QCOM,2026-03-17,MYERS MARIE ELIZABETH,Director,Stock Award(Grant) at price 0.00 per share.,2563,0.0,D
QCOM,2026-03-17,LIVERMORE ANN M,Director,Stock Award(Grant) at price 0.00 per share.,2563,0.0,D
QCOM,2026-03-17,ROSENFELD IRENE B,Director,Stock Award(Grant) at price 0.00 per share.,2563,0.0,D
QCOM,2026-03-17,FIELDS MARK F,Director,Stock Award(Grant) at price 0.00 per share.,2563,0.0,D
QCOM,2026-03-17,MILLER JAMIE S,Director,Stock Award(Grant) at price 0.00 per share.,2563,0.0,D
QCOM,2026-03-17,TRICOIRE JEAN-PASCAL,Director,Stock Award(Grant) at price 0.00 per share.,2563,0.0,D
QCOM,2026-03-17,ACEVEDO SYLVIA,Director,Stock Award(Grant) at price 0.00 per share.,2563,0.0,D
QCOM,2026-03-17,KOLTER JEREMY Z,Director,Stock Award(Grant) at price 0.00 per share.,2563,0.0,D
QCOM,2026-03-12,GRECH PATRICIA Y,Officer,Sale at price 133.50 per share.,581,77564.0,I
QCOM,2026-03-12,PALKHIWALA AKASH J,Chief Operating Officer,Sale at price 131.03 - 134.70 per share.,2500,330815.0,D
QCOM,2026-02-19,ACE HEATHER S,Officer,Stock Gift at price 0.00 per share.,26542,0.0,D
QCOM,2026-02-09,ACE HEATHER S,Officer,Sale at price 137.00 per share.,3200,438400.0,I
QCOM,2026-02-06,PALKHIWALA AKASH J,Chief Operating Officer,Sale at price 136.01 - 138.62 per share.,3333,458799.0,D
QCOM,2026-01-02,PALKHIWALA AKASH J,Chief Operating Officer,Sale at price 172.89 - 174.39 per share.,3333,577620.0,D
QCOM,2025-12-31,MCLAUGHLIN MARK D,Director,Stock Award(Grant) at price 0.00 per share.,401,0.0,D
QCOM,2025-12-31,YOUNG CHRISTOPHER DAVID,Director,Stock Award(Grant) at price 0.00 per share.,168,0.0,D
QCOM,2025-12-31,TRICOIRE JEAN-PASCAL,Director,Stock Award(Grant) at price 0.00 per share.,197,0.0,D
QCOM,2025-12-31,SMIT NEIL,Director,Stock Award(Grant) at price 0.00 per share.,168,0.0,D
QCOM,2025-12-19,PALKHIWALA AKASH J,Chief Operating Officer,Sale at price 174.36 - 177.01 per share.,12538,2197736.0,D
QCOM,2025-12-16,ROGERS ALEXANDER H,Officer,Sale at price 176.83 - 178.82 per share.,15917,2833331.0,D
QCOM,2025-12-16,CHAPLIN ANN C,General Counsel,Sale at price 177.51 - 179.00 per share.,7180,1278238.0,D
QCOM,2025-12-15,AMON CRISTIANO RENNO,Chief Executive Officer,Stock Award(Grant) at price 0.00 per share.,70203,0.0,I
QCOM,2025-12-15,ACE HEATHER S,Officer,Stock Award(Grant) at price 0.00 per share.,11407,0.0,D
QCOM,2025-12-15,ROGERS ALEXANDER H,Officer,Stock Award(Grant) at price 0.00 per share.,21051,0.0,D
QCOM,2025-12-15,CHAPLIN ANN C,General Counsel,Stock Award(Grant) at price 0.00 per share.,14899,0.0,D
QCOM,2025-12-15,PALKHIWALA AKASH J,Chief Operating Officer,Stock Award(Grant) at price 0.00 per share.,24576,0.0,D
QCOM,2025-12-02,GRECH PATRICIA Y,Officer,Sale at price 170.00 per share.,203,34510.0,I
QCOM,2025-11-21,GRECH PATRICIA Y,Officer,Sale at price 160.95 per share.,513,82567.0,I
QCOM,2025-11-07,ACE HEATHER S,Officer,Sale at price 172.87 per share.,1600,276592.0,I
QCOM,2025-11-07,PALKHIWALA AKASH J,Chief Operating Officer,Sale at price 169.03 - 173.64 per share.,3333,567702.0,D
QCOM,2025-11-07,GRECH PATRICIA Y,Officer,Sale at price 172.87 per share.,203,35093.0,I
QCOM,2025-10-20,PALKHIWALA AKASH J,Chief Operating Officer,Sale at price 162.91 - 167.10 per share.,8335,1384142.0,D
QCOM,2025-10-01,AMON CRISTIANO RENNO,Chief Executive Officer,Sale at price 165.16 - 166.56 per share.,150000,24833983.0,I
QCOM,2025-09-30,MCLAUGHLIN MARK D,Director,Stock Award(Grant) at price 0.00 per share.,428,0.0,D
QCOM,2025-09-30,YOUNG CHRISTOPHER DAVID,Director,Stock Award(Grant) at price 0.00 per share.,172,0.0,D
QCOM,2025-09-30,TRICOIRE JEAN-PASCAL,Director,Stock Award(Grant) at price 0.00 per share.,202,0.0,D
QCOM,2025-09-30,SMIT NEIL,Director,Stock Award(Grant) at price 0.00 per share.,172,0.0,D
QCOM,2025-09-22,GRECH PATRICIA Y,Officer,Sale at price 170.00 per share.,201,34170.0,I
QCOM,2025-09-12,GRECH PATRICIA Y,Officer,Sale at price 161.42 per share.,273,44068.0,I
QCOM,2025-09-02,PALKHIWALA AKASH J,Chief Operating Officer,Sale at price 155.81 - 158.74 per share.,3333,522808.0,D
QCOM,2025-09-02,KOLTER JEREMY Z,Director,Stock Award(Grant) at price 0.00 per share.,1049,0.0,D
QCOM,2025-08-27,GRECH PATRICIA Y,Officer,Sale at price 158.36 per share.,236,37373.0,I
TXN,2026-07-24,KNECHT JULIE C.,Officer,Stock Award(Grant) at price 0.00 per share.,7154,0.0,D
TXN,2026-05-28,CRAIGHEAD MARTIN S,Director,Sale at price 320.41 - 321.01 per share.,10000,3204289.0,D
TXN,2026-05-14,LIZARDI RAFAEL R,Chief Financial Officer,Conversion of Exercise of derivative security at price 174.81 per share.,47734,8344381.0,D
TXN,2026-05-14,BAHAI AHMAD,Officer,Conversion of Exercise of derivative security at price 110.15 per share.,5000,550750.0,D
TXN,2026-05-14,LIZARDI RAFAEL R,Chief Financial Officer,Sale at price 307.85 - 309.45 per share.,47734,14706996.0,D
TXN,2026-05-14,BAHAI AHMAD,Officer,Sale at price 309.13 per share.,5000,1545636.0,D
TXN,2026-05-13,COX CARRIE SMITH,Director,Conversion of Exercise of derivative security at price 104.41 - 110.15 per share.,8838,947492.0,D
TXN,2026-05-13,COX CARRIE SMITH,Director,Sale at price 306.37 - 307.04 per share.,8838,2708029.0,D
TXN,2026-05-11,LEONARD SHANON J,Officer,Sale at price 295.22 per share.,4963,1465186.0,D
TXN,2026-05-04,ILAN HAVIV,Chief Executive Officer,Conversion of Exercise of derivative security at price 79.26 per share.,20000,1585200.0,D
TXN,2026-05-04,ILAN HAVIV,Chief Executive Officer,Sale at price 280.32 per share.,20000,5606450.0,D
TXN,2026-05-01,KNECHT JULIE C.,Officer,Conversion of Exercise of derivative security at price 130.52 per share.,5378,701937.0,D
TXN,2026-05-01,KNECHT JULIE C.,Officer,Sale at price 278.69 - 280.08 per share.,9956,2774786.0,D
TXN,2026-04-30,GARY MARK,Officer,Conversion of Exercise of derivative security at price 130.52 per share.,13689,1786688.0,D
TXN,2026-04-30,ROBERTS MARK T,Officer,Conversion of Exercise of derivative security at price 104.41 - 130.52 per share.,17831,2083939.0,D
TXN,2026-04-30,GARY MARK,Officer,Sale at price 279.25 per share.,13689,3822671.0,D
TXN,2026-04-30,ROBERTS MARK T,Officer,Sale at price 279.34 - 280.72 per share.,28080,7871934.0,D
TXN,2026-04-30,KNECHT JULIE C.,Officer,Stock Gift at price 0.00 per share.,175,0.0,D
TXN,2026-04-29,YUNUS MOHAMMAD,Officer,Conversion of Exercise of derivative security at price 130.52 - 174.81 per share.,51098,8257600.0,D
TXN,2026-04-29,YUNUS MOHAMMAD,Officer,Sale at price 269.56 - 271.47 per share.,51098,13818951.0,D
TXN,2026-04-27,KANE KATHARINE,General Counsel,Conversion of Exercise of derivative security at price 130.52 - 174.81 per share.,6125,1021992.0,D
TXN,2026-04-27,BAHAI AHMAD,Officer,Conversion of Exercise of derivative security at price 79.26 per share.,3660,290092.0,D
TXN,2026-04-27,KANE KATHARINE,General Counsel,Sale at price 270.09 - 271.11 per share.,6125,1656283.0,D
TXN,2026-04-27,BAHAI AHMAD,Officer,Sale at price 268.40 per share.,3660,982359.0,D
TXN,2026-04-24,LIZARDI RAFAEL R,Chief Financial Officer,Conversion of Exercise of derivative security at price 169.23 per share.,40541,6860753.0,D
TXN,2026-04-24,RON AMICHAI,Officer,Conversion of Exercise of derivative security at price 104.41 per share.,15865,1656465.0,D
TXN,2026-04-24,WITZSCHE CHRISTINE,Officer,Conversion of Exercise of derivative security at price 79.26 - 130.52 per share.,3625,389261.0,D
TXN,2026-04-24,LEONARD SHANON J,Officer,Conversion of Exercise of derivative security at price 104.41 - 174.81 per share.,18189,2877483.0,D
TXN,2026-04-24,PATSLEY PAMELA H,Director,Conversion of Exercise of derivative security at price 110.15 per share.,4306,474306.0,D
TXN,2026-04-24,BLUEDORN TODD M,Director,Conversion of Exercise of derivative security at price 110.15 per share.,4306,474306.0,D
TXN,2026-04-24,LIZARDI RAFAEL R,Chief Financial Officer,Sale at price 273.74 - 275.53 per share.,40541,11117556.0,D
TXN,2026-04-24,WITZSCHE CHRISTINE,Officer,Sale at price 275.52 per share.,3625,998771.0,D
TXN,2026-04-24,LEONARD SHANON J,Officer,Sale at price 277.95 per share.,18189,5055707.0,D
TXN,2026-04-24,RON AMICHAI,Officer,Sale at price 272.43 per share.,18365,5003214.0,D
TXN,2026-04-24,BLUEDORN TODD M,Director,Sale at price 274.25 per share.,4306,1180930.0,D
TXN,2026-04-24,BLINN MARK A,Director,Sale at price 276.65 - 278.53 per share.,15000,4162689.0,I
TXN,2026-04-24,PATSLEY PAMELA H,Director,Sale at price 276.11 per share.,4306,1188918.0,D
TXN,2026-04-24,ABRAHAM TSEDENIYA,Officer,Stock Award(Grant) at price 0.00 per share.,7217,0.0,D
TXN,2026-02-17,KOZANIAN HAGOP H,Officer,Sale at price 225.95 per share.,6843,1546168.0,D
TXN,2026-02-11,GARY MARK,Officer,Conversion of Exercise of derivative security at price 110.15 per share.,12921,1423248.0,D
TXN,2026-02-11,BAHAI AHMAD,Officer,Conversion of Exercise of derivative security at price 79.26 per share.,6500,515190.0,D
TXN,2026-02-11,LIZARDI RAFAEL R,Chief Financial Officer,Sale at price 220.51 - 230.78 per share.,71628,15882150.0,D
TXN,2026-02-11,GARY MARK,Officer,Sale at price 220.83 - 230.10 per share.,23169,5236204.0,D
TXN,2026-02-11,BAHAI AHMAD,Officer,Sale at price 230.79 per share.,6500,1500117.0,D
TXN,2026-02-10,LIZARDI RAFAEL R,Chief Financial Officer,Conversion of Exercise of derivative security at price 130.52 per share.,64532,8422717.0,D
TXN,2026-02-09,ROBERTS MARK T,Officer,Sale at price 221.16 per share.,4461,986604.0,D
TXN,2026-02-05,BLINN MARK A,Director,Conversion of Exercise of derivative security at price 167.42 - 187.03 per share.,2572,451344.0,D
TXN,2026-02-05,BAHAI AHMAD,Officer,Conversion of Exercise of derivative security at price 79.26 per share.,3000,237780.0,D
TXN,2026-02-05,BAHAI AHMAD,Officer,Sale at price 223.46 per share.,3000,670387.0,D
TXN,2026-02-05,BLINN MARK A,Director,Sale at price 221.58 per share.,3144,696647.0,D
TXN,2026-01-29,RON AMICHAI,Officer,Stock Award(Grant) at price 0.00 per share.,13473,0.0,D
TXN,2026-01-29,GARY MARK,Officer,Stock Award(Grant) at price 0.00 per share.,11418,0.0,D
TXN,2026-01-29,KNECHT JULIE C.,Officer,Stock Award(Grant) at price 0.00 per share.,1256,0.0,D
TXN,2026-01-29,ROBERTS MARK T,Officer,Stock Award(Grant) at price 0.00 per share.,12559,0.0,D
TXN,2026-01-29,DESROCHES REGINALD,Director,Stock Award(Grant) at price 0.00 per share.,525,0.0,D
TXN,2026-01-29,WITZSCHE CHRISTINE,Officer,Stock Award(Grant) at price 0.00 per share.,4796,0.0,D
TXN,2026-01-29,LEONARD SHANON J,Officer,Stock Award(Grant) at price 0.00 per share.,5252,0.0,D
TXN,2026-01-29,YUNUS MOHAMMAD,Officer,Stock Award(Grant) at price 0.00 per share.,13244,0.0,D
TXN,2026-01-29,KANE KATHARINE,General Counsel,Stock Award(Grant) at price 0.00 per share.,4796,0.0,D
TXN,2026-01-29,CLARK JANET F,Director,Stock Award(Grant) at price 0.00 per share.,525,0.0,D
INTC,2026-05-29,CHANDRASEKARAN NAGASUBRAMANIYAN,Chief Technology Officer,Sale at price 118.28 per share.,21024,2486698.0,D
INTC,2026-05-01,MILLER BOISE APRIL,Officer,Sale at price 99.53 per share.,40256,4006519.0,D
INTC,2026-02-02,MILLER BOISE APRIL,Officer,Sale at price 49.05 per share.,20000,981000.0,D
INTC,2026-01-26,ZINSNER DAVID A,Chief Financial Officer,Purchase at price 42.50 per share.,5882,249985.0,D
INTC,2025-03-21,TAN LIP-BU,Chief Executive Officer,Stock Award(Grant) at price 23.96 per share.,1043406,25000008.0,I
INTC,2024-11-07,HOLTHAUS MICHELLE JOHNSTON,General Counsel,Sale at price 26.00 per share.,25000,650000.0,D
INTC,2024-11-04,GELSINGER PATRICK P,Chief Executive Officer,Purchase at price 22.53 per share.,11150,251198.0,D
MU,2026-07-24,MEHROTRA SANJAY,Chief Executive Officer,Sale at price 906.48 - 941.60 per share.,31285,28995816.0,D
MU,2026-07-24,MEHROTRA SANJAY,Chief Executive Officer,Sale at price 942.87 - 965.85 per share.,8715,8294275.0,D
MU,2026-07-23,ALLEN SCOTT R,Officer,Sale at price 1000.00 per share.,879,879000.0,D
MU,2026-07-01,ARNZEN APRIL S,Officer,Sale at price 1077.05 - 1095.88 per share.,40000,43357473.0,D
MU,2026-06-30,DUGLE LYNN A,Director,Sale at price 1150.43 per share.,1300,1495559.0,D
MU,2026-06-30,DUGLE LYNN A,Director,Stock Gift at price 0.00 per share.,700,0.0,D
MU,2026-06-30,LIU TEYIN MARK,Director,Stock Award(Grant) at price 0.00 per share.,27,0.0,D
MU,2026-06-26,MEHROTRA SANJAY,Chief Executive Officer,Sale at price 1128.41 - 1169.96 per share.,28506,32761315.0,D
MU,2026-06-26,MEHROTRA SANJAY,Chief Executive Officer,Sale at price 1170.60 - 1192.42 per share.,11494,13573977.0,D
MU,2026-06-09,BJORLIN ALEXIS,Director,Stock Award(Grant) at price 0.00 per share.,63,0.0,D
MU,2026-05-29,MEHROTRA SANJAY,Chief Executive Officer,Sale at price 942.14 - 972.61 per share.,37439,35955527.0,D
MU,2026-05-29,MEHROTRA SANJAY,Chief Executive Officer,Sale at price 973.75 - 979.37 per share.,2561,2498589.0,D
MU,2026-05-11,GOMO STEVEN J,Director,Sale at price 786.47 - 787.60 per share.,2000,1574070.0,D
MU,2026-05-01,MEHROTRA SANJAY,Chief Executive Officer,Sale at price 511.91 - 545.39 per share.,40000,21450555.0,D
MU,2026-05-01,RAY MICHAEL CHARLES,Officer,Sale at price 511.64 - 544.73 per share.,7601,4061207.0,D
MU,2026-04-14,CORDANO MICHAEL D,Officer,Sale at price 435.00 per share.,3407,1482045.0,D
MU,2026-04-10,SADANA SUMIT,Officer,Sale at price 421.35 per share.,24000,10112400.0,D
MU,2026-04-09,CORDANO MICHAEL D,Officer,Sale at price 420.81 per share.,3407,1433700.0,D
MU,2026-04-01,ARNZEN APRIL S,Officer,Sale at price 345.13 - 348.46 per share.,40000,13895762.0,D
MU,2026-03-31,LIU TEYIN MARK,Director,Stock Award(Grant) at price 0.00 per share.,97,0.0,D
MU,2026-02-02,SADANA SUMIT,Officer,Sale at price 429.43 - 431.76 per share.,25000,10747266.0,D
MU,2026-01-27,RAY MICHAEL CHARLES,Officer,Sale at price 401.16 - 415.65 per share.,12268,5025987.0,D
MU,2026-01-22,BHATIA MANISH H,Officer,Sale at price 388.78 - 395.87 per share.,26623,10410771.0,D
MU,2026-01-14,LIU TEYIN MARK,Director,Purchase at price 336.63 - 337.50 per share.,23200,7821723.0,D
MU,2026-01-06,ALLEN SCOTT R,Officer,Sale at price 337.50 per share.,2000,675000.0,D
MU,2025-12-22,ARNZEN APRIL S,Officer,Sale at price 277.09 per share.,15000,4156350.0,D
MU,2025-12-22,ARNZEN APRIL S,Officer,Stock Gift at price 0.00 per share.,110,0.0,D
MU,2025-12-19,GOMO STEVEN J,Director,Sale at price 263.63 per share.,5000,1318150.0,D
MU,2025-11-07,MEHROTRA SANJAY,Chief Executive Officer,Sale at price 227.72 - 245.55 per share.,12500,2987009.0,D
MU,2025-11-03,SADANA SUMIT,Officer,Stock Gift at price 0.00 per share.,4500,0.0,D
MU,2025-10-30,MEHROTRA SANJAY,Chief Executive Officer,Sale at price 221.68 - 231.45 per share.,22500,5130731.0,D
MU,2025-10-30,MURPHY MARK J,Chief Financial Officer,Sale at price 221.64 - 226.51 per share.,126000,28389111.0,D
MU,2025-10-29,MEHROTRA SANJAY,Chief Executive Officer,Stock Gift at price 0.00 per share.,10000,0.0,D
MU,2025-10-27,MEHROTRA SANJAY,Chief Executive Officer,Sale at price 220.17 - 224.69 per share.,22500,4966229.0,D
MU,2025-10-27,DEBOER SCOTT J.,Chief Technology Officer,Sale at price 222.81 per share.,82000,18270420.0,D
MU,2025-10-27,MEHROTRA SANJAY,Chief Executive Officer,Stock Gift at price 0.00 per share.,5000,0.0,D
MU,2025-10-21,MEHROTRA SANJAY,Chief Executive Officer,Sale at price 201.89 - 212.20 per share.,22500,4592228.0,D
MU,2025-10-20,ALLEN SCOTT R,Officer,Sale at price 210.02 per share.,8800,1848176.0,D
MU,2025-10-20,MEHROTRA SANJAY,Chief Executive Officer,Stock Gift at price 0.00 per share.,10000,0.0,D
MU,2025-10-16,RAY MICHAEL CHARLES,Officer,Sale at price 196.43 - 205.04 per share.,3682,742384.0,D
MU,2025-10-13,BEYER RICHARD M,Director,Stock Award(Grant) at price 0.00 per share.,1377,0.0,D
MU,2025-10-13,GOMO STEVEN J,Director,Stock Award(Grant) at price 0.00 per share.,1377,0.0,D
MU,2025-10-13,MEHROTRA SANJAY,Chief Executive Officer,Stock Award(Grant) at price 0.00 per share.,57819,0.0,D
MU,2025-10-13,CORDANO MICHAEL D,Officer,Stock Award(Grant) at price 0.00 per share.,17896,0.0,D
MU,2025-10-13,SIMONS ANNA CHRISTINE,Director,Stock Award(Grant) at price 0.00 per share.,1377,0.0,D
MU,2025-10-13,LIU TEYIN MARK,Director,Stock Award(Grant) at price 0.00 per share.,1377,0.0,D
MU,2025-10-13,ARNZEN APRIL S,Officer,Stock Award(Grant) at price 0.00 per share.,16520,0.0,D
MU,2025-10-13,ALLEN SCOTT R,Officer,Stock Award(Grant) at price 0.00 per share.,4130,0.0,D
MU,2025-10-13,BHATIA MANISH H,Officer,Stock Award(Grant) at price 0.00 per share.,30286,0.0,D
MU,2025-10-13,DEBOER SCOTT J.,Chief Technology Officer,Stock Award(Grant) at price 0.00 per share.,25468,0.0,D
MU,2025-10-13,RAY MICHAEL CHARLES,Officer,Stock Award(Grant) at price 0.00 per share.,17896,0.0,D
MU,2025-10-13,SADANA SUMIT,Officer,Stock Award(Grant) at price 0.00 per share.,30286,0.0,D
MU,2025-10-13,MCCARTHY MARY PAT,Director,Stock Award(Grant) at price 0.00 per share.,1377,0.0,D
MU,2025-10-13,DUGLE LYNN A,Director,Stock Award(Grant) at price 0.00 per share.,1377,0.0,D
MU,2025-10-13,MURPHY MARK J,Chief Financial Officer,Stock Award(Grant) at price 0.00 per share.,27533,0.0,D
MU,2025-10-07,MEHROTRA SANJAY,Chief Executive Officer,Sale at price 184.23 - 199.96 per share.,37500,7142621.0,D
MU,2025-10-01,MEHROTRA SANJAY,Chief Executive Officer,Sale at price 180.38 - 182.19 per share.,15000,2712866.0,D
MU,2025-09-30,ARNZEN APRIL S,Officer,Sale at price 164.04 per share.,15000,2460600.0,D
MU,2025-09-25,BEYER RICHARD M,Director,Sale at price 155.68 per share.,5552,864335.0,D
MU,2025-09-19,MEHROTRA SANJAY,Chief Executive Officer,Sale at price 159.73 - 170.18 per share.,15000,2442559.0,D
ADI,2026-08-05,STATA RAYMOND S,Director,Sale at price 370.17 - 383.44 per share.,2832,1070397.0,D
ADI,2026-08-03,ROCHE VINCENT T,Chief Executive Officer,Conversion of Exercise of derivative security at price 108.08 per share.,10000,1080800.0,D
ADI,2026-08-03,ROCHE VINCENT T,Chief Executive Officer,Sale at price 363.00 per share.,10000,3630000.0,D
ADI,2026-07-13,GOLZ KAREN M.,Director,Sale at price 389.83 per share.,1000,389830.0,D
ADI,2026-07-01,ROCHE VINCENT T,Chief Executive Officer,Conversion of Exercise of derivative security at price 108.08 per share.,10000,1080800.0,D
ADI,2026-07-01,ROCHE VINCENT T,Chief Executive Officer,Sale at price 389.75 per share.,10000,3897500.0,D
ADI,2026-06-12,GOLZ KAREN M.,Director,Sale at price 411.95 per share.,1000,411950.0,D
ADI,2026-06-09,STATA RAYMOND S,Director,Sale at price 384.31 - 413.45 per share.,1432,573982.0,D
ADI,2026-06-02,COTTER MARTIN,Officer,Sale at price 418.00 per share.,17594,7354292.0,D
ADI,2026-06-02,COTTER MARTIN,Officer,Conversion of Exercise of derivative security at price 83.48 per share.,17594,1468747.0,D
ADI,2026-06-01,ROCHE VINCENT T,Chief Executive Officer,Conversion of Exercise of derivative security at price 108.08 per share.,10000,1080800.0,D
ADI,2026-06-01,ROCHE VINCENT T,Chief Executive Officer,Sale at price 404.25 per share.,10000,4042500.0,D
ADI,2026-05-26,ROCHE VINCENT T,Chief Executive Officer,Conversion of Exercise of derivative security at price 144.06 per share.,60000,8643600.0,D
ADI,2026-05-26,ROCHE VINCENT T,Chief Executive Officer,Sale at price 396.80 - 415.74 per share.,60000,24358406.0,D
ADI,2026-05-01,ROCHE VINCENT T,Chief Executive Officer,Conversion of Exercise of derivative security at price 94.41 per share.,10000,944100.0,D
ADI,2026-05-01,ROCHE VINCENT T,Chief Executive Officer,Sale at price 397.91 per share.,10000,3979100.0,D
ADI,2026-04-07,NAKAMURA KATSUFUMI,Officer,Stock Award(Grant) at price 0.00 per share.,4085,0.0,D
ADI,2026-04-07,COTTER MARTIN,Officer,Stock Award(Grant) at price 0.00 per share.,5807,0.0,D
ADI,2026-04-07,SONDEL MICHAEL,Officer,Stock Award(Grant) at price 0.00 per share.,1341,0.0,D
ADI,2026-04-07,PUCCIO RICHARD C. JR.,Chief Financial Officer,Stock Award(Grant) at price 0.00 per share.,6513,0.0,D
ADI,2026-04-07,ROCHE VINCENT T,Chief Executive Officer,Stock Award(Grant) at price 0.00 per share.,19712,0.0,D
ADI,2026-04-07,JAIN VIVEK,Officer,Stock Award(Grant) at price 0.00 per share.,6734,0.0,D
ADI,2026-04-01,ROCHE VINCENT T,Chief Executive Officer,Conversion of Exercise of derivative security at price 94.41 per share.,10000,944100.0,D
ADI,2026-04-01,ROCHE VINCENT T,Chief Executive Officer,Sale at price 318.14 per share.,10000,3181400.0,D
ADI,2026-03-18,NAKAMURA KATSUFUMI,Officer,Stock Award(Grant) at price 0.00 per share.,399,0.0,D
ADI,2026-03-18,COTTER MARTIN,Officer,Stock Award(Grant) at price 0.00 per share.,8026,0.0,D
ADI,2026-03-18,SONDEL MICHAEL,Officer,Stock Award(Grant) at price 0.00 per share.,958,0.0,D
ADI,2026-03-18,ROCHE VINCENT T,Chief Executive Officer,Stock Award(Grant) at price 0.00 per share.,55899,0.0,D
ADI,2026-03-18,JAIN VIVEK,Officer,Stock Award(Grant) at price 0.00 per share.,12576,0.0,D
ADI,2026-03-11,GOLZ KAREN M.,Director,Stock Award(Grant) at price 0.00 per share.,747,0.0,D
ADI,2026-03-11,MATSUOKA YOKY,Director,Stock Award(Grant) at price 0.00 per share.,747,0.0,D
ADI,2026-03-11,WAINER ANDREA F,Director,Stock Award(Grant) at price 0.00 per share.,747,0.0,D
ADI,2026-03-11,ANDONIAN ANDRE,Director,Stock Award(Grant) at price 0.00 per share.,747,0.0,D
ADI,2026-03-11,HENRY PETER B,Director,Stock Award(Grant) at price 0.00 per share.,747,0.0,D
ADI,2026-03-11,JENNINGS STEPHEN M,Director,Stock Award(Grant) at price 0.00 per share.,747,0.0,D
ADI,2026-03-11,FRANK EDWARD H,Director,Stock Award(Grant) at price 0.00 per share.,747,0.0,D
ADI,2026-03-11,JOHNSON MERCEDES,Director,Stock Award(Grant) at price 0.00 per share.,747,0.0,D
ADI,2026-03-11,STATA RAYMOND S,Director,Stock Award(Grant) at price 0.00 per share.,747,0.0,D
ADI,2026-03-11,STATA RAYMOND S,Director,Sale at price 317.38 - 323.14 per share.,6250,1996231.0,D
ADI,2026-03-02,ROCHE VINCENT T,Chief Executive Officer,Conversion of Exercise of derivative security at price 94.41 per share.,10000,944100.0,D
ADI,2026-03-02,ROCHE VINCENT T,Chief Executive Officer,Sale at price 350.00 per share.,10000,3500000.0,D
ADI,2026-02-25,SONDEL MICHAEL,Officer,Sale at price 361.02 per share.,4198,1515926.0,D
ADI,2026-02-17,MATSUOKA YOKY,Director,Stock Award(Grant) at price 0.00 per share.,97,0.0,D
ADI,2026-02-05,STATA RAYMOND S,Director,Sale at price 313.21 - 326.44 per share.,6250,1996201.0,D
ADI,2026-02-02,ROCHE VINCENT T,Chief Executive Officer,Conversion of Exercise of derivative security at price 94.41 per share.,10000,944100.0,D
ADI,2026-02-02,ROCHE VINCENT T,Chief Executive Officer,Sale at price 306.92 per share.,10000,3069200.0,D
ADI,2026-01-14,STATA RAYMOND S,Director,Sale at price 293.98 - 301.90 per share.,6250,1852754.0,D
ADI,2026-01-09,NAKAMURA KATSUFUMI,Officer,Sale at price 301.46 per share.,500,150732.0,D
ADI,2026-01-07,NAKAMURA KATSUFUMI,Officer,Sale at price 289.16 per share.,500,144582.0,D
ADI,2026-01-05,COTTER MARTIN,Officer,Sale at price 278.44 per share.,10000,2784450.0,D
ADI,2026-01-02,ROCHE VINCENT T,Chief Executive Officer,Conversion of Exercise of derivative security at price 94.41 per share.,10000,944100.0,D
ADI,2026-01-02,ROCHE VINCENT T,Chief Executive Officer,Sale at price 275.07 per share.,10000,2750700.0,D
ADI,2025-12-17,COTTER MARTIN,Officer,Sale at price 271.19 per share.,5000,1355950.0,D
ADI,2025-12-17,STATA RAYMOND S,Director,Sale at price 270.92 - 281.09 per share.,6250,1727804.0,D
ADI,2025-12-12,ROCHE VINCENT T,Chief Executive Officer,Conversion of Exercise of derivative security at price 94.41 per share.,10000,944100.0,D
ADI,2025-12-12,ROCHE VINCENT T,Chief Executive Officer,Sale at price 282.42 per share.,10000,2824200.0,D
ADI,2025-12-10,SONDEL MICHAEL,Officer,Sale at price 279.50 per share.,8169,2283235.0,D
ADI,2025-12-10,SONDEL MICHAEL,Officer,Conversion of Exercise of derivative security at price 83.48 - 108.08 per share.,8169,795021.0,D
ADI,2025-12-09,NAKAMURA KATSUFUMI,Officer,Stock Award(Grant) at price 0.00 per share.,135,0.0,D
ADI,2025-12-09,COTTER MARTIN,Officer,Stock Award(Grant) at price 0.00 per share.,1590,0.0,D
NXPI,2026-06-15,MICALLEF ANDREW JOSEPH,Chief Operating Officer,Sale at price 315.57 per share.,1000,315570.0,D
NXPI,2026-06-01,JENSEN CHRISTOPHER L,Officer,Sale at price 316.53 per share.,1746,552661.0,D
NXPI,2026-04-23,JENSEN CHRISTOPHER L,Officer,Sale at price 234.03 per share.,4576,1070921.0,D
NXPI,2026-04-23,HARDY ANDREW,Officer,Sale at price 235.00 per share.,5289,1242915.0,D
NXPI,2026-03-16,MICALLEF ANDREW JOSEPH,Chief Operating Officer,Sale at price 194.58 per share.,1000,194580.0,D
NXPI,2026-01-02,WUAMETT JENNIFER B.,General Counsel,Sale at price 220.74 - 221.62 per share.,12425,2745218.0,D
NXPI,2025-12-15,MICALLEF ANDREW JOSEPH,Chief Operating Officer,Sale at price 230.78 per share.,1000,230780.0,D
NXPI,2025-12-03,JENSEN CHRISTOPHER L,Officer,Sale at price 228.17 per share.,2300,524791.0,D
NXPI,2025-12-03,SOUTHERN JULIE,Chairman of the Board,Purchase at price 225.48 per share.,225,50733.0,D
NXPI,2025-11-13,BETZ WILLIAM J,Chief Financial Officer,Sale at price 201.93 per share.,7299,1473887.0,D
NXPI,2025-11-10,MICALLEF ANDREW JOSEPH,Chief Operating Officer,Stock Award(Grant) at price 0.00 per share.,5071,0.0,D
NXPI,2025-11-10,WUAMETT JENNIFER B.,General Counsel,Stock Award(Grant) at price 0.00 per share.,5532,0.0,D
NXPI,2025-11-10,JENSEN CHRISTOPHER L,Officer,Stock Award(Grant) at price 0.00 per share.,5532,0.0,D
NXPI,2025-11-10,BETZ WILLIAM J,Chief Financial Officer,Stock Award(Grant) at price 0.00 per share.,6339,0.0,D
NXPI,2025-11-10,HARDY ANDREW,Officer,Stock Award(Grant) at price 0.00 per share.,1071,0.0,D
NXPI,2025-11-10,SOTOMAYOR RAFAEL,Chief Executive Officer,Stock Award(Grant) at price 0.00 per share.,5532,0.0,D
NXPI,2025-11-04,WUAMETT JENNIFER B.,General Counsel,Sale at price 205.45 - 209.50 per share.,8372,1733056.0,D
NXPI,2025-09-15,MICALLEF ANDREW JOSEPH,Chief Operating Officer,Sale at price 216.21 per share.,1000,216210.0,D
NXPI,2025-08-12,SOTOMAYOR RAFAEL,President,Sale at price 219.57 per share.,2000,439149.0,D
NXPI,2025-08-06,WUAMETT JENNIFER B.,General Counsel,Stock Gift at price 0.00 per share.,500,0.0,D
NXPI,2025-07-28,BETZ WILLIAM J,Chief Financial Officer,Sale at price 227.34 per share.,6785,1542502.0,D
NXPI,2025-07-02,WUAMETT JENNIFER B.,General Counsel,Sale at price 230.00 per share.,9132,2100360.0,D
NXPI,2025-06-16,MICALLEF ANDREW JOSEPH,Chief Operating Officer,Sale at price 213.94 per share.,1000,213940.0,D
NXPI,2025-03-17,MICALLEF ANDREW JOSEPH,Chief Operating Officer,Sale at price 204.86 per share.,1000,204860.0,D
NXPI,2024-11-11,MICALLEF ANDREW JOSEPH,Chief Operating Officer,Stock Award(Grant) at price 0.00 per share.,4914,0.0,D
NXPI,2024-11-11,MICALLEF ANDREW JOSEPH,Chief Operating Officer,Stock Award(Grant) at price 0.00 per share.,4914,0.0,D
NXPI,2024-11-11,WUAMETT JENNIFER B.,General Counsel,Stock Award(Grant) at price 0.00 per share.,5690,0.0,D
NXPI,2024-11-11,SIEVERS KURT,Chief Executive Officer,Stock Award(Grant) at price 0.00 per share.,36209,0.0,D
NXPI,2024-11-11,JENSEN CHRISTOPHER L,Officer,Stock Award(Grant) at price 0.00 per share.,5819,0.0,D
NXPI,2024-11-11,BETZ WILLIAM J,Chief Financial Officer,Stock Award(Grant) at price 0.00 per share.,6467,0.0,D
NXPI,2024-11-11,RONALD MARTINO,Officer,Stock Award(Grant) at price 0.00 per share.,3621,0.0,D
NXPI,2024-09-17,WUAMETT JENNIFER B.,General Counsel,Sale at price 232.35 per share.,3500,813225.0,D
MRVL,2026-08-03,KOOPMANS CHRISTOPHER R,President,Sale at price 180.50 per share.,10000,1805000.0,I
MRVL,2026-07-16,BHARATHI SANDEEP,Officer,Sale at price 199.24 per share.,9013,1795750.0,D
MRVL,2026-07-15,MURPHY MATTHEW JOSEPH,Chief Executive Officer,Sale at price 209.52 per share.,7500,1571400.0,D
MRVL,2026-07-01,KOOPMANS CHRISTOPHER R,President,Sale at price 281.92 per share.,10000,2819200.0,I
MRVL,2026-06-23,DURN DANIEL JAMES,Chief Financial Officer,Sale at price 281.01 per share.,2250,632272.0,D
MRVL,2026-06-17,HOUSE REBECCA WICKHEM,Director,Stock Gift at price 0.00 per share.,750,0.0,D
MRVL,2026-06-16,BHARATHI SANDEEP,Officer,Sale at price 299.13 per share.,2231,667359.0,D
MRVL,2026-06-15,MURPHY MATTHEW JOSEPH,Chief Executive Officer,Sale at price 298.76 per share.,7500,2240700.0,D
MRVL,2026-06-15,CASPER MARK JOHN,Officer,Stock Gift at price 0.00 per share.,1000,0.0,I
MRVL,2026-05-15,MEINTJES WILLEM A,Chief Financial Officer,Sale at price 175.24 per share.,4000,700960.0,D
MRVL,2026-05-13,MURPHY MATTHEW JOSEPH,Chief Executive Officer,Sale at price 177.26 per share.,7500,1329450.0,D
MRVL,2026-05-01,KOOPMANS CHRISTOPHER R,President,Sale at price 162.76 per share.,10000,1627600.0,I
MRVL,2026-04-17,CASPER MARK JOHN,Officer,Sale at price 135.50 per share.,10000,1355000.0,D
MRVL,2026-04-16,BHARATHI SANDEEP,Officer,Sale at price 130.35 per share.,66892,8719372.0,D
MRVL,2026-04-15,MEINTJES WILLEM A,Chief Financial Officer,Sale at price 134.01 per share.,30000,4020300.0,D
MRVL,2026-04-15,MURPHY MATTHEW JOSEPH,Chief Executive Officer,Sale at price 134.46 per share.,7500,1008450.0,D
MRVL,2026-04-06,CASPER MARK JOHN,Officer,Sale at price 109.45 per share.,6900,755205.0,I
MRVL,2026-04-02,CASPER MARK JOHN,Officer,Sale at price 105.11 - 107.01 per share.,17854,1897257.0,D
MRVL,2026-03-26,BHARATHI SANDEEP,Officer,Sale at price 99.61 per share.,44414,4424079.0,D
MRVL,2026-03-26,MURPHY MATTHEW JOSEPH,Chief Executive Officer,Sale at price 98.70 per share.,30000,2961000.0,D
MRVL,2026-01-05,CASPER MARK JOHN,Officer,Sale at price 93.08 per share.,5000,465400.0,D
MRVL,2025-12-05,CASPER MARK JOHN,Officer,Sale at price 101.00 per share.,1253,126553.0,D
MRVL,2025-10-17,MURPHY MATTHEW JOSEPH,Chief Executive Officer,Stock Gift at price 0.00 per share.,22722,0.0,D
MRVL,2025-09-25,MURPHY MATTHEW JOSEPH,Officer and Director,Purchase at price 77.09 per share.,13600,1048424.0,D
MRVL,2025-09-25,MEINTJES WILLEM A,Chief Financial Officer,Purchase at price 78.03 per share.,3400,265302.0,D
MRVL,2025-09-25,KOOPMANS CHRISTOPHER R,President,Purchase at price 78.03 per share.,6800,530604.0,I
MRVL,2025-09-25,BHARATHI SANDEEP,Officer,Purchase at price 78.03 per share.,3400,265302.0,D
MRVL,2025-07-18,CASPER MARK JOHN,Officer,Sale at price 72.35 per share.,3000,217050.0,I
MRVL,2025-06-16,MEINTJES WILLEM A,Chief Financial Officer,Sale at price 68.52 per share.,1500,102780.0,D
MRVL,2025-06-16,DIXON PANTEHA,Officer,Sale at price 68.50 per share.,1283,87886.0,D
MRVL,2025-05-19,CASPER MARK JOHN,Officer,Sale at price 61.10 per share.,626,38249.0,D
MRVL,2025-05-15,MEINTJES WILLEM A,Chief Financial Officer,Sale at price 64.75 per share.,1500,97125.0,D
MRVL,2025-05-15,KOOPMANS CHRISTOPHER R,Chief Operating Officer,Sale at price 65.10 per share.,6000,390600.0,I
MRVL,2025-05-15,DIXON PANTEHA,Officer,Sale at price 65.01 per share.,1239,80547.0,D
MRVL,2025-05-12,KOOPMANS CHRISTOPHER R,Chief Operating Officer,Sale at price 65.00 per share.,6000,390000.0,I
MRVL,2025-05-12,DIXON PANTEHA,Officer,Sale at price 65.00 per share.,1286,83590.0,D
MRVL,2025-05-01,MEINTJES WILLEM A,Chief Financial Officer,Sale at price 60.00 per share.,1500,90000.0,D
MRVL,2025-04-23,CASPER MARK JOHN,Officer,Sale at price 55.00 per share.,12460,685300.0,D
MRVL,2025-03-17,MEINTJES WILLEM A,Chief Financial Officer,Sale at price 68.83 per share.,1500,103245.0,D
MRVL,2025-03-17,KOOPMANS CHRISTOPHER R,Chief Operating Officer,Sale at price 68.83 per share.,6000,412980.0,I
MRVL,2025-03-17,DIXON PANTEHA,Officer,Sale at price 68.75 per share.,1430,98312.0,D
MRVL,2025-03-07,BUSS BRADLEY W,Director,Purchase at price 69.00 per share.,3000,207000.0,D
MRVL,2025-02-18,MEINTJES WILLEM A,Chief Financial Officer,Sale at price 106.35 per share.,1500,159525.0,D
MRVL,2025-02-18,CASPER MARK JOHN,Officer,Sale at price 107.61 per share.,1253,134835.0,D
MRVL,2025-02-18,KOOPMANS CHRISTOPHER R,Chief Operating Officer,Sale at price 106.35 per share.,6000,638100.0,I
MRVL,2025-01-22,KOOPMANS CHRISTOPHER R,Chief Operating Officer,Sale at price 124.40 per share.,6000,746400.0,I
MRVL,2025-01-17,CASPER MARK JOHN,Officer,Sale at price 123.08 per share.,7755,954485.0,D
MRVL,2025-01-15,MEINTJES WILLEM A,Chief Financial Officer,Sale at price 118.33 per share.,1500,177495.0,D
MRVL,2025-01-06,STRACHAN MICHAEL G,Director,Sale at price 122.65 per share.,5000,613250.0,I
MRVL,2025-01-02,CASPER MARK JOHN,Officer,Sale at price 113.00 per share.,2500,282500.0,D
MRVL,2024-12-24,HUSSAIN MUHAMMAD RAGHIB,Officer,Stock Gift at price 0.00 per share.,13445,0.0,D
MRVL,2024-12-20,KOOPMANS CHRISTOPHER R,Chief Operating Officer,Stock Gift at price 0.00 per share.,2699,0.0,I
MRVL,2024-12-16,MEINTJES WILLEM A,Chief Financial Officer,Sale at price 122.50 per share.,1500,183750.0,D
MRVL,2024-12-16,KOOPMANS CHRISTOPHER R,Chief Operating Officer,Sale at price 122.50 per share.,6000,735000.0,I
MRVL,2024-12-13,BROWN WILLIAM TUDOR,Director,Sale at price 121.12 per share.,10005,1211806.0,D
MRVL,2024-12-09,HOUSE REBECCA WICKHEM,Director,Stock Gift at price 0.00 per share.,1500,0.0,D
MRVL,2024-11-15,MEINTJES WILLEM A,Chief Financial Officer,Sale at price 89.14 per share.,1500,133710.0,D
MRVL,2024-11-15,KOOPMANS CHRISTOPHER R,Chief Operating Officer,Sale at price 89.14 per share.,6000,534840.0,I
MRVL,2024-10-21,KOOPMANS CHRISTOPHER R,Chief Operating Officer,Sale at price 80.77 per share.,6000,484620.0,I
MRVL,2024-10-15,MEINTJES WILLEM A,Chief Financial Officer,Sale at price 80.50 per share.,1500,120750.0,D
ON,2026-07-02,MASCARENAS PAUL ANTHONY,Director,Stock Award(Grant) at price 91.22 per share.,116,10582.0,D
ON,2026-05-14,DEITRICH THOMAS,Director,Stock Award(Grant) at price 0.00 per share.,1986,0.0,D
ON,2026-05-14,MASCARENAS PAUL ANTHONY,Director,Stock Award(Grant) at price 0.00 per share.,1986,0.0,D
ON,2026-05-14,YAN CHRISTINE YINGLI,Director,Stock Award(Grant) at price 0.00 per share.,1986,0.0,D
ON,2026-05-14,CARTER SUSAN K,Director,Stock Award(Grant) at price 0.00 per share.,1986,0.0,D
ON,2026-05-14,KIDDOO BRUCE E,Director,Stock Award(Grant) at price 0.00 per share.,1986,0.0,D
ON,2026-05-14,WATERS GREGORY L,Director,Stock Award(Grant) at price 0.00 per share.,1986,0.0,D
ON,2026-04-24,THAD TRENT,Chief Financial Officer,Sale at price 93.00 - 100.00 per share.,60000,5790000.0,D
ON,2026-04-16,THAD TRENT,Chief Financial Officer,Sale at price 80.00 per share.,30000,2400000.0,D
ON,2026-04-02,MASCARENAS PAUL ANTHONY,Director,Stock Award(Grant) at price 62.19 per share.,168,10448.0,D
ON,2026-03-13,GOPALSWAMY SUDHIR,Officer,Sale at price 58.67 per share.,6114,358708.0,D
ON,2026-02-20,KEETON SIMON,Officer,Stock Award(Grant) at price 0.00 per share.,26046,0.0,D
ON,2026-02-20,GOPALSWAMY SUDHIR,Officer,Stock Award(Grant) at price 0.00 per share.,31834,0.0,D
ON,2026-02-20,EL KHOURY HASSANE,Chief Executive Officer,Stock Award(Grant) at price 0.00 per share.,75315,0.0,D
ON,2026-02-20,THAD TRENT,Chief Financial Officer,Stock Award(Grant) at price 0.00 per share.,36175,0.0,D
ON,2026-02-17,KEETON SIMON,Officer,Sale at price 71.56 - 71.77 per share.,48860,3505699.0,D
ON,2026-02-12,EL KHOURY HASSANE,Chief Executive Officer,Sale at price 73.02 - 73.56 per share.,20000,1460414.0,D
ON,2026-02-12,THAD TRENT,Chief Financial Officer,Sale at price 70.87 - 73.39 per share.,60000,4272975.0,D
ON,2026-02-12,KIDDOO BRUCE E,Director,Stock Gift at price 0.00 per share.,3570,0.0,D
ON,2026-02-05,KEETON SIMON,Officer,Stock Award(Grant) at price 0.00 per share.,29147,0.0,D
ON,2026-02-05,GOPALSWAMY SUDHIR,Officer,Stock Award(Grant) at price 0.00 per share.,27508,0.0,D
ON,2026-02-05,EL KHOURY HASSANE,Chief Executive Officer,Stock Award(Grant) at price 0.00 per share.,112772,0.0,D
ON,2026-02-05,THAD TRENT,Chief Financial Officer,Stock Award(Grant) at price 0.00 per share.,38862,0.0,D
ON,2025-12-19,MASCARENAS PAUL ANTHONY,Director,Stock Award(Grant) at price 55.21 per share.,189,10435.0,D
ON,2025-12-04,KEETON SIMON,Officer,Sale at price 55.72 per share.,21000,1170059.0,D
ON,2025-12-03,THAD TRENT,Chief Financial Officer,Sale at price 55.05 per share.,20000,1100972.0,D
ON,2025-10-03,MASCARENAS PAUL ANTHONY,Director,Stock Award(Grant) at price 49.27 per share.,212,10445.0,D
ON,2025-08-13,EL KHOURY HASSANE,Chief Executive Officer,Sale at price 51.22 per share.,15000,768260.0,D
ON,2025-07-03,MASCARENAS PAUL ANTHONY,Director,Stock Award(Grant) at price 56.60 per share.,185,10471.0,D
ON,2025-06-12,CAMPBELL ALAN,Director,Sale at price 51.16 per share.,5371,274780.0,D
ON,2025-05-15,DEITRICH THOMAS,Director,Stock Award(Grant) at price 0.00 per share.,5054,0.0,D
ON,2025-05-15,MASCARENAS PAUL ANTHONY,Director,Stock Award(Grant) at price 0.00 per share.,5054,0.0,D
ON,2025-05-15,YAN CHRISTINE YINGLI,Director,Stock Award(Grant) at price 0.00 per share.,5054,0.0,D
ON,2025-05-15,CARTER SUSAN K,Director,Stock Award(Grant) at price 0.00 per share.,5054,0.0,D
ON,2025-05-15,KIDDOO BRUCE E,Director,Stock Award(Grant) at price 0.00 per share.,5054,0.0,D
ON,2025-05-15,WATERS GREGORY L,Director,Stock Award(Grant) at price 0.00 per share.,5054,0.0,D
ON,2025-05-15,CAMPBELL ALAN,Director,Stock Award(Grant) at price 0.00 per share.,5054,0.0,D
ON,2025-04-04,MASCARENAS PAUL ANTHONY,Director,Stock Award(Grant) at price 33.70 per share.,310,10447.0,D
ON,2025-03-12,CAMPBELL ALAN,Director,Sale at price 43.23 per share.,10000,432257.0,D
ON,2025-02-21,KEETON SIMON,Officer,Stock Award(Grant) at price 0.00 per share.,33303,0.0,D
ON,2025-02-21,GOPALSWAMY SUDHIR,Officer,Stock Award(Grant) at price 0.00 per share.,33303,0.0,D
ON,2025-02-21,EL KHOURY HASSANE,Chief Executive Officer,Stock Award(Grant) at price 0.00 per share.,92970,0.0,D
ON,2025-02-21,THAD TRENT,Chief Financial Officer,Stock Award(Grant) at price 0.00 per share.,44404,0.0,D
ON,2025-02-06,KEETON SIMON,Officer,Stock Award(Grant) at price 0.00 per share.,42868,0.0,D
ON,2025-02-06,GOPALSWAMY SUDHIR,Officer,Stock Award(Grant) at price 0.00 per share.,37072,0.0,D
ON,2025-02-06,EL KHOURY HASSANE,Chief Executive Officer,Stock Award(Grant) at price 0.00 per share.,173721,0.0,D
ON,2025-02-06,THAD TRENT,Chief Financial Officer,Stock Award(Grant) at price 0.00 per share.,61590,0.0,D
ON,2024-12-20,MASCARENAS PAUL ANTHONY,Director,Stock Award(Grant) at price 65.50 per share.,160,10480.0,D
ON,2024-12-17,GOPALSWAMY SUDHIR,Officer,Sale at price 67.64 per share.,21082,1426041.0,D
ON,2024-12-17,KEETON SIMON,Officer,Sale at price 68.56 per share.,28000,1919789.0,D
ON,2024-12-17,EL KHOURY HASSANE,Chief Executive Officer,Sale at price 70.00 per share.,1500,105000.0,D
ON,2024-11-25,EL KHOURY HASSANE,Chief Executive Officer,Sale at price 71.00 per share.,1500,106500.0,D
ON,2024-10-15,EL KHOURY HASSANE,Chief Executive Officer,Sale at price 72.71 per share.,1500,109065.0,D
ON,2024-09-27,MASCARENAS PAUL ANTHONY,Director,Stock Award(Grant) at price 74.39 per share.,141,10489.0,D
ON,2024-09-16,EL KHOURY HASSANE,Chief Executive Officer,Sale at price 70.80 per share.,1500,106200.0,D
MCHP,2026-06-04,SIMONCIC RICHARD J,Chief Operating Officer,Sale at price 97.52 per share.,5000,487575.0,I
MCHP,2026-05-28,CHAPMAN MATTHEW W,Director,Sale at price 97.52 per share.,3000,292546.0,D
MCHP,2026-05-22,BJORNHOLT JAMES ERIC,Chief Financial Officer,Sale at price 90.64 - 93.11 per share.,3667,333203.0,I
MCHP,2026-05-22,SIMONCIC RICHARD J,Chief Operating Officer,Sale at price 93.44 per share.,5000,467175.0,I
MCHP,2026-05-15,CHAPMAN MATTHEW W,Director,Sale at price 95.48 per share.,10000,954799.0,D
MCHP,2026-05-15,SIMONCIC RICHARD J,Chief Operating Officer,Sale at price 93.85 per share.,83,7790.0,I
MCHP,2026-05-15,BUNKER MATHEW B.,Officer,Conversion of Exercise of derivative security at price 93.85 per share.,3656,343116.0,D
MCHP,2026-05-15,KRAWCZYK JOSEPH R. II,Officer,Conversion of Exercise of derivative security at price 93.85 per share.,2134,200276.0,D
MCHP,2026-05-15,BJORNHOLT JAMES ERIC,Chief Financial Officer,Conversion of Exercise of derivative security at price 93.85 per share.,6422,602705.0,I
MCHP,2026-05-15,SIMONCIC RICHARD J,Chief Operating Officer,Conversion of Exercise of derivative security at price 93.85 per share.,6252,586750.0,I
MCHP,2026-05-15,SANGHI STEVE,Chief Executive Officer,Conversion of Exercise of derivative security at price 93.85 per share.,41903,3932597.0,I
MCHP,2026-05-13,BUNKER MATHEW B.,Officer,Sale at price 96.88 per share.,10571,1024155.0,D
MCHP,2026-05-13,SIMONCIC RICHARD J,Chief Operating Officer,Sale at price 97.55 per share.,10000,975460.0,I
MCHP,2026-05-01,SANGHI STEVE,Chief Executive Officer,Sale at price 92.37 - 93.58 per share.,109971,10250975.0,I
MCHP,2026-04-23,SANGHI STEVE,Chief Executive Officer,Sale at price 88.53 per share.,416581,36881124.0,I
MCHP,2026-03-02,SANGHI STEVE,Chief Executive Officer,Stock Award(Grant) at price 74.31 per share.,580,43100.0,I
MCHP,2026-03-02,KRAWCZYK JOSEPH R. II,Officer,Stock Award(Grant) at price 74.31 per share.,379,28163.0,D
MCHP,2026-03-02,SIMONCIC RICHARD J,Chief Operating Officer,Stock Award(Grant) at price 74.31 per share.,431,32028.0,I
MCHP,2026-03-02,BJORNHOLT JAMES ERIC,Chief Financial Officer,Stock Award(Grant) at price 74.31 per share.,431,32028.0,I
MCHP,2026-03-02,BUNKER MATHEW B.,Officer,Stock Award(Grant) at price 74.31 per share.,363,26975.0,D
MCHP,2026-02-24,BJORNHOLT JAMES ERIC,Chief Financial Officer,Sale at price 77.09 - 78.93 per share.,5530,429988.0,I
MCHP,2026-02-13,BUNKER MATHEW B.,Officer,Conversion of Exercise of derivative security at price 78.94 per share.,3259,257265.0,D
MCHP,2026-02-13,KRAWCZYK JOSEPH R. II,Officer,Conversion of Exercise of derivative security at price 78.94 per share.,1469,115963.0,D
MCHP,2026-02-13,BJORNHOLT JAMES ERIC,Chief Financial Officer,Conversion of Exercise of derivative security at price 78.94 per share.,6387,504190.0,I
MCHP,2026-02-13,SIMONCIC RICHARD J,Chief Operating Officer,Conversion of Exercise of derivative security at price 78.94 per share.,5861,462667.0,I
MCHP,2026-02-13,SANGHI STEVE,Chief Executive Officer,Conversion of Exercise of derivative security at price 78.94 per share.,142161,11222189.0,I
MCHP,2026-02-12,SANGHI STEVE,Chief Executive Officer,Sale at price 82.46 per share.,94869,7823192.0,I
MCHP,2026-02-12,KRAWCZYK JOSEPH R. II,Officer,Sale at price 78.58 per share.,4400,345743.0,D
MCHP,2026-02-12,BUNKER MATHEW B.,Officer,Sale at price 78.37 per share.,10000,783700.0,D
MCHP,2026-01-28,SANGHI STEVE,Chief Executive Officer,Sale at price 80.55 per share.,98814,7959814.0,I
MCHP,2026-01-22,SANGHI STEVE,Chief Executive Officer,Sale at price 79.20 per share.,18509,1465883.0,I
MCHP,2025-12-05,SANGHI STEVE,Chief Executive Officer,Stock Gift at price 65.81 per share.,138000,9081780.0,I
MCHP,2025-11-25,BJORNHOLT JAMES ERIC,Chief Financial Officer,Sale at price 50.39 per share.,4292,216274.0,I
MCHP,2025-11-17,BUNKER MATHEW B.,Officer,Conversion of Exercise of derivative security at price 51.70 per share.,3865,199820.0,D
MCHP,2025-11-17,KRAWCZYK JOSEPH R. II,Officer,Conversion of Exercise of derivative security at price 51.70 per share.,1517,78429.0,D
MCHP,2025-11-17,BJORNHOLT JAMES ERIC,Chief Financial Officer,Conversion of Exercise of derivative security at price 51.70 per share.,7516,388577.0,I
MCHP,2025-11-17,SIMONCIC RICHARD J,Chief Operating Officer,Conversion of Exercise of derivative security at price 51.70 per share.,6899,356678.0,I
MCHP,2025-11-17,SANGHI STEVE,Chief Executive Officer,Conversion of Exercise of derivative security at price 51.70 per share.,16986,878176.0,I
MCHP,2025-09-02,SANGHI STEVE,Chief Executive Officer,Stock Award(Grant) at price 63.60 per share.,282,17935.0,I
MCHP,2025-09-02,KRAWCZYK JOSEPH R. II,Officer,Stock Award(Grant) at price 63.60 per share.,110,6996.0,D
MCHP,2025-09-02,BUNKER MATHEW B.,Officer,Stock Award(Grant) at price 63.60 per share.,123,7823.0,D
MCHP,2025-09-02,SIMONCIC RICHARD J,Chief Operating Officer,Stock Award(Grant) at price 63.60 per share.,56,3562.0,I
MCHP,2025-09-02,BJORNHOLT JAMES ERIC,Chief Financial Officer,Stock Award(Grant) at price 63.60 per share.,79,5024.0,I
MCHP,2025-08-25,BJORNHOLT JAMES ERIC,Chief Financial Officer,Sale at price 68.42 - 69.14 per share.,7356,505496.0,I
MCHP,2025-08-25,CHAPMAN MATTHEW W,Director,Sale at price 68.26 per share.,10000,682550.0,D
MCHP,2025-08-22,SIMONCIC RICHARD J,Chief Operating Officer,Stock Gift at price 69.14 per share.,2000,138280.0,I
MCHP,2025-08-18,CASSIDY RICHARD B II,Director,Conversion of Exercise of derivative security at price 65.56 per share.,1258,82474.0,D
MCHP,2025-08-18,BARKER ELLEN L.,Director,Conversion of Exercise of derivative security at price 65.56 per share.,2491,163310.0,D
MCHP,2025-08-18,RAPP KAREN MARIE,Director,Conversion of Exercise of derivative security at price 65.56 per share.,2491,163310.0,D
MCHP,2025-08-18,PENG VICTOR,Director,Conversion of Exercise of derivative security at price 65.56 per share.,2010,131776.0,I
MCHP,2025-08-18,CHAPMAN MATTHEW W,Director,Conversion of Exercise of derivative security at price 65.56 per share.,2491,163310.0,D
MCHP,2025-08-15,BUNKER MATHEW B.,Officer,Conversion of Exercise of derivative security at price 65.71 per share.,2609,171437.0,D
MCHP,2025-08-15,KRAWCZYK JOSEPH R. II,Officer,Conversion of Exercise of derivative security at price 65.71 per share.,1639,107699.0,D
MCHP,2025-08-15,BJORNHOLT JAMES ERIC,Chief Financial Officer,Conversion of Exercise of derivative security at price 65.71 per share.,5346,351286.0,I
MCHP,2025-08-15,SIMONCIC RICHARD J,Chief Operating Officer,Conversion of Exercise of derivative security at price 65.71 per share.,4832,317511.0,I
MCHP,2025-08-15,SANGHI STEVE,Chief Executive Officer,Conversion of Exercise of derivative security at price 65.71 per share.,10684,702046.0,I
MCHP,2025-05-23,BJORNHOLT JAMES ERIC,Chief Financial Officer,Sale at price 55.78 per share.,2015,112397.0,I
MCHP,2025-05-20,JOHNSON KARLTON D,Director,Sale at price 60.69 per share.,494,29981.0,D
MCHP,2025-05-15,BUNKER MATHEW B.,Officer,Conversion of Exercise of derivative security at price 60.80 per share.,2361,143549.0,D
MCHP,2025-05-15,KRAWCZYK JOSEPH R. II,Officer,Conversion of Exercise of derivative security at price 60.80 per share.,1435,87248.0,D
ARM,2026-08-07,SINE JEFFREY A.,Director,Stock Gift at price 0.00 per share.,9572,0.0,D
ARM,2026-06-02,BARTELS LAURA KATHLEEN,Officer,Sale at price 392.70 per share.,11306,4439866.0,D
ARM,2026-06-01,ABBEY WILLIAM,Officer,Sale at price 383.73 - 415.52 per share.,6566,2644252.0,D
ARM,2026-05-28,ABBEY WILLIAM,Officer,Sale at price 343.81 per share.,4200,1444002.0,D
ARM,2026-05-22,ABBEY WILLIAM,Officer,Sale at price 305.82 per share.,2300,703386.0,D
ARM,2026-05-21,ABBEY WILLIAM,Officer,Sale at price 287.03 per share.,4655,1336125.0,D
ARM,2026-05-21,EATON CHARLOTTE CLAIRE,Officer,Sale at price 252.25 - 282.77 per share.,7100,1913055.0,D
ARM,2026-05-21,EATON CHARLOTTE CLAIRE,Officer,Sale at price 288.10 - 291.08 per share.,7805,2263520.0,D
ARM,2026-05-20,CHILD JASON E,Chief Financial Officer,Sale at price 226.54 per share.,31920,7231157.0,D
ARM,2026-05-20,ABBEY WILLIAM,Officer,Sale at price 224.14 - 257.18 per share.,15956,3743858.0,D
ARM,2026-05-19,COLLINS SPENCER,Officer,Sale at price 215.00 per share.,40941,8802315.0,D
ARM,2026-05-18,GRISENTHWAITE RICHARD ROY,Officer,Sale at price 209.15 per share.,24339,5090502.0,D
ARM,2026-05-15,CHILD JASON E,Chief Financial Officer,Stock Award(Grant) at price 0.00 per share.,81359,0.0,D
ARM,2026-05-15,ABBEY WILLIAM,Officer,Stock Award(Grant) at price 0.00 per share.,23310,0.0,D
ARM,2026-05-15,COLLINS SPENCER,Officer,Stock Award(Grant) at price 0.00 per share.,69117,0.0,D
ARM,2026-05-15,HAAS RENE A,Chief Executive Officer,Stock Award(Grant) at price 0.00 per share.,265643,0.0,D
ARM,2026-05-15,GRISENTHWAITE RICHARD ROY,Officer,Stock Award(Grant) at price 0.00 per share.,22690,0.0,D
ARM,2026-05-15,EATON CHARLOTTE CLAIRE,Officer,Stock Award(Grant) at price 0.00 per share.,5612,0.0,D
ARM,2026-05-15,ABBEY WILLIAM,Officer,Sale at price 199.00 - 221.99 per share.,10154,2151751.0,D
ARM,2026-05-11,COLLINS SPENCER,Officer,Sale at price 207.77 - 214.41 per share.,51961,11001747.0,D
ARM,2026-04-22,CHILD JASON E,Chief Financial Officer,Sale at price 180.00 per share.,21280,3830400.0,D
ARM,2026-04-14,HAAS RENE A,Chief Executive Officer,Sale at price 160.57 - 163.00 per share.,9299,1495783.0,D
ARM,2026-03-26,HAAS RENE A,Chief Executive Officer,Sale at price 160.22 - 163.35 per share.,31853,5131328.0,D
ARM,2026-03-25,CHILD JASON E,Chief Financial Officer,Sale at price 148.37 per share.,21280,3157314.0,D
MPWR,2026-08-11,CHANG KUO WEI HERBERT,Director,Sale at price 1420.00 per share.,50,71000.0,D
MPWR,2026-08-05,DEAN ROBERT W II,Chief Financial Officer,Sale at price 1344.27 per share.,105,141148.0,D
MPWR,2026-08-04,SCIAMMAS MAURICE,Officer,Stock Gift at price 0.00 per share.,25000,0.0,D
MPWR,2026-08-03,SCIAMMAS MAURICE,Officer,Sale at price 1343.94 per share.,30,40318.0,I
MPWR,2026-07-24,DEAN ROBERT W II,Chief Financial Officer,Stock Award(Grant) at price 0.00 per share.,1359,0.0,D
MPWR,2026-07-15,SCIAMMAS MAURICE,Officer,Sale at price 1314.03 - 1405.71 per share.,15000,20245937.0,D
MPWR,2026-07-01,SCIAMMAS MAURICE,Officer,Sale at price 1351.61 per share.,30,40548.0,I
MPWR,2026-06-01,SCIAMMAS MAURICE,Officer,Sale at price 1533.95 per share.,30,46018.0,I
MPWR,2026-05-29,SCIAMMAS MAURICE,Officer,Stock Gift at price 0.00 per share.,12472,0.0,I
MPWR,2026-05-27,TSENG SARIA H,General Counsel,Sale at price 1700.00 per share.,7565,12860500.0,D
MPWR,2026-05-26,ZHOU JEFFREY,Director,Sale at price 1680.00 per share.,486,816480.0,D
MPWR,2026-05-26,DEAN ROBERT W II,Chief Financial Officer,Sale at price 1649.56 per share.,22,36290.0,D
MPWR,2026-05-22,TSENG SARIA H,General Counsel,Stock Gift at price 0.00 per share.,200,0.0,D
MPWR,2026-05-22,TSENG SARIA H,General Counsel,Sale at price 1586.43 per share.,5000,7932150.0,D
MPWR,2026-05-18,DEAN ROBERT W II,Chief Financial Officer,Sale at price 1563.28 per share.,4,6253.0,D
MPWR,2026-05-15,SCIAMMAS MAURICE,Officer,Sale at price 1550.36 - 1585.51 per share.,12000,18736850.0,D
MPWR,2026-05-13,SCIAMMAS MAURICE,Officer,Stock Gift at price 0.00 per share.,1563,0.0,I
MPWR,2026-05-06,WYNNE EILEEN,Director,Sale at price 1582.68 per share.,335,530198.0,D
MPWR,2026-05-06,ZHOU JEFFREY,Director,Sale at price 1574.48 - 1650.00 per share.,1514,2434283.0,D
MPWR,2026-05-06,ELMIGER EUGEN J,Director,Sale at price 1559.88 - 1600.14 per share.,12000,19019482.0,D
MPWR,2026-05-06,XIAO DEMING,Officer,Sale at price 1648.38 - 1661.38 per share.,30000,49636560.0,D
MPWR,2026-05-05,SCIAMMAS MAURICE,Officer,Sale at price 1583.81 per share.,380,601848.0,I
MPWR,2026-05-04,SCIAMMAS MAURICE,Officer,Sale at price 1588.73 per share.,30,47662.0,I
MPWR,2026-04-08,TSENG SARIA H,General Counsel,Sale at price 1266.48 - 1321.94 per share.,8963,11698654.0,D
MPWR,2026-04-06,TSENG SARIA H,General Counsel,Sale at price 1139.96 - 1179.50 per share.,7636,8918434.0,D
MPWR,2026-04-01,SCIAMMAS MAURICE,Officer,Sale at price 1116.44 per share.,30,33493.0,I
MPWR,2026-04-01,TSENG SARIA H,General Counsel,Sale at price 1131.24 - 1136.99 per share.,1400,1586924.0,D
MPWR,2026-03-30,TSENG SARIA H,General Counsel,Sale at price 1000.81 - 1041.12 per share.,25674,25943638.0,D
MPWR,2026-03-20,SCIAMMAS MAURICE,Officer,Sale at price 1095.07 per share.,30,32852.0,I
MPWR,2026-02-12,HSING MICHAEL R,Chief Executive Officer,Sale at price 1155.71 - 1217.12 per share.,33000,38670257.0,D
MPWR,2026-02-11,SCIAMMAS MAURICE,Officer,Sale at price 1179.98 per share.,200,235995.0,I
MPWR,2026-02-11,HSING MICHAEL R,Chief Executive Officer,Sale at price 1158.71 - 1202.28 per share.,33000,39234212.0,D
MPWR,2026-02-10,HSING MICHAEL R,Chief Executive Officer,Sale at price 1132.01 - 1197.26 per share.,34000,38837435.0,D
MPWR,2026-02-09,LEE VICTOR K,Director,Sale at price 1212.16 per share.,400,484864.0,D
MPWR,2026-02-06,SCIAMMAS MAURICE,Officer,Sale at price 1171.16 per share.,22875,26790370.0,D
MPWR,2026-02-06,BLEGEN THEODORE BERNHARD,Chief Financial Officer,Sale at price 1171.16 per share.,21725,25443531.0,D
MPWR,2026-02-06,HSING MICHAEL R,Chief Executive Officer,Sale at price 1171.16 per share.,54923,64323824.0,D
MPWR,2026-02-06,TSENG SARIA H,General Counsel,Sale at price 1171.16 per share.,22875,26790370.0,D
MPWR,2026-02-06,XIAO DEMING,Officer,Sale at price 1171.16 per share.,22875,26790370.0,D
MPWR,2026-02-03,XIAO DEMING,Officer,Stock Award(Grant) at price 0.00 per share.,57170,0.0,D
MPWR,2026-02-03,HSING MICHAEL R,Chief Executive Officer,Stock Award(Grant) at price 0.00 per share.,136825,0.0,D
MPWR,2026-02-03,LEE VICTOR K,Director,Stock Award(Grant) at price 0.00 per share.,189,0.0,D
MPWR,2026-02-03,CHANG KUO WEI HERBERT,Director,Stock Award(Grant) at price 0.00 per share.,189,0.0,D
MPWR,2026-02-03,ELMIGER EUGEN J,Director,Stock Award(Grant) at price 0.00 per share.,189,0.0,D
MPWR,2026-02-03,WYNNE EILEEN,Director,Stock Award(Grant) at price 0.00 per share.,189,0.0,D
MPWR,2026-02-03,MARTINEZ CARINTIA,Director,Stock Award(Grant) at price 0.00 per share.,189,0.0,D
MPWR,2026-02-03,TSENG SARIA H,General Counsel,Stock Award(Grant) at price 0.00 per share.,57170,0.0,D
MPWR,2026-02-03,SCIAMMAS MAURICE,Officer,Stock Award(Grant) at price 0.00 per share.,57170,0.0,D
MPWR,2026-02-03,BLEGEN THEODORE BERNHARD,Chief Financial Officer,Stock Award(Grant) at price 0.00 per share.,38745,0.0,D
MPWR,2026-02-03,ZHOU JEFFREY,Director,Stock Award(Grant) at price 0.00 per share.,189,0.0,D
MPWR,2026-02-02,BLEGEN THEODORE BERNHARD,Chief Financial Officer,Sale at price 1110.58 - 1139.49 per share.,3000,3389266.0,D
MPWR,2026-01-02,BLEGEN THEODORE BERNHARD,Chief Financial Officer,Sale at price 927.61 - 946.62 per share.,3000,2821399.0,D
MPWR,2026-01-02,LEE VICTOR K,Director,Sale at price 930.86 per share.,600,558516.0,D
MPWR,2025-12-24,TSENG SARIA H,General Counsel,Stock Gift at price 0.00 per share.,1000,0.0,D
MPWR,2025-12-24,LEE VICTOR K,Director,Sale at price 949.70 - 955.08 per share.,1000,951719.0,D
MPWR,2025-12-09,HSING MICHAEL R,Chief Executive Officer,Stock Gift at price 0.00 per share.,12337,0.0,D
MPWR,2025-12-01,BLEGEN THEODORE BERNHARD,Chief Financial Officer,Sale at price 899.73 - 911.59 per share.,3000,2724623.0,D
MPWR,2025-11-26,TSENG SARIA H,General Counsel,Sale at price 922.78 - 930.48 per share.,20000,18529316.0,D
MPWR,2025-11-25,CHANG KUO WEI HERBERT,Director,Sale at price 896.97 per share.,100,89697.0,D
MPWR,2025-11-25,TSENG SARIA H,General Counsel,Sale at price 894.54 - 912.30 per share.,20000,18083638.0,D
ALAB,2026-08-06,DYCKERHOFF STEFAN A,Director,Sale at price 309.29 - 313.07 per share.,12499,3897587.0,I
ALAB,2026-07-20,COTA GERMAINE,Officer,Stock Award(Grant) at price 0.00 per share.,1451,0.0,D
ALAB,2026-07-01,DYCKERHOFF STEFAN A,Director,Sale at price 450.00 per share.,12499,5624550.0,D/I
ALAB,2026-07-01,ALBA MANUEL,Director,Sale at price 429.58 - 459.02 per share.,136974,60543455.0,I
ALAB,2026-07-01,ALBA MANUEL,Director,Sale at price 429.58 - 468.00 per share.,37535,16792742.0,I
ALAB,2026-07-01,ALBA MANUEL,Director,Sale at price 451.96 - 467.99 per share.,8491,3892091.0,I
ALAB,2026-06-24,MAYER BETHANY J,Director,Sale at price 391.27 - 399.96 per share.,686,270999.0,D
ALAB,2026-06-04,LAZAR JACK R,Director,Sale at price 339.56 - 362.84 per share.,10000,3551679.0,D
ALAB,2026-06-04,LAZAR JACK R,Director,Stock Award(Grant) at price 0.00 per share.,837,0.0,D
ALAB,2026-06-04,BARRATT CRAIG H,Director,Stock Award(Grant) at price 0.00 per share.,837,0.0,D
ALAB,2026-06-04,MAYER BETHANY J,Director,Stock Award(Grant) at price 0.00 per share.,837,0.0,D
ALAB,2026-06-04,DYCKERHOFF STEFAN A,Director,Stock Award(Grant) at price 0.00 per share.,837,0.0,D
ALAB,2026-06-04,HURLSTON MICHAEL E.,Director,Stock Award(Grant) at price 0.00 per share.,837,0.0,D
ALAB,2026-06-03,DYCKERHOFF STEFAN A,Director,Sale at price 364.25 - 365.09 per share.,12499,4553996.0,D/I
ALAB,2026-05-22,GAJENDRA SANJAY,President,Stock Gift at price 0.00 per share.,226189,0.0,D
ALAB,2026-05-21,GAJENDRA SANJAY,President,Sale at price 289.13 - 293.03 per share.,400000,116119966.0,I
ALAB,2026-05-21,MAZZARA PHILIP,General Counsel,Sale at price 291.03 per share.,796,231656.0,D
ALAB,2026-05-19,GAJENDRA SANJAY,President,Sale at price 248.50 - 251.54 per share.,280000,69774014.0,I
ALAB,2026-05-19,MOHAN JITENDRA,Chief Executive Officer,Sale at price 210.67 - 250.00 per share.,139951,31295012.0,I
ALAB,2026-05-18,GAJENDRA SANJAY,President,Sale at price 216.46 - 235.41 per share.,95444,21476949.0,D
ALAB,2026-05-18,MAZZARA PHILIP,General Counsel,Sale at price 216.31 - 235.41 per share.,14076,3262540.0,D
ALAB,2026-05-18,MOHAN JITENDRA,Chief Executive Officer,Sale at price 216.46 - 235.41 per share.,95444,21476949.0,D
ALAB,2026-05-14,MAZZARA PHILIP,General Counsel,Stock Award(Grant) at price 228.64 per share.,131,29952.0,D
ALAB,2026-05-07,DYCKERHOFF STEFAN A,Director,Sale at price 199.00 - 201.10 per share.,12499,2500211.0,D/I
ALAB,2026-05-07,GAJENDRA SANJAY,President,Sale at price 193.01 - 213.49 per share.,230639,45716730.0,I
ALAB,2026-05-07,GAJENDRA SANJAY,President,Sale at price 193.01 - 213.49 per share.,40253,8028032.0,I
ALAB,2026-05-07,MOHAN JITENDRA,Chief Executive Officer,Sale at price 199.33 - 205.74 per share.,139951,28013250.0,I
ALAB,2026-05-01,LYNCH DESMOND M,Chief Financial Officer,Stock Award(Grant) at price 0.00 per share.,49584,0.0,D
ALAB,2026-04-20,DYCKERHOFF STEFAN A,Director,Sale at price 175.00 - 175.12 per share.,24998,4376258.0,D/I
ALAB,2026-04-20,MOHAN JITENDRA,Chief Executive Officer,Sale at price 167.95 - 175.81 per share.,335881,57852785.0,I
ALAB,2026-04-15,MOHAN JITENDRA,Chief Executive Officer,Sale at price 174.57 - 175.03 per share.,2967,518036.0,I
ALAB,2026-04-10,MOHAN JITENDRA,Chief Executive Officer,Sale at price 149.53 - 150.25 per share.,123750,18522445.0,I
ALAB,2026-04-01,ALBA MANUEL,Director,Sale at price 106.32 - 111.14 per share.,183000,19693397.0,I
ALAB,2026-04-01,MAZZARA PHILIP,General Counsel,Sale at price 106.34 - 110.35 per share.,10000,1077663.0,D
ALAB,2026-03-17,MOHAN JITENDRA,Chief Executive Officer,Sale at price 125.56 - 134.67 per share.,157500,20723773.0,I
ALAB,2026-03-16,LAZAR JACK R,Director,Sale at price 130.00 per share.,2500,325000.0,D
ALAB,2026-03-05,LAZAR JACK R,Director,Sale at price 118.15 - 123.50 per share.,7500,898472.0,D
ALAB,2026-03-02,MAZZARA PHILIP,General Counsel,Sale at price 113.85 - 120.98 per share.,10000,1174741.0,D
ALAB,2026-02-17,TATE MICHAEL TRUETT,Chief Financial Officer,Sale at price 122.16 - 126.34 per share.,12001,1485784.0,D
ALAB,2026-02-17,GAJENDRA SANJAY,President,Sale at price 122.16 - 126.34 per share.,94971,11758146.0,D
ALAB,2026-02-17,MAZZARA PHILIP,General Counsel,Sale at price 122.16 - 126.34 per share.,4849,600328.0,D
ALAB,2026-02-17,MOHAN JITENDRA,Chief Executive Officer,Sale at price 122.16 - 126.34 per share.,94971,11758146.0,D
ALAB,2026-02-06,TATE MICHAEL TRUETT,Chief Financial Officer,Stock Award(Grant) at price 0.00 per share.,11787,0.0,D
ALAB,2026-02-06,GAJENDRA SANJAY,President,Stock Award(Grant) at price 0.00 per share.,26522,0.0,D
ALAB,2026-02-06,MAZZARA PHILIP,General Counsel,Stock Award(Grant) at price 0.00 per share.,5893,0.0,D
ALAB,2026-02-06,MOHAN JITENDRA,Chief Executive Officer,Stock Award(Grant) at price 0.00 per share.,26522,0.0,D
ALAB,2026-02-02,COTA GERMAINE,Officer,Stock Award(Grant) at price 0.00 per share.,24933,0.0,D
ALAB,2026-01-02,MAZZARA PHILIP,General Counsel,Sale at price 172.65 - 182.12 per share.,10000,1784071.0,D
ALAB,2025-12-02,GAJENDRA SANJAY,President,Stock Gift at price 0.00 per share.,142000,0.0,I
ALAB,2025-12-01,MOHAN JITENDRA,Chief Executive Officer,Stock Gift at price 0.00 per share.,559230,0.0,D
ALAB,2025-12-01,ALBA MANUEL,Director,Sale at price 153.80 - 172.58 per share.,150000,24927221.0,I
ALAB,2025-12-01,ALBA MANUEL,Director,Sale at price 153.80 - 172.57 per share.,33000,5483981.0,I
ALAB,2025-11-20,LAZAR JACK R,Director,Sale at price 142.31 - 159.09 per share.,2500,373873.0,D
ALAB,2025-11-17,TATE MICHAEL TRUETT,Chief Financial Officer,Sale at price 143.52 - 146.42 per share.,11430,1653859.0,D
ALAB,2025-11-17,GAJENDRA SANJAY,President,Sale at price 143.25 - 146.65 per share.,90459,13088904.0,D
ALAB,2025-11-17,MAZZARA PHILIP,General Counsel,Sale at price 143.51 - 146.42 per share.,4620,668477.0,D
ALAB,2025-11-17,MOHAN JITENDRA,Chief Executive Officer,Sale at price 143.25 - 146.65 per share.,90459,13088904.0,D
ALAB,2025-11-14,MAZZARA PHILIP,General Counsel,Stock Award(Grant) at price 144.34 per share.,87,12558.0,D
ALAB,2025-10-01,MAZZARA PHILIP,General Counsel,Sale at price 187.21 - 195.66 per share.,10000,1921572.0,D
ALAB,2025-09-11,TATE MICHAEL TRUETT,Chief Financial Officer,Stock Gift at price 0.00 per share.,7000,0.0,I
CRDO,2026-07-31,LAM YAT TUNG,Chief Operating Officer,Sale at price 209.83 - 216.49 per share.,105441,22476646.0,D/I
CRDO,2026-07-31,CHENG CHI FUNG,Chief Technology Officer,Sale at price 201.22 - 215.35 per share.,27473,5756395.0,I
CRDO,2026-07-27,CHENG CHI FUNG,Chief Technology Officer,Sale at price 197.94 - 218.79 per share.,27500,5652225.0,I
CRDO,2026-07-21,CHENG CHI FUNG,Chief Technology Officer,Sale at price 217.32 - 224.39 per share.,27500,6114360.0,I
CRDO,2026-07-15,LAM YAT TUNG,Chief Operating Officer,Sale at price 218.43 - 235.33 per share.,55898,12600801.0,D
CRDO,2026-07-15,LAM YAT TUNG,Chief Operating Officer,Sale at price 218.36 - 235.99 per share.,50000,11272535.0,I
CRDO,2026-07-14,CHENG CHI FUNG,Chief Technology Officer,Sale at price 236.34 - 250.28 per share.,27500,6605779.0,I
CRDO,2026-07-13,BRENNAN WILLIAM JOSEPH III,Chief Executive Officer,Stock Gift at price 0.00 per share.,150000,0.0,I
CRDO,2026-07-08,FLEMING DANIEL W,Chief Financial Officer,Sale at price 240.61 - 249.61 per share.,7580,1863772.0,D
CRDO,2026-07-08,CHENG CHI FUNG,Chief Technology Officer,Sale at price 236.58 - 258.71 per share.,31290,7664771.0,D/I
CRDO,2026-07-01,HOSEIN CLYDE R,Director,Sale at price 262.32 per share.,3451,905284.0,D
CRDO,2026-06-30,CHENG CHI FUNG,Chief Technology Officer,Sale at price 245.12 - 274.94 per share.,27500,7420535.0,I
CRDO,2026-06-23,LAM YAT TUNG,Chief Operating Officer,Stock Gift at price 0.00 per share.,7000,0.0,D
CRDO,2026-06-23,CHENG CHI FUNG,Chief Technology Officer,Sale at price 266.40 - 281.05 per share.,27500,7450979.0,I
CRDO,2026-06-16,CHENG CHI FUNG,Chief Technology Officer,Sale at price 239.60 - 257.61 per share.,27500,6783985.0,I
CRDO,2026-06-15,BRENNAN WILLIAM JOSEPH III,Chief Executive Officer,Stock Gift at price 0.00 per share.,7500,0.0,I
CRDO,2026-06-11,FLEMING DANIEL W,Chief Financial Officer,Sale at price 242.50 - 252.37 per share.,40000,9979282.0,D
CRDO,2026-06-11,LAUFMAN JAMES L,Officer,Sale at price 264.48 per share.,5000,1322425.0,D
CRDO,2026-06-11,CHENG CHI FUNG,Chief Technology Officer,Sale at price 243.10 - 266.68 per share.,27500,7136962.0,I
CRDO,2026-06-09,CHENG CHI FUNG,Chief Technology Officer,Stock Gift at price 0.00 per share.,5000,0.0,I
CRDO,2026-06-09,DANESH FARIBA,Director,Sale at price 236.34 per share.,1100,259980.0,D
CRDO,2026-06-05,ACEVEDO SYLVIA,Director,Sale at price 211.00 per share.,2208,465888.0,D
CRDO,2026-06-05,BRENNAN WILLIAM JOSEPH III,Chief Executive Officer,Sale at price 206.40 - 233.46 per share.,54984,12017877.0,D
CRDO,2026-06-04,LAUFMAN JAMES L,Officer,Sale at price 222.81 per share.,5000,1114050.0,D
CRDO,2026-06-03,CHENG CHI FUNG,Chief Technology Officer,Sale at price 212.31 per share.,7259,1541155.0,D
CRDO,2026-05-22,DANESH FARIBA,Director,Stock Award(Grant) at price 0.00 per share.,890,0.0,D
CRDO,2026-05-22,CHENG CHI FUNG,Chief Technology Officer,Stock Award(Grant) at price 0.00 per share.,50000,0.0,D
CRDO,2026-05-22,BRENNAN WILLIAM JOSEPH III,Chief Executive Officer,Stock Award(Grant) at price 0.00 per share.,200000,0.0,D
CRDO,2026-05-22,FLEMING DANIEL W,Chief Financial Officer,Stock Award(Grant) at price 0.00 per share.,120000,0.0,D
CRDO,2026-05-22,LAM YAT TUNG,Chief Operating Officer,Stock Award(Grant) at price 0.00 per share.,50000,0.0,D
CRDO,2026-05-01,CHENG CHI FUNG,Chief Technology Officer,Sale at price 172.62 - 184.78 per share.,27500,4922112.0,I
CRDO,2026-04-27,CHENG CHI FUNG,Chief Technology Officer,Sale at price 177.11 - 190.50 per share.,27500,4931442.0,I
CRDO,2026-04-22,CHENG CHI FUNG,Chief Technology Officer,Sale at price 184.74 - 190.62 per share.,27500,5170522.0,I
CRDO,2026-04-16,CHENG CHI FUNG,Chief Technology Officer,Sale at price 154.10 - 165.51 per share.,27500,4333425.0,I
CRDO,2026-04-15,BRENNAN WILLIAM JOSEPH III,Chief Executive Officer,Stock Gift at price 0.00 per share.,7500,0.0,I
CRDO,2026-04-15,LAUFMAN JAMES L,Officer,Sale at price 164.41 per share.,10000,1644100.0,D
CRDO,2026-04-14,FLEMING DANIEL W,Chief Financial Officer,Sale at price 152.51 - 153.54 per share.,7580,1156951.0,D
CRDO,2026-04-10,CHENG CHI FUNG,Chief Technology Officer,Sale at price 109.05 - 121.47 per share.,27500,3251835.0,I
CRDO,2026-04-06,CHENG CHI FUNG,Chief Technology Officer,Sale at price 102.33 - 106.04 per share.,27500,2837844.0,I
CRDO,2026-04-02,FLEMING DANIEL W,Chief Financial Officer,Sale at price 101.45 per share.,4920,499134.0,D
CRDO,2026-04-02,LAM YAT TUNG,Chief Operating Officer,Sale at price 101.45 per share.,6360,645222.0,D
CRDO,2026-04-02,CHENG CHI FUNG,Chief Technology Officer,Sale at price 101.45 per share.,2434,246929.0,D
CRDO,2026-04-02,BRENNAN WILLIAM JOSEPH III,Chief Executive Officer,Sale at price 101.45 per share.,12298,1247632.0,D
CRDO,2026-03-31,CHENG CHI FUNG,Chief Technology Officer,Sale at price 88.87 - 93.69 per share.,27500,2510205.0,I
CRDO,2026-03-24,CHENG CHI FUNG,Chief Technology Officer,Sale at price 98.89 - 103.37 per share.,27500,2768339.0,I
CRDO,2026-03-17,CHENG CHI FUNG,Chief Technology Officer,Sale at price 102.92 - 123.64 per share.,27500,2965166.0,I
CRDO,2026-03-11,CHENG CHI FUNG,Chief Technology Officer,Sale at price 114.02 - 120.61 per share.,27500,3233981.0,I
CRDO,2026-03-11,BRENNAN WILLIAM JOSEPH III,Chief Executive Officer,Sale at price 113.88 - 120.54 per share.,68016,8003802.0,D/I
CRDO,2026-01-30,SUTARDJA PANTAS,Director,Sale at price 128.67 per share.,1875,241256.0,D
CRDO,2026-01-29,CHENG CHI FUNG,Chief Technology Officer,Sale at price 123.96 - 134.34 per share.,27500,3502660.0,I
CRDO,2026-01-29,BRENNAN WILLIAM JOSEPH III,Chief Executive Officer,Sale at price 123.76 - 134.57 per share.,68016,8684909.0,D/I
CRDO,2026-01-22,CHENG CHI FUNG,Chief Technology Officer,Sale at price 133.15 - 143.54 per share.,30000,4089941.0,I
CRDO,2026-01-15,CHENG CHI FUNG,Chief Technology Officer,Sale at price 149.34 - 164.66 per share.,30000,4664053.0,I
CRDO,2026-01-13,ACEVEDO SYLVIA,Director,Sale at price 156.25 - 162.11 per share.,2200,350196.0,D
CRDO,2026-01-08,FLEMING DANIEL W,Chief Financial Officer,Sale at price 128.10 - 140.15 per share.,8562,1144270.0,D
CRDO,2026-01-08,CHENG CHI FUNG,Chief Technology Officer,Sale at price 136.00 - 142.72 per share.,30000,4197852.0,I
CRDO,2026-01-08,BRENNAN WILLIAM JOSEPH III,Chief Executive Officer,Sale at price 125.69 - 142.44 per share.,19932,2734234.0,D
CRDO,2026-01-02,CHENG CHI FUNG,Chief Technology Officer,Sale at price 141.48 - 151.04 per share.,30000,4308415.0,I
CRDO,2025-12-29,CHENG CHI FUNG,Chief Technology Officer,Sale at price 140.77 - 144.63 per share.,55000,7887321.0,I
CRDO,2025-12-24,LAUFMAN JAMES L,Officer,Sale at price 150.00 per share.,10000,1500000.0,D
AMAT,2026-06-30,DICKERSON GARY E,Chief Executive Officer,Sale at price 700.21 - 736.05 per share.,78321,55550320.0,D
AMAT,2026-06-18,RAJA PRABURAM G.,Officer,Sale at price 633.53 per share.,10000,6335300.0,I
AMAT,2026-06-16,NALAMASU OMKARAM,Chief Technology Officer,Sale at price 590.20 - 596.52 per share.,35000,20754197.0,D
AMAT,2026-06-16,DICKERSON GARY E,Chief Executive Officer,Sale at price 590.03 - 599.35 per share.,83000,49239084.0,D
AMAT,2026-06-16,IANNOTTI THOMAS J,Director,Sale at price 599.77 per share.,9250,5547872.0,D
AMAT,2026-06-16,IANNOTTI THOMAS J,Director,Stock Gift at price 0.00 per share.,750,0.0,D
AMAT,2026-06-16,DICKERSON GARY E,Chief Executive Officer,Stock Gift at price 0.00 per share.,17000,0.0,D
AMAT,2026-06-15,DEANE TIMOTHY M,Officer,Sale at price 590.76 per share.,8621,5092984.0,D
AMAT,2026-06-15,DEANE TIMOTHY M,Officer,Stock Gift at price 0.00 per share.,1545,0.0,D
AMAT,2026-06-04,RAJA PRABURAM G.,Officer,Sale at price 504.66 - 507.06 per share.,50000,25264197.0,I
AMAT,2026-06-03,HILL BRICE,Chief Financial Officer,Sale at price 498.86 per share.,2500,1247154.0,D
AMAT,2026-05-26,BRUNER JUDY,Director,Sale at price 450.00 per share.,1128,507600.0,I
AMAT,2026-05-22,SANDERS ADAM,Officer,Sale at price 434.22 per share.,268,116370.0,D
AMAT,2026-05-21,DE GEUS AART J,Director,Stock Gift at price 0.00 per share.,17855,0.0,D
AMAT,2026-03-12,KARSNER ALEXANDER A,Director,Stock Award(Grant) at price 0.00 per share.,741,0.0,D
AMAT,2026-03-12,ANDERSON JAMES ROBERT,Director,Stock Award(Grant) at price 0.00 per share.,741,0.0,D
AMAT,2026-03-12,BORKAR RANI,Director,Stock Award(Grant) at price 0.00 per share.,741,0.0,D
AMAT,2026-03-12,IANNOTTI THOMAS J,Director,Stock Award(Grant) at price 0.00 per share.,741,0.0,D
AMAT,2026-03-12,CHEN XUN ERIC,Director,Stock Award(Grant) at price 0.00 per share.,741,0.0,D
AMAT,2026-03-12,MARCH KEVIN P,Director,Stock Award(Grant) at price 0.00 per share.,741,0.0,D
AMAT,2026-03-12,BRUNER JUDY,Director,Stock Award(Grant) at price 0.00 per share.,741,0.0,D
AMAT,2026-03-12,DE GEUS AART J,Director,Stock Award(Grant) at price 0.00 per share.,741,0.0,D
AMAT,2026-03-12,MCGREGOR SCOTT A,Director,Stock Award(Grant) at price 0.00 per share.,741,0.0,D
AMAT,2026-02-25,BRUNER JUDY,Director,Sale at price 391.71 per share.,2500,979275.0,I
AMAT,2026-02-24,SANDERS ADAM,Officer,Sale at price 379.16 per share.,534,202471.0,D
AMAT,2026-02-23,BRUNER JUDY,Director,Sale at price 376.49 - 377.89 per share.,3969,1496404.0,I
AMAT,2026-02-17,HILL BRICE,Chief Financial Officer,Sale at price 361.21 per share.,5000,1806062.0,D
AMAT,2025-12-31,CHEN XUN ERIC,Director,Stock Award(Grant) at price 0.00 per share.,187,0.0,D
AMAT,2025-12-12,RAJA PRABURAM G.,Officer,Stock Gift at price 0.00 per share.,50,0.0,D
AMAT,2025-12-11,NALAMASU OMKARAM,Chief Technology Officer,Stock Award(Grant) at price 0.00 per share.,28802,0.0,D
AMAT,2025-12-11,LITTLE TERI A,Officer,Stock Award(Grant) at price 0.00 per share.,23070,0.0,D
AMAT,2025-12-11,RAJA PRABURAM G.,Officer,Stock Award(Grant) at price 0.00 per share.,49877,0.0,D
AMAT,2025-12-11,HILL BRICE,Chief Financial Officer,Stock Award(Grant) at price 0.00 per share.,41102,0.0,D
AMAT,2025-12-11,DEANE TIMOTHY M,Officer,Stock Award(Grant) at price 0.00 per share.,27831,0.0,D
AMAT,2025-12-11,SANDERS ADAM,Officer,Stock Award(Grant) at price 0.00 per share.,1070,0.0,D
AMAT,2025-12-11,DICKERSON GARY E,Chief Executive Officer,Stock Award(Grant) at price 0.00 per share.,191220,0.0,D
AMAT,2025-12-08,NALAMASU OMKARAM,Chief Technology Officer,Stock Gift at price 0.00 per share.,15,0.0,D
AMAT,2025-12-01,SANDERS ADAM,Officer,Sale at price 255.53 per share.,609,155620.0,D
AMAT,2025-12-01,IANNOTTI THOMAS J,Director,Stock Gift at price 0.00 per share.,200,0.0,D
AMAT,2025-11-25,LITTLE TERI A,Officer,Sale at price 238.24 per share.,4000,952942.0,D
AMAT,2025-11-21,RAJA PRABURAM G.,Officer,Stock Gift at price 0.00 per share.,45,0.0,I
AMAT,2025-11-19,LITTLE TERI A,Officer,Sale at price 234.08 per share.,4000,936321.0,D
AMAT,2025-10-24,RAJA PRABURAM G.,Officer,Stock Award(Grant) at price 0.00 per share.,33769,0.0,D
AMAT,2025-10-24,DICKERSON GARY E,Chief Executive Officer,Stock Award(Grant) at price 0.00 per share.,116145,0.0,D
AMAT,2025-07-18,ANDERSON JAMES ROBERT,Director,Stock Award(Grant) at price 0.00 per share.,806,0.0,D
AMAT,2025-07-02,DEANE TIMOTHY M,Officer,Stock Gift at price 0.00 per share.,2206,0.0,D
AMAT,2025-06-24,SANDERS ADAM,Officer,Sale at price 178.60 per share.,562,100373.0,D
AMAT,2025-04-03,DICKERSON GARY E,Chief Executive Officer,Purchase at price 137.29 - 137.70 per share.,50000,6865082.0,D
AMAT,2025-04-01,SANDERS ADAM,Officer,Sale at price 144.83 per share.,450,65174.0,D
AMAT,2025-03-06,MCGILL YVONNE CECILLE,Director,Stock Award(Grant) at price 0.00 per share.,1583,0.0,D
AMAT,2025-03-06,KARSNER ALEXANDER A,Director,Stock Award(Grant) at price 0.00 per share.,1583,0.0,D
AMAT,2025-03-06,BORKAR RANI,Director,Stock Award(Grant) at price 0.00 per share.,1583,0.0,D
AMAT,2025-03-06,IANNOTTI THOMAS J,Director,Stock Award(Grant) at price 0.00 per share.,1583,0.0,D
AMAT,2025-03-06,CHEN XUN ERIC,Director,Stock Award(Grant) at price 0.00 per share.,1583,0.0,D
AMAT,2025-03-06,MARCH KEVIN P,Director,Stock Award(Grant) at price 0.00 per share.,1583,0.0,D
AMAT,2025-03-06,BRUNER JUDY,Director,Stock Award(Grant) at price 0.00 per share.,1583,0.0,D
AMAT,2025-03-06,DE GEUS AART J,Director,Stock Award(Grant) at price 0.00 per share.,1583,0.0,D
AMAT,2025-03-06,MCGREGOR SCOTT A,Director,Stock Award(Grant) at price 0.00 per share.,1583,0.0,D
AMAT,2025-02-24,SANDERS ADAM,Officer,Sale at price 172.72 per share.,271,46808.0,D
AMAT,2024-12-31,CHEN XUN ERIC,Director,Stock Award(Grant) at price 0.00 per share.,238,0.0,D
LRCX,2026-08-06,ARCHER TIMOTHY M,Chief Executive Officer,Conversion of Exercise of derivative security at price 30.03 per share.,30000,900990.0,D
LRCX,2026-08-06,ARCHER TIMOTHY M,Chief Executive Officer,Sale at price 300.00 per share.,30000,9000000.0,D
LRCX,2026-07-13,TALWALKAR ABHIJIT Y,Director,Sale at price 335.00 per share.,18282,6124470.0,D
LRCX,2026-07-02,ARCHER TIMOTHY M,Chief Executive Officer,Conversion of Exercise of derivative security at price 30.03 per share.,30000,900990.0,D
LRCX,2026-07-02,ARCHER TIMOTHY M,Chief Executive Officer,Sale at price 390.01 per share.,30000,11700300.0,D
LRCX,2026-06-12,BRANDT ERIC K,Director,Sale at price 355.71 - 373.09 per share.,54500,20011346.0,D
LRCX,2026-06-11,BRANDT ERIC K,Director,Sale at price 337.56 - 364.00 per share.,54500,19118360.0,D
LRCX,2026-06-01,FERNANDES NEIL J,Officer,Sale at price 309.60 per share.,7659,2371226.0,D
LRCX,2026-05-01,FERNANDES NEIL J,Officer,Sale at price 255.14 per share.,18170,4635894.0,D
LRCX,2026-04-27,HARTER AVA,Officer,Conversion of Exercise of derivative security at price 77.04 per share.,6010,463004.0,D
LRCX,2026-04-27,HARTER AVA,Officer,Sale at price 258.66 per share.,6010,1554547.0,D
LRCX,2026-03-10,TALWALKAR ABHIJIT Y,Director,Stock Gift at price 0.00 per share.,4571,0.0,D
LRCX,2026-03-04,BETTINGER DOUGLAS R,Chief Financial Officer,Conversion of Exercise of derivative security at price 49.09 - 98.15 per share.,77750,5116038.0,D
LRCX,2026-03-04,BETTINGER DOUGLAS R,Chief Financial Officer,Sale at price 224.03 per share.,50057,11214270.0,D
LRCX,2026-03-04,HARTER AVA,Officer,Sale at price 222.66 per share.,1500,333990.0,D
LRCX,2026-03-02,BETTINGER DOUGLAS R,Chief Financial Officer,Conversion of Exercise of derivative security at price 30.03 - 59.88 per share.,66310,3399994.0,D
LRCX,2026-03-02,BETTINGER DOUGLAS R,Chief Financial Officer,Sale at price 230.22 per share.,40329,9284542.0,D
LRCX,2026-03-02,HARTER AVA,Officer,Sale at price 232.50 per share.,4000,930000.0,D
LRCX,2026-02-27,ARCHER TIMOTHY M,Chief Executive Officer,Stock Award(Grant) at price 0.00 per share.,51053,0.0,D
LRCX,2026-02-27,VARADARAJAN SESHASAYEE,Officer,Stock Award(Grant) at price 0.00 per share.,12547,0.0,D
LRCX,2026-02-27,FERNANDES NEIL J,Officer,Stock Award(Grant) at price 0.00 per share.,8274,0.0,D
LRCX,2026-02-27,CORREIA CHRISTINA,Officer,Stock Award(Grant) at price 0.00 per share.,16159,0.0,D
LRCX,2026-02-27,BETTINGER DOUGLAS R,Chief Financial Officer,Stock Award(Grant) at price 0.00 per share.,12547,0.0,D
LRCX,2026-02-27,HARTER AVA,Officer,Stock Award(Grant) at price 0.00 per share.,7106,0.0,D
LRCX,2026-02-27,VAHEDI VAHID,Officer,Stock Award(Grant) at price 0.00 per share.,9053,0.0,D
LRCX,2026-02-24,ARCHER TIMOTHY M,Chief Executive Officer,Stock Gift at price 0.00 per share.,7080,0.0,D
LRCX,2026-02-06,DEVGAN ANIRUDH,Director,Stock Award(Grant) at price 0.00 per share.,1141,0.0,D
LRCX,2026-02-06,BRANDT ERIC K,Director,Sale at price 220.95 - 230.00 per share.,35000,7896150.0,D
LRCX,2025-12-17,ARCHER TIMOTHY M,Chief Executive Officer,Conversion of Exercise of derivative security at price 17.68 per share.,113300,2002578.0,D
LRCX,2025-12-17,ARCHER TIMOTHY M,Chief Executive Officer,Sale at price 163.86 per share.,163300,26758338.0,D
LRCX,2025-11-14,BETTINGER DOUGLAS R,Chief Financial Officer,Sale at price 150.60 per share.,40080,6036048.0,D
LRCX,2025-11-10,MAYER BETHANY J,Director,Stock Gift at price 0.00 per share.,1622,0.0,D
LRCX,2025-11-07,FIELDS MARK F,Director,Stock Award(Grant) at price 0.00 per share.,1635,0.0,D
LRCX,2025-11-07,CANNON MICHAEL REYE,Director,Stock Award(Grant) at price 0.00 per share.,1635,0.0,D
LRCX,2025-11-07,BRANDT ERIC K,Director,Stock Award(Grant) at price 0.00 per share.,1635,0.0,D
LRCX,2025-11-07,MAYER BETHANY J,Director,Stock Award(Grant) at price 0.00 per share.,1635,0.0,D
LRCX,2025-11-07,TALWALKAR ABHIJIT Y,Director,Stock Award(Grant) at price 0.00 per share.,1635,0.0,D
LRCX,2025-11-07,MEHRA JYOTI,Director,Stock Award(Grant) at price 0.00 per share.,1635,0.0,D
LRCX,2025-11-07,KANG HO KYU,Director,Stock Award(Grant) at price 0.00 per share.,1635,0.0,D
LRCX,2025-11-07,DINEEN JOHN M,Director,Stock Award(Grant) at price 0.00 per share.,1635,0.0,D
LRCX,2025-11-07,BRENNAN ITA M,Director,Stock Award(Grant) at price 0.00 per share.,1635,0.0,D
LRCX,2025-11-07,AHMED SOHAIL UDDIN,Director,Stock Award(Grant) at price 0.00 per share.,1635,0.0,D
LRCX,2025-11-07,MAYER BETHANY J,Director,Sale at price 159.52 per share.,30,4786.0,D
LRCX,2025-11-06,AHMED SOHAIL UDDIN,Director,Stock Gift at price 0.00 per share.,2950,0.0,I
LRCX,2025-11-03,MAYER BETHANY J,Director,Sale at price 159.99 per share.,1298,207667.0,D
LRCX,2025-10-27,HARTER AVA,Officer,Conversion of Exercise of derivative security at price 77.04 per share.,6010,463004.0,D
LRCX,2025-10-27,HARTER AVA,Officer,Sale at price 157.46 - 157.48 per share.,9010,1418775.0,D
LRCX,2025-10-13,VAHEDI VAHID,Officer,Sale at price 138.90 per share.,52190,7249191.0,D
LRCX,2025-04-08,HARTER AVA,Officer,Purchase at price 63.66 per share.,9,602.0,D
LRCX,2025-02-28,ARCHER TIMOTHY M,Chief Executive Officer,Stock Award(Grant) at price 0.00 per share.,118500,0.0,D
LRCX,2025-02-28,LORD PATRICK J,Officer,Stock Award(Grant) at price 0.00 per share.,27043,0.0,D
LRCX,2025-02-28,VARADARAJAN SESHASAYEE,Officer,Stock Award(Grant) at price 0.00 per share.,31253,0.0,D
LRCX,2025-02-28,FERNANDES NEIL J,Officer,Stock Award(Grant) at price 0.00 per share.,19913,0.0,D
LRCX,2025-02-28,CORREIA CHRISTINA,Officer,Stock Award(Grant) at price 0.00 per share.,8604,0.0,D
LRCX,2025-02-28,BETTINGER DOUGLAS R,Chief Financial Officer,Stock Award(Grant) at price 0.00 per share.,33435,0.0,D
LRCX,2025-02-28,VAHEDI VAHID,Officer,Stock Award(Grant) at price 0.00 per share.,20467,0.0,D
LRCX,2025-02-28,HARTER AVA,Officer,Stock Award(Grant) at price 0.00 per share.,19360,0.0,D
LRCX,2025-02-20,VARADARAJAN SESHASAYEE,Officer,Conversion of Exercise of derivative security at price 17.68 - 19.01 per share.,110080,1993296.0,D
LRCX,2025-02-20,VARADARAJAN SESHASAYEE,Officer,Sale at price 90.00 per share.,110080,9907200.0,D
LRCX,2024-11-08,FIELDS MARK F,Director,Stock Award(Grant) at price 0.00 per share.,3687,0.0,D
KLAC,2026-08-12,HIGGINS BREN D.,Chief Financial Officer,Sale at price 209.87 per share.,31500,6610905.0,D
KLAC,2026-08-11,KHAN AHMAD A,Officer,Sale at price 198.95 per share.,33180,6601161.0,D
KLAC,2026-08-11,WALLACE RICHARD P,Chief Executive Officer,Sale at price 198.95 per share.,87568,17421654.0,D
KLAC,2026-08-10,WILKINSON MARY BETH,Officer,Sale at price 204.56 per share.,1661,339774.0,D
KLAC,2026-08-10,KIRLOSKAR VIRENDRA A,Officer,Sale at price 204.56 per share.,529,108212.0,D
KLAC,2026-08-07,WILKINSON MARY BETH,Officer,Sale at price 197.57 per share.,21831,4313151.0,D
KLAC,2026-08-07,KIRLOSKAR VIRENDRA A,Officer,Sale at price 197.57 per share.,2405,475156.0,D
KLAC,2026-08-06,WALLACE RICHARD P,Chief Executive Officer,Stock Award(Grant) at price 0.00 per share.,487437,0.0,D
KLAC,2026-08-06,KHAN AHMAD A,Officer,Stock Award(Grant) at price 0.00 per share.,174306,0.0,D
KLAC,2026-08-06,HIGGINS BREN D.,Chief Financial Officer,Stock Award(Grant) at price 0.00 per share.,174306,0.0,D
KLAC,2026-08-06,KIRLOSKAR VIRENDRA A,Officer,Stock Award(Grant) at price 0.00 per share.,11089,0.0,D
KLAC,2026-08-06,WILKINSON MARY BETH,Officer,Stock Award(Grant) at price 0.00 per share.,55497,0.0,D
KLAC,2026-08-06,LORIG BRIAN W.,Officer,Stock Award(Grant) at price 0.00 per share.,80683,0.0,D
KLAC,2026-08-05,WILKINSON MARY BETH,Officer,Sale at price 195.50 per share.,13802,2698291.0,D
KLAC,2026-08-05,KIRLOSKAR VIRENDRA A,Officer,Sale at price 195.50 per share.,4504,880532.0,D
KLAC,2026-08-04,WILKINSON MARY BETH,Officer,Sale at price 191.59 per share.,4295,822879.0,D
KLAC,2026-08-04,KIRLOSKAR VIRENDRA A,Officer,Sale at price 191.59 per share.,1565,299838.0,D
KLAC,2026-07-02,HIGGINS BREN D.,Chief Financial Officer,Sale at price 265.69 per share.,27701,7359879.0,D
KLAC,2026-07-02,KIRLOSKAR VIRENDRA A,Officer,Sale at price 265.69 per share.,196,52075.0,D
KLAC,2026-07-01,WILKINSON MARY BETH,Officer,Sale at price 285.30 per share.,14392,4106038.0,D
KLAC,2026-06-11,WALLACE RICHARD P,Chief Executive Officer,Sale at price 2213.37 per share.,4512,9986725.0,D
KLAC,2026-05-12,WALLACE RICHARD P,Chief Executive Officer,Sale at price 1794.00 per share.,4512,8094528.0,D
KLAC,2026-05-11,HANLEY JENEANNE MICHELLE,Director,Sale at price 1874.71 per share.,550,1031088.0,D
KLAC,2026-05-11,KIRLOSKAR VIRENDRA A,Officer,Sale at price 1879.02 per share.,297,558069.0,D
KLAC,2026-02-05,CALDERONI ROBERT M,Director,Stock Award(Grant) at price 0.00 per share.,11,0.0,D
KLAC,2025-12-16,HIGGINS BREN D.,Chief Financial Officer,Sale at price 1237.01 per share.,2254,2788221.0,D
KLAC,2025-11-12,KHAN AHMAD A,Officer,Stock Gift at price 0.00 per share.,85,0.0,D
KLAC,2025-11-11,WALLACE RICHARD P,Chief Executive Officer,Stock Gift at price 0.00 per share.,804,0.0,D
KLAC,2025-11-11,WALLACE RICHARD P,Chief Executive Officer,Sale at price 1203.10 per share.,10803,12997089.0,D
KLAC,2025-11-05,PENG VICTOR,Director,Stock Award(Grant) at price 0.00 per share.,203,0.0,D
KLAC,2025-11-05,CALDERONI ROBERT M,Director,Stock Award(Grant) at price 0.00 per share.,256,0.0,D
KLAC,2025-11-05,KENNEDY KEVIN J,Director,Stock Award(Grant) at price 0.00 per share.,203,0.0,D
KLAC,2025-11-05,MCMULLEN MICHAEL R,Director,Stock Award(Grant) at price 0.00 per share.,203,0.0,D
KLAC,2025-11-05,SAMATH JAMIE E.,Director,Stock Award(Grant) at price 0.00 per share.,203,0.0,D
KLAC,2025-11-05,EMBREE TRACY A,Director,Stock Award(Grant) at price 0.00 per share.,203,0.0,D
KLAC,2025-11-05,TAYLOR SUSAN J S,Director,Stock Award(Grant) at price 0.00 per share.,203,0.0,D
KLAC,2025-11-05,CONLEY JASON,Director,Stock Award(Grant) at price 0.00 per share.,203,0.0,D
KLAC,2025-11-05,HANLEY JENEANNE MICHELLE,Director,Stock Award(Grant) at price 0.00 per share.,203,0.0,D
KLAC,2025-09-05,KHAN AHMAD A,Officer,Sale at price 900.00 per share.,4564,4107600.0,D
KLAC,2025-08-29,KHAN AHMAD A,Officer,Sale at price 881.50 per share.,13716,12090654.0,D
KLAC,2025-08-20,HIGGINS BREN D.,Chief Financial Officer,Sale at price 878.53 per share.,2301,2021498.0,D
KLAC,2025-08-12,WALLACE RICHARD P,Chief Executive Officer,Stock Gift at price 0.00 per share.,804,0.0,D
KLAC,2025-08-12,WALLACE RICHARD P,Chief Executive Officer,Sale at price 913.68 per share.,10801,9868658.0,D
KLAC,2025-08-12,LORIG BRIAN W.,Officer,Sale at price 913.68 per share.,8049,7354210.0,D
KLAC,2025-08-08,WILKINSON MARY BETH,Officer,Sale at price 913.00 per share.,1022,933086.0,D
KLAC,2025-08-08,KIRLOSKAR VIRENDRA A,Officer,Sale at price 913.00 per share.,338,308594.0,D
KLAC,2025-08-07,WALLACE RICHARD P,Chief Executive Officer,Stock Award(Grant) at price 0.00 per share.,55761,0.0,D
KLAC,2025-08-07,KHAN AHMAD A,Officer,Stock Award(Grant) at price 0.00 per share.,19208,0.0,D
KLAC,2025-08-07,HIGGINS BREN D.,Chief Financial Officer,Stock Award(Grant) at price 0.00 per share.,18761,0.0,D
KLAC,2025-08-07,KIRLOSKAR VIRENDRA A,Officer,Stock Award(Grant) at price 0.00 per share.,1758,0.0,D
KLAC,2025-08-07,WILKINSON MARY BETH,Officer,Stock Award(Grant) at price 0.00 per share.,7187,0.0,D
KLAC,2025-08-07,LORIG BRIAN W.,Officer,Stock Award(Grant) at price 0.00 per share.,9254,0.0,D
KLAC,2025-08-05,WILKINSON MARY BETH,Officer,Sale at price 917.00 per share.,1920,1760640.0,D
KLAC,2025-08-05,KIRLOSKAR VIRENDRA A,Officer,Sale at price 917.00 per share.,511,468587.0,D
KLAC,2025-08-04,WILKINSON MARY BETH,Officer,Sale at price 896.75 per share.,763,684220.0,D
KLAC,2025-08-04,KIRLOSKAR VIRENDRA A,Officer,Sale at price 896.75 per share.,320,286960.0,D
KLAC,2025-07-02,KIRLOSKAR VIRENDRA A,Officer,Sale at price 891.50 per share.,39,34768.0,D
KLAC,2025-06-30,WILKINSON MARY BETH,Officer,Sale at price 891.16 per share.,1320,1176331.0,D
KLAC,2025-05-22,HIGGINS BREN D.,Chief Financial Officer,Sale at price 766.46 per share.,1019,781023.0,D
KLAC,2025-05-08,TAYLOR SUSAN J S,Director,Stock Award(Grant) at price 0.00 per share.,166,0.0,D
TER,2026-08-03,JOHNSON MERCEDES,Director,Sale at price 358.15 per share.,166,59453.0,D
TER,2026-07-15,SMITH GREGORY STEPHEN,Chief Executive Officer,Sale at price 356.31 per share.,4000,1425240.0,D
TER,2026-07-15,MATZ MARILYN,Director,Sale at price 356.31 per share.,1200,427572.0,D
TER,2026-07-01,JOHNSON MERCEDES,Director,Sale at price 460.00 per share.,167,76820.0,D
TER,2026-06-25,HERWECK PETER,Director,Stock Award(Grant) at price 0.00 per share.,63,0.0,D
TER,2026-06-25,HENRY ANDREW CHISHOLM,Director,Stock Award(Grant) at price 0.00 per share.,52,0.0,D
TER,2026-06-25,TUFANO PAUL J,Director,Stock Award(Grant) at price 0.00 per share.,116,0.0,D
TER,2026-06-15,SMITH GREGORY STEPHEN,Chief Executive Officer,Sale at price 423.03 per share.,4000,1692120.0,D
TER,2026-06-15,MATZ MARILYN,Director,Sale at price 423.03 per share.,1200,507636.0,D
TER,2026-06-02,JOHNSON MERCEDES,Director,Sale at price 369.74 per share.,167,61747.0,D
TER,2026-05-22,POULIN SHANNON JOHN,Officer,Sale at price 345.37 - 355.00 per share.,1664,581013.0,D
TER,2026-05-21,POULIN SHANNON JOHN,Officer,Conversion of Exercise of derivative security at price 82.61 per share.,2843,234860.0,D
TER,2026-05-21,MATZ MARILYN,Director,Sale at price 350.00 per share.,400,140000.0,D
TER,2026-05-15,SMITH GREGORY STEPHEN,Chief Executive Officer,Conversion of Exercise of derivative security at price 72.10 per share.,4597,331444.0,D
TER,2026-05-15,SMITH GREGORY STEPHEN,Chief Executive Officer,Sale at price 338.98 per share.,8597,2914211.0,D
TER,2026-05-15,MATZ MARILYN,Director,Sale at price 338.98 per share.,800,271184.0,D
TER,2026-05-08,JOHNSON MERCEDES,Director,Stock Award(Grant) at price 0.00 per share.,668,0.0,D
TER,2026-05-08,HERWECK PETER,Director,Stock Award(Grant) at price 0.00 per share.,668,0.0,D
TER,2026-05-08,HENRY ANDREW CHISHOLM,Director,Stock Award(Grant) at price 0.00 per share.,668,0.0,D
TER,2026-05-08,TUFANO PAUL J,Director,Stock Award(Grant) at price 0.00 per share.,668,0.0,D
TER,2026-05-08,SAYINER NECIP,Director,Stock Award(Grant) at price 0.00 per share.,668,0.0,D
TER,2026-05-08,VAN KRALINGEN BRIDGET ANNE,Director,Stock Award(Grant) at price 0.00 per share.,668,0.0,D
TER,2026-05-08,MATZ MARILYN,Director,Stock Award(Grant) at price 0.00 per share.,668,0.0,D
TER,2026-05-08,MADDOCK ERNEST E,Director,Stock Award(Grant) at price 0.00 per share.,668,0.0,D
TER,2026-05-07,DRISCOLL RYAN E,General Counsel,Sale at price 377.60 per share.,680,256768.0,D
TER,2026-04-08,MILLS REGAN,Officer,Sale at price 342.17 per share.,16,5475.0,D
TER,2026-04-06,JOHNSON MERCEDES,Director,Sale at price 312.20 per share.,625,195125.0,D
TER,2026-04-02,MILLS REGAN,Officer,Sale at price 290.88 per share.,252,73302.0,D
TER,2026-03-26,HERWECK PETER,Director,Stock Award(Grant) at price 0.00 per share.,92,0.0,D
TER,2026-03-26,HENRY ANDREW CHISHOLM,Director,Stock Award(Grant) at price 0.00 per share.,75,0.0,D
TER,2026-03-26,TUFANO PAUL J,Director,Stock Award(Grant) at price 0.00 per share.,159,0.0,D
TER,2026-03-05,JOHNSON MERCEDES,Director,Sale at price 299.20 per share.,625,187000.0,D
TER,2026-02-25,MILLS REGAN,Officer,Sale at price 332.87 per share.,788,262302.0,D
TER,2026-02-05,JOHNSON MERCEDES,Director,Sale at price 266.98 per share.,625,166862.0,D
TER,2026-02-04,DRISCOLL RYAN E,General Counsel,Stock Award(Grant) at price 0.00 per share.,1784,0.0,D
TER,2026-02-04,POULIN SHANNON JOHN,Officer,Stock Award(Grant) at price 0.00 per share.,4460,0.0,D
TER,2026-02-04,MILLS REGAN,Officer,Stock Award(Grant) at price 0.00 per share.,1004,0.0,D
TER,2026-02-04,HATHOUT JEAN-PIERRE,Officer,Stock Award(Grant) at price 0.00 per share.,1004,0.0,D
TER,2026-02-04,SMITH GREGORY STEPHEN,Chief Executive Officer,Stock Award(Grant) at price 0.00 per share.,13380,0.0,D
TER,2026-01-27,SMITH GREGORY STEPHEN,Chief Executive Officer,Stock Award(Grant) at price 0.00 per share.,59475,0.0,D
TER,2026-01-05,JOHNSON MERCEDES,Director,Sale at price 211.85 per share.,625,132406.0,D
TER,2025-12-17,HERWECK PETER,Director,Stock Award(Grant) at price 0.00 per share.,148,0.0,D
TER,2025-12-17,TUFANO PAUL J,Director,Stock Award(Grant) at price 0.00 per share.,256,0.0,D
TER,2025-12-12,SMITH GREGORY STEPHEN,Chief Executive Officer,Sale at price 201.31 per share.,1108,223051.0,D
TER,2025-12-05,JOHNSON MERCEDES,Director,Sale at price 200.00 per share.,625,125000.0,D
TER,2025-11-12,SMITH GREGORY STEPHEN,Chief Executive Officer,Sale at price 180.20 per share.,1108,199662.0,D
TER,2025-11-05,SMITH GREGORY STEPHEN,Chief Executive Officer,Conversion of Exercise of derivative security at price 36.75 per share.,2072,76146.0,D
TER,2025-11-05,JOHNSON MERCEDES,Director,Sale at price 177.05 per share.,625,110656.0,D
TER,2025-11-03,TURNER MICHELLE L,Chief Financial Officer,Stock Award(Grant) at price 0.00 per share.,11144,0.0,D
TER,2025-10-10,SMITH GREGORY STEPHEN,Chief Executive Officer,Sale at price 145.24 per share.,1108,160926.0,D
TER,2025-10-06,JOHNSON MERCEDES,Director,Sale at price 147.90 per share.,625,92438.0,D
TER,2025-09-25,HERWECK PETER,Director,Stock Award(Grant) at price 0.00 per share.,206,0.0,D
TER,2025-09-25,TUFANO PAUL J,Director,Stock Award(Grant) at price 0.00 per share.,357,0.0,D
TER,2025-09-22,SMITH GREGORY STEPHEN,Chief Executive Officer,Sale at price 126.39 per share.,554,70020.0,D
TER,2025-09-12,SMITH GREGORY STEPHEN,Chief Executive Officer,Sale at price 115.00 per share.,554,63710.0,D
TER,2025-09-05,JOHNSON MERCEDES,Director,Sale at price 120.06 per share.,625,75038.0,D
TER,2025-08-12,SMITH GREGORY STEPHEN,Chief Executive Officer,Sale at price 106.00 per share.,554,58724.0,D
TER,2025-08-05,JOHNSON MERCEDES,Director,Sale at price 106.00 per share.,625,66250.0,D
TER,2025-07-30,SMITH GREGORY STEPHEN,Chief Executive Officer,Sale at price 105.73 per share.,554,58574.0,D
TER,2025-07-30,JOHNSON MERCEDES,Director,Sale at price 105.73 per share.,1875,198244.0,D
ENTG,2026-08-03,BRUGGEWORTH ROBERT ALAN,Director,Stock Award(Grant) at price 0.00 per share.,1329,0.0,D
ENTG,2026-06-03,LEDERER JAMES P,Director,Sale at price 143.59 per share.,3569,512473.0,D
ENTG,2026-05-27,HARIS CLINTON M,Officer,Sale at price 149.23 per share.,6848,1021927.0,D
ENTG,2026-05-27,HARIS CLINTON M,Officer,Conversion of Exercise of derivative security at price 98.11 per share.,6848,671857.0,D
ENTG,2026-05-18,NAGESH SUKHI,Chief Financial Officer,Stock Award(Grant) at price 0.00 per share.,8254,0.0,D
ENTG,2026-05-15,RICE SUSAN G,Officer,Sale at price 132.75 - 133.01 per share.,19893,2642598.0,D
ENTG,2026-05-15,RICE SUSAN G,Officer,Conversion of Exercise of derivative security at price 55.72 per share.,12960,722131.0,D
ENTG,2026-05-14,HARIS CLINTON M,Officer,Sale at price 144.57 per share.,5830,842843.0,D
ENTG,2026-05-14,COLELLA JOSEPH,General Counsel,Sale at price 140.04 - 140.25 per share.,6326,886715.0,D
ENTG,2026-05-14,BLACHIER OLIVIER,Officer,Sale at price 140.04 per share.,2000,280080.0,D
ENTG,2026-05-14,HARIS CLINTON M,Officer,Conversion of Exercise of derivative security at price 55.72 per share.,5830,324848.0,D
ENTG,2026-05-14,COLELLA JOSEPH,General Counsel,Conversion of Exercise of derivative security at price 80.71 - 98.11 per share.,6326,578710.0,D
ENTG,2026-05-14,BLACHIER OLIVIER,Officer,Conversion of Exercise of derivative security at price 80.71 per share.,2000,161420.0,D
ENTG,2026-05-06,KANOUFF YVETTE MARIE,Director,Stock Award(Grant) at price 0.00 per share.,1412,0.0,D
ENTG,2026-05-06,LEDERER JAMES P,Director,Stock Award(Grant) at price 0.00 per share.,1412,0.0,D
ENTG,2026-05-06,GENTILCORE JAMES F,Director,Stock Award(Grant) at price 0.00 per share.,1412,0.0,D
ENTG,2026-05-06,PUMA MARY G,Director,Stock Award(Grant) at price 0.00 per share.,1412,0.0,D
ENTG,2026-05-06,CLARK RODNEY,Director,Stock Award(Grant) at price 0.00 per share.,1412,0.0,D
ENTG,2026-05-06,SALEKI-GERHARDT AZITA,Director,Stock Award(Grant) at price 0.00 per share.,1412,0.0,D
ENTG,2026-04-17,LOY BERTRAND,Officer and Director,Sale at price 144.41 per share.,44138,6373969.0,D
ENTG,2026-04-17,LOY BERTRAND,Officer and Director,Conversion of Exercise of derivative security at price 98.11 per share.,44138,4330379.0,D
ENTG,2026-04-14,LOY BERTRAND,Officer and Director,Sale at price 140.22 per share.,17396,2439267.0,D
ENTG,2026-04-14,LOY BERTRAND,Officer and Director,Conversion of Exercise of derivative security at price 98.11 per share.,17396,1706722.0,D
ENTG,2026-04-07,COLELLA JOSEPH,General Counsel,Sale at price 115.57 per share.,1592,183987.0,D
ENTG,2026-04-07,BLACHIER OLIVIER,Officer,Sale at price 115.57 per share.,275,31782.0,D
ENTG,2026-04-01,LOY BERTRAND,Officer and Director,Stock Award(Grant) at price 0.00 per share.,19628,0.0,D
ENTG,2026-04-01,HARIS CLINTON M,Officer,Stock Award(Grant) at price 0.00 per share.,6318,0.0,D
ENTG,2026-04-01,BLACHIER OLIVIER,Officer,Stock Award(Grant) at price 0.00 per share.,6318,0.0,D
ENTG,2026-04-01,SAUERTOD MICHAEL SHARON SAUER,Officer,Stock Award(Grant) at price 0.00 per share.,2527,0.0,D
ENTG,2026-04-01,REEDER DAVID W,Chief Executive Officer,Stock Award(Grant) at price 0.00 per share.,38750,0.0,D
ENTG,2026-04-01,RICE SUSAN G,Officer,Stock Award(Grant) at price 0.00 per share.,7371,0.0,D
ENTG,2026-04-01,COLELLA JOSEPH,General Counsel,Stock Award(Grant) at price 0.00 per share.,7371,0.0,D
ENTG,2026-04-01,WOODLAND DANIEL D,Officer,Stock Award(Grant) at price 0.00 per share.,6318,0.0,D
ENTG,2026-02-25,LOY BERTRAND,Officer and Director,Sale at price 137.32 - 142.19 per share.,109838,15185008.0,D
ENTG,2026-02-24,LOY BERTRAND,Officer and Director,Conversion of Exercise of derivative security at price 98.11 per share.,9838,965206.0,D
ENTG,2026-02-20,COLELLA JOSEPH,General Counsel,Sale at price 131.49 per share.,1580,207754.0,D
ENTG,2026-02-20,BLACHIER OLIVIER,Officer,Sale at price 131.49 per share.,1664,218799.0,D
ENTG,2026-02-20,LAGORGA LINDA A,Chief Financial Officer,Sale at price 135.00 per share.,11438,1544130.0,D
ENTG,2026-02-20,LAGORGA LINDA A,Chief Financial Officer,Conversion of Exercise of derivative security at price 91.63 per share.,11438,1048064.0,D
ENTG,2026-02-19,LOY BERTRAND,Officer and Director,Stock Award(Grant) at price 0.00 per share.,34624,0.0,D
ENTG,2026-02-19,HARIS CLINTON M,Officer,Stock Award(Grant) at price 0.00 per share.,3345,0.0,D
ENTG,2026-02-19,BLACHIER OLIVIER,Officer,Stock Award(Grant) at price 0.00 per share.,3011,0.0,D
ENTG,2026-02-19,LAGORGA LINDA A,Chief Financial Officer,Stock Award(Grant) at price 0.00 per share.,8840,0.0,D
ENTG,2026-02-19,RICE SUSAN G,Officer,Stock Award(Grant) at price 0.00 per share.,5018,0.0,D
ENTG,2026-02-19,COLELLA JOSEPH,General Counsel,Stock Award(Grant) at price 0.00 per share.,4850,0.0,D
ENTG,2026-02-19,WOODLAND DANIEL D,Officer,Stock Award(Grant) at price 0.00 per share.,4014,0.0,D
ENTG,2026-02-12,WOODLAND DANIEL D,Officer,Sale at price 130.52 - 130.80 per share.,30474,3981313.0,D
ENTG,2026-02-12,WOODLAND DANIEL D,Officer,Conversion of Exercise of derivative security at price 55.88 - 79.97 per share.,30474,2187118.0,D
ENTG,2026-02-12,HARIS CLINTON M,Officer,Stock Award(Grant) at price 0.00 per share.,10694,0.0,D
ENTG,2026-02-12,BLACHIER OLIVIER,Officer,Stock Award(Grant) at price 0.00 per share.,15278,0.0,D
ENTG,2026-02-12,SAUERTOD MICHAEL SHARON SAUER,Officer,Stock Award(Grant) at price 0.00 per share.,2290,0.0,D
ENTG,2026-02-12,RICE SUSAN G,Officer,Stock Award(Grant) at price 0.00 per share.,10694,0.0,D
ENTG,2026-02-12,COLELLA JOSEPH,General Counsel,Stock Award(Grant) at price 0.00 per share.,10694,0.0,D
ENTG,2026-02-12,WOODLAND DANIEL D,Officer,Stock Award(Grant) at price 0.00 per share.,10694,0.0,D
ENTG,2026-02-02,LOY BERTRAND,Officer and Director,Sale at price 115.96 - 120.91 per share.,65250,7804351.0,D
ENTG,2026-02-02,LOY BERTRAND,Officer and Director,Conversion of Exercise of derivative security at price 55.72 per share.,65250,3635730.0,D
ENTG,2026-01-21,HARIS CLINTON M,Officer,Sale at price 120.00 per share.,5830,699600.0,D
ENTG,2026-01-21,HARIS CLINTON M,Officer,Conversion of Exercise of derivative security at price 55.72 per share.,5830,324848.0,D
ENTG,2025-12-10,LEDERER JAMES P,Director,Sale at price 92.84 per share.,2008,186423.0,D
ENTG,2025-12-01,LOY BERTRAND,Officer and Director,Sale at price 76.34 - 77.65 per share.,57570,4425994.0,D
MSFT,2026-08-05,ALTHOFF JUDSON,Officer,Sale at price 487.89 per share.,10000,4878930.0,D
MSFT,2026-08-04,NUMOTO TAKESHI,Officer,Sale at price 496.48 per share.,4810,2388244.0,D
MSFT,2026-06-15,JOLLA ALICE L,Officer,Stock Award(Grant) at price 0.00 per share.,5004,0.0,D
MSFT,2026-06-10,NUMOTO TAKESHI,Officer,Sale at price 402.84 per share.,4500,1812780.0,D
MSFT,2026-06-08,NUMOTO TAKESHI,Officer,Sale at price 412.45 per share.,2500,1031125.0,D
MSFT,2026-06-05,LIST-STOLL TERI L.,Director,Stock Award(Grant) at price 0.00 per share.,149,0.0,D
MSFT,2026-06-05,DI SIBIO CARMINE,Director,Stock Award(Grant) at price 0.00 per share.,15,0.0,D
MSFT,2026-06-05,STANTON JOHN W.,Director,Stock Award(Grant) at price 0.00 per share.,149,0.0,D
MSFT,2026-06-05,SCHARF CHARLES W,Director,Stock Award(Grant) at price 0.00 per share.,149,0.0,D
MSFT,2026-06-01,ALTHOFF JUDSON,Officer,Sale at price 460.99 per share.,15500,7145314.0,D
MSFT,2026-05-14,COLEMAN AMY,Officer,Sale at price 411.34 per share.,1262,519242.0,D
MSFT,2026-03-06,HOGAN KATHLEEN T,Officer,Sale at price 409.52 per share.,12320,5045643.0,D
MSFT,2026-02-18,STANTON JOHN W.,Director,Purchase at price 397.35 per share.,5000,1986750.0,D
MSFT,2026-01-30,MASON MARK A.L.,Director,Stock Award(Grant) at price 0.00 per share.,145,0.0,D
MSFT,2026-01-30,LIST-STOLL TERI L.,Director,Stock Award(Grant) at price 0.00 per share.,145,0.0,D
MSFT,2026-01-30,STANTON JOHN W.,Director,Stock Award(Grant) at price 0.00 per share.,145,0.0,D
MSFT,2026-01-30,SCHARF CHARLES W,Director,Stock Award(Grant) at price 0.00 per share.,145,0.0,D
MSFT,2025-12-10,HOGAN KATHLEEN T,Officer,Stock Gift at price 0.00 per share.,150,0.0,D
MSFT,2025-12-04,MASON MARK A.L.,Director,Stock Award(Grant) at price 0.00 per share.,130,0.0,D
MSFT,2025-12-04,LIST-STOLL TERI L.,Director,Stock Award(Grant) at price 0.00 per share.,130,0.0,D
MSFT,2025-12-04,STANTON JOHN W.,Director,Stock Award(Grant) at price 0.00 per share.,130,0.0,D
MSFT,2025-12-04,SCHARF CHARLES W,Director,Stock Award(Grant) at price 0.00 per share.,130,0.0,D
MSFT,2025-12-04,NUMOTO TAKESHI,Officer,Sale at price 478.72 per share.,2850,1364352.0,D
MSFT,2025-12-02,ALTHOFF JUDSON,Officer,Sale at price 491.52 per share.,12750,6266829.0,D
MSFT,2025-11-20,ALTHOFF JUDSON,Officer,Stock Gift at price 0.00 per share.,3463,0.0,D
MSFT,2025-11-10,NADELLA SATYA,Chief Executive Officer,Stock Gift at price 0.00 per share.,3977,0.0,D
MSFT,2025-11-06,SMITH BRADFORD LEE,President,Stock Gift at price 0.00 per share.,10000,0.0,D
MSFT,2025-11-03,SMITH BRADFORD LEE,President,Sale at price 518.49 - 519.21 per share.,38500,19967707.0,D
MSFT,2025-09-15,HOOD AMY E,Chief Financial Officer,Stock Award(Grant) at price 0.00 per share.,26151,0.0,D
MSFT,2025-09-15,HOGAN KATHLEEN T,Officer,Stock Award(Grant) at price 0.00 per share.,6513,0.0,D
MSFT,2025-09-15,ALTHOFF JUDSON,Officer,Stock Award(Grant) at price 0.00 per share.,26151,0.0,D
MSFT,2025-09-15,NUMOTO TAKESHI,Officer,Stock Award(Grant) at price 0.00 per share.,11583,0.0,D
MSFT,2025-09-15,COLEMAN AMY,Officer,Stock Award(Grant) at price 0.00 per share.,4022,0.0,D
MSFT,2025-09-15,COLEMAN AMY,Officer,Stock Award(Grant) at price 0.00 per share.,4358,0.0,D
MSFT,2025-09-15,SMITH BRADFORD LEE,President,Stock Award(Grant) at price 0.00 per share.,26151,0.0,D
MSFT,2025-09-10,MASON MARK A.L.,Director,Stock Award(Grant) at price 0.00 per share.,125,0.0,D
MSFT,2025-09-10,LIST-STOLL TERI L.,Director,Stock Award(Grant) at price 0.00 per share.,125,0.0,D
MSFT,2025-09-10,STANTON JOHN W.,Director,Stock Award(Grant) at price 0.00 per share.,125,0.0,D
MSFT,2025-09-10,SCHARF CHARLES W,Director,Stock Award(Grant) at price 0.00 per share.,125,0.0,D
MSFT,2025-09-03,NADELLA SATYA,Chief Executive Officer,Sale at price 503.00 - 507.56 per share.,149205,75315121.0,D
MSFT,2025-09-02,HOOD AMY E,Chief Financial Officer,Stock Award(Grant) at price 0.00 per share.,54053,0.0,D
MSFT,2025-09-02,HOGAN KATHLEEN T,Officer,Stock Award(Grant) at price 0.00 per share.,20386,0.0,D
MSFT,2025-09-02,ALTHOFF JUDSON,Officer,Stock Award(Grant) at price 0.00 per share.,45220,0.0,D
MSFT,2025-09-02,NUMOTO TAKESHI,Officer,Stock Award(Grant) at price 0.00 per share.,17223,0.0,D
MSFT,2025-09-02,NADELLA SATYA,Chief Executive Officer,Stock Award(Grant) at price 0.00 per share.,308870,0.0,D
MSFT,2025-09-02,SMITH BRADFORD LEE,President,Stock Award(Grant) at price 0.00 per share.,47877,0.0,D
MSFT,2025-08-29,JOLLA ALICE L,Officer,Stock Award(Grant) at price 0.00 per share.,3813,0.0,D
MSFT,2025-08-12,NUMOTO TAKESHI,Officer,Sale at price 525.56 - 528.56 per share.,4850,2557506.0,D
MSFT,2025-08-11,SMITH BRADFORD LEE,President,Stock Gift at price 0.00 per share.,20000,0.0,D
MSFT,2025-06-10,MASON MARK A.L.,Director,Stock Award(Grant) at price 0.00 per share.,132,0.0,D
MSFT,2025-06-10,LIST-STOLL TERI L.,Director,Stock Award(Grant) at price 0.00 per share.,132,0.0,D
MSFT,2025-06-10,STANTON JOHN W.,Director,Stock Award(Grant) at price 0.00 per share.,132,0.0,D
MSFT,2025-06-10,SCHARF CHARLES W,Director,Stock Award(Grant) at price 0.00 per share.,132,0.0,D
MSFT,2025-06-03,NUMOTO TAKESHI,Officer,Sale at price 463.00 per share.,3000,1389000.0,D
MSFT,2025-05-30,NUMOTO TAKESHI,Officer,Sale at price 460.01 per share.,1000,460008.0,D
MSFT,2025-05-21,HOGAN KATHLEEN T,Officer,Sale at price 453.77 per share.,21500,9756152.0,D
MSFT,2025-05-19,ALTHOFF JUDSON,Officer,Sale at price 457.97 - 458.46 per share.,16000,7330817.0,D
MSFT,2025-05-15,COLEMAN AMY,Officer,Sale at price 452.01 per share.,13242,5985886.0,D
MSFT,2025-05-05,SMITH BRADFORD LEE,President,Sale at price 390.57 - 438.82 per share.,3842,1684498.0,D
MSFT,2025-05-05,SMITH BRADFORD LEE,President,Sale at price 433.17 - 436.29 per share.,81000,35302945.0,D
ORCL,2026-06-24,HENLEY JEFFREY O,Officer and Director,Sale at price 156.06 - 165.57 per share.,400000,63664040.0,D
ORCL,2026-06-24,HENLEY JEFFREY O,Officer and Director,Conversion of Exercise of derivative security at price 40.93 per share.,400000,16372000.0,D
ORCL,2026-04-16,LEVEY STUART A,Officer,Sale at price 176.19 per share.,15000,2642850.0,D
ORCL,2026-03-30,HENLEY JEFFREY O,Officer and Director,Stock Gift at price 0.00 per share.,16810,0.0,I
ORCL,2026-02-09,MAGOUYRK CLAYTON M,Chief Executive Officer,Sale at price 155.23 per share.,10000,1552318.0,D
ORCL,2026-01-15,KEHRING DOUGLAS A,Officer,Sale at price 194.89 per share.,35000,6821150.0,D
ORCL,2025-12-24,HURA MARK,Officer,Sale at price 196.89 per share.,15000,2953314.0,D
ORCL,2025-12-23,SELIGMAN NAOMI O,Director,Sale at price 196.61 per share.,2223,437064.0,D
ORCL,2025-12-22,HURA MARK,Officer,Stock Gift at price 0.00 per share.,5000,0.0,D
ORCL,2025-12-19,MAGOUYRK CLAYTON M,Chief Executive Officer,Sale at price 192.52 per share.,10000,1925152.0,D
ORCL,2025-10-28,BERG JEFFREY S,Director,Sale at price 281.58 - 284.31 per share.,49365,13971267.0,I
ORCL,2025-10-23,SMITH MARIA,Officer,Sale at price 280.00 - 280.62 per share.,10000,2803122.0,D
ORCL,2025-10-21,MAGOUYRK CLAYTON M,Chief Executive Officer,Sale at price 276.64 per share.,40000,11065508.0,D
ORCL,2025-10-10,LEVEY STUART A,Officer,Sale at price 300.00 per share.,19758,5927400.0,D
ORCL,2025-09-26,SELIGMAN NAOMI O,Director,Sale at price 288.91 per share.,2222,641958.0,D
ORCL,2025-09-26,SELIGMAN NAOMI O,Director,Stock Gift at price 0.00 per share.,1406,0.0,D
ORCL,2025-09-23,SICILIA MICHAEL D,Officer,Sale at price 321.16 per share.,33845,10869660.0,D
ORCL,2025-09-16,SICILIA MICHAEL D,Officer,Sale at price 313.60 per share.,16323,5118893.0,D
ORCL,2025-09-12,PARRETT WILLIAM GREGORY,Director,Sale at price 306.00 per share.,11500,3519000.0,I
ORCL,2025-09-12,MAGOUYRK CLAYTON M,President,Sale at price 297.11 per share.,21241,6310865.0,D
ORCL,2025-08-05,SICILIA MICHAEL D,Officer,Sale at price 254.48 per share.,15880,4041142.0,D
ORCL,2025-08-04,SICILIA MICHAEL D,Officer,Stock Award(Grant) at price 241.21 per share.,183,44222.0,D
ORCL,2025-07-16,SELIGMAN NAOMI O,Director,Sale at price 233.32 per share.,3303,770656.0,D
ORCL,2025-07-15,ELLISON LAWRENCE JOSEPH,Chief Technology Officer,Conversion of Exercise of derivative security at price 51.13 per share.,6500000,332345000.0,D
ORCL,2025-07-09,ELLISON LAWRENCE JOSEPH,Chief Technology Officer,Conversion of Exercise of derivative security at price 51.13 per share.,6000000,306780000.0,D
ORCL,2025-07-07,FAIRHEAD RONA ALISON,Director,Purchase at price 233.87 per share.,480,112258.0,D
ORCL,2025-07-03,SMITH MARIA,Officer,Sale at price 232.99 per share.,10000,2329897.0,D
ORCL,2025-06-27,CATZ SAFRA A,Chief Executive Officer,Sale at price 210.35 - 214.25 per share.,1260508,267244339.0,D
ORCL,2025-06-27,CATZ SAFRA A,Chief Executive Officer,Conversion of Exercise of derivative security at price 51.13 per share.,1260508,64449774.0,D
ORCL,2025-06-26,CATZ SAFRA A,Chief Executive Officer,Sale at price 210.64 - 216.82 per share.,3739492,794635666.0,D
ORCL,2025-06-26,CATZ SAFRA A,Chief Executive Officer,Conversion of Exercise of derivative security at price 51.13 per share.,3739492,191200226.0,D
ORCL,2025-06-23,CATZ SAFRA A,Chief Executive Officer,Sale at price 203.36 - 213.19 per share.,3694918,764007886.0,D
ORCL,2025-06-23,CATZ SAFRA A,Chief Executive Officer,Conversion of Exercise of derivative security at price 51.13 per share.,3694918,188921157.0,D
ORCL,2025-06-23,HENLEY JEFFREY O,Officer and Director,Stock Gift at price 0.00 per share.,147000,0.0,I
ORCL,2025-06-17,MAGOUYRK CLAYTON M,Officer,Sale at price 214.10 per share.,15000,3211484.0,D
ORCL,2025-06-17,CONRADES GEORGE HENRY,Director,Sale at price 213.49 per share.,8169,1744000.0,D
ORCL,2025-06-12,HENLEY JEFFREY O,Officer and Director,Sale at price 190.41 - 191.00 per share.,400000,76169016.0,I
ORCL,2025-06-12,HENLEY JEFFREY O,Officer and Director,Conversion of Exercise of derivative security at price 40.36 per share.,400000,16144000.0,I
ORCL,2025-05-14,BERG JEFFREY S,Director,Stock Gift at price 0.00 per share.,12334,0.0,I
ORCL,2025-05-05,SELIGMAN NAOMI O,Director,Sale at price 149.53 per share.,2866,428562.0,D
ORCL,2025-05-02,PANETTA LEON E,Director,Sale at price 151.24 per share.,17500,2646651.0,I
ORCL,2025-05-02,PANETTA LEON E,Director,Conversion of Exercise of derivative security at price 43.49 per share.,17500,761075.0,I
ORCL,2025-04-21,CONRADES GEORGE HENRY,Director,Conversion of Exercise of derivative security at price 43.49 per share.,22500,978525.0,D
ORCL,2025-04-16,HENLEY JEFFREY O,Officer and Director,Stock Gift at price 0.00 per share.,199071,0.0,I
ORCL,2025-04-02,SELIGMAN NAOMI O,Director,Sale at price 145.81 per share.,2000,291620.0,D
ORCL,2025-02-12,MOORMAN CHARLES W IV,Director,Purchase at price 172.35 per share.,5500,947913.0,I
ORCL,2025-01-24,CATZ SAFRA A,Chief Executive Officer,Sale at price 185.12 - 190.10 per share.,3805082,705455414.0,D
ORCL,2025-01-24,CATZ SAFRA A,Chief Executive Officer,Conversion of Exercise of derivative security at price 51.13 per share.,3805082,194553843.0,D
ORCL,2024-11-07,SELIGMAN NAOMI O,Director,Stock Gift at price 0.00 per share.,1444,0.0,D
ORCL,2024-10-28,HENLEY JEFFREY O,Officer and Director,Stock Gift at price 0.00 per share.,68000,0.0,I
ORCL,2024-09-16,SMITH MARIA,Officer,Sale at price 165.00 per share.,6320,1042800.0,D
PANW,2026-07-07,THORNING SCHMIDT HELLE,Director,Sale at price 346.85 per share.,700,242795.0,D
PANW,2026-07-01,PAUL JOSHUA D.,Officer,Sale at price 345.00 per share.,900,310500.0,D
PANW,2026-07-01,BAWA APARNA,Director,Sale at price 309.83 - 348.74 per share.,922,302532.0,I
PANW,2026-06-23,GOLECHHA DIPAK,Chief Financial Officer,Sale at price 284.80 - 291.84 per share.,5000,1447825.0,D
PANW,2026-06-22,BAWA APARNA,Director,Sale at price 290.17 per share.,345,100109.0,I
PANW,2026-06-12,GOETZ JAMES JOSEPH,Director,Sale at price 277.89 - 281.64 per share.,20000,5597911.0,I
PANW,2026-06-12,BAWA APARNA,Director,Sale at price 265.00 - 280.00 per share.,1468,399835.0,I
PANW,2026-06-12,KEY JOHN PHILLIP,Director,Sale at price 279.24 per share.,7500,2094300.0,D
PANW,2026-06-01,PAUL JOSHUA D.,Officer,Sale at price 285.08 per share.,1100,313588.0,D
PANW,2026-05-22,KLARICH LEE,Officer and Director,Sale at price 250.03 - 261.25 per share.,62904,16270352.0,D
PANW,2026-05-20,PAUL JOSHUA D.,Officer,Sale at price 236.95 per share.,400,94780.0,D
PANW,2026-04-08,KEY JOHN PHILLIP,Director,Sale at price 173.32 per share.,1572,272459.0,D
PANW,2026-04-01,PAUL JOSHUA D.,Officer,Sale at price 161.40 per share.,1100,177540.0,D
PANW,2026-04-01,GOLECHHA DIPAK,Chief Financial Officer,Sale at price 157.81 - 160.70 per share.,5000,802077.0,D
PANW,2026-03-27,ARORA NIKESH,Chief Executive Officer,Purchase at price 146.87 - 147.48 per share.,68085,9999977.0,D
PANW,2026-03-10,PAUL JOSHUA D.,Officer,Stock Award(Grant) at price 0.00 per share.,26369,0.0,D
PANW,2026-03-06,GOETZ JAMES JOSEPH,Director,Sale at price 163.83 - 164.76 per share.,22684,3729511.0,I
PANW,2026-03-06,GOETZ JAMES JOSEPH,Director,Sale at price 163.83 - 164.76 per share.,22684,3729511.0,I
PANW,2026-03-02,PAUL JOSHUA D.,Officer,Sale at price 147.90 per share.,1700,251430.0,D
PANW,2026-02-12,KLARICH LEE,Chief Technology Officer,Stock Award(Grant) at price 0.00 per share.,70,0.0,I
PANW,2026-02-12,BAWA APARNA,Director,Stock Award(Grant) at price 0.00 per share.,24,0.0,D
PANW,2026-02-12,ARORA NIKESH,Chief Executive Officer,Stock Award(Grant) at price 0.00 per share.,165,0.0,D
PANW,2026-01-08,KLARICH LEE,Chief Technology Officer,Conversion of Exercise of derivative security at price 32.25 per share.,92010,2967322.0,D
PANW,2026-01-08,KLARICH LEE,Chief Technology Officer,Sale at price 189.60 - 193.16 per share.,120768,23070681.0,D
PANW,2026-01-02,JENKINS WILLIAM D JR,President,Sale at price 184.81 per share.,904,167068.0,D
PANW,2026-01-02,PAUL JOSHUA D.,Officer,Sale at price 184.81 per share.,800,147848.0,D
PANW,2025-12-26,JENKINS WILLIAM D JR,President,Sale at price 187.92 - 188.45 per share.,6218,1169423.0,D
PANW,2025-12-23,GOLECHHA DIPAK,Chief Financial Officer,Sale at price 188.18 per share.,5000,940910.0,D
PANW,2025-12-10,GOODBURN MARK A,Director,Stock Award(Grant) at price 0.00 per share.,4944,0.0,D
PANW,2025-12-10,KLARICH LEE,Officer and Director,Stock Gift at price 0.00 per share.,50000,0.0,I
PANW,2025-12-09,BAWA APARNA,Director,Stock Award(Grant) at price 0.00 per share.,2160,0.0,D
PANW,2025-12-09,KEY JOHN PHILLIP,Director,Stock Award(Grant) at price 0.00 per share.,2288,0.0,D
PANW,2025-12-09,THORNING SCHMIDT HELLE,Director,Stock Award(Grant) at price 0.00 per share.,1983,0.0,D
PANW,2025-12-09,MCCARTHY MARY PAT,Director,Stock Award(Grant) at price 0.00 per share.,2033,0.0,D
PANW,2025-12-09,ESCHENBACH CARL M,Director,Stock Award(Grant) at price 0.00 per share.,1881,0.0,D
PANW,2025-12-09,TWOHILL LORRAINE,Director,Stock Award(Grant) at price 0.00 per share.,2135,0.0,D
PANW,2025-12-09,DONOVAN JOHN M,Director,Stock Award(Grant) at price 0.00 per share.,2516,0.0,D
PANW,2025-12-09,GOETZ JAMES JOSEPH,Director,Sale at price 194.70 - 196.42 per share.,25000,4880043.0,I
PANW,2025-12-03,KLARICH LEE,Chief Technology Officer,Conversion of Exercise of derivative security at price 32.25 per share.,92010,2967322.0,D
PANW,2025-12-03,KLARICH LEE,Chief Technology Officer,Sale at price 187.38 - 193.46 per share.,120774,23177226.0,D
PANW,2025-12-01,PAUL JOSHUA D.,Officer,Sale at price 189.39 per share.,700,132573.0,D
PANW,2025-11-26,GOLECHHA DIPAK,Chief Financial Officer,Stock Gift at price 0.00 per share.,2500,0.0,D
PANW,2025-11-03,KLARICH LEE,Chief Technology Officer,Conversion of Exercise of derivative security at price 32.25 per share.,92010,2967322.0,D
PANW,2025-11-03,PAUL JOSHUA D.,Officer,Sale at price 219.97 per share.,700,153979.0,D
PANW,2025-11-03,KLARICH LEE,Chief Technology Officer,Sale at price 215.88 - 220.40 per share.,120774,26321980.0,D
PANW,2025-10-31,JENKINS WILLIAM D JR,President,Stock Award(Grant) at price 0.00 per share.,312025,0.0,D
PANW,2025-10-31,KLARICH LEE,Chief Technology Officer,Stock Award(Grant) at price 0.00 per share.,468038,0.0,D
PANW,2025-10-31,GOLECHHA DIPAK,Chief Financial Officer,Stock Award(Grant) at price 0.00 per share.,280820,0.0,D
PANW,2025-10-31,PAUL JOSHUA D.,Officer,Stock Award(Grant) at price 0.00 per share.,31201,0.0,D
PANW,2025-10-31,ARORA NIKESH,Chief Executive Officer,Stock Award(Grant) at price 0.00 per share.,1185721,0.0,D
PANW,2025-10-06,KLARICH LEE,Chief Technology Officer,Conversion of Exercise of derivative security at price 32.25 per share.,92010,2967322.0,D
PANW,2025-10-06,KLARICH LEE,Chief Technology Officer,Sale at price 209.70 - 213.36 per share.,120774,25594749.0,D
PANW,2025-10-01,PAUL JOSHUA D.,Officer,Sale at price 202.16 per share.,700,141512.0,D
PANW,2025-09-23,ARORA NIKESH,Chief Executive Officer,Conversion of Exercise of derivative security at price 33.08 per share.,846408,28002054.0,D
PANW,2025-09-23,ARORA NIKESH,Chief Executive Officer,Sale at price 203.10 - 208.35 per share.,846408,172721695.0,D
PANW,2025-09-23,GOLECHHA DIPAK,Chief Financial Officer,Sale at price 203.01 - 206.81 per share.,5000,1020942.0,D
PANW,2025-09-18,KLARICH LEE,Officer and Director,Stock Gift at price 0.00 per share.,50000,0.0,I
PANW,2025-09-03,KLARICH LEE,Chief Technology Officer,Conversion of Exercise of derivative security at price 32.25 per share.,92010,2967322.0,D
PANW,2025-09-03,KLARICH LEE,Chief Technology Officer,Sale at price 188.60 - 192.22 per share.,120774,23081151.0,D
PANW,2025-09-02,PAUL JOSHUA D.,Officer,Sale at price 187.62 per share.,700,131334.0,D
CRWD,2026-08-11,KURTZ GEORGE ROBERT,Chief Executive Officer,Sale at price 215.39 - 226.20 per share.,20000,4465917.0,D
CRWD,2026-08-07,KURTZ GEORGE ROBERT,Chief Executive Officer,Sale at price 202.57 - 215.82 per share.,20000,4182933.0,D
CRWD,2026-08-05,KURTZ GEORGE ROBERT,Chief Executive Officer,Sale at price 204.07 - 218.56 per share.,20000,4229968.0,D
CRWD,2026-08-04,GANDHI SAMEER K.,Director,Sale at price 204.37 - 212.55 per share.,20000,4200998.0,I
CRWD,2026-08-03,PODBERE BURT W.,Chief Financial Officer,Sale at price 194.34 - 196.62 per share.,7622,1481305.0,D
CRWD,2026-08-03,KURTZ GEORGE ROBERT,Chief Executive Officer,Sale at price 193.81 - 202.89 per share.,37525,7386464.0,D
CRWD,2026-07-31,KURTZ GEORGE ROBERT,Chief Executive Officer,Sale at price 178.72 - 191.45 per share.,20000,3710729.0,D
CRWD,2026-07-29,KURTZ GEORGE ROBERT,Chief Executive Officer,Sale at price 174.70 - 185.77 per share.,20000,3611808.0,D
CRWD,2026-07-27,KURTZ GEORGE ROBERT,Chief Executive Officer,Sale at price 180.37 - 188.28 per share.,20000,3667195.0,D
CRWD,2026-07-23,KURTZ GEORGE ROBERT,Chief Executive Officer,Sale at price 182.52 - 192.52 per share.,17465,3257882.0,D
CRWD,2026-07-21,KURTZ GEORGE ROBERT,Chief Executive Officer,Sale at price 190.54 - 199.93 per share.,10000,1926727.0,D
CRWD,2026-07-20,KURTZ GEORGE ROBERT,Chief Executive Officer,Sale at price 198.18 - 208.83 per share.,20000,4085238.0,D
CRWD,2026-07-16,KURTZ GEORGE ROBERT,Chief Executive Officer,Sale at price 201.02 - 216.88 per share.,20000,4124930.0,D
CRWD,2026-07-14,KURTZ GEORGE ROBERT,Chief Executive Officer,Sale at price 181.93 - 210.87 per share.,20000,3922615.0,D
CRWD,2026-07-13,O'LEARY DENIS J,Director,Sale at price 187.87 per share.,14500,2724115.0,I
CRWD,2026-07-10,KURTZ GEORGE ROBERT,Chief Executive Officer,Sale at price 187.17 - 198.46 per share.,20000,3856250.0,D
CRWD,2026-07-08,KURTZ GEORGE ROBERT,Chief Executive Officer,Sale at price 186.02 - 200.78 per share.,20000,3864653.0,D
CRWD,2026-07-06,KURTZ GEORGE ROBERT,Chief Executive Officer,Sale at price 189.43 - 775.92 per share.,20000,9778431.0,D
CRWD,2026-07-06,O'LEARY DENIS J,Director,Stock Gift at price 0.00 per share.,49500,0.0,D
CRWD,2026-07-01,GANDHI SAMEER K.,Director,Sale at price 765.93 - 785.70 per share.,5000,3872226.0,I
CRWD,2026-07-01,KURTZ GEORGE ROBERT,Chief Executive Officer,Sale at price 3090.96 per share.,2500,7727400.0,D
CRWD,2026-06-30,KURTZ GEORGE ROBERT,Chief Executive Officer,Sale at price 706.81 - 754.85 per share.,2630,1954328.0,D
CRWD,2026-06-30,KURTZ GEORGE ROBERT,Chief Executive Officer,Sale at price 3052.56 per share.,2370,7234566.0,D
CRWD,2026-06-26,KURTZ GEORGE ROBERT,Chief Executive Officer,Sale at price 671.68 - 692.33 per share.,3280,2236497.0,D
CRWD,2026-06-26,KURTZ GEORGE ROBERT,Chief Executive Officer,Sale at price 690.96 - 703.56 per share.,1720,1196344.0,D
CRWD,2026-06-24,KURTZ GEORGE ROBERT,Chief Executive Officer,Sale at price 664.00 - 690.37 per share.,3973,2695881.0,D
CRWD,2026-06-24,KURTZ GEORGE ROBERT,Chief Executive Officer,Sale at price 678.57 - 687.00 per share.,1027,698967.0,D
CRWD,2026-06-24,SAHA ANURAG,Officer,Sale at price 680.49 per share.,1497,1018694.0,D
CRWD,2026-06-22,PODBERE BURT W.,Chief Financial Officer,Sale at price 685.05 - 704.53 per share.,8398,5811720.0,D
CRWD,2026-06-22,KURTZ GEORGE ROBERT,Chief Executive Officer,Sale at price 673.60 - 703.51 per share.,18483,12665570.0,D
CRWD,2026-06-22,KURTZ GEORGE ROBERT,Chief Executive Officer,Sale at price 674.19 - 710.26 per share.,2722,1871918.0,D
CRWD,2026-06-22,SENTONAS MICHAEL,President,Sale at price 684.86 per share.,12216,8366250.0,D
CRWD,2026-06-22,SAHA ANURAG,Officer,Sale at price 684.86 per share.,1721,1178644.0,D
CRWD,2026-06-18,KURTZ GEORGE ROBERT,Chief Executive Officer,Sale at price 662.89 - 688.20 per share.,3687,2508256.0,D
CRWD,2026-06-18,KURTZ GEORGE ROBERT,Chief Executive Officer,Sale at price 679.00 - 695.06 per share.,1313,895993.0,D
CRWD,2026-06-18,WATZINGER GERHARD,Director,Stock Award(Grant) at price 0.00 per share.,445,0.0,D
CRWD,2026-06-18,O'LEARY DENIS J,Director,Stock Award(Grant) at price 0.00 per share.,422,0.0,D
CRWD,2026-06-18,DAVIS CARY J,Director,Stock Award(Grant) at price 0.00 per share.,428,0.0,D
CRWD,2026-06-18,SCHUMACHER LAURA J,Director,Stock Award(Grant) at price 0.00 per share.,425,0.0,D
CRWD,2026-06-18,GANDHI SAMEER K.,Director,Stock Award(Grant) at price 0.00 per share.,423,0.0,D
CRWD,2026-06-18,FLOWER JOHANNA,Director,Stock Award(Grant) at price 0.00 per share.,18,0.0,D
CRWD,2026-06-17,AUSTIN ROXANNE SCHUH,Director,Stock Award(Grant) at price 0.00 per share.,402,0.0,D
CRWD,2026-06-16,KURTZ GEORGE ROBERT,Chief Executive Officer,Sale at price 668.48 - 696.99 per share.,3112,2137020.0,D
CRWD,2026-06-16,KURTZ GEORGE ROBERT,Chief Executive Officer,Sale at price 681.03 - 699.89 per share.,1888,1290836.0,D
CRWD,2026-06-15,PODBERE BURT W.,Chief Financial Officer,Stock Gift at price 0.00 per share.,18516,0.0,I
CRWD,2026-06-12,KURTZ GEORGE ROBERT,Chief Executive Officer,Sale at price 679.81 - 701.27 per share.,3597,2478758.0,D
CRWD,2026-06-11,WATZINGER GERHARD,Director,Sale at price 685.24 per share.,2500,1713100.0,I
CRWD,2026-06-11,KURTZ GEORGE ROBERT,Chief Executive Officer,Sale at price 643.58 - 685.46 per share.,1403,940203.0,D
CRWD,2026-06-10,KURTZ GEORGE ROBERT,Chief Executive Officer,Sale at price 636.64 - 662.65 per share.,2671,1741645.0,D
CRWD,2026-06-09,KURTZ GEORGE ROBERT,Chief Executive Officer,Sale at price 619.74 - 652.65 per share.,2329,1490062.0,D
CRWD,2026-06-08,KURTZ GEORGE ROBERT,Chief Executive Officer,Sale at price 654.34 - 681.53 per share.,2460,1633314.0,D
CRWD,2026-06-08,KURTZ GEORGE ROBERT,Chief Executive Officer,Sale at price 652.90 - 704.67 per share.,2540,1743779.0,D
CRWD,2026-06-05,WATZINGER GERHARD,Director,Sale at price 700.00 per share.,7500,5250000.0,I
CRWD,2026-06-04,KURTZ GEORGE ROBERT,Chief Executive Officer,Sale at price 672.79 - 766.17 per share.,3780,2760328.0,D
CRWD,2026-06-04,KURTZ GEORGE ROBERT,Chief Executive Officer,Sale at price 701.25 - 719.71 per share.,1220,868977.0,D
CRWD,2026-06-02,KURTZ GEORGE ROBERT,Chief Executive Officer,Sale at price 738.05 - 784.23 per share.,3084,2352439.0,D
CRWD,2026-06-02,KURTZ GEORGE ROBERT,Chief Executive Officer,Sale at price 755.93 - 777.33 per share.,1916,1460829.0,D
CRWD,2026-06-01,GANDHI SAMEER K.,Director,Sale at price 738.13 - 766.17 per share.,3191,2419423.0,I
CRWD,2026-06-01,GANDHI SAMEER K.,Director,Sale at price 767.55 - 784.11 per share.,1809,1404909.0,I
CRWD,2026-05-29,KURTZ GEORGE ROBERT,Chief Executive Officer,Sale at price 661.43 - 709.93 per share.,2193,1486491.0,D
FTNT,2026-08-04,OHLGART CHRISTIANE MARGRIT,Chief Financial Officer,Sale at price 164.59 per share.,387,63696.0,D
FTNT,2026-08-03,XIE KENNETH QING,Chief Executive Officer,Sale at price 160.14 - 164.49 per share.,161482,26266878.0,D
FTNT,2026-08-03,XIE KENNETH QING,Chief Executive Officer,Conversion of Exercise of derivative security at price 22.90 per share.,168093,3549500.0,D
FTNT,2026-08-03,XIE MICHAEL,Chief Technology Officer,Sale at price 160.36 - 163.98 per share.,3121,507574.0,D
FTNT,2026-06-04,XIE MICHAEL,Chief Technology Officer,Stock Gift at price 0.00 per share.,5250,0.0,D/I
FTNT,2026-06-03,XIE MICHAEL,Chief Technology Officer,Sale at price 144.46 - 148.30 per share.,3907,572144.0,D
FTNT,2026-06-02,XIE KENNETH QING,Chief Executive Officer,Sale at price 142.37 - 148.94 per share.,160632,23385059.0,D
FTNT,2026-06-02,XIE KENNETH QING,Chief Executive Officer,Conversion of Exercise of derivative security at price 22.90 per share.,155000,3549500.0,D
FTNT,2026-05-21,WHITTLE JOHN,Chief Operating Officer,Sale at price 128.15 - 129.55 per share.,146015,18749948.0,D
FTNT,2026-05-21,WHITTLE JOHN,Chief Operating Officer,Conversion of Exercise of derivative security at price 22.90 - 34.39 per share.,146015,4365769.0,D
FTNT,2026-05-20,OHLGART CHRISTIANE MARGRIT,Chief Financial Officer,Sale at price 130.00 per share.,238,30940.0,D
FTNT,2026-05-19,XIE MICHAEL,Chief Technology Officer,Stock Gift at price 0.00 per share.,5854588,0.0,I
FTNT,2026-05-19,GOLDMAN KENNETH ALLEN,Director,Stock Gift at price 0.00 per share.,1500,0.0,I
FTNT,2026-05-14,OHLGART CHRISTIANE MARGRIT,Chief Financial Officer,Sale at price 120.00 per share.,756,90720.0,D
FTNT,2026-05-11,OHLGART CHRISTIANE MARGRIT,Chief Financial Officer,Sale at price 115.00 per share.,238,27370.0,D
FTNT,2026-05-07,OHLGART CHRISTIANE MARGRIT,Chief Financial Officer,Sale at price 110.00 per share.,756,83160.0,D
FTNT,2026-05-05,OHLGART CHRISTIANE MARGRIT,Chief Financial Officer,Sale at price 89.70 per share.,596,53461.0,D
FTNT,2026-05-04,XIE KENNETH QING,Chief Executive Officer,Sale at price 87.04 - 89.61 per share.,5355,476035.0,D
FTNT,2026-05-04,XIE MICHAEL,Chief Technology Officer,Sale at price 87.04 - 89.61 per share.,2478,220281.0,D
FTNT,2026-04-17,XIE KENNETH QING,Chief Executive Officer,Stock Gift at price 0.00 per share.,1418586,0.0,I
FTNT,2026-02-03,OHLGART CHRISTIANE MARGRIT,Chief Financial Officer,Sale at price 80.73 per share.,507,40930.0,D
FTNT,2026-02-02,XIE KENNETH QING,Chief Executive Officer,Sale at price 81.06 - 82.33 per share.,175737,14308447.0,D
FTNT,2026-02-02,XIE KENNETH QING,Chief Executive Officer,Conversion of Exercise of derivative security at price 16.90 per share.,222928,2279202.0,D
FTNT,2026-02-02,XIE MICHAEL,Chief Technology Officer,Conversion of Exercise of derivative security at price 16.90 per share.,365345,5479768.0,D
FTNT,2026-02-02,XIE MICHAEL,Chief Technology Officer,Sale at price 81.01 - 82.28 per share.,343106,27935333.0,D
FTNT,2025-12-05,XIE MICHAEL,Chief Technology Officer,Stock Gift at price 0.00 per share.,245000,0.0,D
FTNT,2025-11-04,OHLGART CHRISTIANE MARGRIT,Chief Financial Officer,Sale at price 86.50 per share.,110,9515.0,D
FTNT,2025-11-03,XIE KENNETH QING,Chief Executive Officer,Sale at price 85.50 - 87.33 per share.,158485,13710381.0,D
FTNT,2025-11-03,XIE KENNETH QING,Chief Executive Officer,Conversion of Exercise of derivative security at price 16.90 per share.,166832,2534700.0,D
FTNT,2025-11-03,XIE MICHAEL,Chief Technology Officer,Sale at price 85.37 - 87.35 per share.,3546,306825.0,D
FTNT,2025-09-08,XIE MICHAEL,Chief Technology Officer,Stock Gift at price 0.00 per share.,35000,0.0,D
FTNT,2025-08-05,OHLGART CHRISTIANE MARGRIT,Chief Financial Officer,Sale at price 98.45 per share.,110,10830.0,D
FTNT,2025-08-04,XIE KENNETH QING,Chief Executive Officer,Sale at price 97.35 - 98.94 per share.,158486,15607891.0,D
FTNT,2025-08-04,XIE KENNETH QING,Chief Executive Officer,Conversion of Exercise of derivative security at price 16.90 per share.,166833,2534700.0,D
FTNT,2025-08-04,XIE MICHAEL,Officer and Director,Sale at price 97.39 - 98.93 per share.,476596,46936043.0,D
FTNT,2025-06-06,OHLGART CHRISTIANE MARGRIT,Chief Financial Officer,Sale at price 104.71 per share.,1164,121883.0,D
FTNT,2025-06-06,NEUKOM WILLIAM H,Director,Purchase at price 104.22 per share.,335,34912.0,D
FTNT,2025-05-22,XIE MICHAEL,Officer and Director,Stock Gift at price 0.00 per share.,3853124,0.0,I
FTNT,2025-05-02,XIE KENNETH QING,Chief Executive Officer,Sale at price 105.64 - 106.24 per share.,158488,16814799.0,D
FTNT,2025-05-02,XIE KENNETH QING,Chief Executive Officer,Conversion of Exercise of derivative security at price 16.90 per share.,166837,2534700.0,D
FTNT,2025-05-02,XIE MICHAEL,Chief Technology Officer,Sale at price 105.66 - 106.24 per share.,3546,376274.0,D
FTNT,2025-03-12,GOLDMAN KENNETH ALLEN,Director,Sale at price 100.00 per share.,2000,200000.0,D
FTNT,2025-03-11,XIE MICHAEL,Chief Technology Officer,Sale at price 96.10 - 99.80 per share.,326784,32079517.0,D
FTNT,2025-03-10,XIE KENNETH QING,Chief Executive Officer,Sale at price 96.29 - 98.97 per share.,206000,19967936.0,D
FTNT,2025-03-10,GOLDMAN KENNETH ALLEN,Director,Sale at price 99.32 per share.,1000,99320.0,D
FTNT,2025-03-10,XIE KENNETH QING,Chief Executive Officer,Conversion of Exercise of derivative security at price 16.90 per share.,150000,2534700.0,D
FTNT,2025-03-06,NEUKOM WILLIAM H,Director,Purchase at price 106.34 per share.,328,34878.0,D
FTNT,2025-02-26,JENSEN KEITH FRANKLIN,Chief Financial Officer,Sale at price 108.84 - 110.11 per share.,17660,1928064.0,D
FTNT,2025-02-26,JENSEN KEITH FRANKLIN,Chief Financial Officer,Conversion of Exercise of derivative security at price 34.39 - 62.11 per share.,17660,764579.0,D
FTNT,2025-02-19,JENSEN KEITH FRANKLIN,Chief Financial Officer,Sale at price 112.43 - 114.37 per share.,23500,2668563.0,D
FTNT,2025-02-18,XIE MICHAEL,Chief Technology Officer,Conversion of Exercise of derivative security at price 9.81 per share.,473050,4641567.0,D
FTNT,2025-02-12,XIE KENNETH QING,Chief Executive Officer,Sale at price 105.22 - 109.99 per share.,45421,4891067.0,D
FTNT,2025-02-12,XIE KENNETH QING,Chief Executive Officer,Conversion of Exercise of derivative security at price 9.81 per share.,83334,817673.0,D
FTNT,2025-02-11,XIE KENNETH QING,Chief Executive Officer,Stock Gift at price 0.00 per share.,3883866,0.0,I
FTNT,2025-01-15,XIE KENNETH QING,Chief Executive Officer,Sale at price 91.90 - 93.92 per share.,46057,4273793.0,D
FTNT,2025-01-15,XIE KENNETH QING,Chief Executive Officer,Conversion of Exercise of derivative security at price 9.81 per share.,83333,817663.0,D
FTNT,2024-12-18,XIE KENNETH QING,Chief Executive Officer,Sale at price 93.53 - 99.21 per share.,45844,4432990.0,D
FTNT,2024-12-18,XIE KENNETH QING,Chief Executive Officer,Conversion of Exercise of derivative security at price 9.81 per share.,83333,817663.0,D
FTNT,2024-12-06,NEUKOM WILLIAM H,Director,Purchase at price 98.50 per share.,355,34968.0,D
FTNT,2024-12-04,XIE MICHAEL,Chief Technology Officer,Stock Gift at price 0.00 per share.,40000,0.0,D
DDOG,2026-08-10,LE-QUOC ALEXIS T,Chief Technology Officer,Sale at price 231.15 - 261.33 per share.,53912,13659167.0,D
DDOG,2026-08-06,AGARWAL AMIT,Director,Sale at price 229.01 - 242.02 per share.,20000,4696931.0,I
DDOG,2026-08-05,POMEL OLIVIER,Chief Executive Officer,Sale at price 283.19 - 291.90 per share.,127141,36452136.0,D
DDOG,2026-08-04,CALLAHAN MICHAEL JAMES,Director,Sale at price 287.47 per share.,12500,3593375.0,I
DDOG,2026-07-30,AGARWAL AMIT,Director,Sale at price 264.35 - 269.00 per share.,20000,5336365.0,I
DDOG,2026-07-23,POMEL OLIVIER,Chief Executive Officer,Sale at price 242.65 - 248.33 per share.,47054,11518401.0,D
DDOG,2026-07-23,AGARWAL AMIT,Director,Sale at price 242.38 - 248.37 per share.,20000,4897333.0,I
DDOG,2026-07-20,LE-QUOC ALEXIS T,Chief Technology Officer,Sale at price 258.86 - 267.95 per share.,43224,11464111.0,D
DDOG,2026-07-16,AGARWAL AMIT,Director,Sale at price 254.79 - 265.53 per share.,20000,5230676.0,I
DDOG,2026-07-13,POMEL OLIVIER,Chief Executive Officer,Sale at price 251.00 - 263.47 per share.,127141,32929122.0,D
DDOG,2026-07-09,AGARWAL AMIT,Director,Sale at price 255.73 - 270.49 per share.,20000,5348253.0,I
DDOG,2026-07-08,LE-QUOC ALEXIS T,Chief Technology Officer,Sale at price 251.46 - 261.46 per share.,53912,13868384.0,D
DDOG,2026-07-02,AGARWAL AMIT,Director,Sale at price 258.59 - 265.64 per share.,20000,5224413.0,I
DDOG,2026-07-01,PHILLIPS DOMINIC,Director,Stock Award(Grant) at price 260.36 per share.,48,12497.0,D
DDOG,2026-07-01,CALLAHAN MICHAEL JAMES,Director,Sale at price 267.47 per share.,12500,3343375.0,I
DDOG,2026-06-29,CALLAHAN MICHAEL JAMES,Director,Sale at price 247.47 per share.,12500,3093375.0,I
DDOG,2026-06-25,AGARWAL AMIT,Director,Sale at price 214.52 - 223.23 per share.,20000,4402377.0,I
DDOG,2026-06-22,LE-QUOC ALEXIS T,Chief Technology Officer,Sale at price 217.13 - 227.41 per share.,43224,9551316.0,D
DDOG,2026-06-18,AGARWAL AMIT,Director,Sale at price 216.41 - 224.87 per share.,20000,4418365.0,I
DDOG,2026-06-16,POMEL OLIVIER,Chief Executive Officer,Sale at price 226.43 - 235.94 per share.,84698,19675500.0,D
DDOG,2026-06-15,ITTYCHERIA DEV C,Director,Stock Award(Grant) at price 0.00 per share.,1072,0.0,D
DDOG,2026-06-15,AGARWAL AMIT,Director,Stock Award(Grant) at price 0.00 per share.,1072,0.0,D
DDOG,2026-06-15,COLE TITILOPE,Director,Stock Award(Grant) at price 0.00 per share.,1072,0.0,D
DDOG,2026-06-15,VORA AMI PRAFULLCHANDRA,Director,Stock Award(Grant) at price 0.00 per share.,1072,0.0,D
DDOG,2026-06-15,RICHARDSON JULIE G,Director,Stock Award(Grant) at price 0.00 per share.,1072,0.0,D
DDOG,2026-06-15,SHAH SHARDUL,Director,Stock Award(Grant) at price 0.00 per share.,1072,0.0,D
DDOG,2026-06-15,PHILLIPS DOMINIC,Director,Stock Award(Grant) at price 0.00 per share.,1072,0.0,D
DDOG,2026-06-15,CALLAHAN MICHAEL JAMES,Director,Stock Award(Grant) at price 0.00 per share.,1072,0.0,D
DDOG,2026-06-15,ACOCELLA KERRY,General Counsel,Sale at price 230.15 - 238.21 per share.,5371,1256311.0,D
DDOG,2026-06-12,OBSTLER DAVID M,Chief Financial Officer,Stock Gift at price 0.00 per share.,7500,0.0,D
DDOG,2026-06-12,AGARWAL AMIT,Director,Stock Gift at price 0.00 per share.,10000,0.0,I
DDOG,2026-06-12,CALLAHAN MICHAEL JAMES,Director,Sale at price 228.31 - 236.20 per share.,112500,26055155.0,I
DDOG,2026-06-12,AGARWAL AMIT,Director,Sale at price 228.23 - 236.08 per share.,20000,4631193.0,I
DDOG,2026-06-11,WALTERS SEAN MICHAEL,Officer,Sale at price 225.18 - 233.91 per share.,11876,2743551.0,D
DDOG,2026-06-09,GALLOREESE DAVID,Officer,Sale at price 228.90 per share.,4013,918590.0,D
DDOG,2026-06-08,LE-QUOC ALEXIS T,Chief Technology Officer,Stock Gift at price 0.00 per share.,57000,0.0,I
DDOG,2026-06-08,OBSTLER DAVID M,Chief Financial Officer,Sale at price 229.29 - 239.13 per share.,75000,17376592.0,D
DDOG,2026-06-08,POMEL OLIVIER,Chief Executive Officer,Sale at price 229.27 - 240.05 per share.,127141,29457514.0,D
DDOG,2026-06-04,COLE TITILOPE,Director,Sale at price 246.30 - 248.28 per share.,5131,1271844.0,D
DDOG,2026-06-03,ITTYCHERIA DEV C,Director,Sale at price 247.93 - 249.22 per share.,138000,34331440.0,D/I
DDOG,2026-06-03,BLITZER ADAM,Chief Operating Officer,Sale at price 246.54 - 267.15 per share.,25844,6686333.0,D
DDOG,2026-06-02,OBSTLER DAVID M,Chief Financial Officer,Sale at price 267.15 per share.,16323,4360761.0,D
DDOG,2026-06-02,POMEL OLIVIER,Chief Executive Officer,Sale at price 267.15 per share.,26012,6949220.0,D
DDOG,2026-06-02,LE-QUOC ALEXIS T,Chief Technology Officer,Sale at price 250.92 - 278.52 per share.,75418,20358003.0,D
DDOG,2026-06-02,GALLOREESE DAVID,Officer,Sale at price 267.15 per share.,4711,1258564.0,D
DDOG,2026-06-02,LI YANBING,Officer,Sale at price 267.15 per share.,11070,2957399.0,D
DDOG,2026-06-02,WALTERS SEAN MICHAEL,Officer,Sale at price 267.15 per share.,13409,3582273.0,D
DDOG,2026-06-02,ACOCELLA KERRY,General Counsel,Sale at price 267.15 per share.,7252,1937404.0,D
DDOG,2026-06-01,JACOBSON MATTHEW,Director,Sale at price 243.02 - 277.82 per share.,38594,9999682.0,D
DDOG,2026-05-26,POMEL OLIVIER,Chief Executive Officer,Sale at price 219.24 - 225.65 per share.,84698,18936388.0,D
DDOG,2026-05-18,LE-QUOC ALEXIS T,Chief Technology Officer,Sale at price 204.47 - 210.44 per share.,43224,8992461.0,D
DDOG,2026-05-15,CALLAHAN MICHAEL JAMES,Director,Stock Gift at price 0.00 per share.,2500,0.0,I
DDOG,2026-05-11,POMEL OLIVIER,Chief Executive Officer,Sale at price 195.63 - 202.58 per share.,127141,25408082.0,D
DDOG,2026-05-11,AGARWAL AMIT,Director,Sale at price 195.60 - 202.69 per share.,20000,4002637.0,I
DDOG,2026-05-08,JACOBSON MATTHEW,Director,Sale at price 187.44 - 190.29 per share.,52832,9999891.0,D
DDOG,2026-05-08,RICHARDSON JULIE G,Director,Sale at price 185.82 - 188.50 per share.,4363,817253.0,D
DDOG,2026-05-08,LI YANBING,Officer,Sale at price 197.35 per share.,19834,3914282.0,D
DDOG,2026-05-07,WALTERS SEAN MICHAEL,Officer,Sale at price 188.50 per share.,7657,1443344.0,D
DDOG,2026-05-05,LE-QUOC ALEXIS T,Chief Technology Officer,Sale at price 140.34 - 150.00 per share.,53912,7868434.0,D
DDOG,2026-05-05,RICHARDSON JULIE G,Director,Sale at price 150.00 per share.,502,75300.0,D
SNOW,2026-08-07,KLEINERMAN CHRISTIAN,Officer,Sale at price 325.00 per share.,30000,9750000.0,D/I
SNOW,2026-08-07,SPEISER MICHAEL L,Director,Sale at price 324.06 per share.,50741,16443128.0,D/I
SNOW,2026-08-03,KLEINERMAN CHRISTIAN,Officer,Sale at price 293.99 - 300.00 per share.,10000,2969950.0,D
SNOW,2026-07-31,KLEINERMAN CHRISTIAN,Officer,Sale at price 300.00 per share.,29986,8995800.0,D/I
SNOW,2026-07-29,DAGEVILLE BENOIT,Director,Stock Gift at price 0.00 per share.,16668,0.0,I
SNOW,2026-07-29,DAGEVILLE BENOIT,Director,Sale at price 280.00 per share.,50000,14000000.0,I
SNOW,2026-07-21,SLOOTMAN FRANK,Director,Conversion of Exercise of derivative security at price 8.88 per share.,300000,2664000.0,D
SNOW,2026-07-21,SLOOTMAN FRANK,Director,Sale at price 267.76 - 278.24 per share.,300000,82323691.0,D
SNOW,2026-07-15,DAGEVILLE BENOIT,Director,Stock Gift at price 0.00 per share.,16668,0.0,I
SNOW,2026-07-15,DAGEVILLE BENOIT,Director,Sale at price 276.53 per share.,50000,13826500.0,I
SNOW,2026-07-14,KLEINERMAN CHRISTIAN,Officer,Sale at price 275.00 per share.,2500,687500.0,D
SNOW,2026-07-06,BRIGGS TERESA,Director,Sale at price 254.64 - 255.11 per share.,687,175099.0,D
SNOW,2026-07-06,SPEISER MICHAEL L,Director,Sale at price 253.86 - 263.91 per share.,47380,12219613.0,D/I
SNOW,2026-07-06,SPEISER MICHAEL L,Director,Sale at price 253.86 - 263.91 per share.,840,216642.0,I
SNOW,2026-07-02,DAGEVILLE BENOIT,Director,Conversion of Exercise of derivative security at price 0.74 per share.,256035,189466.0,D
SNOW,2026-07-02,DAGEVILLE BENOIT,Director,Stock Gift at price 0.00 per share.,16668,0.0,I
SNOW,2026-07-02,DAGEVILLE BENOIT,Director,Sale at price 254.64 per share.,190819,48590150.0,D/I
SNOW,2026-07-01,KLEINERMAN CHRISTIAN,Officer,Sale at price 258.56 per share.,2500,646400.0,D
SNOW,2026-06-29,SLOOTMAN FRANK,Director,Conversion of Exercise of derivative security at price 8.88 per share.,99900,887112.0,D
SNOW,2026-06-29,SLOOTMAN FRANK,Director,Sale at price 250.46 - 254.20 per share.,99900,25147562.0,D
SNOW,2026-06-29,BRIGGS TERESA,Director,Stock Award(Grant) at price 0.00 per share.,1273,0.0,D
SNOW,2026-06-29,MCLAUGHLIN MARK D,Director,Stock Award(Grant) at price 0.00 per share.,1273,0.0,D
SNOW,2026-06-29,SPEISER MICHAEL L,Director,Stock Award(Grant) at price 0.00 per share.,1273,0.0,D
SNOW,2026-06-29,ULLAL JAYSHREE,Director,Stock Award(Grant) at price 0.00 per share.,1273,0.0,D
SNOW,2026-06-29,KRAMER KELLY A,Director,Stock Award(Grant) at price 0.00 per share.,1273,0.0,D
SNOW,2026-06-29,GARRETT MARK S,Director,Stock Award(Grant) at price 0.00 per share.,1273,0.0,D
SNOW,2026-06-29,SCANNELL WILLIAM F,Director,Stock Award(Grant) at price 0.00 per share.,1273,0.0,D
SNOW,2026-06-26,SLOOTMAN FRANK,Director,Conversion of Exercise of derivative security at price 8.88 per share.,100,888.0,D
SNOW,2026-06-26,SLOOTMAN FRANK,Director,Sale at price 250.00 per share.,100,25000.0,D
SNOW,2026-06-24,HO EMILY,Officer,Sale at price 232.24 per share.,1860,431976.0,D
SNOW,2026-06-23,KLEINERMAN CHRISTIAN,Officer,Sale at price 228.45 per share.,2621,598767.0,D
SNOW,2026-06-22,BEAULIER JONATHAN MEAD,Officer,Sale at price 231.98 per share.,9367,2172957.0,D
SNOW,2026-06-18,SLOOTMAN FRANK,Director,Conversion of Exercise of derivative security at price 8.88 per share.,200000,1776000.0,D
SNOW,2026-06-18,SLOOTMAN FRANK,Director,Sale at price 220.13 - 232.19 per share.,200000,44854036.0,D
SNOW,2026-06-16,RAGHUNATHAN VIVEK,Officer,Sale at price 240.00 per share.,3876,930240.0,D
SNOW,2026-06-16,KLEINERMAN CHRISTIAN,Officer,Sale at price 240.00 per share.,2986,716640.0,D
SNOW,2026-06-16,SLOOTMAN FRANK,Director,Sale at price 240.00 per share.,8066,1935840.0,D
SNOW,2026-06-09,KLEINERMAN CHRISTIAN,Officer,Sale at price 239.00 per share.,2729,652231.0,D
SNOW,2026-06-05,SPEISER MICHAEL L,Director,Sale at price 245.21 per share.,50741,12441998.0,D/I
SNOW,2026-06-01,SLOOTMAN FRANK,Director,Conversion of Exercise of derivative security at price 8.88 per share.,162924,1446765.0,D
SNOW,2026-06-01,KLEINERMAN CHRISTIAN,Officer,Sale at price 263.00 - 275.00 per share.,10000,2720000.0,D
SNOW,2026-06-01,SLOOTMAN FRANK,Director,Sale at price 258.93 - 268.01 per share.,162924,42962775.0,D
SNOW,2026-05-29,GARRETT MARK S,Director,Conversion of Exercise of derivative security at price 3.74 per share.,100000,374000.0,D
SNOW,2026-05-29,SLOOTMAN FRANK,Director,Conversion of Exercise of derivative security at price 8.88 per share.,437076,3881235.0,D
SNOW,2026-05-29,SLOOTMAN FRANK,Director,Sale at price 250.44 - 256.02 per share.,437076,110332853.0,D
SNOW,2026-05-29,GARRETT MARK S,Director,Sale at price 250.00 per share.,100000,25000200.0,D
SNOW,2026-05-28,KLEINERMAN CHRISTIAN,Officer,Sale at price 236.77 per share.,5100,1207527.0,D/I
SNOW,2026-05-26,SLOOTMAN FRANK,Director,Conversion of Exercise of derivative security at price 8.88 per share.,55350,491508.0,D
SNOW,2026-05-26,SLOOTMAN FRANK,Director,Sale at price 175.47 - 177.50 per share.,55350,9770456.0,D
SNOW,2026-05-19,SLOOTMAN FRANK,Director,Conversion of Exercise of derivative security at price 8.88 per share.,144650,1284492.0,D
SNOW,2026-05-19,SLOOTMAN FRANK,Director,Sale at price 175.38 - 176.30 per share.,144650,25378395.0,D
SNOW,2026-05-01,SPEISER MICHAEL L,Director,Sale at price 140.50 - 142.07 per share.,50741,7184690.0,D/I
SNOW,2026-04-15,BEAULIER JONATHAN MEAD,Officer,Stock Award(Grant) at price 0.00 per share.,192968,0.0,D
SNOW,2026-04-07,DAGEVILLE BENOIT,Officer and Director,Stock Gift at price 0.00 per share.,1567652,0.0,I
SNOW,2026-04-06,SPEISER MICHAEL L,Director,Sale at price 148.20 per share.,50741,7520070.0,D/I
SNOW,2026-04-01,RAGHUNATHAN VIVEK,Officer,Sale at price 152.80 per share.,3876,592253.0,D
SNOW,2026-03-23,HO EMILY,Officer,Sale at price 173.97 per share.,2141,372465.0,D
SNOW,2026-03-23,KLEINERMAN CHRISTIAN,Officer,Sale at price 170.01 per share.,2621,445596.0,D
SNOW,2026-03-23,DAGEVILLE BENOIT,Officer and Director,Sale at price 170.01 per share.,874,148589.0,D
SNOW,2026-03-20,KLEINERMAN CHRISTIAN,Officer,Stock Award(Grant) at price 0.00 per share.,42716,0.0,D
MDB,2026-07-16,MERRIMAN DWIGHT A,Director,Sale at price 316.52 - 333.42 per share.,16000,5180467.0,D/I
MDB,2026-07-08,BERRY MICHAEL J,Chief Financial Officer,Stock Gift at price 0.00 per share.,10913,0.0,D
MDB,2026-07-01,COCHRAN HOPE F,Director,Sale at price 350.00 per share.,1000,350000.0,D
MDB,2026-06-30,MERRIMAN DWIGHT A,Director,Stock Award(Grant) at price 0.00 per share.,767,0.0,D
MDB,2026-06-30,D SOUZA FRANCISCO,Director,Stock Award(Grant) at price 0.00 per share.,951,0.0,D
MDB,2026-06-30,BOTHA ROELOF FREDERICK,Director,Stock Award(Grant) at price 0.00 per share.,917,0.0,D
MDB,2026-06-30,COCHRAN HOPE F,Director,Stock Award(Grant) at price 0.00 per share.,966,0.0,D
MDB,2026-06-30,LEWNES ANN,Director,Stock Award(Grant) at price 0.00 per share.,926,0.0,D
MDB,2026-06-30,KILLALEA PETER THOMAS,Director,Stock Award(Grant) at price 0.00 per share.,767,0.0,D
MDB,2026-06-30,HAZARD CHARLES M. JR.,Director,Stock Award(Grant) at price 0.00 per share.,965,0.0,D
MDB,2026-06-30,AGRAWAL ARCHANA,Director,Stock Award(Grant) at price 0.00 per share.,767,0.0,D
MDB,2026-06-30,MERRIMAN DWIGHT A,Director,Sale at price 334.25 per share.,1130,377702.0,D
MDB,2026-06-17,COCHRAN HOPE F,Director,Conversion of Exercise of derivative security at price 7.58 per share.,3916,29683.0,D
MDB,2026-06-17,COCHRAN HOPE F,Director,Sale at price 344.05 per share.,1566,538782.0,D
MDB,2026-06-16,BERRY MICHAEL J,Chief Financial Officer,Sale at price 345.42 - 363.87 per share.,5000,1755537.0,I
MDB,2026-06-15,MERRIMAN DWIGHT A,Director,Sale at price 348.92 - 354.41 per share.,16000,5632632.0,D/I
MDB,2026-06-15,BERRY MICHAEL J,Chief Financial Officer,Sale at price 349.53 - 363.69 per share.,5000,1783140.0,I
MDB,2026-06-04,ITTYCHERIA DEV C,Director,Sale at price 380.51 - 387.84 per share.,40000,15326487.0,D
MDB,2026-06-02,BOTHA ROELOF FREDERICK,Director,Sale at price 395.48 - 399.82 per share.,44050,17534803.0,I
MDB,2026-05-29,COCHRAN HOPE F,Director,Sale at price 350.00 per share.,1000,350000.0,D
MDB,2026-05-18,MERRIMAN DWIGHT A,Director,Sale at price 293.18 - 324.16 per share.,16000,4869798.0,D/I
MDB,2026-05-07,MERRIMAN DWIGHT A,Director,Sale at price 290.06 per share.,2000,580120.0,D
MDB,2026-04-16,MERRIMAN DWIGHT A,Director,Sale at price 235.42 - 253.40 per share.,12000,2904414.0,D/I
MDB,2026-04-01,COCHRAN HOPE F,Director,Conversion of Exercise of derivative security at price 7.58 per share.,3917,29691.0,D
MDB,2026-04-01,ITTYCHERIA DEV C,Director,Stock Award(Grant) at price 0.00 per share.,44572,0.0,D
MDB,2026-04-01,PECH CEDRIC,Officer,Stock Award(Grant) at price 0.00 per share.,21871,0.0,D
MDB,2026-04-01,COCHRAN HOPE F,Director,Sale at price 249.33 per share.,1566,390451.0,D
MDB,2026-03-17,BERRY MICHAEL J,Chief Financial Officer,Stock Award(Grant) at price 0.00 per share.,17002,0.0,D
MDB,2026-03-17,DESAI CHIRANTAN JITENDRA,Chief Executive Officer,Stock Award(Grant) at price 0.00 per share.,34832,0.0,D
MDB,2026-03-16,MERRIMAN DWIGHT A,Director,Sale at price 258.45 - 262.99 per share.,12000,3123799.0,D/I
MDB,2026-02-17,MERRIMAN DWIGHT A,Director,Sale at price 353.35 - 368.00 per share.,17200,6181280.0,D/I
MDB,2026-02-02,MERRIMAN DWIGHT A,Director,Sale at price 369.75 per share.,1190,440002.0,I
MDB,2026-01-15,MERRIMAN DWIGHT A,Director,Sale at price 388.31 - 417.73 per share.,17139,7025703.0,D/I
MDB,2026-01-02,MERRIMAN DWIGHT A,Director,Sale at price 422.50 per share.,1054,445315.0,I
MDB,2025-12-29,ITTYCHERIA DEV C,Director,Stock Gift at price 0.00 per share.,13039,0.0,D
MDB,2025-12-17,COCHRAN HOPE F,Director,Conversion of Exercise of derivative security at price 7.58 per share.,3917,29691.0,D
MDB,2025-12-17,COCHRAN HOPE F,Director,Sale at price 410.03 - 421.85 per share.,2566,1070647.0,D
MDB,2025-12-15,MERRIMAN DWIGHT A,Director,Sale at price 416.78 - 420.04 per share.,16000,6692941.0,D/I
MDB,2025-12-08,BULL THOMAS,Officer,Sale at price 413.86 per share.,555,229692.0,D
MDB,2025-12-05,BOTHA ROELOF FREDERICK,Director,Sale at price 400.87 - 410.83 per share.,24850,10085418.0,I
MDB,2025-12-02,MERRIMAN DWIGHT A,Director,Sale at price 410.00 per share.,4000,1640000.0,D
MDB,2025-12-01,HAZARD CHARLES M. JR.,Director,Sale at price 326.13 per share.,999,325804.0,D/I
MDB,2025-11-14,MERRIMAN DWIGHT A,Director,Sale at price 337.00 - 339.22 per share.,10000,3385221.0,D
MDB,2025-11-12,MERRIMAN DWIGHT A,Director,Sale at price 372.22 - 373.28 per share.,6000,2234762.0,I
MDB,2025-11-10,DESAI CHIRANTAN JITENDRA,Chief Executive Officer,Stock Award(Grant) at price 0.00 per share.,44096,0.0,D
MDB,2025-11-03,HAZARD CHARLES M. JR.,Director,Sale at price 383.72 per share.,999,383336.0,D/I
MDB,2025-10-27,MERRIMAN DWIGHT A,Director,Sale at price 345.00 per share.,4000,1380000.0,D
MDB,2025-10-16,MERRIMAN DWIGHT A,Director,Sale at price 309.18 - 322.00 per share.,16000,5024193.0,D/I
MDB,2025-10-01,ITTYCHERIA DEV C,Chief Executive Officer,Stock Award(Grant) at price 0.00 per share.,892,0.0,D
MDB,2025-10-01,HAZARD CHARLES M. JR.,Director,Sale at price 311.88 per share.,999,311568.0,D/I
MDB,2025-09-23,KILLALEA PETER THOMAS,Director,Conversion of Exercise of derivative security at price 6.50 per share.,20000,130000.0,D
MDB,2025-09-23,KILLALEA PETER THOMAS,Director,Sale at price 318.83 - 326.20 per share.,20000,6437453.0,D
MDB,2025-09-19,MERRIMAN DWIGHT A,Director,Sale at price 318.66 - 322.67 per share.,31000,9928593.0,D/I
MDB,2025-09-17,COCHRAN HOPE F,Director,Conversion of Exercise of derivative security at price 7.58 per share.,2937,22262.0,D
MDB,2025-09-17,COCHRAN HOPE F,Director,Sale at price 327.93 per share.,1174,384990.0,D
MDB,2025-09-08,BULL THOMAS,Officer,Sale at price 326.25 per share.,1000,326250.0,D
MDB,2025-09-02,HAZARD CHARLES M. JR.,Director,Sale at price 310.00 per share.,999,309690.0,D/I
MDB,2025-08-28,HAZARD CHARLES M. JR.,Director,Sale at price 300.00 per share.,8004,2401200.0,D/I
MDB,2025-08-28,ITTYCHERIA DEV C,Chief Executive Officer,Sale at price 297.83 - 310.17 per share.,33320,10038855.0,D
MDB,2025-07-31,BULL THOMAS,Officer,Sale at price 250.00 per share.,2000,500000.0,D
NET,2026-08-10,GRAHAM-CUMMING JOHN,Director,Conversion of Exercise of derivative security at price 44.72 per share.,2520,112694.0,D
NET,2026-08-10,GRAHAM-CUMMING JOHN,Director,Sale at price 292.76 - 311.90 per share.,2520,765997.0,D
NET,2026-08-06,LEDBETTER CARL,Director,Sale at price 280.13 - 283.80 per share.,5000,1409910.0,I
NET,2026-08-05,PRINCE MATTHEW,Chief Executive Officer,Sale at price 287.99 - 303.60 per share.,51034,15186721.0,I
NET,2026-08-05,PRINCE MATTHEW,Chief Executive Officer,Sale at price 291.57 - 302.86 per share.,33631,9958254.0,I
NET,2026-08-04,SEIFERT THOMAS J,Chief Financial Officer,Conversion of Exercise of derivative security at price 44.72 per share.,55000,2459600.0,D
NET,2026-08-04,PRINCE MATTHEW,Chief Executive Officer,Sale at price 279.82 - 303.60 per share.,20101,5967817.0,I
NET,2026-08-04,SEIFERT THOMAS J,Chief Financial Officer,Sale at price 300.28 - 301.00 per share.,55000,16516285.0,D
NET,2026-08-03,PRINCE MATTHEW,Chief Executive Officer,Sale at price 277.02 - 286.23 per share.,52383,14846244.0,I
NET,2026-08-03,HAWKINS MARK J,Director,Sale at price 277.74 per share.,133,36939.0,D
NET,2026-07-17,SEIFERT THOMAS J,Chief Financial Officer,Sale at price 266.19 - 281.29 per share.,10000,2769195.0,D
NET,2026-07-15,ZATLYN MICHELLE,President,Sale at price 264.03 - 289.88 per share.,99064,27419061.0,I
NET,2026-07-07,LEDBETTER CARL,Director,Sale at price 268.11 per share.,5000,1340547.0,I
NET,2026-07-06,GRAHAM-CUMMING JOHN,Director,Conversion of Exercise of derivative security at price 44.72 per share.,2520,112694.0,D
NET,2026-07-06,GRAHAM-CUMMING JOHN,Director,Sale at price 245.60 - 250.15 per share.,2520,623156.0,D
NET,2026-07-06,PRINCE MATTHEW,Chief Executive Officer,Sale at price 239.64 - 250.39 per share.,86014,21099988.0,I
NET,2026-07-02,PRINCE MATTHEW,Chief Executive Officer,Sale at price 239.84 - 252.14 per share.,71174,17600256.0,I
NET,2026-07-01,HAWKINS MARK J,Director,Sale at price 249.00 per share.,133,33117.0,D
NET,2026-06-30,LEDBETTER CARL,Director,Stock Award(Grant) at price 0.00 per share.,842,0.0,D
NET,2026-06-30,HAWKINS MARK J,Director,Stock Award(Grant) at price 0.00 per share.,842,0.0,D
NET,2026-06-30,GRAHAM-CUMMING JOHN,Director,Stock Award(Grant) at price 0.00 per share.,842,0.0,D
NET,2026-06-30,LAKHANI KARIM,Director,Stock Award(Grant) at price 0.00 per share.,842,0.0,D
NET,2026-06-30,CUNNINGHAM STACEY,Director,Stock Award(Grant) at price 0.00 per share.,842,0.0,D
NET,2026-06-30,SANDELL SCOTT D,Director,Stock Award(Grant) at price 0.00 per share.,842,0.0,D
NET,2026-06-30,SUDER KATRIN,Director,Stock Award(Grant) at price 0.00 per share.,842,0.0,D
NET,2026-06-24,PRINCE MATTHEW,Chief Executive Officer,Sale at price 221.46 - 228.14 per share.,52384,11749771.0,I
NET,2026-06-23,PRINCE MATTHEW,Chief Executive Officer,Sale at price 212.97 - 230.04 per share.,104768,23221887.0,I
NET,2026-06-18,ZATLYN MICHELLE,President,Sale at price 216.43 - 237.67 per share.,76923,17557834.0,I
NET,2026-06-17,SEIFERT THOMAS J,Chief Financial Officer,Sale at price 227.74 - 235.34 per share.,10000,2323887.0,D
NET,2026-06-15,GRAHAM-CUMMING JOHN,Director,Conversion of Exercise of derivative security at price 44.72 per share.,2520,112694.0,D
NET,2026-06-15,GRAHAM-CUMMING JOHN,Director,Sale at price 231.60 - 238.52 per share.,2520,594595.0,D
NET,2026-06-08,SUDER KATRIN,Director,Sale at price 252.92 per share.,293,74106.0,D
NET,2026-06-01,LEDBETTER CARL,Director,Sale at price 243.94 - 248.31 per share.,15000,3690929.0,I
NET,2026-06-01,HAWKINS MARK J,Director,Sale at price 246.42 per share.,133,32774.0,D
NET,2026-05-28,STARZAK ALISSA MICHELLE,Officer,Conversion of Exercise of derivative security at price 77.70 per share.,10001,777078.0,D
NET,2026-05-28,STARZAK ALISSA MICHELLE,Officer,Sale at price 213.30 - 218.13 per share.,16243,3510882.0,D
NET,2026-05-27,ZATLYN MICHELLE,President,Sale at price 208.45 - 216.24 per share.,86362,18330473.0,I
NET,2026-05-21,PRINCE MATTHEW,Chief Executive Officer,Sale at price 201.17 - 213.18 per share.,157152,32606962.0,I
NET,2026-05-18,RILEY JANEL,Officer,Sale at price 193.32 - 196.95 per share.,6814,1329381.0,D
NET,2026-05-18,SEIFERT THOMAS J,Chief Financial Officer,Sale at price 193.28 - 203.02 per share.,10000,2006068.0,D
NET,2026-05-15,RILEY JANEL,Officer,Conversion of Exercise of derivative security at price 67.79 per share.,3333,225944.0,D
NET,2026-05-05,LEDBETTER CARL,Director,Sale at price 238.12 per share.,15000,3571797.0,I
NET,2026-05-04,GRAHAM-CUMMING JOHN,Director,Conversion of Exercise of derivative security at price 44.72 per share.,2520,112694.0,D
NET,2026-05-04,GRAHAM-CUMMING JOHN,Director,Sale at price 218.05 - 223.73 per share.,2520,558382.0,D
NET,2026-05-01,HAWKINS MARK J,Director,Sale at price 211.62 per share.,133,28145.0,D
NET,2026-05-01,LEDBETTER CARL,Director,Sale at price 215.82 per share.,5009,1081049.0,I
NET,2026-04-29,STARZAK ALISSA MICHELLE,Officer,Stock Award(Grant) at price 0.00 per share.,63305,0.0,D
NET,2026-04-28,LEDBETTER CARL,Director,Sale at price 215.85 per share.,9991,2156573.0,I
NET,2026-04-22,ZATLYN MICHELLE,President,Sale at price 195.86 - 211.59 per share.,76923,15759466.0,I
NET,2026-04-17,SEIFERT THOMAS J,Chief Financial Officer,Sale at price 195.09 - 200.95 per share.,10000,1979757.0,D
NET,2026-04-08,PRINCE MATTHEW,Chief Executive Officer,Sale at price 208.48 - 222.69 per share.,156493,33167769.0,I
NET,2026-04-08,PRINCE MATTHEW,Chief Executive Officer,Sale at price 223.62 - 224.32 per share.,659,147367.0,I
NET,2026-04-01,HAWKINS MARK J,Director,Sale at price 209.60 per share.,133,27877.0,D
NET,2026-03-27,GRAHAM-CUMMING JOHN,Director,Conversion of Exercise of derivative security at price 44.72 per share.,2520,112694.0,D
NET,2026-03-27,GRAHAM-CUMMING JOHN,Director,Sale at price 200.56 - 204.39 per share.,3644,737203.0,D
NET,2026-03-18,PRINCE MATTHEW,Chief Executive Officer,Sale at price 207.91 - 226.03 per share.,143534,30555701.0,I
NET,2026-03-18,PRINCE MATTHEW,Chief Executive Officer,Sale at price 227.19 - 228.79 per share.,13618,3102156.0,I
NET,2026-03-18,LEDBETTER CARL,Director,Sale at price 227.05 per share.,15000,3405750.0,I
NET,2026-03-17,SEIFERT THOMAS J,Chief Financial Officer,Sale at price 207.68 - 213.23 per share.,10341,2195442.0,D
NET,2026-03-05,RILEY JANEL,Officer,Conversion of Exercise of derivative security at price 67.79 per share.,23332,1581676.0,D
ZS,2026-07-27,RUBIN KEVIN E,Chief Financial Officer,Sale at price 144.74 - 148.81 per share.,503,74002.0,D
ZS,2026-07-06,SCHLOSSMAN ROBERT S,Officer,Sale at price 150.00 per share.,122,18300.0,D
ZS,2026-06-25,RUBIN KEVIN E,Chief Financial Officer,Sale at price 123.18 - 126.79 per share.,3000,372669.0,D
ZS,2026-06-22,GELLER ADAM,Officer,Sale at price 122.60 per share.,2817,345364.0,D
ZS,2026-06-17,BEER JAMES ALEXANDER,Director,Sale at price 125.50 per share.,177,22214.0,D
ZS,2026-06-16,RICH MICHAEL J,Officer,Sale at price 126.43 per share.,4184,528981.0,D
ZS,2026-06-16,GELLER ADAM,Officer,Sale at price 126.43 per share.,1940,245273.0,D
ZS,2026-06-16,CHAUDHRY JAGTAR SINGH,Chief Executive Officer,Sale at price 126.43 per share.,2878,363864.0,D
ZS,2026-06-16,RUBIN KEVIN E,Chief Financial Officer,Sale at price 126.43 per share.,1686,213160.0,D
ZS,2026-06-16,SCHLOSSMAN ROBERT S,Officer,Sale at price 126.43 per share.,3146,397748.0,D
ZS,2026-03-18,GELLER ADAM,Officer,Sale at price 153.53 - 156.59 per share.,3579,554033.0,D
ZS,2026-03-18,BEER JAMES ALEXANDER,Director,Sale at price 153.53 per share.,177,27175.0,D
ZS,2026-03-17,JUDGE RAJ,Officer and Director,Sale at price 156.59 per share.,2488,389604.0,D
ZS,2026-03-17,RICH MICHAEL J,Officer,Sale at price 156.59 per share.,3147,492799.0,D
ZS,2026-03-17,CHAUDHRY JAGTAR SINGH,Chief Executive Officer,Sale at price 156.59 per share.,1941,303947.0,D
ZS,2026-03-17,SCHLOSSMAN ROBERT S,Officer,Sale at price 156.59 per share.,2263,354370.0,D
ZS,2026-03-17,RUBIN KEVIN E,Chief Financial Officer,Sale at price 156.59 per share.,1682,263390.0,D
ZS,2026-01-12,NAUGHTON EILEEN,Director,Stock Award(Grant) at price 0.00 per share.,1076,0.0,D
ZS,2026-01-12,SCHNEIDER DAVID L.,Director,Stock Award(Grant) at price 0.00 per share.,1076,0.0,D
ZS,2026-01-12,BROWN ANDREW WILLIAM FRASER,Director,Stock Award(Grant) at price 0.00 per share.,1076,0.0,D
ZS,2026-01-12,GIANCARLO CHARLES H,Director,Stock Award(Grant) at price 0.00 per share.,1076,0.0,D
ZS,2026-01-12,DARLING SCOTT C,Director,Stock Award(Grant) at price 0.00 per share.,1076,0.0,D
ZS,2026-01-12,BLASING KAREN LOUISE,Director,Stock Award(Grant) at price 0.00 per share.,1076,0.0,D
ZS,2026-01-12,BEER JAMES ALEXANDER,Director,Stock Award(Grant) at price 0.00 per share.,1076,0.0,D
ZS,2026-01-02,BEER JAMES ALEXANDER,Director,Sale at price 226.72 per share.,653,148048.0,D
ZS,2025-12-26,BROWN ANDREW WILLIAM FRASER,Director,Sale at price 230.52 per share.,5000,1152600.0,D
ZS,2025-12-17,GELLER ADAM,Officer,Sale at price 230.82 - 232.79 per share.,3680,852608.0,D
ZS,2025-12-17,SCHLOSSMAN ROBERT S,Officer,Sale at price 230.82 - 232.79 per share.,5433,1258670.0,D
ZS,2025-12-16,JUDGE RAJ,Officer and Director,Sale at price 230.82 per share.,3438,793557.0,D
ZS,2025-12-16,RICH MICHAEL J,Officer,Sale at price 230.82 per share.,4100,946359.0,D
ZS,2025-12-16,CHAUDHRY JAGTAR SINGH,Chief Executive Officer,Sale at price 230.82 per share.,2843,656219.0,D
ZS,2025-12-16,RUBIN KEVIN E,Chief Financial Officer,Sale at price 230.82 per share.,3303,762396.0,D
ZS,2025-10-24,SCHLOSSMAN ROBERT S,Officer,Sale at price 325.00 per share.,3200,1040000.0,D
ZS,2025-10-15,RICH MICHAEL J,Officer,Stock Award(Grant) at price 0.00 per share.,10730,0.0,D
ZS,2025-10-15,GELLER ADAM,Officer,Stock Award(Grant) at price 0.00 per share.,10730,0.0,D
ZS,2025-10-15,SCHLOSSMAN ROBERT S,Officer,Stock Award(Grant) at price 0.00 per share.,7154,0.0,D
ZS,2025-10-02,SCHLOSSMAN ROBERT S,Officer,Sale at price 302.92 - 307.47 per share.,7006,2140851.0,D
ZS,2025-09-25,CHAUDHRY JAGTAR SINGH,Chief Executive Officer,Stock Gift at price 0.00 per share.,21861,0.0,I
ZS,2025-09-17,GELLER ADAM,Officer,Sale at price 280.70 - 285.45 per share.,21657,6116257.0,D
ZS,2025-09-16,JUDGE RAJ,Officer and Director,Sale at price 280.70 per share.,4524,1269880.0,D
ZS,2025-09-16,RICH MICHAEL J,Officer,Sale at price 280.70 per share.,11718,3289216.0,D
ZS,2025-09-16,CHAUDHRY JAGTAR SINGH,Chief Executive Officer,Sale at price 280.70 per share.,2865,804199.0,D
ZS,2025-09-16,SCHLOSSMAN ROBERT S,Officer,Sale at price 280.70 per share.,3832,1075629.0,D
ZS,2025-09-15,RICH MICHAEL J,Officer,Stock Award(Grant) at price 0.00 per share.,14337,0.0,D
ZS,2025-09-15,GELLER ADAM,Officer,Stock Award(Grant) at price 0.00 per share.,18322,0.0,D
ZS,2025-09-15,JUDGE RAJ,Officer and Director,Stock Award(Grant) at price 0.00 per share.,2067,0.0,D
ZS,2025-09-15,SCHLOSSMAN ROBERT S,Officer,Stock Gift at price 0.00 per share.,2000,0.0,D
ZS,2025-06-18,GELLER ADAM,Officer,Sale at price 303.70 - 308.05 per share.,6671,2037037.0,D
ZS,2025-06-18,SCHLOSSMAN ROBERT S,Officer,Sale at price 303.46 - 306.77 per share.,6764,2058590.0,D
ZS,2025-06-17,JUDGE RAJ,Officer and Director,Sale at price 303.70 per share.,2957,898047.0,D
ZS,2025-06-17,NAIR SYAM,Chief Technology Officer,Sale at price 303.70 per share.,4064,1234245.0,D
ZS,2025-06-17,RICH MICHAEL J,Officer,Sale at price 303.70 per share.,4287,1301971.0,D
ZS,2025-06-17,CHAUDHRY JAGTAR SINGH,Chief Executive Officer,Sale at price 303.70 per share.,2849,865247.0,D
ZS,2025-06-12,RICH MICHAEL J,Officer,Sale at price 302.88 per share.,9991,3026063.0,D
ZS,2025-06-09,MANGAL AJAY,Beneficial Owner of more than 10% of a Class of Security,Sale at price 300.66 - 302.12 per share.,120000,36106497.0,I
ZS,2025-06-06,GIANCARLO CHARLES H,Director,Sale at price 304.37 - 305.00 per share.,50000,15220103.0,I
ZS,2025-06-04,BROWN ANDREW WILLIAM FRASER,Director,Conversion of Exercise of derivative security at price 4.12 per share.,20333,83874.0,D
ZS,2025-06-04,SCHLOSSMAN ROBERT S,Officer,Sale at price 300.00 per share.,4618,1385400.0,D
ZS,2025-06-04,BROWN ANDREW WILLIAM FRASER,Director,Sale at price 296.71 - 296.99 per share.,20333,6033118.0,D
ZS,2025-06-03,JUDGE RAJ,Officer and Director,Stock Award(Grant) at price 0.00 per share.,77096,0.0,D
CRM,2026-03-20,HARRIS G PARKER,Officer and Director,Stock Award(Grant) at price 0.00 per share.,27790,0.0,D
CRM,2026-03-20,TALLAPRAGADA SRINIVAS D.,Officer,Stock Award(Grant) at price 0.00 per share.,27790,0.0,D
CRM,2026-03-20,BENIOFF MARC RUSSELL,Chief Executive Officer,Stock Award(Grant) at price 0.00 per share.,45474,0.0,D
CRM,2026-03-20,NILES SABASTIAN,President,Stock Award(Grant) at price 0.00 per share.,16084,0.0,D
CRM,2026-03-20,MILANO MIGUEL,President,Stock Award(Grant) at price 0.00 per share.,16084,0.0,D
CRM,2026-03-19,ALBER LAURA,Director,Purchase at price 194.54 - 194.59 per share.,2571,500266.0,D
CRM,2026-03-18,KIRK DAVID BLAIR,Director,Purchase at price 194.62 per share.,2570,500178.0,D
CRM,2026-01-14,KROES NEELIE,Director,Sale at price 238.70 per share.,3893,929276.0,D
CRM,2026-01-13,BENIOFF MARC RUSSELL,Chief Executive Officer,Conversion of Exercise of derivative security at price 215.17 per share.,1,215.0,I
CRM,2025-12-17,KIRK DAVID BLAIR,Director,Purchase at price 258.64 per share.,1936,500722.0,D
CRM,2025-12-05,MORFIT G MASON,Director and Beneficial Owner of more than 10% of a Class of Security,Purchase at price 260.58 per share.,96000,25015680.0,I
CRM,2025-12-02,HARRIS G PARKER,Officer and Director,Conversion of Exercise of derivative security at price 161.50 per share.,134662,21747913.0,D
CRM,2025-12-02,HARRIS G PARKER,Officer and Director,Sale at price 232.52 - 236.17 per share.,134662,31605031.0,D
CRM,2025-11-03,BENIOFF MARC RUSSELL,Chief Executive Officer,Conversion of Exercise of derivative security at price 161.50 per share.,122,19703.0,I
CRM,2025-11-03,BENIOFF MARC RUSSELL,Chief Executive Officer,Sale at price 255.76 - 260.73 per share.,122,31598.0,I
CRM,2025-10-31,BENIOFF MARC RUSSELL,Chief Executive Officer,Conversion of Exercise of derivative security at price 161.50 per share.,2250,363375.0,I
CRM,2025-10-31,BENIOFF MARC RUSSELL,Chief Executive Officer,Sale at price 254.08 - 261.32 per share.,2250,580940.0,I
CRM,2025-10-30,BENIOFF MARC RUSSELL,Chief Executive Officer,Conversion of Exercise of derivative security at price 161.50 per share.,2250,363375.0,I
CRM,2025-10-30,BENIOFF MARC RUSSELL,Chief Executive Officer,Sale at price 250.41 - 258.93 per share.,2250,577848.0,I
CRM,2025-10-29,BENIOFF MARC RUSSELL,Chief Executive Officer,Conversion of Exercise of derivative security at price 161.50 per share.,2250,363375.0,I
CRM,2025-10-29,BENIOFF MARC RUSSELL,Chief Executive Officer,Sale at price 250.19 - 253.03 per share.,2250,567080.0,I
CRM,2025-10-28,BENIOFF MARC RUSSELL,Chief Executive Officer,Conversion of Exercise of derivative security at price 161.50 per share.,2250,363375.0,I
CRM,2025-10-28,BENIOFF MARC RUSSELL,Chief Executive Officer,Sale at price 254.59 - 258.37 per share.,2250,578396.0,I
CRM,2025-10-27,BENIOFF MARC RUSSELL,Chief Executive Officer,Conversion of Exercise of derivative security at price 161.50 per share.,2250,363375.0,I
CRM,2025-10-27,BENIOFF MARC RUSSELL,Chief Executive Officer,Sale at price 255.79 - 257.54 per share.,2250,576295.0,I
CRM,2025-10-24,BENIOFF MARC RUSSELL,Chief Executive Officer,Conversion of Exercise of derivative security at price 161.50 per share.,2250,363375.0,I
CRM,2025-10-24,BENIOFF MARC RUSSELL,Chief Executive Officer,Sale at price 254.81 - 257.68 per share.,2250,575006.0,I
CRM,2025-10-23,BENIOFF MARC RUSSELL,Chief Executive Officer,Conversion of Exercise of derivative security at price 161.50 per share.,2250,363375.0,D
CRM,2025-10-23,BENIOFF MARC RUSSELL,Chief Executive Officer,Sale at price 254.86 - 256.63 per share.,2250,575140.0,D
CRM,2025-10-22,BENIOFF MARC RUSSELL,Chief Executive Officer,Conversion of Exercise of derivative security at price 161.50 per share.,2250,363375.0,I
CRM,2025-10-22,BENIOFF MARC RUSSELL,Chief Executive Officer,Sale at price 257.15 - 261.43 per share.,2250,582763.0,I
CRM,2025-10-21,BENIOFF MARC RUSSELL,Chief Executive Officer,Conversion of Exercise of derivative security at price 161.50 per share.,2250,363375.0,D
CRM,2025-10-21,BENIOFF MARC RUSSELL,Chief Executive Officer,Sale at price 254.94 - 266.61 per share.,2250,590102.0,D
CRM,2025-10-20,BENIOFF MARC RUSSELL,Chief Executive Officer,Conversion of Exercise of derivative security at price 161.50 per share.,2250,363375.0,D
CRM,2025-10-20,BENIOFF MARC RUSSELL,Chief Executive Officer,Sale at price 244.76 - 255.07 per share.,2250,567631.0,D
CRM,2025-10-17,BENIOFF MARC RUSSELL,Chief Executive Officer,Conversion of Exercise of derivative security at price 161.50 per share.,2250,363375.0,D
CRM,2025-10-17,BENIOFF MARC RUSSELL,Chief Executive Officer,Sale at price 243.07 - 250.11 per share.,2250,550430.0,D
CRM,2025-10-16,BENIOFF MARC RUSSELL,Chief Executive Officer,Conversion of Exercise of derivative security at price 161.50 per share.,2250,363375.0,D
CRM,2025-10-16,BENIOFF MARC RUSSELL,Chief Executive Officer,Sale at price 243.57 - 255.26 per share.,2250,558810.0,D
CRM,2025-10-15,BENIOFF MARC RUSSELL,Chief Executive Officer,Conversion of Exercise of derivative security at price 161.50 per share.,2250,363375.0,D
CRM,2025-10-15,BENIOFF MARC RUSSELL,Chief Executive Officer,Sale at price 236.61 - 240.55 per share.,2250,536322.0,D
CRM,2025-10-14,BENIOFF MARC RUSSELL,Chief Executive Officer,Conversion of Exercise of derivative security at price 161.50 per share.,2250,363375.0,D
CRM,2025-10-14,BENIOFF MARC RUSSELL,Chief Executive Officer,Sale at price 239.94 - 247.12 per share.,2250,548796.0,D
CRM,2025-10-13,BENIOFF MARC RUSSELL,Chief Executive Officer,Conversion of Exercise of derivative security at price 161.50 per share.,4500,726750.0,D
CRM,2025-10-13,BENIOFF MARC RUSSELL,Chief Executive Officer,Sale at price 241.71 - 248.88 per share.,4500,1101397.0,D
CRM,2025-10-09,BENIOFF MARC RUSSELL,Chief Executive Officer,Conversion of Exercise of derivative security at price 161.50 per share.,2250,363375.0,D
CRM,2025-10-09,BENIOFF MARC RUSSELL,Chief Executive Officer,Sale at price 237.94 - 245.42 per share.,2250,547344.0,D
CRM,2025-10-08,BENIOFF MARC RUSSELL,Chief Executive Officer,Conversion of Exercise of derivative security at price 161.50 per share.,2250,363375.0,D
CRM,2025-10-08,BENIOFF MARC RUSSELL,Chief Executive Officer,Sale at price 236.81 - 241.28 per share.,2250,539533.0,D
CRM,2025-10-07,BENIOFF MARC RUSSELL,Chief Executive Officer,Conversion of Exercise of derivative security at price 161.50 per share.,2250,363375.0,I
CRM,2025-10-07,BENIOFF MARC RUSSELL,Chief Executive Officer,Sale at price 238.35 - 246.98 per share.,2250,540486.0,I
CRM,2025-10-06,BENIOFF MARC RUSSELL,Chief Executive Officer,Conversion of Exercise of derivative security at price 161.50 per share.,2250,363375.0,I
CRM,2025-10-06,BENIOFF MARC RUSSELL,Chief Executive Officer,Sale at price 235.76 - 249.27 per share.,2250,542974.0,I
CRM,2025-10-03,BENIOFF MARC RUSSELL,Chief Executive Officer,Conversion of Exercise of derivative security at price 161.50 per share.,2250,363375.0,I
CRM,2025-10-03,BENIOFF MARC RUSSELL,Chief Executive Officer,Sale at price 239.39 - 242.13 per share.,2250,541719.0,I
CRM,2025-10-02,BENIOFF MARC RUSSELL,Chief Executive Officer,Conversion of Exercise of derivative security at price 161.50 per share.,2250,363375.0,I
CRM,2025-10-02,BENIOFF MARC RUSSELL,Chief Executive Officer,Sale at price 234.65 - 238.87 per share.,2250,534687.0,I
CRM,2025-10-01,BENIOFF MARC RUSSELL,Chief Executive Officer,Conversion of Exercise of derivative security at price 161.50 per share.,2250,363375.0,I
CRM,2025-10-01,BENIOFF MARC RUSSELL,Chief Executive Officer,Sale at price 234.20 - 241.41 per share.,2250,531860.0,I
CRM,2025-09-30,BENIOFF MARC RUSSELL,Chief Executive Officer,Conversion of Exercise of derivative security at price 161.50 per share.,2250,363375.0,I
ADBE,2026-07-29,FORUSZ JILLIAN,Officer,Sale at price 264.33 per share.,416,109961.0,D
ADBE,2026-06-25,RICKS DAVID A,Director,Purchase at price 194.51 per share.,10000,1945130.0,D
ADBE,2026-04-30,FORUSZ JILLIAN,Officer,Sale at price 246.24 per share.,755,185915.0,D
ADBE,2026-04-28,NARAYEN SHANTANU,Chief Executive Officer,Sale at price 243.19 - 244.78 per share.,75000,18265234.0,I
ADBE,2026-04-20,DURN DANIEL JAMES,Chief Financial Officer,Sale at price 248.02 per share.,1336,331355.0,D
ADBE,2026-01-27,DURN DANIEL JAMES,Chief Financial Officer,Sale at price 294.85 per share.,1646,485323.0,D
ADBE,2025-12-24,FORUSZ JILLIAN,Officer,Stock Gift at price 0.00 per share.,550,0.0,D
ADBE,2025-10-31,FORUSZ JILLIAN,Officer,Sale at price 337.88 per share.,149,50344.0,D
ADBE,2025-05-02,FORUSZ JILLIAN,Officer,Sale at price 380.58 per share.,462,175828.0,D
ADBE,2025-03-20,DURN DANIEL JAMES,Chief Financial Officer,Purchase at price 390.34 - 391.35 per share.,1300,507758.0,D
ADBE,2025-01-28,FORUSZ JILLIAN,Officer,Sale at price 435.83 per share.,334,145567.0,D
ADBE,2025-01-28,RICKS DAVID A,Director,Purchase at price 443.98 per share.,2250,998946.0,D
ADBE,2025-01-27,BELSKY SCOTT K,Officer,Sale at price 430.24 - 437.28 per share.,4741,2046259.0,D
ADBE,2024-12-30,FORUSZ JILLIAN,Officer,Stock Gift at price 0.00 per share.,225,0.0,D
ADBE,2024-12-06,BANSE AMY L,Director,Sale at price 550.00 per share.,606,333300.0,D
ADBE,2024-10-30,FORUSZ JILLIAN,Officer,Stock Gift at price 0.00 per share.,200,0.0,D
ADBE,2024-10-29,FORUSZ JILLIAN,Officer,Sale at price 484.97 per share.,676,327987.0,D
ADBE,2024-10-25,BELSKY SCOTT K,Officer,Sale at price 483.42 per share.,481,232525.0,D
ADBE,2024-10-16,BELSKY SCOTT K,Officer,Sale at price 506.39 - 513.82 per share.,2233,1142137.0,D
ADBE,2024-09-25,NARAYEN SHANTANU,Chief Executive Officer,Sale at price 520.25 - 525.70 per share.,25000,13039414.0,I
ADBE,2024-09-17,DURN DANIEL JAMES,Chief Financial Officer,Sale at price 515.23 - 515.90 per share.,6500,3350328.0,D
NOW,2026-06-15,YUAN ERIC S.,Director,Stock Award(Grant) at price 0.00 per share.,2747,0.0,D
NOW,2026-05-28,BRIGGS TERESA,Director,Sale at price 108.70 per share.,1595,173376.0,D
NOW,2026-05-21,BRIGGS TERESA,Director,Stock Award(Grant) at price 0.00 per share.,3260,0.0,D
NOW,2026-05-21,JACKSON LAWRENCE,Director,Stock Award(Grant) at price 0.00 per share.,3260,0.0,D
NOW,2026-05-21,QUINLAN LARRY,Director,Stock Award(Grant) at price 0.00 per share.,3260,0.0,D
NOW,2026-05-21,SANDS ANITA M,Director,Stock Award(Grant) at price 0.00 per share.,3260,0.0,D
NOW,2026-05-21,CHAMBERLAIN PAUL EDWARD,Director,Stock Award(Grant) at price 0.00 per share.,3260,0.0,D
NOW,2026-05-21,LUDDY FREDERIC B,Director,Stock Award(Grant) at price 0.00 per share.,3260,0.0,D
NOW,2026-05-21,BOSTROM SUSAN L,Director,Stock Award(Grant) at price 0.00 per share.,3260,0.0,D
NOW,2026-05-18,FIPPS PAUL G.,Officer,Sale at price 98.51 per share.,1048,103238.0,D
NOW,2026-05-14,CHAMBERLAIN PAUL EDWARD,Director,Sale at price 87.23 per share.,1500,130845.0,D
NOW,2026-05-14,SANDS ANITA M,Director,Sale at price 90.14 per share.,16445,1482402.0,D
NOW,2026-05-08,FIPPS PAUL G.,Officer,Sale at price 90.47 per share.,151,13661.0,D
NOW,2026-04-24,CANNEY JACQUELINE P,Officer,Sale at price 89.60 per share.,8927,799868.0,D
NOW,2026-02-27,MCDERMOTT WILLIAM R,Chief Executive Officer,Purchase at price 104.60 - 105.96 per share.,28682,3000058.0,D
NOW,2026-02-23,FIPPS PAUL G.,Officer,Sale at price 101.77 per share.,3696,376142.0,D
NOW,2026-02-18,FIPPS PAUL G.,Officer,Sale at price 105.93 per share.,9641,1021271.0,D
NOW,2026-02-13,MCBRIDE KEVIN THOMAS,Officer,Sale at price 105.71 per share.,1400,147994.0,D
NOW,2026-02-12,CHAMBERLAIN PAUL EDWARD,Director,Sale at price 101.17 per share.,1500,151755.0,D
NOW,2025-12-05,MASTANTUONO GINA,President,Sale at price 850.00 per share.,415,352750.0,D
NOW,2025-11-28,CHAMBERLAIN PAUL EDWARD,Director,Sale at price 808.00 per share.,300,242400.0,D
NOW,2025-11-28,JACKSON LAWRENCE,Director,Sale at price 810.22 per share.,265,214708.0,D
NOW,2025-11-28,MASTANTUONO GINA,President,Sale at price 808.00 per share.,417,336936.0,D
NOW,2025-11-18,TZITZON NICHOLAS,Officer,Sale at price 827.08 per share.,522,431736.0,D
NOW,2025-11-18,ELMER RUSSELL S.,General Counsel,Sale at price 827.08 - 846.92 per share.,191,160155.0,D
NOW,2025-11-18,FIPPS PAUL G.,Officer,Sale at price 817.55 per share.,305,249353.0,D
NOW,2025-11-18,CANNEY JACQUELINE P,Officer,Sale at price 827.08 - 846.92 per share.,239,200549.0,D
NOW,2025-11-14,MCBRIDE KEVIN THOMAS,Officer,Sale at price 842.48 per share.,280,235894.0,D
NOW,2025-11-13,LUDDY FREDERIC B,Director,Stock Gift at price 0.00 per share.,3515,0.0,I
NOW,2025-11-13,ELMER RUSSELL S.,General Counsel,Sale at price 852.38 per share.,62,52848.0,D
NOW,2025-11-13,CANNEY JACQUELINE P,Officer,Sale at price 852.38 per share.,66,56257.0,D
NOW,2025-11-10,ELMER RUSSELL S.,General Counsel,Sale at price 863.86 per share.,191,164997.0,D
NOW,2025-11-10,CANNEY JACQUELINE P,Officer,Sale at price 863.86 per share.,257,222012.0,D
NOW,2025-08-29,SANDS ANITA M,Director,Sale at price 912.24 - 918.82 per share.,1097,1003873.0,D
NOW,2025-08-28,MCDERMOTT WILLIAM R,Chief Executive Officer,Sale at price 900.00 - 933.35 per share.,5825,5339368.0,D
NOW,2025-08-20,ELMER RUSSELL S.,General Counsel,Sale at price 884.26 per share.,1698,1501473.0,D
NOW,2025-08-20,FIPPS PAUL G.,Officer,Sale at price 895.06 per share.,1452,1299999.0,D
NOW,2025-08-19,MCDERMOTT WILLIAM R,Chief Executive Officer,Sale at price 900.00 per share.,1585,1426502.0,D
NOW,2025-08-18,TZITZON NICHOLAS,Officer,Sale at price 866.45 per share.,1719,1489428.0,D
NOW,2025-08-18,CANNEY JACQUELINE P,Officer,Sale at price 866.45 per share.,1562,1353395.0,D
NOW,2025-08-18,MASTANTUONO GINA,President,Sale at price 866.45 per share.,1762,1526685.0,D
NOW,2025-08-15,MCBRIDE KEVIN THOMAS,Officer,Sale at price 851.77 per share.,280,238496.0,D
NOW,2025-08-14,CHAMBERLAIN PAUL EDWARD,Director,Sale at price 860.00 per share.,300,258000.0,D
NOW,2025-08-13,CANNEY JACQUELINE P,Officer,Sale at price 860.57 per share.,67,57658.0,D
NOW,2025-08-13,MASTANTUONO GINA,President,Sale at price 860.57 per share.,84,72288.0,D
NOW,2025-08-08,CANNEY JACQUELINE P,Officer,Sale at price 878.39 per share.,257,225746.0,D
NOW,2025-08-08,MASTANTUONO GINA,President,Sale at price 878.39 per share.,292,256490.0,D
NOW,2025-07-29,JACKSON LAWRENCE,Director,Sale at price 990.42 - 990.84 per share.,757,749805.0,D
NOW,2025-07-16,CANNEY JACQUELINE P,Officer,Sale at price 965.06 per share.,354,341631.0,D
NOW,2025-07-03,SANDS ANITA M,Director,Sale at price 1050.00 per share.,239,250950.0,D
NOW,2025-06-03,MCBRIDE KEVIN THOMAS,Officer,Sale at price 1011.82 per share.,280,283310.0,D
NOW,2025-06-02,SANDS ANITA M,Director,Sale at price 1009.14 per share.,248,250267.0,D
NOW,2025-05-30,TZITZON NICHOLAS,Officer,Sale at price 1020.00 per share.,1171,1194420.0,D
INTU,2026-07-30,SZKUTAK THOMAS J,Director,Conversion of Exercise of derivative security at price 529.97 per share.,48,25439.0,D
INTU,2026-07-30,DALZELL RICHARD L,Director,Conversion of Exercise of derivative security at price 529.97 per share.,58,30738.0,D
INTU,2026-07-24,BURTON EVE B,Director,Conversion of Exercise of derivative security at price 281.60 per share.,105,29568.0,D
INTU,2026-06-23,DALZELL RICHARD L,Director,Sale at price 262.32 per share.,284,74499.0,D
INTU,2026-06-16,DALZELL RICHARD L,Director,Sale at price 282.20 per share.,284,80145.0,D
INTU,2026-06-11,DALZELL RICHARD L,Director,Sale at price 279.86 - 297.65 per share.,1004,289448.0,D
INTU,2026-05-26,PRABHU VASANT M.,Director,Purchase at price 309.45 - 309.72 per share.,1750,541665.0,D
INTU,2026-05-07,SZKUTAK THOMAS J,Director,Conversion of Exercise of derivative security at price 401.04 per share.,63,25266.0,D
INTU,2026-05-07,DALZELL RICHARD L,Director,Conversion of Exercise of derivative security at price 401.04 per share.,77,30880.0,D
INTU,2026-05-01,BURTON EVE B,Director,Conversion of Exercise of derivative security at price 248.86 per share.,118,29365.0,D
INTU,2026-03-12,DALZELL RICHARD L,Director,Sale at price 440.40 - 474.01 per share.,999,457046.0,D
INTU,2026-01-22,SZKUTAK THOMAS J,Director,Conversion of Exercise of derivative security at price 374.85 per share.,761,25115.0,D
INTU,2026-01-22,DALZELL RICHARD L,Director,Conversion of Exercise of derivative security at price 374.85 per share.,776,30738.0,D
INTU,2026-01-16,BURTON EVE B,Director,Conversion of Exercise of derivative security at price 213.87 per share.,1352,29300.0,D
INTU,2026-01-08,COOK SCOTT D,Director,Stock Gift at price 0.00 per share.,30750,0.0,I
INTU,2026-01-07,GOODARZI SASAN K,Chief Executive Officer,Sale at price 650.10 - 651.01 per share.,41000,26653960.0,I
INTU,2026-01-05,AUJLA SANDEEP S,Chief Financial Officer,Sale at price 627.42 - 629.46 per share.,1334,840097.0,D
INTU,2025-12-31,COOK SCOTT D,Director,Sale at price 668.02 per share.,1402,936564.0,I
INTU,2025-12-30,COOK SCOTT D,Director,Sale at price 669.08 - 674.00 per share.,75000,50367047.0,I
INTU,2025-12-29,COOK SCOTT D,Director,Sale at price 671.66 - 678.13 per share.,75000,50506991.0,I
INTU,2025-12-19,AUJLA SANDEEP S,Chief Financial Officer,Sale at price 675.00 per share.,1098,741172.0,D
INTU,2025-12-11,DALZELL RICHARD L,Director,Sale at price 659.95 per share.,333,219763.0,D
INTU,2025-12-10,DALZELL RICHARD L,Director,Sale at price 653.42 - 653.95 per share.,666,435354.0,D
INTU,2025-12-09,COOK SCOTT D,Director,Sale at price 650.96 - 669.88 per share.,149095,98003518.0,I
INTU,2025-12-05,COOK SCOTT D,Director,Sale at price 648.82 - 676.25 per share.,150000,99565608.0,I
INTU,2025-12-03,COOK SCOTT D,Director,Sale at price 632.10 - 647.36 per share.,43868,28162169.0,I
INTU,2025-10-03,AUJLA SANDEEP S,Chief Financial Officer,Sale at price 677.06 per share.,1170,792160.0,D
INTU,2025-09-11,DALZELL RICHARD L,Director,Sale at price 658.57 - 669.39 per share.,999,665951.0,D
INTU,2025-08-25,AUJLA SANDEEP S,Chief Financial Officer,Sale at price 664.99 per share.,42,27930.0,D
INTU,2025-08-25,COOK SCOTT D,Director,Sale at price 664.99 per share.,529,351780.0,I
INTU,2025-07-10,DALZELL RICHARD L,Director,Sale at price 768.43 per share.,333,255887.0,D
INTU,2025-07-09,DALZELL RICHARD L,Director,Sale at price 782.67 - 784.57 per share.,666,521891.0,D
INTU,2025-07-08,BALAZS ALEX G,Chief Technology Officer,Sale at price 781.55 - 781.64 per share.,881,689400.0,D
INTU,2025-07-03,AUJLA SANDEEP S,Chief Financial Officer,Sale at price 782.22 per share.,2591,2026744.0,D
INTU,2025-07-03,AUJLA SANDEEP S,Chief Financial Officer,Conversion of Exercise of derivative security at price 496.53 - 525.51 per share.,2591,1305056.0,D
INTU,2025-07-02,AUJLA SANDEEP S,Chief Financial Officer,Sale at price 773.90 per share.,1618,1252170.0,D
INTU,2025-07-02,NOTARAINNI MARK PHILLIP,Officer,Sale at price 773.90 per share.,1146,887583.0,D
INTU,2025-06-27,HOTZ LAUREN DALE,Officer,Sale at price 784.09 per share.,1738,1363015.0,D
INTU,2025-06-09,COOK SCOTT D,Officer and Director,Sale at price 763.21 - 771.93 per share.,62816,48116586.0,I
INTU,2025-06-05,BALAZS ALEX G,Chief Technology Officer,Sale at price 768.93 - 770.85 per share.,1458,1124465.0,D
INTU,2025-06-03,TESSEL MARIANNA,Officer,Sale at price 760.24 - 762.51 per share.,34329,26118931.0,D
INTU,2025-06-03,TESSEL MARIANNA,Officer,Conversion of Exercise of derivative security at price 281.60 per share.,34329,9667046.0,D
INTU,2025-05-29,FENNELL LAURA A,Officer,Sale at price 748.44 - 759.50 per share.,25648,19293653.0,D
INTU,2025-05-29,FENNELL LAURA A,Officer,Conversion of Exercise of derivative security at price 496.53 - 525.51 per share.,25648,13218127.0,D
INTU,2025-05-28,FENNELL LAURA A,Officer,Sale at price 725.00 - 754.94 per share.,41234,30455798.0,D
INTU,2025-05-28,FENNELL LAURA A,Officer,Conversion of Exercise of derivative security at price 303.94 - 448.59 per share.,41234,14873822.0,D
INTU,2025-05-27,AUJLA SANDEEP S,Chief Financial Officer,Sale at price 725.00 - 748.11 per share.,16061,11662708.0,D
INTU,2025-05-27,NOTARAINNI MARK PHILLIP,Officer,Sale at price 725.00 - 726.18 per share.,469,340143.0,D
INTU,2025-05-27,MCLEAN KERRY JEAN,General Counsel,Sale at price 725.00 - 734.33 per share.,16700,12177029.0,D
INTU,2025-05-27,COOK SCOTT D,Officer and Director,Sale at price 726.46 - 751.48 per share.,72442,53700409.0,I
INTU,2025-05-27,AUJLA SANDEEP S,Chief Financial Officer,Conversion of Exercise of derivative security at price 303.94 - 525.51 per share.,14068,6819239.0,D
INTU,2025-05-27,MCLEAN KERRY JEAN,General Counsel,Conversion of Exercise of derivative security at price 303.94 per share.,16700,5075798.0,D
INTU,2025-05-02,BURTON EVE B,Director,Conversion of Exercise of derivative security at price 189.45 per share.,135,25576.0,D
INTU,2025-03-24,FENNELL LAURA A,Officer,Sale at price 612.46 per share.,8163,4999470.0,D
INTU,2025-03-21,TESSEL MARIANNA,Officer,Sale at price 600.13 per share.,7385,4431935.0,D
INTU,2025-03-21,TESSEL MARIANNA,Officer,Conversion of Exercise of derivative security at price 216.64 per share.,7385,1599886.0,D
INTU,2025-03-20,BURTON EVE B,Director,Sale at price 600.00 per share.,1702,1021200.0,D
INTU,2025-03-11,COOK SCOTT D,Officer and Director,Sale at price 578.38 - 594.54 per share.,8963,5245840.0,I
INTU,2025-03-10,COOK SCOTT D,Officer and Director,Sale at price 576.26 - 600.53 per share.,75000,43771543.0,I
INTU,2025-02-28,COOK SCOTT D,Officer and Director,Sale at price 600.14 - 613.95 per share.,6446,3895086.0,I
WDAY,2026-07-10,GARFIELD MARK S.,Officer,Sale at price 142.19 per share.,918,130530.0,D
WDAY,2026-07-09,DUFFIELD DAVID A.,Beneficial Owner of more than 10% of a Class of Security,Sale at price 130.63 - 138.98 per share.,107500,14699057.0,I
WDAY,2026-07-07,ROWE ZANE C,Chief Financial Officer,Sale at price 143.06 - 144.93 per share.,6000,862203.0,D
WDAY,2026-07-07,KAZMAIER GERRIT S,Officer,Sale at price 142.96 - 144.96 per share.,2728,391785.0,D
WDAY,2026-07-06,DUFFIELD DAVID A.,Beneficial Owner of more than 10% of a Class of Security,Sale at price 129.82 - 138.30 per share.,107500,14538267.0,I
WDAY,2026-07-02,ENSLIN ROBERT,President,Sale at price 129.49 - 138.00 per share.,5374,724972.0,D
WDAY,2026-06-30,DUFFIELD DAVID A.,Beneficial Owner of more than 10% of a Class of Security,Sale at price 120.00 - 122.73 per share.,107500,13119166.0,D
WDAY,2026-06-25,DUFFIELD DAVID A.,Beneficial Owner of more than 10% of a Class of Security,Sale at price 114.14 - 118.76 per share.,107500,12426606.0,I
WDAY,2026-06-22,DUFFIELD DAVID A.,Beneficial Owner of more than 10% of a Class of Security,Sale at price 112.08 - 119.84 per share.,107500,12281957.0,D
WDAY,2026-06-17,DUFFIELD DAVID A.,Beneficial Owner of more than 10% of a Class of Security,Sale at price 121.96 - 127.95 per share.,107500,13436122.0,D
WDAY,2026-06-16,CENTONI ELIZABETH,Director,Stock Award(Grant) at price 0.00 per share.,2366,0.0,D
WDAY,2026-06-16,MORRIS RHONDA J,Director,Stock Award(Grant) at price 0.00 per share.,2366,0.0,D
WDAY,2026-06-16,FREDERICK WAYNE A.I.,Director,Stock Award(Grant) at price 0.00 per share.,2366,0.0,D
WDAY,2026-06-16,HAWKINS MARK JOSEPH,Director,Stock Award(Grant) at price 0.00 per share.,2366,0.0,D
WDAY,2026-06-16,SPEISER MICHAEL L,Director,Stock Award(Grant) at price 0.00 per share.,2879,0.0,D
WDAY,2026-06-16,DOUGHTIE LYNNE M.,Director,Stock Award(Grant) at price 0.00 per share.,2366,0.0,D
WDAY,2026-06-16,MCNAMARA MICHAEL MAX,Director,Stock Award(Grant) at price 0.00 per share.,2366,0.0,D
WDAY,2026-06-16,BOGAN THOMAS F,Director,Stock Award(Grant) at price 0.00 per share.,3076,0.0,D
WDAY,2026-06-16,STILL GEORGE J JR,Director,Stock Award(Grant) at price 0.00 per share.,3116,0.0,D
WDAY,2026-06-12,DUFFIELD DAVID A.,Beneficial Owner of more than 10% of a Class of Security,Sale at price 126.01 - 130.79 per share.,107500,13815418.0,I
WDAY,2026-06-09,DUFFIELD DAVID A.,Beneficial Owner of more than 10% of a Class of Security,Sale at price 135.54 - 140.37 per share.,107500,14869715.0,I
WDAY,2026-06-04,DUFFIELD DAVID A.,Beneficial Owner of more than 10% of a Class of Security,Sale at price 148.52 - 152.22 per share.,107500,16077371.0,D
WDAY,2026-06-01,DUFFIELD DAVID A.,Beneficial Owner of more than 10% of a Class of Security,Sale at price 150.18 - 158.36 per share.,107500,16838803.0,D
WDAY,2026-05-05,SAUER RICHARD HARRY,Officer,Stock Award(Grant) at price 0.00 per share.,98929,0.0,D
WDAY,2026-05-05,GARFIELD MARK S.,Officer,Stock Award(Grant) at price 0.00 per share.,46554,0.0,D
WDAY,2026-05-05,ENSLIN ROBERT,President,Stock Award(Grant) at price 0.00 per share.,87291,0.0,D
WDAY,2026-05-05,ROWE ZANE C,Chief Financial Officer,Stock Award(Grant) at price 0.00 per share.,87291,0.0,D
WDAY,2026-05-05,KAZMAIER GERRIT S,Officer,Stock Award(Grant) at price 0.00 per share.,116387,0.0,D
WDAY,2026-04-10,GARFIELD MARK S.,Officer,Sale at price 113.05 per share.,1585,179184.0,D
WDAY,2026-04-09,DUFFIELD DAVID A.,Beneficial Owner of more than 10% of a Class of Security,Sale at price 111.06 - 116.13 per share.,107500,12075839.0,I
WDAY,2026-04-07,ROWE ZANE C,Chief Financial Officer,Sale at price 127.70 - 129.26 per share.,6000,769314.0,D
WDAY,2026-04-07,KAZMAIER GERRIT S,Officer,Sale at price 128.39 per share.,9356,1201217.0,D
WDAY,2026-04-06,DUFFIELD DAVID A.,Beneficial Owner of more than 10% of a Class of Security,Sale at price 128.97 - 132.01 per share.,107500,13932089.0,I
WDAY,2026-04-06,ENSLIN ROBERT,President,Sale at price 129.29 - 129.93 per share.,5373,695339.0,D
WDAY,2026-03-31,DUFFIELD DAVID A.,Beneficial Owner of more than 10% of a Class of Security,Sale at price 128.09 - 131.41 per share.,107500,13949215.0,I
WDAY,2026-03-26,DUFFIELD DAVID A.,Beneficial Owner of more than 10% of a Class of Security,Sale at price 127.85 - 130.18 per share.,107500,13797430.0,D
WDAY,2026-03-23,DUFFIELD DAVID A.,Beneficial Owner of more than 10% of a Class of Security,Sale at price 134.66 - 137.55 per share.,107500,14708651.0,I
WDAY,2026-03-18,DUFFIELD DAVID A.,Beneficial Owner of more than 10% of a Class of Security,Sale at price 131.35 - 134.87 per share.,107500,14252009.0,D
WDAY,2026-03-13,DUFFIELD DAVID A.,Beneficial Owner of more than 10% of a Class of Security,Sale at price 131.67 - 135.14 per share.,107500,14262350.0,I
WDAY,2026-03-10,DUFFIELD DAVID A.,Beneficial Owner of more than 10% of a Class of Security,Sale at price 140.02 - 146.72 per share.,107500,15284227.0,D
WDAY,2026-03-05,DUFFIELD DAVID A.,Beneficial Owner of more than 10% of a Class of Security,Sale at price 145.17 - 148.81 per share.,107500,15819244.0,I
WDAY,2026-03-05,ENSLIN ROBERT,President,Stock Award(Grant) at price 0.00 per share.,67944,0.0,D
WDAY,2026-03-05,ROWE ZANE C,Chief Financial Officer,Stock Award(Grant) at price 0.00 per share.,67944,0.0,D
WDAY,2026-03-05,KAZMAIER GERRIT S,Officer,Stock Award(Grant) at price 0.00 per share.,81533,0.0,D
WDAY,2026-03-05,BHUSRI ANEEL,Chief Executive Officer,Stock Award(Grant) at price 0.00 per share.,437602,0.0,D
WDAY,2026-03-02,DUFFIELD DAVID A.,Beneficial Owner of more than 10% of a Class of Security,Sale at price 133.29 - 135.69 per share.,107500,14447900.0,D
WDAY,2026-02-26,SAUER RICHARD HARRY,Officer,Stock Award(Grant) at price 0.00 per share.,4132,0.0,D
WDAY,2026-02-26,ROWE ZANE C,Chief Financial Officer,Stock Award(Grant) at price 0.00 per share.,5968,0.0,D
WDAY,2026-02-26,BHUSRI ANEEL,Chief Executive Officer,Stock Award(Grant) at price 0.00 per share.,9182,0.0,D
WDAY,2026-01-08,ESCHENBACH CARL M,Chief Executive Officer,Stock Gift at price 0.00 per share.,9568,0.0,D
WDAY,2026-01-08,DUFFIELD DAVID A.,Beneficial Owner of more than 10% of a Class of Security,Sale at price 207.66 - 211.10 per share.,82884,17385197.0,D
WDAY,2026-01-08,GARFIELD MARK S.,Officer,Sale at price 209.56 per share.,953,199711.0,D
WDAY,2026-01-06,SAUER RICHARD HARRY,Officer,Sale at price 210.00 per share.,1130,237300.0,D
WDAY,2026-01-06,ROWE ZANE C,Chief Financial Officer,Sale at price 206.80 - 210.33 per share.,6000,1252492.0,D
WDAY,2026-01-06,KAZMAIER GERRIT S,Officer,Sale at price 206.78 - 210.11 per share.,3759,784626.0,D
WDAY,2026-01-05,ESCHENBACH CARL M,Chief Executive Officer,Sale at price 210.00 per share.,3125,656250.0,I
WDAY,2026-01-05,ENSLIN ROBERT,President,Sale at price 209.27 - 211.91 per share.,22185,4662713.0,D
WDAY,2026-01-02,DUFFIELD DAVID A.,Beneficial Owner of more than 10% of a Class of Security,Sale at price 202.65 - 214.07 per share.,81479,16727042.0,D
WDAY,2025-12-23,DUFFIELD DAVID A.,Beneficial Owner of more than 10% of a Class of Security,Sale at price 214.32 - 216.88 per share.,80279,17262992.0,D
WDAY,2025-12-19,KAZMAIER GERRIT S,Officer,Sale at price 218.20 - 219.64 per share.,6547,1432258.0,D
TEAM,2026-06-12,DUFFY BRIAN,Officer,Sale at price 88.79 - 92.79 per share.,6245,564506.0,D
TEAM,2026-06-09,DUFFY BRIAN,Officer,Sale at price 95.35 - 98.03 per share.,2905,280880.0,D
TEAM,2026-05-19,LIU GENE,Officer,Sale at price 86.59 - 93.39 per share.,67,5877.0,D
TEAM,2026-05-19,DUFFY BRIAN,Officer,Sale at price 86.59 - 94.16 per share.,1986,174263.0,D
TEAM,2026-05-19,CHUONG JAMES,Chief Financial Officer,Sale at price 86.59 - 94.16 per share.,8838,775513.0,D
TEAM,2026-05-14,LIU GENE,Officer,Sale at price 78.84 - 82.34 per share.,803,64899.0,D
TEAM,2026-05-14,DUFFY BRIAN,Officer,Sale at price 78.84 - 82.34 per share.,7017,567108.0,D
TEAM,2026-04-23,DUFFY BRIAN,Officer,Stock Award(Grant) at price 0.00 per share.,121512,0.0,D
TEAM,2026-04-02,CHUONG JAMES,Chief Financial Officer,Stock Award(Grant) at price 0.00 per share.,297030,0.0,D
TEAM,2026-02-19,LIU GENE,Officer,Sale at price 80.57 - 83.55 per share.,66,5370.0,D
TEAM,2026-02-19,DUFFY BRIAN,Officer,Sale at price 80.57 - 83.55 per share.,1222,99410.0,D
TEAM,2026-02-19,RAJAN RAJEEV BASHYAM,Chief Technology Officer,Sale at price 80.57 - 83.55 per share.,3072,249907.0,D
TEAM,2026-02-19,BINZ JOSEPH LEO,Chief Financial Officer,Sale at price 80.57 - 83.55 per share.,1653,134471.0,D
TEAM,2026-02-17,LIU GENE,Officer,Sale at price 80.97 - 86.64 per share.,908,74274.0,D
TEAM,2026-02-17,DUFFY BRIAN,Officer,Sale at price 80.97 - 86.64 per share.,982,80329.0,D
TEAM,2026-02-17,RAJAN RAJEEV BASHYAM,Chief Technology Officer,Sale at price 80.97 - 86.64 per share.,4009,327936.0,D
TEAM,2026-02-17,BINZ JOSEPH LEO,Chief Financial Officer,Sale at price 80.97 - 86.64 per share.,2949,241229.0,D
TEAM,2026-02-06,CANNON-BROOKES MICHAEL,Chief Executive Officer,Sale at price 93.10 - 101.74 per share.,7665,726716.0,I
TEAM,2026-02-06,FARQUHAR SCOTT,Director and Beneficial Owner of more than 10% of a Class of Security,Sale at price 93.10 - 101.74 per share.,7665,726716.0,I
TEAM,2026-02-05,CANNON-BROOKES MICHAEL,Chief Executive Officer,Sale at price 98.37 - 106.04 per share.,7665,783970.0,I
TEAM,2026-02-05,FARQUHAR SCOTT,Director and Beneficial Owner of more than 10% of a Class of Security,Sale at price 98.37 - 106.04 per share.,7665,783971.0,I
TEAM,2026-02-04,CANNON-BROOKES MICHAEL,Chief Executive Officer,Sale at price 99.14 - 108.24 per share.,7665,805878.0,I
TEAM,2026-02-04,FARQUHAR SCOTT,Director and Beneficial Owner of more than 10% of a Class of Security,Sale at price 99.14 - 108.24 per share.,7665,805879.0,I
TEAM,2026-02-03,CANNON-BROOKES MICHAEL,Chief Executive Officer,Sale at price 101.62 - 109.31 per share.,7665,797459.0,I
TEAM,2026-02-03,FARQUHAR SCOTT,Director and Beneficial Owner of more than 10% of a Class of Security,Sale at price 101.62 - 109.31 per share.,7665,797462.0,I
TEAM,2026-02-02,SABHARWAL ANIL,Director,Stock Award(Grant) at price 0.00 per share.,2118,0.0,D
TEAM,2026-02-02,CANNON-BROOKES MICHAEL,Chief Executive Officer,Sale at price 114.03 - 119.29 per share.,7665,892194.0,I
TEAM,2026-02-02,FARQUHAR SCOTT,Director and Beneficial Owner of more than 10% of a Class of Security,Sale at price 114.03 - 119.29 per share.,7665,892198.0,I
TEAM,2026-01-30,CANNON-BROOKES MICHAEL,Chief Executive Officer,Sale at price 118.34 - 122.60 per share.,7665,913311.0,I
TEAM,2026-01-30,FARQUHAR SCOTT,Director and Beneficial Owner of more than 10% of a Class of Security,Sale at price 118.34 - 122.60 per share.,7665,913312.0,I
TEAM,2026-01-29,CANNON-BROOKES MICHAEL,Chief Executive Officer,Sale at price 116.70 - 123.17 per share.,7665,911895.0,I
TEAM,2026-01-29,FARQUHAR SCOTT,Director and Beneficial Owner of more than 10% of a Class of Security,Sale at price 116.70 - 123.17 per share.,7665,911895.0,I
TEAM,2026-01-28,CANNON-BROOKES MICHAEL,Chief Executive Officer,Sale at price 134.67 - 138.59 per share.,7665,1038153.0,I
TEAM,2026-01-28,FARQUHAR SCOTT,Director and Beneficial Owner of more than 10% of a Class of Security,Sale at price 134.67 - 138.59 per share.,7665,1038156.0,I
TEAM,2026-01-27,CANNON-BROOKES MICHAEL,Chief Executive Officer,Sale at price 132.04 - 139.47 per share.,7665,1021726.0,I
TEAM,2026-01-27,FARQUHAR SCOTT,Director and Beneficial Owner of more than 10% of a Class of Security,Sale at price 132.04 - 139.47 per share.,7665,1021727.0,I
TEAM,2026-01-26,CANNON-BROOKES MICHAEL,Chief Executive Officer,Sale at price 133.03 - 138.46 per share.,7665,1049587.0,I
TEAM,2026-01-26,FARQUHAR SCOTT,Director and Beneficial Owner of more than 10% of a Class of Security,Sale at price 133.03 - 138.46 per share.,7665,1049588.0,I
TEAM,2026-01-23,CANNON-BROOKES MICHAEL,Chief Executive Officer,Sale at price 129.47 - 132.10 per share.,7665,1002961.0,I
TEAM,2026-01-23,FARQUHAR SCOTT,Director and Beneficial Owner of more than 10% of a Class of Security,Sale at price 129.47 - 132.10 per share.,7665,1002962.0,I
TEAM,2026-01-22,CANNON-BROOKES MICHAEL,Chief Executive Officer,Sale at price 123.55 - 128.43 per share.,7665,966640.0,I
TEAM,2026-01-22,FARQUHAR SCOTT,Director and Beneficial Owner of more than 10% of a Class of Security,Sale at price 123.55 - 128.43 per share.,7665,966641.0,I
TEAM,2026-01-21,CANNON-BROOKES MICHAEL,Chief Executive Officer,Sale at price 117.86 - 122.99 per share.,7665,930574.0,I
TEAM,2026-01-21,FARQUHAR SCOTT,Director and Beneficial Owner of more than 10% of a Class of Security,Sale at price 117.86 - 122.99 per share.,7665,930574.0,I
TEAM,2026-01-20,CANNON-BROOKES MICHAEL,Chief Executive Officer,Sale at price 118.19 per share.,7665,905916.0,I
TEAM,2026-01-20,FARQUHAR SCOTT,Director and Beneficial Owner of more than 10% of a Class of Security,Sale at price 118.19 per share.,7665,905916.0,I
TEAM,2026-01-16,CANNON-BROOKES MICHAEL,Chief Executive Officer,Sale at price 118.77 - 125.45 per share.,7665,926055.0,I
TEAM,2026-01-16,FARQUHAR SCOTT,Director and Beneficial Owner of more than 10% of a Class of Security,Sale at price 118.77 - 125.45 per share.,7665,926057.0,I
TEAM,2026-01-15,CANNON-BROOKES MICHAEL,Chief Executive Officer,Sale at price 128.25 - 133.45 per share.,7665,1002652.0,I
TEAM,2026-01-15,FARQUHAR SCOTT,Director and Beneficial Owner of more than 10% of a Class of Security,Sale at price 128.25 - 133.45 per share.,7665,1002653.0,I
TEAM,2026-01-14,CANNON-BROOKES MICHAEL,Chief Executive Officer,Sale at price 131.88 - 137.59 per share.,7665,1024507.0,I
TEAM,2026-01-14,FARQUHAR SCOTT,Director and Beneficial Owner of more than 10% of a Class of Security,Sale at price 131.88 - 137.59 per share.,7665,1024507.0,I
TEAM,2026-01-13,CANNON-BROOKES MICHAEL,Chief Executive Officer,Sale at price 138.33 - 147.65 per share.,7665,1071899.0,I
TEAM,2026-01-13,FARQUHAR SCOTT,Director and Beneficial Owner of more than 10% of a Class of Security,Sale at price 138.33 - 147.65 per share.,7665,1071900.0,I
TEAM,2026-01-12,CANNON-BROOKES MICHAEL,Chief Executive Officer,Sale at price 144.39 - 148.34 per share.,7665,1127893.0,I
TEAM,2026-01-12,FARQUHAR SCOTT,Director and Beneficial Owner of more than 10% of a Class of Security,Sale at price 144.39 - 148.34 per share.,7665,1127895.0,I
TEAM,2026-01-09,CANNON-BROOKES MICHAEL,Chief Executive Officer,Sale at price 144.02 - 150.69 per share.,7665,1118427.0,I
TEAM,2026-01-09,FARQUHAR SCOTT,Director and Beneficial Owner of more than 10% of a Class of Security,Sale at price 144.02 - 150.69 per share.,7665,1118427.0,I
TEAM,2026-01-08,CANNON-BROOKES MICHAEL,Chief Executive Officer,Sale at price 149.68 - 159.06 per share.,7665,1164050.0,I
TEAM,2026-01-08,FARQUHAR SCOTT,Director and Beneficial Owner of more than 10% of a Class of Security,Sale at price 149.68 - 159.06 per share.,7665,1164051.0,I
HUBS,2026-08-10,DISCHLER GERALD,Director,Purchase at price 215.93 per share.,925,199735.0,D
HUBS,2026-08-05,DISCHLER GERALD,Director,Stock Award(Grant) at price 0.00 per share.,1015,0.0,D
HUBS,2026-08-04,FISHER ERIKA ASHLEY,Officer,Sale at price 235.22 per share.,702,165124.0,D
HUBS,2026-07-21,HALLIGAN BRIAN P,Director,Sale at price 221.09 per share.,8500,1879265.0,I
HUBS,2026-06-16,HALLIGAN BRIAN P,Director,Sale at price 184.42 per share.,8500,1567570.0,I
HUBS,2026-06-16,NORRINGTON LORRIE M,Director,Stock Award(Grant) at price 0.00 per share.,1211,0.0,D
HUBS,2026-06-16,JOHNSON CLAIRE D'OYLY-HUGHES,Director,Stock Award(Grant) at price 0.00 per share.,1211,0.0,D
HUBS,2026-06-16,BERRY MICHAEL J,Director,Stock Award(Grant) at price 0.00 per share.,1211,0.0,D
HUBS,2026-06-16,SHIH CLARA,Director,Stock Award(Grant) at price 0.00 per share.,1211,0.0,D
HUBS,2026-06-16,ANAGNOST ANDREW J,Director,Stock Award(Grant) at price 0.00 per share.,1211,0.0,D
HUBS,2026-06-16,SIMONS JAY,Director,Stock Award(Grant) at price 0.00 per share.,1211,0.0,D
HUBS,2026-06-16,WARD JILL A,Director,Stock Award(Grant) at price 0.00 per share.,1211,0.0,D
HUBS,2026-06-16,HALLIGAN BRIAN P,Director,Stock Award(Grant) at price 0.00 per share.,1211,0.0,D
HUBS,2026-05-19,HALLIGAN BRIAN P,Director,Sale at price 220.00 per share.,8500,1870000.0,D
HUBS,2026-05-12,RANGAN YAMINI,Chief Executive Officer,Purchase at price 189.84 per share.,2750,522060.0,D
HUBS,2026-05-12,SHAH DHARMESH P,Chief Technology Officer,Purchase at price 181.37 per share.,10000,1813700.0,D
HUBS,2026-05-11,NORRINGTON LORRIE M,Director,Purchase at price 190.42 per share.,1313,250021.0,D
HUBS,2026-05-04,FISHER ERIKA ASHLEY,Officer,Sale at price 236.66 per share.,915,216544.0,D
HUBS,2026-04-21,HALLIGAN BRIAN P,Director,Sale at price 230.72 per share.,8292,1913130.0,D
HUBS,2026-04-01,BERRY MICHAEL J,Director,Stock Award(Grant) at price 0.00 per share.,170,0.0,D
HUBS,2026-03-17,HALLIGAN BRIAN P,Director,Sale at price 262.75 per share.,8500,2233375.0,D
HUBS,2026-03-10,HALLIGAN BRIAN P,Director,Stock Gift at price 0.00 per share.,102000,0.0,D
HUBS,2026-03-02,BUEKER KATHRYN,Chief Financial Officer,Stock Award(Grant) at price 0.00 per share.,16676,0.0,D
HUBS,2026-03-02,RANGAN YAMINI,Chief Executive Officer,Stock Award(Grant) at price 0.00 per share.,37900,0.0,D
HUBS,2026-03-02,FISHER ERIKA ASHLEY,Officer,Stock Award(Grant) at price 0.00 per share.,7580,0.0,D
HUBS,2026-03-02,SHAH DHARMESH P,Chief Technology Officer,Stock Award(Grant) at price 0.00 per share.,8717,0.0,D
HUBS,2026-02-17,HALLIGAN BRIAN P,Director,Sale at price 253.00 per share.,8261,2090033.0,D
HUBS,2026-02-12,BUEKER KATHRYN,Chief Financial Officer,Stock Award(Grant) at price 0.00 per share.,5943,0.0,D
HUBS,2026-02-12,RANGAN YAMINI,Chief Executive Officer,Stock Award(Grant) at price 0.00 per share.,13209,0.0,D
HUBS,2026-02-12,HALLIGAN BRIAN P,Director,Stock Award(Grant) at price 0.00 per share.,2311,0.0,D
HUBS,2026-02-12,SHAH DHARMESH P,Chief Technology Officer,Stock Award(Grant) at price 0.00 per share.,3302,0.0,D
HUBS,2026-02-04,FISHER ERIKA ASHLEY,Officer,Sale at price 238.01 - 251.88 per share.,1430,348524.0,D
HUBS,2026-01-20,HALLIGAN BRIAN P,Director,Sale at price 303.38 per share.,8500,2578730.0,D
HUBS,2025-12-16,HALLIGAN BRIAN P,Director,Sale at price 366.99 per share.,8500,3119415.0,D
HUBS,2025-12-12,SHAH DHARMESH P,Chief Technology Officer,Stock Gift at price 0.00 per share.,15464,0.0,D
HUBS,2025-12-12,SHAH DHARMESH P,Chief Technology Officer,Conversion of Exercise of derivative security at price 40.59 per share.,19990,811394.0,D
HUBS,2025-11-18,HALLIGAN BRIAN P,Director,Sale at price 368.11 per share.,8500,3128935.0,D
HUBS,2025-11-03,HALLIGAN BRIAN P,Director,Sale at price 493.30 per share.,235,115926.0,D
HUBS,2025-11-03,HALLIGAN BRIAN P,Director,Conversion of Exercise of derivative security at price 490.47 per share.,235,115260.0,D
HUBS,2025-11-03,SHIH CLARA,Director,Stock Award(Grant) at price 0.00 per share.,310,0.0,D
HUBS,2025-10-21,HALLIGAN BRIAN P,Director,Sale at price 446.98 per share.,8265,3694290.0,D
HUBS,2025-10-21,HALLIGAN BRIAN P,Director,Conversion of Exercise of derivative security at price 383.13 per share.,263,100763.0,D
HUBS,2025-10-06,RANGAN YAMINI,Chief Executive Officer,Sale at price 500.00 per share.,2387,1193500.0,D
HUBS,2025-10-06,BUEKER KATHRYN,Chief Financial Officer,Sale at price 500.00 per share.,615,307500.0,D
HUBS,2025-09-16,HALLIGAN BRIAN P,Director,Sale at price 506.52 per share.,8500,4305420.0,D
HUBS,2025-09-16,HALLIGAN BRIAN P,Director,Conversion of Exercise of derivative security at price 381.74 - 490.47 per share.,8408,3570204.0,D
HUBS,2025-09-09,SHAH DHARMESH P,Chief Technology Officer,Sale at price 500.19 - 503.25 per share.,22000,11019040.0,D
HUBS,2025-09-08,RANGAN YAMINI,Chief Executive Officer,Sale at price 500.00 per share.,477,238500.0,D
HUBS,2025-09-08,BUEKER KATHRYN,Chief Financial Officer,Sale at price 500.00 per share.,119,59500.0,D
HUBS,2025-08-19,HALLIGAN BRIAN P,Director,Sale at price 449.84 per share.,8500,3823640.0,D
HUBS,2025-08-19,HALLIGAN BRIAN P,Director,Conversion of Exercise of derivative security at price 182.91 - 381.74 per share.,8500,1825939.0,D
HUBS,2025-07-15,HALLIGAN BRIAN P,Director,Sale at price 543.07 per share.,8500,4616095.0,D
HUBS,2025-07-15,HALLIGAN BRIAN P,Director,Conversion of Exercise of derivative security at price 159.70 - 182.91 per share.,7668,1363236.0,D
HUBS,2025-07-02,RANGAN YAMINI,Chief Executive Officer,Sale at price 551.79 per share.,2383,1314916.0,D
HUBS,2025-07-02,BUEKER KATHRYN,Chief Financial Officer,Sale at price 551.79 per share.,615,339351.0,D
HUBS,2025-06-17,HALLIGAN BRIAN P,Director,Sale at price 548.03 per share.,8500,4658255.0,D
HUBS,2025-06-17,HALLIGAN BRIAN P,Director,Conversion of Exercise of derivative security at price 159.70 per share.,6955,1110714.0,D
HUBS,2025-06-04,NORRINGTON LORRIE M,Director,Stock Award(Grant) at price 0.00 per share.,400,0.0,D
HUBS,2025-06-04,CALDWELL NICHOLAS V.,Director,Stock Award(Grant) at price 0.00 per share.,400,0.0,D
HUBS,2025-06-04,JOHNSON CLAIRE D'OYLY-HUGHES,Director,Stock Award(Grant) at price 0.00 per share.,400,0.0,D
VEEV,2026-07-16,SCHWENGER THOMAS D,President,Sale at price 200.00 per share.,5000,1000000.0,D
VEEV,2026-04-30,HUNG PRISCILLA C,Director,Sale at price 155.64 per share.,750,116730.0,D
VEEV,2026-04-10,HUNG PRISCILLA C,Director,Sale at price 153.50 per share.,750,115125.0,D
VEEV,2026-03-05,SCHWENGER THOMAS D,President,Sale at price 200.00 per share.,1000,200000.0,D
VEEV,2026-01-13,SCHWENGER THOMAS D,President,Sale at price 231.43 per share.,1000,231430.0,D
VEEV,2025-12-02,SEKHRI PAUL JAI,Director,Stock Gift at price 0.00 per share.,2491,0.0,D
VEEV,2025-10-08,SCHWENGER THOMAS D,President,Stock Gift at price 0.00 per share.,980,0.0,D
VEEV,2025-10-07,ZUPPAS ELENI NITSA A,President,Conversion of Exercise of derivative security at price 135.49 per share.,6000,812940.0,D
VEEV,2025-10-07,ZUPPAS ELENI NITSA A,President,Sale at price 306.62 per share.,6000,1839694.0,D
VEEV,2025-10-06,FADDIS JONATHAN W,General Counsel,Stock Gift at price 0.00 per share.,5001,0.0,D
VEEV,2025-10-06,FADDIS JONATHAN W,General Counsel,Sale at price 298.12 per share.,720,214646.0,D
VEEV,2025-10-02,SCHWENGER THOMAS D,President,Sale at price 300.04 per share.,3350,1005140.0,D
VEEV,2025-10-02,FADDIS JONATHAN W,General Counsel,Conversion of Exercise of derivative security at price 180.02 - 207.48 per share.,15821,2885845.0,D
VEEV,2025-10-02,FADDIS JONATHAN W,General Counsel,Sale at price 300.00 per share.,14595,4378500.0,D
VEEV,2025-07-10,FADDIS JONATHAN W,General Counsel,Sale at price 285.62 per share.,720,205646.0,D
VEEV,2025-07-07,HUNG PRISCILLA C,Director,Sale at price 283.00 - 284.40 per share.,343,97308.0,D
VEEV,2025-06-06,CABRAL TIMOTHY S,Director,Sale at price 289.72 per share.,315,91262.0,I
VEEV,2025-05-29,SCHWENGER THOMAS D,President,Sale at price 268.11 per share.,1150,308324.0,D
VEEV,2025-05-02,FADDIS JONATHAN W,General Counsel,Sale at price 236.71 per share.,833,197179.0,D
VEEV,2025-04-14,SCHWENGER THOMAS D,President,Sale at price 220.76 - 221.40 per share.,1200,265168.0,D
VEEV,2025-04-04,CABRAL TIMOTHY S,Director,Sale at price 216.83 per share.,3882,841734.0,I
VEEV,2025-04-02,FADDIS JONATHAN W,General Counsel,Sale at price 226.20 per share.,787,178019.0,D
VEEV,2024-12-13,CABRAL TIMOTHY S,Director,Stock Gift at price 0.00 per share.,1064,0.0,I
VEEV,2024-12-04,FADDIS JONATHAN W,General Counsel,Sale at price 230.30 per share.,1694,390128.0,D
VEEV,2024-11-08,SCHWENGER THOMAS D,President,Sale at price 240.01 per share.,1126,270252.0,D
VEEV,2024-08-21,FADDIS JONATHAN W,General Counsel,Sale at price 200.00 per share.,2353,470600.0,D
ADSK,2026-06-23,CAHILL JOHN T,Director,Purchase at price 189.20 per share.,2000,378400.0,I
ADSK,2026-06-17,RAHIM RAMI,Director,Stock Award(Grant) at price 0.00 per share.,2019,0.0,D
ADSK,2026-06-17,SMITH STACY J,Director,Stock Award(Grant) at price 0.00 per share.,2640,0.0,D
ADSK,2026-06-17,IRVING BLAKE J,Director,Stock Award(Grant) at price 0.00 per share.,2112,0.0,D
ADSK,2026-06-17,ABBOSH OMAR P,Director,Stock Award(Grant) at price 0.00 per share.,1553,0.0,D
ADSK,2026-06-17,HOWARD AYANNA MACCALLA,Director,Stock Award(Grant) at price 0.00 per share.,2019,0.0,D
ADSK,2026-06-17,SIMONS ANNA CHRISTINE,Director,Stock Award(Grant) at price 0.00 per share.,2019,0.0,D
ADSK,2026-06-17,BLASING KAREN LOUISE,Director,Stock Award(Grant) at price 0.00 per share.,2143,0.0,D
ADSK,2026-06-17,CAHILL JOHN T,Director,Stock Award(Grant) at price 0.00 per share.,2174,0.0,D
ADSK,2026-06-17,EPSTEIN JEFFREY EMANUEL,Director,Stock Award(Grant) at price 0.00 per share.,2019,0.0,D
ADSK,2026-06-16,ANAGNOST ANDREW J,Chief Executive Officer,Purchase at price 202.66 per share.,2460,498544.0,D
ADSK,2026-06-15,MOORJANI JANESH,Chief Financial Officer,Purchase at price 197.67 per share.,2500,494175.0,D
ADSK,2026-05-29,SMITH STACY J,Director,Purchase at price 230.48 - 231.34 per share.,3435,794054.0,D
ADSK,2026-04-10,BLUM STEVEN M,Chief Operating Officer,Stock Award(Grant) at price 0.00 per share.,12921,0.0,D
ADSK,2026-04-10,ANAGNOST ANDREW J,Chief Executive Officer,Stock Award(Grant) at price 0.00 per share.,52762,0.0,D
ADSK,2026-04-10,MOORJANI JANESH,Chief Financial Officer,Stock Award(Grant) at price 0.00 per share.,12424,0.0,D
ADSK,2026-04-10,KEENE RUTH ANN,Officer,Stock Award(Grant) at price 0.00 per share.,7785,0.0,D
ADSK,2026-04-10,PEARCE REBECCA,Officer,Stock Award(Grant) at price 0.00 per share.,7454,0.0,D
ADSK,2026-03-24,BLUM STEVEN M,Chief Operating Officer,Stock Award(Grant) at price 0.00 per share.,15403,0.0,I
ADSK,2026-03-24,ANAGNOST ANDREW J,Chief Executive Officer,Stock Award(Grant) at price 0.00 per share.,43091,0.0,D
ADSK,2026-03-24,MOORJANI JANESH,Chief Financial Officer,Stock Award(Grant) at price 0.00 per share.,18932,0.0,D
ADSK,2026-03-24,KEENE RUTH ANN,Officer,Stock Award(Grant) at price 0.00 per share.,7751,0.0,D
ADSK,2026-03-24,PEARCE REBECCA,Officer,Stock Award(Grant) at price 0.00 per share.,7751,0.0,D
ADSK,2025-12-02,ANAGNOST ANDREW J,Chief Executive Officer,Stock Gift at price 0.00 per share.,26268,0.0,D
ADSK,2025-09-29,HOWARD AYANNA MACCALLA,Director,Sale at price 325.00 per share.,917,298025.0,D
ADSK,2025-09-05,BLUM STEVEN M,Chief Operating Officer,Sale at price 322.51 - 325.03 per share.,22420,7258476.0,I
ADSK,2025-09-03,KEENE RUTH ANN,Officer,Sale at price 315.10 per share.,2761,869991.0,D
ADSK,2025-08-29,HOWARD AYANNA MACCALLA,Director,Sale at price 325.00 per share.,3159,1026675.0,D
ADSK,2025-08-29,PEARCE REBECCA,Officer,Sale at price 320.00 - 325.00 per share.,6129,1980040.0,D
ADSK,2025-07-03,PEARCE REBECCA,Officer,Sale at price 315.00 per share.,3251,1024065.0,D
ADSK,2025-06-30,PEARCE REBECCA,Officer,Sale at price 310.00 per share.,3110,964100.0,D
ADSK,2025-06-24,PEARCE REBECCA,Officer,Sale at price 305.00 per share.,2544,775920.0,D
ADSK,2025-06-18,RAHIM RAMI,Director,Stock Award(Grant) at price 0.00 per share.,1150,0.0,D
ADSK,2025-06-18,SMITH STACY J,Director,Stock Award(Grant) at price 0.00 per share.,1455,0.0,D
ADSK,2025-06-18,IRVING BLAKE J,Director,Stock Award(Grant) at price 0.00 per share.,1191,0.0,D
ADSK,2025-06-18,FRENCH R REID JR,Director,Stock Award(Grant) at price 0.00 per share.,1232,0.0,D
ADSK,2025-06-18,MILLIGAN STEPHEN D.,Director,Stock Award(Grant) at price 0.00 per share.,1150,0.0,D
ADSK,2025-06-18,HOWARD AYANNA MACCALLA,Director,Stock Award(Grant) at price 0.00 per share.,1150,0.0,D
ADSK,2025-06-18,"KRISHNAN RAM R,",Director,Stock Award(Grant) at price 0.00 per share.,1150,0.0,D
ADSK,2025-06-18,SIMONS ANNA CHRISTINE,Director,Stock Award(Grant) at price 0.00 per share.,846,0.0,D
ADSK,2025-06-18,BLASING KAREN LOUISE,Director,Stock Award(Grant) at price 0.00 per share.,1150,0.0,D
ADSK,2025-06-18,CAHILL JOHN T,Director,Stock Award(Grant) at price 0.00 per share.,1252,0.0,D
ADSK,2025-06-18,EPSTEIN JEFFREY EMANUEL,Director,Stock Award(Grant) at price 0.00 per share.,846,0.0,D
ADSK,2025-06-17,PEARCE REBECCA,Officer,Sale at price 300.00 per share.,486,145800.0,D
ADSK,2025-04-01,HOPE STEPHEN W.,Officer,Sale at price 261.18 per share.,57,14887.0,D
ADSK,2025-03-28,HOPE STEPHEN W.,Officer,Sale at price 267.29 per share.,2452,655395.0,D
ADSK,2025-03-27,BLUM STEVEN M,Chief Operating Officer,Stock Award(Grant) at price 0.00 per share.,19908,0.0,I
ADSK,2025-03-27,ANAGNOST ANDREW J,Chief Executive Officer,Stock Award(Grant) at price 0.00 per share.,56493,0.0,D
ADSK,2025-03-27,HOPE STEPHEN W.,Officer,Stock Award(Grant) at price 0.00 per share.,1936,0.0,D
ADSK,2025-03-27,KEENE RUTH ANN,Officer,Stock Award(Grant) at price 0.00 per share.,10447,0.0,D
ADSK,2025-03-27,PEARCE REBECCA,Officer,Stock Award(Grant) at price 0.00 per share.,10033,0.0,D
ADSK,2025-03-26,BLUM STEVEN M,Chief Operating Officer,Stock Gift at price 0.00 per share.,4000,0.0,I
ADSK,2025-03-21,CAHILL JOHN T,Director,Purchase at price 267.10 per share.,2000,534194.0,I
ADSK,2024-12-18,"KRISHNAN RAM R,",Director,Stock Award(Grant) at price 0.00 per share.,491,0.0,D
ADSK,2024-12-18,CAHILL JOHN T,Director,Stock Award(Grant) at price 0.00 per share.,491,0.0,D
ADSK,2024-12-16,MOORJANI JANESH,Chief Financial Officer,Stock Award(Grant) at price 305.83 per share.,33514,10249587.0,D
ADSK,2024-12-16,MOORJANI JANESH,Chief Financial Officer,Stock Award(Grant) at price 0.00 per share.,33514,0.0,D
ADSK,2024-12-11,NORRINGTON LORRIE M,Director,Sale at price 305.37 per share.,1778,542948.0,D
ADSK,2024-12-06,NORRINGTON LORRIE M,Director,Sale at price 305.92 per share.,1778,543926.0,D
ADSK,2024-11-15,MCDOWELL MARY THERESE,Director,Sale at price 305.06 per share.,550,167783.0,D
SNPS,2026-06-15,GHAZI SASSINE E,Chief Executive Officer,Sale at price 458.96 per share.,14603,6702222.0,D
SNPS,2026-06-15,GHAZI SASSINE E,Chief Executive Officer,Conversion of Exercise of derivative security at price 135.88 per share.,17913,1984256.0,D
SNPS,2026-06-12,GLASER SHELAGH M,Chief Financial Officer,Sale at price 450.02 per share.,3394,1527372.0,I
SNPS,2026-06-01,COHN JESSE A.,Director,Stock Award(Grant) at price 0.00 per share.,1082,0.0,D
SNPS,2026-04-16,PAINTER ROBERT G,Director,Stock Award(Grant) at price 0.00 per share.,453,0.0,D
SNPS,2026-04-16,VIJAYARAGHAVAN RAVI K,Director,Stock Award(Grant) at price 0.00 per share.,453,0.0,D
SNPS,2026-04-16,SHIMER PETER A,Director,Stock Award(Grant) at price 0.00 per share.,453,0.0,D
SNPS,2026-04-16,SCHWARZ JOHN GEORGE,Director,Stock Award(Grant) at price 0.00 per share.,453,0.0,D
SNPS,2026-04-16,CHAFFIN JANICE DURBIN,Director,Stock Award(Grant) at price 0.00 per share.,453,0.0,D
SNPS,2026-04-16,SARGENT JEANNINE PERCHARD,Director,Stock Award(Grant) at price 0.00 per share.,453,0.0,D
SNPS,2026-04-16,JOHNSON MERCEDES,Director,Stock Award(Grant) at price 0.00 per share.,453,0.0,D
SNPS,2026-04-16,CHIZEN BRUCE R,Director,Stock Award(Grant) at price 0.00 per share.,453,0.0,D
SNPS,2026-02-27,SHIMER PETER A,Director,Stock Award(Grant) at price 0.00 per share.,925,0.0,D
SNPS,2026-01-12,LEE JANET,General Counsel,Sale at price 530.00 per share.,250,132500.0,D
SNPS,2026-01-07,LEE JANET,General Counsel,Sale at price 510.00 per share.,250,127500.0,D
SNPS,2025-12-19,GLASER SHELAGH M,Chief Financial Officer,Sale at price 460.77 per share.,3657,1685036.0,D
SNPS,2025-12-19,GLASER SHELAGH M,Chief Financial Officer,Conversion of Exercise of derivative security at price 348.17 - 354.45 per share.,3657,1279814.0,D
SNPS,2025-09-22,KANKANWADI SUDHINDRA,Officer,Sale at price 482.00 - 500.90 per share.,15873,7837408.0,D
SNPS,2025-09-22,KANKANWADI SUDHINDRA,Officer,Conversion of Exercise of derivative security at price 89.76 per share.,15873,1424760.0,D
SNPS,2025-09-11,PAINTER ROBERT G,Director,Purchase at price 425.44 per share.,350,148904.0,D
SNPS,2025-09-11,VIJAYARAGHAVAN RAVI K,Director,Stock Award(Grant) at price 0.00 per share.,1140,0.0,D
SNPS,2025-09-11,GOPAL AJEI S,Director,Stock Award(Grant) at price 0.00 per share.,1140,0.0,D
SNPS,2025-09-05,GLASER SHELAGH M,Chief Financial Officer,Sale at price 609.77 per share.,3655,2228709.0,D
SNPS,2025-09-05,GLASER SHELAGH M,Chief Financial Officer,Conversion of Exercise of derivative security at price 348.17 - 354.45 per share.,3655,1279111.0,D
SNPS,2025-09-02,GHAZI SASSINE E,Chief Executive Officer,Sale at price 589.01 per share.,11366,6694725.0,D
SNPS,2025-09-02,GHAZI SASSINE E,Chief Executive Officer,Conversion of Exercise of derivative security at price 89.76 per share.,11366,1020212.0,D
SNPS,2025-06-18,MAHONEY RICHARD S,Officer,Sale at price 471.18 - 471.27 per share.,9010,4245645.0,D
SNPS,2025-06-18,MAHONEY RICHARD S,Officer,Conversion of Exercise of derivative security at price 319.20 - 354.45 per share.,4141,1363825.0,D
SNPS,2025-06-06,GLASER SHELAGH M,Chief Financial Officer,Sale at price 485.72 per share.,7310,3550609.0,D
SNPS,2025-06-06,GLASER SHELAGH M,Chief Financial Officer,Conversion of Exercise of derivative security at price 348.17 - 354.45 per share.,7310,2558223.0,D
SNPS,2025-06-02,GHAZI SASSINE E,Chief Executive Officer,Sale at price 457.93 per share.,11366,5204786.0,D
SNPS,2025-06-02,GHAZI SASSINE E,Chief Executive Officer,Conversion of Exercise of derivative security at price 89.76 per share.,11366,1020212.0,D
SNPS,2025-04-10,PAINTER ROBERT G,Director,Stock Award(Grant) at price 0.00 per share.,491,0.0,D
SNPS,2025-04-10,BORGEN LUIS,Director,Stock Award(Grant) at price 0.00 per share.,491,0.0,D
SNPS,2025-04-10,SCHWARZ JOHN GEORGE,Director,Stock Award(Grant) at price 0.00 per share.,491,0.0,D
SNPS,2025-04-10,CHAFFIN JANICE DURBIN,Director,Stock Award(Grant) at price 0.00 per share.,491,0.0,D
SNPS,2025-04-10,SARGENT JEANNINE PERCHARD,Director,Stock Award(Grant) at price 0.00 per share.,491,0.0,D
SNPS,2025-04-10,JOHNSON MERCEDES,Director,Stock Award(Grant) at price 0.00 per share.,491,0.0,D
SNPS,2025-04-10,CHIZEN BRUCE R,Director,Stock Award(Grant) at price 0.00 per share.,491,0.0,D
SNPS,2025-03-06,DE GEUS AART J,Officer and Director,Sale at price 444.42 per share.,15705,6979652.0,D
SNPS,2025-03-06,DE GEUS AART J,Officer and Director,Conversion of Exercise of derivative security at price 89.76 per share.,15705,1409681.0,D
SNPS,2025-03-03,GHAZI SASSINE E,Chief Executive Officer,Sale at price 463.75 per share.,11366,5270969.0,D
SNPS,2025-03-03,GHAZI SASSINE E,Chief Executive Officer,Conversion of Exercise of derivative security at price 89.76 per share.,11366,1020212.0,D
SNPS,2025-01-15,MAHONEY RICHARD S,Officer,Sale at price 505.97 - 506.07 per share.,20838,10544205.0,D
SNPS,2025-01-15,MAHONEY RICHARD S,Officer,Conversion of Exercise of derivative security at price 319.20 - 354.45 per share.,14495,4773902.0,D
SNPS,2025-01-14,GHAZI SASSINE E,Chief Executive Officer,Stock Gift at price 0.00 per share.,450,0.0,D
SNPS,2025-01-14,RUNKEL JOHN F JR,General Counsel,Stock Gift at price 0.00 per share.,40,0.0,D
SNPS,2024-08-23,GHAZI SASSINE E,Chief Executive Officer,Sale at price 553.89 per share.,10293,5701201.0,D
SNPS,2024-08-23,GHAZI SASSINE E,Chief Executive Officer,Conversion of Exercise of derivative security at price 90.51 per share.,10293,931619.0,D
CDNS,2026-07-30,SOHN YOUNG K,Director,Stock Gift at price 0.00 per share.,9,0.0,D
CDNS,2026-07-22,TENG CHIN-CHI,Officer,Sale at price 335.70 - 345.16 per share.,4500,1527555.0,D
CDNS,2026-07-22,TENG CHIN-CHI,Officer,Conversion of Exercise of derivative security at price 202.94 per share.,1000,202940.0,D
CDNS,2026-07-15,CUNNINGHAM PAUL ALEXANDER,Officer,Sale at price 383.36 per share.,2000,766720.0,D
CDNS,2026-07-15,CUNNINGHAM PAUL ALEXANDER,Officer,Conversion of Exercise of derivative security at price 138.02 per share.,1000,138020.0,D
CDNS,2026-06-22,TENG CHIN-CHI,Officer,Sale at price 379.18 - 390.92 per share.,4500,1731970.0,D
CDNS,2026-06-22,TENG CHIN-CHI,Officer,Conversion of Exercise of derivative security at price 202.94 per share.,1000,202940.0,D
CDNS,2026-06-15,CUNNINGHAM PAUL ALEXANDER,Officer,Sale at price 391.00 per share.,2000,782000.0,D
CDNS,2026-06-15,CUNNINGHAM PAUL ALEXANDER,Officer,Conversion of Exercise of derivative security at price 138.02 per share.,1000,138020.0,D
CDNS,2026-06-11,PLUMMER JAMES D,Director,Sale at price 381.34 per share.,1511,576205.0,I
CDNS,2026-06-10,BRENNAN ITA M,Director,Sale at price 383.29 - 398.65 per share.,180,69740.0,D
CDNS,2026-06-02,DEVGAN ANIRUDH,Chief Executive Officer,Sale at price 395.00 - 415.00 per share.,76827,30846765.0,D
CDNS,2026-06-01,SCANNELL PAUL,Officer,Sale at price 393.91 per share.,7081,2789277.0,D
CDNS,2026-06-01,DEVGAN ANIRUDH,Chief Executive Officer,Conversion of Exercise of derivative security at price 78.76 per share.,26821,2112422.0,D
CDNS,2026-06-01,SCANNELL PAUL,Officer,Conversion of Exercise of derivative security at price 285.19 per share.,7081,2019430.0,D
CDNS,2026-05-22,TENG CHIN-CHI,Officer,Sale at price 361.88 - 380.76 per share.,4500,1662087.0,D
CDNS,2026-05-22,DEVGAN ANIRUDH,Chief Executive Officer,Sale at price 370.00 per share.,51887,19198190.0,D
CDNS,2026-05-22,DEVGAN ANIRUDH,Chief Executive Officer,Conversion of Exercise of derivative security at price 78.76 per share.,25000,1969000.0,D
CDNS,2026-05-22,TENG CHIN-CHI,Officer,Conversion of Exercise of derivative security at price 202.94 per share.,1000,202940.0,D
CDNS,2026-05-18,SCANNELL PAUL,Officer,Sale at price 345.06 per share.,1071,369559.0,D
CDNS,2026-05-18,SCANNELL PAUL,Officer,Sale at price 345.06 per share.,1071,369559.0,D
CDNS,2026-05-07,PLUMMER JAMES D,Director,Stock Gift at price 0.00 per share.,779,0.0,D
CDNS,2026-05-07,ADAMS MARK W,Director,Stock Gift at price 0.00 per share.,779,0.0,D
CDNS,2026-05-07,LIUSON JULIA,Director,Stock Award(Grant) at price 0.00 per share.,714,0.0,D
CDNS,2026-05-07,VAN DEN HOVE LUC,Director,Stock Award(Grant) at price 0.00 per share.,714,0.0,D
CDNS,2026-05-07,GAVRIELOV MOSHE NACHUM,Director,Stock Award(Grant) at price 0.00 per share.,714,0.0,D
CDNS,2026-05-07,PLUMMER JAMES D,Director,Stock Award(Grant) at price 0.00 per share.,714,0.0,D
CDNS,2026-05-07,SANGIOVANNI VINCENTELLI ALBERTO,Director,Stock Award(Grant) at price 0.00 per share.,714,0.0,D
CDNS,2026-05-07,BRENNAN ITA M,Director,Stock Award(Grant) at price 0.00 per share.,714,0.0,D
CDNS,2026-05-07,KRAKAUER MARY LOUISE,Director,Stock Award(Grant) at price 0.00 per share.,714,0.0,D
CDNS,2026-05-07,ADAMS MARK W,Director,Stock Award(Grant) at price 0.00 per share.,714,0.0,D
CDNS,2026-05-07,SOHN YOUNG K,Director,Stock Award(Grant) at price 0.00 per share.,714,0.0,D
CDNS,2026-05-07,CHEW LEWIS,Director,Stock Award(Grant) at price 0.00 per share.,714,0.0,D
CDNS,2026-05-06,SOHN YOUNG K,Director,Stock Gift at price 354.90 per share.,72,25553.0,D
CDNS,2026-05-05,WALL JOHN M,Chief Financial Officer,Sale at price 346.68 - 351.32 per share.,5000,1743564.0,D
CDNS,2026-05-01,SCANNELL PAUL,Officer,Sale at price 339.00 per share.,10500,3559500.0,D
CDNS,2026-05-01,CUNNINGHAM PAUL ALEXANDER,Officer,Sale at price 337.49 per share.,1000,337490.0,D
CDNS,2026-04-16,WALL JOHN M,Chief Financial Officer,Sale at price 309.45 per share.,21500,6653175.0,D
CDNS,2026-04-01,CUNNINGHAM PAUL ALEXANDER,Officer,Sale at price 280.19 per share.,1000,280190.0,D
CDNS,2026-03-18,WALL JOHN M,Chief Financial Officer,Stock Award(Grant) at price 0.00 per share.,51655,0.0,D
CDNS,2026-03-18,TENG CHIN-CHI,Officer,Stock Award(Grant) at price 0.00 per share.,46396,0.0,D
CDNS,2026-03-18,TAXAY MARC,General Counsel,Stock Award(Grant) at price 0.00 per share.,6433,0.0,D
CDNS,2026-03-18,CUNNINGHAM PAUL ALEXANDER,Officer,Stock Award(Grant) at price 0.00 per share.,46396,0.0,D
CDNS,2026-03-18,SCANNELL PAUL,Officer,Stock Award(Grant) at price 0.00 per share.,16326,0.0,D
CDNS,2026-03-18,DEVGAN ANIRUDH,Chief Executive Officer,Stock Award(Grant) at price 0.00 per share.,190167,0.0,D
CDNS,2026-03-17,BRENNAN ITA M,Director,Sale at price 293.53 - 300.29 per share.,180,53105.0,D
CDNS,2026-03-16,WALL JOHN M,Chief Financial Officer,Stock Award(Grant) at price 0.00 per share.,15616,0.0,D
CDNS,2026-03-16,TENG CHIN-CHI,Officer,Stock Award(Grant) at price 0.00 per share.,13386,0.0,D
CDNS,2026-03-16,TAXAY MARC,General Counsel,Stock Award(Grant) at price 0.00 per share.,8366,0.0,D
CDNS,2026-03-16,CUNNINGHAM PAUL ALEXANDER,Officer,Stock Award(Grant) at price 0.00 per share.,13386,0.0,D
CDNS,2026-03-16,SCANNELL PAUL,Officer,Stock Award(Grant) at price 0.00 per share.,13943,0.0,D
CDNS,2026-03-16,DEVGAN ANIRUDH,Chief Executive Officer,Stock Award(Grant) at price 0.00 per share.,40562,0.0,D
CDNS,2026-03-02,CUNNINGHAM PAUL ALEXANDER,Officer,Sale at price 297.78 per share.,1000,297780.0,D
CDNS,2026-02-02,CUNNINGHAM PAUL ALEXANDER,Officer,Sale at price 295.09 per share.,1000,295090.0,D
CDNS,2026-01-21,GAVRIELOV MOSHE NACHUM,Director,Sale at price 312.56 - 316.76 per share.,25,7898.0,D
CDNS,2026-01-08,TENG CHIN-CHI,Officer,Sale at price 317.96 per share.,6319,2009189.0,D
CDNS,2026-01-08,TENG CHIN-CHI,Officer,Conversion of Exercise of derivative security at price 78.76 per share.,3000,236280.0,D
CDNS,2026-01-02,CUNNINGHAM PAUL ALEXANDER,Officer,Sale at price 315.70 per share.,1000,315700.0,D
CDNS,2025-12-31,VAN DEN HOVE LUC,Director,Stock Award(Grant) at price 0.00 per share.,265,0.0,D
CDNS,2025-12-16,WALL JOHN M,Chief Financial Officer,Sale at price 317.34 - 320.10 per share.,27805,8857772.0,D
GOOGL,2026-08-07,SERGEY BRIN,Director and Beneficial Owner of more than 10% of a Class of Security,Stock Gift at price 0.00 per share.,673200,0.0,D
GOOGL,2026-02-19,SERGEY BRIN,Director and Beneficial Owner of more than 10% of a Class of Security,Stock Gift at price 0.00 per share.,437500,0.0,D
GOOGL,2026-02-13,HENNESSY JOHN L,Director,Sale at price 306.11 - 307.77 per share.,600,184037.0,I
GOOGL,2026-01-13,HENNESSY JOHN L,Director,Sale at price 335.13 - 339.75 per share.,600,202514.0,I
GOOGL,2025-12-09,SHRIRAM KAVITARK RAM,Director,Stock Gift at price 0.00 per share.,39200,0.0,I
GOOGL,2025-09-25,SHRIRAM KAVITARK RAM,Director,Stock Gift at price 0.00 per share.,243508,0.0,I
GOOGL,2025-08-15,SHRIRAM KAVITARK RAM,Director,Sale at price 205.00 per share.,26000,5330000.0,D/I
GOOGL,2025-07-18,SHRIRAM KAVITARK RAM,Director,Sale at price 185.76 per share.,33566,6235220.0,D/I
GOOGL,2025-05-22,SHRIRAM KAVITARK RAM,Director,Sale at price 175.00 per share.,19500,3412500.0,D/I
GOOGL,2025-02-18,SHRIRAM KAVITARK RAM,Director,Sale at price 182.49 - 185.51 per share.,53066,9810567.0,D/I
GOOGL,2025-01-31,SHRIRAM KAVITARK RAM,Director,Sale at price 205.00 per share.,26000,5330000.0,D/I
GOOGL,2025-01-13,HENNESSY JOHN L,Director,Sale at price 187.90 - 190.40 per share.,1500,284693.0,I
GOOGL,2024-12-18,SHRIRAM KAVITARK RAM,Director,Stock Gift at price 0.00 per share.,65400,0.0,I
GOOGL,2024-12-12,HENNESSY JOHN L,Director,Sale at price 192.80 - 195.03 per share.,1500,291336.0,I
GOOGL,2024-12-10,SHRIRAM KAVITARK RAM,Director,Sale at price 185.01 - 185.02 per share.,72500,13413721.0,D/I
GOOGL,2024-11-12,HENNESSY JOHN L,Director,Sale at price 179.80 - 182.03 per share.,1500,271125.0,I
GOOGL,2024-11-07,SHRIRAM KAVITARK RAM,Director,Sale at price 177.41 per share.,19500,3459495.0,D/I
GOOGL,2024-10-30,SHRIRAM KAVITARK RAM,Director,Sale at price 180.78 per share.,19500,3525210.0,D/I
GOOGL,2024-10-14,HENNESSY JOHN L,Director,Sale at price 163.70 - 165.27 per share.,1500,247432.0,I
GOOGL,2024-10-10,SHRIRAM KAVITARK RAM,Director,Stock Gift at price 0.00 per share.,391400,0.0,I
GOOGL,2024-09-23,HENNESSY JOHN L,Director,Sale at price 165.00 per share.,700,115500.0,I
GOOGL,2024-09-12,HENNESSY JOHN L,Director,Sale at price 153.47 - 154.22 per share.,800,123003.0,I
META,2026-08-10,OLIVAN JAVIER,Chief Operating Officer,Sale at price 600.00 - 607.14 per share.,1692,1016373.0,D/I
META,2026-08-04,ANDREESSEN MARC L,Director,Sale at price 588.16 - 591.69 per share.,426,250907.0,I
META,2026-08-03,KIMMITT ROBERT M,Director,Sale at price 561.56 per share.,500,280780.0,D
META,2026-07-31,ZUCKERBERG MARK,Chief Executive Officer,Stock Gift at price 0.00 per share.,591690,0.0,I
META,2026-07-31,ALFORD PEGGY,Director,Sale at price 543.56 per share.,464,252212.0,I
META,2026-07-27,OLIVAN JAVIER,Chief Operating Officer,Sale at price 607.85 per share.,1466,891108.0,D/I
META,2026-07-20,OLIVAN JAVIER,Chief Operating Officer,Sale at price 645.85 per share.,1466,946816.0,D/I
META,2026-07-13,OLIVAN JAVIER,Chief Operating Officer,Sale at price 660.98 - 661.13 per share.,2163,1429787.0,D/I
META,2026-07-06,OLIVAN JAVIER,Chief Operating Officer,Sale at price 600.00 - 603.14 per share.,5235,3145422.0,D/I
META,2026-07-01,KIMMITT ROBERT M,Director,Sale at price 607.75 per share.,500,303875.0,D
META,2026-06-15,OLIVAN JAVIER,Chief Operating Officer,Sale at price 600.00 per share.,1398,838800.0,D/I
META,2026-06-01,KIMMITT ROBERT M,Director,Sale at price 629.29 per share.,504,317162.0,D
META,2026-06-01,OLIVAN JAVIER,Chief Operating Officer,Sale at price 629.29 per share.,1466,922539.0,D/I
META,2026-05-27,MAHONEY CURTIS J,Officer,Sale at price 609.92 per share.,2079,1268024.0,D
META,2026-05-26,OLIVAN JAVIER,Chief Operating Officer,Sale at price 608.98 per share.,1466,892765.0,D/I
META,2026-05-18,OLIVAN JAVIER,Chief Operating Officer,Sale at price 609.35 per share.,1466,893307.0,D/I
META,2026-05-18,BOSWORTH ANDREW,Chief Technology Officer,Sale at price 604.51 - 611.83 per share.,7847,4769642.0,D
META,2026-05-18,LI SUSAN J.,Chief Financial Officer,Sale at price 604.63 - 618.43 per share.,11322,6904533.0,I
META,2026-05-11,OLIVAN JAVIER,Chief Operating Officer,Sale at price 604.57 per share.,1555,940106.0,D/I
META,2026-05-04,OLIVAN JAVIER,Chief Operating Officer,Sale at price 607.74 per share.,1555,945036.0,D/I
META,2026-05-01,ALFORD PEGGY,Director,Sale at price 614.53 per share.,409,251343.0,I
META,2026-04-27,OLIVAN JAVIER,Chief Operating Officer,Sale at price 670.84 per share.,1555,1043156.0,D/I
META,2026-04-20,OLIVAN JAVIER,Chief Operating Officer,Sale at price 680.09 per share.,1555,1057540.0,D/I
META,2026-04-15,KIMMITT ROBERT M,Director,Sale at price 667.00 per share.,580,386860.0,D
META,2026-04-13,OLIVAN JAVIER,Chief Operating Officer,Sale at price 626.24 - 634.68 per share.,4665,2936559.0,D/I
META,2026-03-23,OLIVAN JAVIER,Chief Operating Officer,Sale at price 605.38 per share.,1555,941366.0,D/I
META,2026-03-16,KIMMITT ROBERT M,Director,Sale at price 632.02 per share.,580,366572.0,D
META,2026-03-16,OLIVAN JAVIER,Chief Operating Officer,Sale at price 632.02 per share.,1555,982791.0,D/I
META,2026-03-09,OLIVAN JAVIER,Chief Operating Officer,Sale at price 634.94 per share.,1555,987332.0,D/I
META,2026-03-02,OLIVAN JAVIER,Chief Operating Officer,Sale at price 637.21 per share.,1555,990862.0,D/I
META,2026-02-27,LI SUSAN J.,Chief Financial Officer,Sale at price 640.11 - 648.83 per share.,56571,36471144.0,I
META,2026-02-25,ALFORD PEGGY,Director,Sale at price 643.00 per share.,392,252056.0,I
META,2026-02-24,LI SUSAN J.,Chief Financial Officer,Sale at price 630.31 - 637.94 per share.,55702,35293175.0,I
META,2026-02-23,OLIVAN JAVIER,Chief Operating Officer,Sale at price 652.68 per share.,1555,1014917.0,D/I
META,2026-02-20,LI SUSAN J.,Chief Financial Officer,Sale at price 650.00 per share.,18789,12212850.0,I
META,2026-02-18,ANDERSON AARON,Officer,Stock Gift at price 0.00 per share.,167,0.0,D
META,2026-02-18,BOSWORTH ANDREW,Chief Technology Officer,Sale at price 630.68 - 632.49 per share.,8089,5106082.0,D
META,2026-02-17,KIMMITT ROBERT M,Director,Sale at price 639.18 per share.,580,370724.0,D
META,2026-02-17,OLIVAN JAVIER,Chief Operating Officer,Sale at price 639.18 - 639.77 per share.,3262,2086457.0,D/I
META,2026-02-13,LI SUSAN J.,Chief Financial Officer,Sale at price 639.77 per share.,6418,4106044.0,I
META,2026-02-09,OLIVAN JAVIER,Chief Operating Officer,Sale at price 663.19 per share.,517,342869.0,D
META,2026-02-02,OLIVAN JAVIER,Chief Operating Officer,Sale at price 714.60 per share.,517,369448.0,D
META,2026-01-26,OLIVAN JAVIER,Chief Operating Officer,Sale at price 665.00 per share.,517,343805.0,D
META,2026-01-20,OLIVAN JAVIER,Chief Operating Officer,Sale at price 608.35 per share.,517,314517.0,D
META,2026-01-15,KIMMITT ROBERT M,Director,Sale at price 618.28 per share.,580,358602.0,D
META,2026-01-12,OLIVAN JAVIER,Chief Operating Officer,Sale at price 653.00 per share.,517,337601.0,D
META,2026-01-05,OLIVAN JAVIER,Chief Operating Officer,Sale at price 650.41 per share.,517,336262.0,D
META,2025-12-30,NEWSTEAD JENNIFER,Officer,Sale at price 658.69 per share.,519,341860.0,D
META,2025-12-29,OLIVAN JAVIER,Chief Operating Officer,Sale at price 658.14 per share.,517,340258.0,D
META,2025-12-23,NEWSTEAD JENNIFER,Officer,Sale at price 659.38 per share.,519,342218.0,D
META,2025-12-22,OLIVAN JAVIER,Chief Operating Officer,Sale at price 661.11 per share.,517,341794.0,D
META,2025-12-16,NEWSTEAD JENNIFER,Officer,Sale at price 643.23 per share.,519,333836.0,D
META,2025-12-15,KIMMITT ROBERT M,Director,Sale at price 646.00 per share.,580,374680.0,D
META,2025-12-15,OLIVAN JAVIER,Chief Operating Officer,Sale at price 646.00 per share.,517,333982.0,D
META,2025-12-09,NEWSTEAD JENNIFER,Officer,Sale at price 664.16 per share.,519,344699.0,D
META,2025-12-08,OLIVAN JAVIER,Chief Operating Officer,Sale at price 669.63 per share.,517,346199.0,D
META,2025-12-02,NEWSTEAD JENNIFER,Officer,Sale at price 642.22 per share.,519,333312.0,D
META,2025-12-01,OLIVAN JAVIER,Chief Operating Officer,Sale at price 639.03 per share.,517,330379.0,D
META,2025-11-26,KIMMITT ROBERT M,Director,Stock Gift at price 0.00 per share.,600,0.0,D
META,2025-11-25,NEWSTEAD JENNIFER,Officer,Sale at price 624.14 per share.,519,323929.0,D
SPOT,2026-08-03,SODERSTROM GUSTAV STIG VICTOR,Chief Executive Officer,Conversion of Exercise of derivative security at price 151.25 per share.,20833,3150991.0,D
SPOT,2026-08-03,NORSTROM ALEX,Chief Executive Officer,Conversion of Exercise of derivative security at price 151.25 per share.,5436,822195.0,D
SPOT,2026-08-03,NORSTROM ALEX,Chief Executive Officer,Sale at price 499.96 - 506.04 per share.,5436,2729435.0,D
SPOT,2026-08-03,SODERSTROM GUSTAV STIG VICTOR,Chief Executive Officer,Sale at price 500.03 - 511.64 per share.,20833,10567336.0,D
SPOT,2026-07-06,SODERSTROM GUSTAV STIG VICTOR,Chief Executive Officer,Conversion of Exercise of derivative security at price 151.25 per share.,20833,3150991.0,D
SPOT,2026-07-06,NORSTROM ALEX,Chief Executive Officer,Conversion of Exercise of derivative security at price 151.25 per share.,5436,822195.0,D
SPOT,2026-07-06,NORSTROM ALEX,Chief Executive Officer,Sale at price 476.31 - 486.00 per share.,5436,2613965.0,D
SPOT,2026-07-06,SODERSTROM GUSTAV STIG VICTOR,Chief Executive Officer,Sale at price 474.96 - 485.82 per share.,20833,9967538.0,D
SPOT,2026-06-02,SODERSTROM GUSTAV STIG VICTOR,Chief Executive Officer,Conversion of Exercise of derivative security at price 151.25 per share.,20833,3150991.0,D
SPOT,2026-06-02,NORSTROM ALEX,Chief Executive Officer,Conversion of Exercise of derivative security at price 151.25 per share.,5436,822195.0,D
SPOT,2026-06-02,NORSTROM ALEX,Chief Executive Officer,Sale at price 498.27 per share.,5436,2708586.0,D
SPOT,2026-06-02,SODERSTROM GUSTAV STIG VICTOR,Chief Executive Officer,Sale at price 496.52 per share.,20833,10344030.0,D
SPOT,2026-05-28,WARRIOR PADMASREE,Director,Stock Award(Grant) at price 0.00 per share.,329,0.0,D
SPOT,2026-05-28,MARSHALL CHRISTOPHER P,Director,Stock Award(Grant) at price 0.00 per share.,658,0.0,D
SPOT,2026-05-28,SARANDOS THEODORE ANTHONY JR.,Director,Stock Award(Grant) at price 0.00 per share.,494,0.0,D
SPOT,2026-05-28,O NEILL HEIDI,Director,Stock Award(Grant) at price 0.00 per share.,658,0.0,D
SPOT,2026-05-28,SARANDOS THEODORE ANTHONY JR.,Director,Conversion of Exercise of derivative security at price 241.57 per share.,5630,1360039.0,D
SPOT,2026-05-26,STAGGS THOMAS O,Director,Conversion of Exercise of derivative security at price 241.57 - 362.36 per share.,8942,2880148.0,D
SPOT,2026-05-26,MARSHALL CHRISTOPHER P,Director,Conversion of Exercise of derivative security at price 241.57 per share.,5630,1360039.0,D
SPOT,2026-05-26,STAGGS THOMAS O,Director,Sale at price 526.00 per share.,5477,2880902.0,D
SPOT,2026-05-26,MARSHALL CHRISTOPHER P,Director,Sale at price 519.86 per share.,2650,1377629.0,D
SPOT,2026-05-22,LORENTZON SVEN HANS MARTIN,Director,Conversion of Exercise of derivative security at price 169.16 - 362.36 per share.,35380,8160313.0,D
SPOT,2026-05-22,WARRIOR PADMASREE,Director,Conversion of Exercise of derivative security at price 241.57 per share.,2815,680020.0,D
SPOT,2026-05-22,LORENTZON SVEN HANS MARTIN,Director,Sale at price 525.73 per share.,35380,18600331.0,D
SPOT,2026-05-05,NORSTROM ALEX,Chief Executive Officer,Conversion of Exercise of derivative security at price 151.25 per share.,5436,822195.0,D
SPOT,2026-05-05,SODERSTROM GUSTAV STIG VICTOR,Chief Executive Officer,Conversion of Exercise of derivative security at price 151.25 per share.,20833,3150991.0,D
SPOT,2026-05-05,NORSTROM ALEX,Chief Executive Officer,Sale at price 433.07 per share.,5436,2354192.0,D
SPOT,2026-05-05,SODERSTROM GUSTAV STIG VICTOR,Chief Executive Officer,Sale at price 430.72 per share.,20833,8973092.0,D
SPOT,2026-05-04,MCCARTHY BARRY C,Director,Conversion of Exercise of derivative security at price 241.57 per share.,5630,1360039.0,I
SPOT,2026-05-01,JENKINS DUSTEE,Officer,Stock Award(Grant) at price 0.00 per share.,5662,0.0,D
SPOT,2026-05-01,LUNDSTROM ANNA,Officer,Stock Award(Grant) at price 0.00 per share.,8607,0.0,D
SPOT,2026-05-01,LUIGA CHRISTIAN,Chief Financial Officer,Stock Award(Grant) at price 0.00 per share.,9343,0.0,D
SPOT,2026-04-01,NORSTROM ALEX,Chief Executive Officer,Conversion of Exercise of derivative security at price 151.25 per share.,5436,822195.0,D
SPOT,2026-04-01,SODERSTROM GUSTAV STIG VICTOR,Chief Executive Officer,Conversion of Exercise of derivative security at price 151.25 per share.,20833,3150991.0,D
SPOT,2026-04-01,NORSTROM ALEX,Chief Executive Officer,Sale at price 479.51 per share.,5436,2606629.0,D
SPOT,2026-04-01,SODERSTROM GUSTAV STIG VICTOR,Chief Executive Officer,Sale at price 473.52 per share.,20833,9864807.0,D
PINS,2026-08-12,SILBERMANN BENJAMIN,Director and Beneficial Owner of more than 10% of a Class of Security,Sale at price 23.23 - 23.88 per share.,93750,2208220.0,I
PINS,2026-08-11,BROWN CLAUDE LEONARD,Officer,Sale at price 23.88 per share.,12240,292285.0,D
PINS,2026-08-07,BRAU DONNELLY JULIA,Chief Financial Officer,Sale at price 23.48 per share.,59096,1387716.0,D
PINS,2026-07-22,SILBERMANN BENJAMIN,Director and Beneficial Owner of more than 10% of a Class of Security,Sale at price 22.54 - 22.57 per share.,93750,2114180.0,I
PINS,2026-07-15,SILBERMANN BENJAMIN,Director and Beneficial Owner of more than 10% of a Class of Security,Sale at price 22.25 - 23.03 per share.,93750,2122420.0,I
PINS,2026-07-15,RAJARAM GOKUL,Director,Sale at price 22.85 per share.,1050,23992.0,D
PINS,2026-07-08,SILBERMANN BENJAMIN,Director and Beneficial Owner of more than 10% of a Class of Security,Sale at price 22.22 - 22.63 per share.,93750,2102508.0,I
PINS,2026-07-01,SILBERMANN BENJAMIN,Director and Beneficial Owner of more than 10% of a Class of Security,Sale at price 21.45 - 21.64 per share.,93750,2019881.0,I
PINS,2026-06-24,SILBERMANN BENJAMIN,Director and Beneficial Owner of more than 10% of a Class of Security,Sale at price 19.84 - 20.18 per share.,93750,1869602.0,I
PINS,2026-06-24,WALCOTT WANJIKU JUANITA,Officer,Sale at price 19.65 per share.,14208,279187.0,D
PINS,2026-06-17,SILBERMANN BENJAMIN,Director and Beneficial Owner of more than 10% of a Class of Security,Sale at price 20.66 - 21.15 per share.,93750,1959825.0,I
PINS,2026-06-17,RAJARAM GOKUL,Director,Sale at price 20.85 per share.,1050,21892.0,D
PINS,2026-06-10,SILBERMANN BENJAMIN,Director and Beneficial Owner of more than 10% of a Class of Security,Sale at price 21.43 - 21.78 per share.,93750,2025689.0,I
PINS,2026-06-03,SILBERMANN BENJAMIN,Director and Beneficial Owner of more than 10% of a Class of Security,Sale at price 20.28 - 20.50 per share.,93750,1911530.0,I
PINS,2026-05-29,WALCOTT WANJIKU JUANITA,Officer,Sale at price 20.46 per share.,27337,559402.0,D
PINS,2026-05-27,RAJARAM GOKUL,Director,Sale at price 20.00 per share.,1050,21000.0,D
PINS,2026-05-22,BERGH CHARLES V,Director,Stock Award(Grant) at price 19.29 per share.,13996,269983.0,D
PINS,2026-05-22,SCHENKEL SCOTT F,Director,Stock Award(Grant) at price 19.29 per share.,13996,269983.0,D
PINS,2026-05-22,SILBERMANN BENJAMIN,Director and Beneficial Owner of more than 10% of a Class of Security,Stock Award(Grant) at price 19.29 per share.,13996,269983.0,D
PINS,2026-05-22,WISHOM ANDREA M,Director,Stock Award(Grant) at price 19.29 per share.,13996,269983.0,D
PINS,2026-05-22,COLEMAN SALAAM,Director,Stock Award(Grant) at price 19.29 per share.,13996,269983.0,D
PINS,2026-05-22,STEELMAN KECIA,Director,Stock Award(Grant) at price 19.29 per share.,13996,269983.0,D
PINS,2026-05-22,STEINBERG MARC,Director,Stock Award(Grant) at price 19.29 per share.,13996,269983.0,D
PINS,2026-05-22,REUTER EMILY,Director,Stock Award(Grant) at price 19.29 per share.,13996,269983.0,D
PINS,2026-05-22,REYNOLDS FREDRIC G,Director,Stock Award(Grant) at price 19.29 per share.,13996,269983.0,D
PINS,2026-05-22,KILGORE LESLIE JEAN,Director,Stock Award(Grant) at price 19.29 per share.,13996,269983.0,D
PINS,2026-05-22,RAJARAM GOKUL,Director,Stock Award(Grant) at price 19.29 per share.,13996,269983.0,D
PINS,2026-05-21,SILBERMANN BENJAMIN,Director and Beneficial Owner of more than 10% of a Class of Security,Sale at price 18.84 per share.,8414,158520.0,D
PINS,2026-05-06,BROWN CLAUDE LEONARD,Officer,Sale at price 20.77 per share.,60983,1266830.0,D
PINS,2026-04-15,RAJARAM GOKUL,Director,Sale at price 20.00 per share.,2100,42000.0,D
PINS,2026-04-10,READY WILLIAM J,Chief Executive Officer,Stock Award(Grant) at price 0.00 per share.,656456,0.0,D
PINS,2026-04-10,WALCOTT WANJIKU JUANITA,Officer,Stock Award(Grant) at price 0.00 per share.,291781,0.0,D
PINS,2026-04-10,BRAU DONNELLY JULIA,Chief Financial Officer,Stock Award(Grant) at price 0.00 per share.,408028,0.0,D
PINS,2026-04-10,MADRIGAL MATTHEW,Chief Technology Officer,Stock Award(Grant) at price 0.00 per share.,678885,0.0,D
PINS,2026-04-07,ACOSTA ANDREA,Officer,Stock Award(Grant) at price 0.00 per share.,147885,0.0,D
PINS,2026-03-06,RAJARAM GOKUL,Director,Sale at price 20.00 per share.,1050,21000.0,D
PINS,2026-03-05,BROWN CLAUDE LEONARD,Officer,Stock Award(Grant) at price 0.00 per share.,1407925,0.0,D
PINS,2026-02-24,WALCOTT WANJIKU JUANITA,Officer,Stock Gift at price 0.00 per share.,6000,0.0,D
PINS,2026-02-13,STEELMAN KECIA,Director,Stock Award(Grant) at price 0.00 per share.,25940,0.0,D
PINS,2026-02-02,DUCARD MALIK,Officer,Sale at price 22.06 per share.,2293,50584.0,D
PINS,2026-01-02,DUCARD MALIK,Officer,Sale at price 26.18 per share.,2293,60031.0,D
PINS,2025-12-24,DUCARD MALIK,Officer,Sale at price 25.86 per share.,6000,155162.0,D
PINS,2025-12-24,BRAU DONNELLY JULIA,Chief Financial Officer,Sale at price 25.86 per share.,22821,590099.0,D
PINS,2025-12-18,WALCOTT WANJIKU JUANITA,Officer,Stock Award(Grant) at price 0.00 per share.,199536,0.0,D
PINS,2025-12-18,BRAU DONNELLY JULIA,Chief Financial Officer,Stock Award(Grant) at price 0.00 per share.,278404,0.0,D
PINS,2025-12-18,MADRIGAL MATTHEW,Chief Technology Officer,Stock Award(Grant) at price 0.00 per share.,620310,0.0,D
PINS,2025-11-24,ACOSTA ANDREA,Officer,Sale at price 25.00 per share.,3759,93963.0,D
PINS,2025-11-19,WALCOTT WANJIKU JUANITA,Officer,Stock Gift at price 0.00 per share.,4200,0.0,D
PINS,2025-11-11,WALCOTT WANJIKU JUANITA,Officer,Sale at price 26.89 per share.,74047,1990909.0,D
PINS,2025-10-01,SILBERMANN BENJAMIN,Director and Beneficial Owner of more than 10% of a Class of Security,Sale at price 31.86 per share.,8,255.0,I
PINS,2025-09-24,SILBERMANN BENJAMIN,Director and Beneficial Owner of more than 10% of a Class of Security,Sale at price 34.85 - 34.86 per share.,102083,3558117.0,I
PINS,2025-09-24,BRAU DONNELLY JULIA,Chief Financial Officer,Sale at price 34.85 per share.,22821,795401.0,D
PINS,2025-09-18,REUTER EMILY,Director,Stock Award(Grant) at price 0.00 per share.,11019,0.0,D
PINS,2025-09-17,SILBERMANN BENJAMIN,Director and Beneficial Owner of more than 10% of a Class of Security,Sale at price 36.49 - 36.80 per share.,102083,3742805.0,I
PINS,2025-09-10,SILBERMANN BENJAMIN,Director and Beneficial Owner of more than 10% of a Class of Security,Sale at price 34.80 - 36.00 per share.,102083,3582352.0,I
PINS,2025-09-03,SILBERMANN BENJAMIN,Director and Beneficial Owner of more than 10% of a Class of Security,Sale at price 37.04 per share.,102083,3780819.0,I
PINS,2025-08-27,SILBERMANN BENJAMIN,Director and Beneficial Owner of more than 10% of a Class of Security,Sale at price 36.03 per share.,102083,3677903.0,I
PINS,2025-08-22,ACOSTA ANDREA,Officer,Sale at price 34.96 per share.,3759,131427.0,D
PINS,2025-08-20,SILBERMANN BENJAMIN,Director and Beneficial Owner of more than 10% of a Class of Security,Sale at price 34.96 per share.,102083,3569087.0,I
PINS,2025-08-20,RAJARAM GOKUL,Director,Sale at price 35.00 per share.,1150,40250.0,D
SNAP,2026-08-07,WOOD LUKE,Director,Stock Award(Grant) at price 0.00 per share.,46905,0.0,D
SNAP,2026-08-07,COFFEY KELLY,Director,Stock Award(Grant) at price 0.00 per share.,46905,0.0,D
SNAP,2026-08-07,JENKINS ELIZABETH,Director,Stock Award(Grant) at price 0.00 per share.,46905,0.0,D
SNAP,2026-08-07,VARGAS FIDEL,Director,Stock Award(Grant) at price 0.00 per share.,46905,0.0,D
SNAP,2026-08-07,THORPE POPPY,Director,Stock Award(Grant) at price 0.00 per share.,46905,0.0,D
SNAP,2026-08-07,SPENCE PATRICK,Director,Stock Award(Grant) at price 0.00 per share.,46905,0.0,D
SNAP,2026-08-07,MCRAE MATTHEW BLAKE,Director,Stock Award(Grant) at price 0.00 per share.,46905,0.0,D
SNAP,2026-08-07,LANZONE JAMES,Director,Stock Award(Grant) at price 0.00 per share.,46905,0.0,D
SNAP,2026-08-07,COLES JOANNA,Director,Stock Award(Grant) at price 0.00 per share.,46905,0.0,D
SNAP,2026-08-07,MORROW REBECCA,Officer,Stock Award(Grant) at price 0.00 per share.,65081,0.0,D
SNAP,2026-08-07,LYNTON MICHAEL M,Director,Stock Award(Grant) at price 0.00 per share.,46905,0.0,D
SNAP,2026-08-07,MILLER SCOTT D,Director,Stock Award(Grant) at price 0.00 per share.,46905,0.0,D
SNAP,2026-08-06,MURPHY ROBERT C.,Chief Technology Officer,Sale at price 5.25 - 5.56 per share.,4000000,21612400.0,D
SNAP,2026-08-06,MURPHY ROBERT C.,Chief Technology Officer,Stock Gift at price 0.00 per share.,1223340,0.0,D
SNAP,2026-07-16,MOHAN AJIT,Officer,Sale at price 4.72 per share.,24263,114456.0,D
SNAP,2026-06-17,WOOD LUKE,Director,Stock Award(Grant) at price 0.00 per share.,13186,0.0,D
SNAP,2026-06-16,MOHAN AJIT,Officer,Sale at price 5.58 per share.,6923,38652.0,D
SNAP,2026-06-04,BRIERS ZACHARY M,General Counsel,Sale at price 6.00 per share.,11958,71748.0,D
SNAP,2026-05-29,MURPHY ROBERT C.,Chief Technology Officer,Sale at price 5.88 per share.,343945,2020814.0,I
SNAP,2026-05-19,HOTT DOUGLAS,Chief Financial Officer,Sale at price 5.60 - 5.67 per share.,238911,1346170.0,D
SNAP,2026-05-19,BRIERS ZACHARY M,General Counsel,Sale at price 5.60 - 5.67 per share.,201238,1132022.0,D
SNAP,2026-05-19,MORROW REBECCA,Officer,Sale at price 5.60 - 5.74 per share.,20299,114142.0,D
SNAP,2026-05-19,MORROW REBECCA,Officer,Stock Award(Grant) at price 0.00 per share.,41119,0.0,D
SNAP,2026-05-18,MOHAN AJIT,Officer,Sale at price 5.60 per share.,44785,250809.0,D
SNAP,2026-05-14,MURPHY ROBERT C.,Chief Technology Officer,Sale at price 5.28 - 5.44 per share.,4000000,21445200.0,D
SNAP,2026-05-14,MURPHY ROBERT C.,Chief Technology Officer,Stock Gift at price 0.00 per share.,1202533,0.0,D
SNAP,2026-05-08,HOTT DOUGLAS,Chief Financial Officer,Stock Award(Grant) at price 0.00 per share.,2450659,0.0,D
SNAP,2026-04-16,MOHAN AJIT,Officer,Sale at price 6.02 per share.,28058,168850.0,D
SNAP,2026-04-15,BRIERS ZACHARY M,General Counsel,Sale at price 6.04 per share.,11437,69079.0,D
SNAP,2026-04-08,SPIEGEL EVAN,Chief Executive Officer,Sale at price 5.04 per share.,1000000,5041200.0,I
SNAP,2026-03-16,ANDERSEN DEREK,Chief Financial Officer,Sale at price 4.59 per share.,92956,427058.0,D
SNAP,2026-03-16,MOHAN AJIT,Officer,Sale at price 4.59 per share.,27743,127474.0,D
SNAP,2026-02-23,MORROW REBECCA,Officer,Stock Award(Grant) at price 0.00 per share.,66033,0.0,D
SNAP,2026-02-19,MORROW REBECCA,Officer,Sale at price 4.70 - 4.84 per share.,19674,92939.0,D
SNAP,2026-02-18,BRIERS ZACHARY M,General Counsel,Sale at price 4.70 - 4.73 per share.,203325,958120.0,D
SNAP,2026-02-17,ANDERSEN DEREK,Chief Financial Officer,Sale at price 4.70 per share.,63041,296331.0,D
SNAP,2026-02-17,MOHAN AJIT,Officer,Sale at price 4.70 per share.,119339,561060.0,D
SNAP,2026-02-10,MURPHY ROBERT C.,Chief Technology Officer,Sale at price 5.27 - 5.36 per share.,2000000,10625800.0,D
SNAP,2026-02-10,MURPHY ROBERT C.,Chief Technology Officer,Stock Gift at price 0.00 per share.,601453,0.0,D
SNAP,2026-02-03,ANDERSEN DEREK,Chief Financial Officer,Stock Award(Grant) at price 0.00 per share.,983607,0.0,D
SNAP,2026-01-16,MOHAN AJIT,Officer,Sale at price 7.62 per share.,20848,158953.0,D
SNAP,2026-01-14,ANDERSEN DEREK,Chief Financial Officer,Sale at price 7.83 per share.,23715,185594.0,D
SNAP,2026-01-05,SPIEGEL EVAN,Chief Executive Officer,Sale at price 8.25 per share.,1220165,10066361.0,D
SNAP,2026-01-05,SPIEGEL EVAN,Chief Executive Officer,Stock Gift at price 0.00 per share.,364078,0.0,D
SNAP,2025-12-30,SPIEGEL EVAN,Chief Executive Officer,Sale at price 8.00 per share.,1258850,10072059.0,D
SNAP,2025-12-30,MCRAE MATTHEW BLAKE,Director,Stock Award(Grant) at price 0.00 per share.,20653,0.0,D
SNAP,2025-12-30,SPIEGEL EVAN,Chief Executive Officer,Stock Gift at price 0.00 per share.,752823,0.0,D
SNAP,2025-12-17,MORROW REBECCA,Officer,Sale at price 7.22 - 7.34 per share.,13873,101381.0,D
SNAP,2025-12-16,ANDERSEN DEREK,Chief Financial Officer,Sale at price 7.21 per share.,34535,249122.0,D
SNAP,2025-12-16,MOHAN AJIT,Officer,Sale at price 7.21 per share.,28137,202952.0,D
SNAP,2025-12-08,SPIEGEL EVAN,Chief Executive Officer,Sale at price 8.00 - 8.01 per share.,1259900,10086752.0,D
SNAP,2025-11-19,BRIERS ZACHARY M,General Counsel,Stock Award(Grant) at price 0.00 per share.,2988793,0.0,D
SNAP,2025-11-19,MORROW REBECCA,Officer,Stock Award(Grant) at price 0.00 per share.,30451,0.0,D
SNAP,2025-11-17,ANDERSEN DEREK,Chief Financial Officer,Sale at price 8.34 - 8.40 per share.,79280,662218.0,D
SNAP,2025-11-17,MOHAN AJIT,Officer,Sale at price 8.34 per share.,109372,912250.0,D
SNAP,2025-11-17,O'SULLIVAN MICHAEL J,General Counsel,Sale at price 8.34 per share.,70882,591021.0,D
SNAP,2025-11-17,MORROW REBECCA,Officer,Sale at price 8.34 per share.,12699,105936.0,D
SNAP,2025-11-07,MURPHY ROBERT C.,Chief Technology Officer,Sale at price 8.00 per share.,1000000,8003700.0,D
SNAP,2025-11-07,MURPHY ROBERT C.,Chief Technology Officer,Stock Gift at price 0.00 per share.,297349,0.0,D
SNAP,2025-10-31,O'SULLIVAN MICHAEL J,General Counsel,Sale at price 7.73 per share.,24000,185623.0,I
TTD,2026-07-09,OLMSTEAD NATHAN,Chief Financial Officer,Stock Award(Grant) at price 0.00 per share.,246062,0.0,D
TTD,2026-06-11,HADDAD DAVID ALAN,Director,Stock Award(Grant) at price 0.00 per share.,25013,0.0,D
TTD,2026-05-28,JACOBSON SAMANTHA,Director,Sale at price 21.14 per share.,53681,1134816.0,D
TTD,2026-05-22,JACOBSON SAMANTHA,Director,Stock Award(Grant) at price 0.00 per share.,12477,0.0,D
TTD,2026-05-15,GREEN JEFFREY TERRY,Chief Executive Officer,Stock Gift at price 0.00 per share.,52909,0.0,D
TTD,2026-05-04,TAWAKOL OMAR,Director,Stock Award(Grant) at price 0.00 per share.,12220,0.0,D
TTD,2026-05-04,CUNNINGHAM ANDREA LEE,Director,Stock Award(Grant) at price 0.00 - 23.73 per share.,7899,42453.0,D
TTD,2026-05-04,VOLLERO ANDREW,Director,Stock Award(Grant) at price 0.00 per share.,12220,0.0,D
TTD,2026-04-02,CUNNINGHAM ANDREA LEE,Director,Stock Award(Grant) at price 25.57 - 25.79 per share.,48,1231.0,D
TTD,2026-04-02,VOLLERO ANDREW,Director,Stock Award(Grant) at price 0.00 per share.,12304,0.0,D
TTD,2026-03-05,FALBERG KATHRYN E.,Director,Sale at price 30.45 - 30.48 per share.,152828,4655113.0,D/I
TTD,2026-03-04,GREEN JEFFREY TERRY,Chief Executive Officer,Purchase at price 23.49 - 25.08 per share.,6000000,148101266.0,I
TTD,2026-03-03,GRANT JAY R,Officer,Stock Award(Grant) at price 0.00 per share.,167197,0.0,D
TTD,2026-03-03,KUNDRA VIVEK,Chief Operating Officer,Stock Award(Grant) at price 0.00 per share.,167197,0.0,D
TTD,2026-03-03,GREEN JEFFREY TERRY,Chief Executive Officer,Stock Award(Grant) at price 0.00 per share.,398089,0.0,D
TTD,2026-03-03,JACOBSON SAMANTHA,Officer and Director,Stock Award(Grant) at price 0.00 per share.,167197,0.0,D
TTD,2026-03-03,DAVIS TAHNIL R,Chief Financial Officer,Stock Award(Grant) at price 0.00 per share.,167197,0.0,D
TTD,2026-02-13,GREEN JEFFREY TERRY,Chief Executive Officer,Stock Gift at price 0.00 per share.,28029,0.0,D
TTD,2025-12-03,GREEN JEFFREY TERRY,Chief Executive Officer,Stock Gift at price 0.00 per share.,250000,0.0,I
TTD,2025-11-14,GREEN JEFFREY TERRY,Chief Executive Officer,Stock Gift at price 0.00 per share.,28028,0.0,D
TTD,2025-11-14,KUNDRA VIVEK,Chief Operating Officer,Stock Award(Grant) at price 35.64 per share.,322,11476.0,D
TTD,2025-09-10,CUNNINGHAM ANDREA LEE,Director,Sale at price 48.20 per share.,1403,67625.0,D
TTD,2025-08-21,KAYYAL ALEX,Chief Financial Officer,Stock Award(Grant) at price 0.00 per share.,102655,0.0,D
TTD,2025-08-15,GREEN JEFFREY TERRY,Chief Executive Officer,Stock Gift at price 0.00 per share.,28028,0.0,D
TTD,2025-08-11,TAWAKOL OMAR,Director,Stock Award(Grant) at price 0.00 per share.,6818,0.0,D
TTD,2025-08-07,GRANT JAY R,Officer,Conversion of Exercise of derivative security at price 59.57 - 74.64 per share.,30963,1950961.0,D
TTD,2025-08-07,GRANT JAY R,Officer,Sale at price 91.00 - 91.30 per share.,51290,4676679.0,D
TTD,2025-05-27,CUNNINGHAM ANDREA LEE,Director,Stock Award(Grant) at price 0.00 - 76.06 per share.,2922,35900.0,D
TTD,2025-05-27,RAJARAM GOKUL,Director,Stock Award(Grant) at price 0.00 per share.,4901,0.0,D
TTD,2025-05-27,FALBERG KATHRYN E.,Director,Stock Award(Grant) at price 0.00 - 76.06 per share.,7774,218520.0,D
TTD,2025-05-27,BUYER LISE J.,Director,Stock Award(Grant) at price 0.00 per share.,4901,0.0,D
TTD,2025-05-27,KAYYAL ALEX,Director,Stock Award(Grant) at price 0.00 - 76.06 per share.,2872,32097.0,D
TTD,2025-05-16,SCHENKEIN LAURA,Chief Financial Officer,Sale at price 76.56 - 77.39 per share.,4809,368662.0,D
TTD,2025-05-15,GREEN JEFFREY TERRY,Chief Executive Officer,Stock Gift at price 0.00 per share.,13319,0.0,D
TTD,2025-05-13,WELLS DAVID B,Director,Sale at price 79.88 per share.,28638,2287603.0,D
TTD,2025-05-13,WELLS DAVID B,Director,Conversion of Exercise of derivative security at price 49.03 - 66.26 per share.,28638,1669057.0,D
TTD,2025-05-13,GREEN JEFFREY TERRY,Chief Executive Officer,Sale at price 80.03 - 80.08 per share.,29877,2391160.0,I
TTD,2025-05-09,SCHENKEIN LAURA,Chief Financial Officer,Sale at price 70.00 per share.,6374,446180.0,D
TTD,2025-04-15,GRANT JAY R,Officer,Stock Award(Grant) at price 0.00 per share.,82378,0.0,D
TTD,2025-04-15,GREEN JEFFREY TERRY,Chief Executive Officer,Stock Award(Grant) at price 0.00 per share.,235367,0.0,D
TTD,2025-04-15,FALBERG KATHRYN E.,Director,Stock Award(Grant) at price 49.24 per share.,90,4432.0,D
TTD,2025-04-15,SCHENKEIN LAURA,Chief Financial Officer,Stock Award(Grant) at price 0.00 per share.,82378,0.0,D
TTD,2025-04-15,JACOBSON SAMANTHA,Officer and Director,Stock Award(Grant) at price 0.00 per share.,82378,0.0,D
TTD,2025-04-03,KUNDRA VIVEK,Chief Operating Officer,Stock Award(Grant) at price 0.00 per share.,82312,0.0,D
TTD,2025-02-14,GREEN JEFFREY TERRY,Chief Executive Officer,Stock Gift at price 0.00 per share.,13318,0.0,D
TTD,2025-02-14,KAYYAL ALEX,Director,Stock Award(Grant) at price 0.00 - 80.16 per share.,1577,4569.0,D
TTD,2025-02-11,GREEN JEFFREY TERRY,Chief Executive Officer,Sale at price 120.47 - 122.21 per share.,400000,48271897.0,I
TTD,2025-01-30,GREEN JEFFREY TERRY,Chief Executive Officer,Sale at price 120.12 - 124.11 per share.,143985,17540007.0,I
TTD,2025-01-28,JACOBSON SAMANTHA,Officer and Director,Conversion of Exercise of derivative security at price 59.57 - 81.07 per share.,4298,314738.0,D
TTD,2025-01-28,JACOBSON SAMANTHA,Officer and Director,Sale at price 117.88 - 119.13 per share.,4298,509551.0,D
TTD,2025-01-22,GREEN JEFFREY TERRY,Chief Executive Officer,Sale at price 120.85 - 125.99 per share.,922158,113826516.0,I
TTD,2025-01-07,GREEN JEFFREY TERRY,Chief Executive Officer,Sale at price 125.16 - 126.29 per share.,18207,2283821.0,I
TTD,2024-12-30,GRANT JAY R,Officer,Conversion of Exercise of derivative security at price 57.39 - 74.64 per share.,17782,1129412.0,D
TTD,2024-12-30,JACOBSON SAMANTHA,Officer and Director,Conversion of Exercise of derivative security at price 59.57 - 81.07 per share.,4297,314679.0,D
TTD,2024-12-30,GRANT JAY R,Officer,Sale at price 118.60 - 119.88 per share.,18524,2210755.0,D
TTD,2024-12-30,JACOBSON SAMANTHA,Officer and Director,Sale at price 118.75 - 120.04 per share.,4297,513316.0,D
TTD,2024-12-18,GREEN JEFFREY TERRY,Chief Executive Officer,Conversion of Exercise of derivative security at price 61.46 - 68.29 per share.,700000,47557468.0,D
TTD,2024-12-18,GREEN JEFFREY TERRY,Chief Executive Officer,Stock Gift at price 0.00 per share.,700000,0.0,D
TTD,2024-11-29,JACOBSON SAMANTHA,Officer and Director,Conversion of Exercise of derivative security at price 59.57 - 81.07 per share.,17190,1258835.0,D
TTD,2024-11-29,JACOBSON SAMANTHA,Officer and Director,Sale at price 127.89 - 128.72 per share.,22062,2829525.0,D
RDDT,2026-08-04,HUFFMAN STEVE LADD,Chief Executive Officer,Conversion of Exercise of derivative security at price 25.29 per share.,18000,455220.0,I
RDDT,2026-08-04,HUFFMAN STEVE LADD,Chief Executive Officer,Sale at price 154.51 - 162.45 per share.,18000,2876017.0,I
RDDT,2026-07-15,HUFFMAN STEVE LADD,Chief Executive Officer,Conversion of Exercise of derivative security at price 25.29 per share.,18000,455220.0,I
RDDT,2026-07-15,WONG JENNIFER L,Chief Operating Officer,Conversion of Exercise of derivative security at price 5.35 per share.,39167,209543.0,D
RDDT,2026-07-15,HUFFMAN STEVE LADD,Chief Executive Officer,Sale at price 190.68 - 205.69 per share.,18000,3561471.0,I
RDDT,2026-07-15,WONG JENNIFER L,Chief Operating Officer,Sale at price 190.54 - 206.83 per share.,39167,7750173.0,D
RDDT,2026-07-02,FILI-KRUSHEL PATRICIA D,Director,Stock Award(Grant) at price 0.00 per share.,122,0.0,D
RDDT,2026-07-02,HABIGER DAVID C,Director,Stock Award(Grant) at price 0.00 per share.,283,0.0,D
RDDT,2026-07-02,FARRELL SARAH E,Director,Stock Award(Grant) at price 0.00 per share.,126,0.0,D
RDDT,2026-07-02,SEIBEL MICHAEL,Director,Stock Award(Grant) at price 0.00 per share.,103,0.0,D
RDDT,2026-07-02,NEWHOUSE STEVEN O,Director,Stock Award(Grant) at price 0.00 per share.,115,0.0,D
RDDT,2026-07-02,GALE MARY PORTER,Director,Stock Award(Grant) at price 0.00 per share.,107,0.0,D
RDDT,2026-07-01,REYNOLDS MICHELLE MARIE,Officer,Sale at price 200.00 per share.,808,161600.0,D
RDDT,2026-06-30,HUFFMAN STEVE LADD,Chief Executive Officer,Conversion of Exercise of derivative security at price 25.29 per share.,18000,455220.0,I
RDDT,2026-06-30,HUFFMAN STEVE LADD,Chief Executive Officer,Sale at price 170.71 - 174.61 per share.,18000,3116401.0,I
RDDT,2026-06-16,WONG JENNIFER L,Chief Operating Officer,Conversion of Exercise of derivative security at price 5.35 per share.,39166,209538.0,D
RDDT,2026-06-16,WONG JENNIFER L,Chief Operating Officer,Sale at price 175.41 - 181.94 per share.,39166,6930194.0,D
RDDT,2026-06-15,HUFFMAN STEVE LADD,Chief Executive Officer,Conversion of Exercise of derivative security at price 25.29 per share.,18000,455220.0,I
RDDT,2026-06-15,HUFFMAN STEVE LADD,Chief Executive Officer,Sale at price 169.48 - 181.78 per share.,18000,3208606.0,I
RDDT,2026-06-08,FILI-KRUSHEL PATRICIA D,Director,Stock Award(Grant) at price 0.00 per share.,1714,0.0,D
RDDT,2026-06-08,HABIGER DAVID C,Director,Stock Award(Grant) at price 0.00 per share.,1714,0.0,D
RDDT,2026-06-08,FARRELL SARAH E,Director,Stock Award(Grant) at price 0.00 per share.,1714,0.0,D
RDDT,2026-06-08,SEIBEL MICHAEL,Director,Stock Award(Grant) at price 0.00 per share.,1714,0.0,D
RDDT,2026-06-08,NEWHOUSE STEVEN O,Director,Stock Award(Grant) at price 0.00 per share.,1714,0.0,D
RDDT,2026-06-08,GALE MARY PORTER,Director,Stock Award(Grant) at price 0.00 per share.,1714,0.0,D
RDDT,2026-06-08,SAUERBERG ROBERT A.,Director,Stock Award(Grant) at price 0.00 per share.,1714,0.0,D
RDDT,2026-05-29,HUFFMAN STEVE LADD,Chief Executive Officer,Conversion of Exercise of derivative security at price 25.29 per share.,18000,455220.0,I
RDDT,2026-05-29,HUFFMAN STEVE LADD,Chief Executive Officer,Sale at price 167.59 - 176.09 per share.,18000,3134316.0,I
RDDT,2026-05-18,WONG JENNIFER L,Chief Operating Officer,Conversion of Exercise of derivative security at price 5.35 per share.,39167,209543.0,D
RDDT,2026-05-18,WONG JENNIFER L,Chief Operating Officer,Sale at price 154.60 - 160.47 per share.,39167,6208842.0,D
RDDT,2026-05-15,HUFFMAN STEVE LADD,Chief Executive Officer,Conversion of Exercise of derivative security at price 25.29 per share.,18000,455220.0,I
RDDT,2026-05-15,HUFFMAN STEVE LADD,Chief Executive Officer,Sale at price 154.19 - 158.96 per share.,18000,2828744.0,I
RDDT,2026-05-05,HUFFMAN STEVE LADD,Chief Executive Officer,Conversion of Exercise of derivative security at price 25.29 per share.,18000,455220.0,I
RDDT,2026-05-05,HUFFMAN STEVE LADD,Chief Executive Officer,Sale at price 168.53 - 176.81 per share.,18000,3092449.0,I
RDDT,2026-04-16,WONG JENNIFER L,Chief Operating Officer,Conversion of Exercise of derivative security at price 5.35 per share.,39167,209543.0,D
RDDT,2026-04-16,WONG JENNIFER L,Chief Operating Officer,Sale at price 157.93 - 163.58 per share.,39167,6324169.0,D
RDDT,2026-04-15,HUFFMAN STEVE LADD,Chief Executive Officer,Conversion of Exercise of derivative security at price 25.29 per share.,18000,455220.0,I
RDDT,2026-04-15,HUFFMAN STEVE LADD,Chief Executive Officer,Sale at price 156.41 - 159.21 per share.,18000,2851237.0,I
RDDT,2026-04-08,SLOWE CHRISTOPHER BRIAN,Chief Technology Officer,Conversion of Exercise of derivative security at price 7.92 per share.,7500,59400.0,D
RDDT,2026-04-08,SLOWE CHRISTOPHER BRIAN,Chief Technology Officer,Stock Gift at price 0.00 per share.,8000,0.0,I
RDDT,2026-04-08,SLOWE CHRISTOPHER BRIAN,Chief Technology Officer,Sale at price 144.83 - 154.47 per share.,15500,2335420.0,D
RDDT,2026-04-02,FILI-KRUSHEL PATRICIA D,Director,Stock Award(Grant) at price 0.00 per share.,120,0.0,D
RDDT,2026-04-02,HABIGER DAVID C,Director,Stock Award(Grant) at price 0.00 per share.,278,0.0,D
RDDT,2026-04-02,FARRELL SARAH E,Director,Stock Award(Grant) at price 0.00 per share.,123,0.0,D
RDDT,2026-04-02,SEIBEL MICHAEL,Director,Stock Award(Grant) at price 0.00 per share.,101,0.0,D
RDDT,2026-04-02,NEWHOUSE STEVEN O,Director,Stock Award(Grant) at price 0.00 per share.,112,0.0,D
RDDT,2026-04-02,GALE MARY PORTER,Director,Stock Award(Grant) at price 0.00 per share.,105,0.0,D
RDDT,2026-03-31,HUFFMAN STEVE LADD,Chief Executive Officer,Conversion of Exercise of derivative security at price 25.29 per share.,18000,455220.0,I
RDDT,2026-03-31,HUFFMAN STEVE LADD,Chief Executive Officer,Sale at price 126.40 - 134.84 per share.,18000,2389852.0,I
RDDT,2026-03-23,SLOWE CHRISTOPHER BRIAN,Chief Technology Officer,Conversion of Exercise of derivative security at price 7.92 per share.,7500,59400.0,D
RDDT,2026-03-23,SLOWE CHRISTOPHER BRIAN,Chief Technology Officer,Stock Gift at price 0.00 per share.,2000,0.0,I
RDDT,2026-03-23,SLOWE CHRISTOPHER BRIAN,Chief Technology Officer,Sale at price 139.56 - 143.74 per share.,9500,1342138.0,D
RDDT,2026-03-18,WONG JENNIFER L,Chief Operating Officer,Sale at price 142.76 - 146.45 per share.,39165,5616679.0,D/I
RDDT,2026-03-13,HUFFMAN STEVE LADD,Chief Executive Officer,Conversion of Exercise of derivative security at price 25.29 per share.,18000,455220.0,I
RDDT,2026-03-13,FARRELL SARAH E,Director,Purchase at price 132.26 per share.,10500,1388730.0,I
RDDT,2026-03-13,HUFFMAN STEVE LADD,Chief Executive Officer,Sale at price 132.01 - 136.20 per share.,18000,2391428.0,I
RDDT,2026-03-10,SLOWE CHRISTOPHER BRIAN,Chief Technology Officer,Stock Gift at price 0.00 per share.,144644,0.0,D
RDDT,2026-03-09,SLOWE CHRISTOPHER BRIAN,Chief Technology Officer,Conversion of Exercise of derivative security at price 7.92 per share.,7500,59400.0,D
RDDT,2026-03-09,SLOWE CHRISTOPHER BRIAN,Chief Technology Officer,Sale at price 133.45 - 138.86 per share.,9500,1297225.0,D
RDDT,2026-02-27,HUFFMAN STEVE LADD,Chief Executive Officer,Sale at price 143.90 - 150.45 per share.,18000,2612194.0,I
NFLX,2026-08-10,NEUMANN SPENCER ADAM,Chief Financial Officer,Sale at price 75.79 per share.,9248,700907.0,D
NFLX,2026-08-06,PETERS GREGORY K.,Chief Executive Officer,Sale at price 73.54 per share.,27312,2008606.0,D
NFLX,2026-08-05,BARTON RICHARD N,Director,Conversion of Exercise of derivative security at price 20.11 per share.,2160,43431.0,D
NFLX,2026-08-05,BARTON RICHARD N,Director,Sale at price 75.10 per share.,2160,162216.0,D
NFLX,2026-08-04,HYMAN DAVID A,Officer,Sale at price 72.85 per share.,5723,416899.0,D
NFLX,2026-08-04,SARANDOS THEODORE ANTHONY JR.,Chief Executive Officer,Sale at price 72.90 - 73.48 per share.,133162,9733584.0,D
NFLX,2026-06-17,SMITH BRADFORD LEE,Director,Conversion of Exercise of derivative security at price 9.44 - 12.33 per share.,35990,374933.0,D
NFLX,2026-06-17,SMITH BRADFORD LEE,Director,Sale at price 77.21 - 78.01 per share.,35990,2789799.0,D
NFLX,2026-06-01,HASTINGS REED,Director,Conversion of Exercise of derivative security at price 10.26 per share.,386700,3968702.0,D
NFLX,2026-06-01,HASTINGS REED,Director,Sale at price 85.85 - 86.73 per share.,386700,33244035.0,D
NFLX,2026-05-07,PETERS GREGORY K.,Chief Executive Officer,Sale at price 88.69 per share.,27312,2422421.0,D
NFLX,2026-05-07,NEUMANN SPENCER ADAM,Chief Financial Officer,Sale at price 88.95 per share.,9253,823075.0,D
NFLX,2026-05-06,PETERS GREGORY K.,Chief Executive Officer,Stock Gift at price 0.00 per share.,1209,0.0,D
NFLX,2026-05-05,HYMAN DAVID A,Officer,Sale at price 88.08 per share.,5722,504021.0,D
NFLX,2026-05-05,SARANDOS THEODORE ANTHONY JR.,Chief Executive Officer,Sale at price 87.96 - 87.98 per share.,27312,2402627.0,D
NFLX,2026-05-01,HASTINGS REED,Director,Conversion of Exercise of derivative security at price 9.74 per share.,407550,3968722.0,D
NFLX,2026-05-01,HASTINGS REED,Director,Sale at price 92.28 - 94.17 per share.,407550,37956938.0,D
NFLX,2026-04-02,NEUMANN SPENCER ADAM,Chief Financial Officer,Conversion of Exercise of derivative security at price 36.41 - 38.10 per share.,28630,1055547.0,D
NFLX,2026-04-02,NEUMANN SPENCER ADAM,Chief Financial Officer,Sale at price 98.00 per share.,28630,2805740.0,D
NFLX,2026-04-01,HASTINGS REED,Director,Conversion of Exercise of derivative security at price 9.44 per share.,420550,3968730.0,D
NFLX,2026-04-01,HASTINGS REED,Director,Sale at price 95.02 - 96.66 per share.,420550,40156465.0,D
NFLX,2026-03-02,NEUMANN SPENCER ADAM,Chief Financial Officer,Conversion of Exercise of derivative security at price 35.80 - 38.10 per share.,28630,1076356.0,D
NFLX,2026-03-02,HASTINGS REED,Director,Conversion of Exercise of derivative security at price 9.67 per share.,410550,3968787.0,D
NFLX,2026-03-02,HASTINGS REED,Director,Sale at price 96.06 - 97.59 per share.,410550,39828612.0,D
NFLX,2026-03-02,NEUMANN SPENCER ADAM,Chief Financial Officer,Sale at price 97.00 per share.,28630,2777110.0,D
NFLX,2026-02-27,NEUMANN SPENCER ADAM,Chief Financial Officer,Conversion of Exercise of derivative security at price 32.98 - 35.80 per share.,57260,1960884.0,D
NFLX,2026-02-27,NEUMANN SPENCER ADAM,Chief Financial Officer,Sale at price 95.00 - 96.00 per share.,57260,5468330.0,D
NFLX,2026-02-10,WILLEMS CLETUS R,Officer,Sale at price 82.67 per share.,3136,259253.0,D
NFLX,2026-02-10,PETERS GREGORY K.,Chief Executive Officer,Sale at price 82.74 - 84.40 per share.,27312,2273454.0,D
NFLX,2026-02-09,HYMAN DAVID A,Officer,Sale at price 81.06 per share.,5727,464231.0,D
NFLX,2026-02-06,NEUMANN SPENCER ADAM,Chief Financial Officer,Sale at price 81.27 per share.,9248,751598.0,D
NFLX,2026-02-05,HASTINGS REED,Director,Stock Gift at price 0.00 per share.,241944,0.0,I
NFLX,2026-02-02,HASTINGS REED,Director,Conversion of Exercise of derivative security at price 10.15 per share.,390970,3968736.0,D
NFLX,2026-02-02,HASTINGS REED,Director,Sale at price 83.22 - 84.96 per share.,390970,32695591.0,D
NFLX,2026-01-29,PETERS GREGORY K.,Chief Executive Officer,Sale at price 82.87 - 83.75 per share.,105781,8773028.0,D
NFLX,2026-01-16,HYMAN DAVID A,Officer,Sale at price 88.11 per share.,23439,2065206.0,D
NFLX,2026-01-15,SMITH BRADFORD LEE,Director,Conversion of Exercise of derivative security at price 9.31 - 10.57 per share.,31790,312557.0,D
NFLX,2026-01-15,SMITH BRADFORD LEE,Director,Sale at price 88.27 - 89.86 per share.,31790,2824821.0,D
NFLX,2026-01-07,HYMAN DAVID A,Officer,Stock Award(Grant) at price 0.00 per share.,43500,0.0,D
NFLX,2026-01-07,SARANDOS THEODORE ANTHONY JR.,Chief Executive Officer,Stock Award(Grant) at price 0.00 per share.,207420,0.0,D
NFLX,2026-01-07,NEUMANN SPENCER ADAM,Chief Financial Officer,Stock Award(Grant) at price 0.00 per share.,70260,0.0,D
NFLX,2026-01-07,PETERS GREGORY K.,Chief Executive Officer,Stock Award(Grant) at price 0.00 per share.,207420,0.0,D
NFLX,2026-01-02,HASTINGS REED,Director,Conversion of Exercise of derivative security at price 9.31 per share.,426290,3969186.0,D
NFLX,2026-01-02,HASTINGS REED,Director,Sale at price 91.18 - 94.00 per share.,426290,39077470.0,D
NFLX,2025-12-01,HASTINGS REED,Director,Conversion of Exercise of derivative security at price 10.57 per share.,375470,3968718.0,D
NFLX,2025-12-01,HASTINGS REED,Director,Sale at price 106.85 - 108.89 per share.,375470,40712436.0,D
NFLX,2025-11-07,HASTINGS REED,Director,Stock Gift at price 0.00 per share.,14089,0.0,I
NFLX,2025-11-06,WILLEMS CLETUS R,Officer,Sale at price 1100.33 per share.,238,261879.0,D
NFLX,2025-11-04,HYMAN DAVID A,Officer,Conversion of Exercise of derivative security at price 380.33 - 597.37 per share.,31884,13692856.0,D
NFLX,2025-11-04,PETERS GREGORY K.,Chief Executive Officer,Stock Gift at price 0.00 per share.,567,0.0,D
NFLX,2025-11-04,HYMAN DAVID A,Officer,Sale at price 1088.22 - 1100.00 per share.,31462,34603191.0,D
NFLX,2025-11-04,SARANDOS THEODORE ANTHONY JR.,Chief Executive Officer,Sale at price 1092.08 per share.,2027,2213639.0,D
NFLX,2025-11-04,PETERS GREGORY K.,Chief Executive Officer,Sale at price 1095.68 per share.,2027,2220943.0,D
NFLX,2025-11-03,NEUMANN SPENCER ADAM,Chief Financial Officer,Conversion of Exercise of derivative security at price 269.58 per share.,2600,700908.0,D
NFLX,2025-11-03,NEUMANN SPENCER ADAM,Chief Financial Officer,Sale at price 1079.42 - 1116.63 per share.,2360,2590251.0,D
NFLX,2025-11-03,NEUMANN SPENCER ADAM,Chief Financial Officer,Sale at price 1118.15 - 1126.35 per share.,240,269200.0,D
NFLX,2025-10-31,HASTINGS REED,Director,Conversion of Exercise of derivative security at price 98.30 per share.,40374,3968764.0,D
NFLX,2025-10-31,HASTINGS REED,Director,Sale at price 1104.64 - 1134.18 per share.,40374,45279704.0,D
NFLX,2025-10-01,NEUMANN SPENCER ADAM,Chief Financial Officer,Conversion of Exercise of derivative security at price 269.58 - 286.81 per share.,2600,723927.0,D
NFLX,2025-10-01,HASTINGS REED,Director,Conversion of Exercise of derivative security at price 94.09 per share.,42176,3968340.0,D
DIS,2026-06-30,DARROCH JEREMY,Director,Stock Award(Grant) at price 100.80 per share.,954,96244.0,D
DIS,2026-06-30,LAGOMASINO MARIA ELENA,Director,Stock Award(Grant) at price 100.80 per share.,954,96244.0,D
DIS,2026-06-30,MCDONALD CALVIN,Director,Stock Award(Grant) at price 100.80 per share.,954,96244.0,D
DIS,2026-06-30,CHANG AMY L,Director,Stock Award(Grant) at price 100.80 per share.,954,96244.0,D
DIS,2026-06-30,EVERSON CAROLYN,Director,Stock Award(Grant) at price 100.80 per share.,954,96244.0,D
DIS,2026-06-30,BARRA MARY TERESA,Director,Stock Award(Grant) at price 100.80 per share.,1016,102493.0,D
DIS,2026-06-30,WILLIAMS JEFFREY E,Director,Stock Award(Grant) at price 100.80 per share.,954,96244.0,D
DIS,2026-06-30,GORMAN JAMES P,Director,Stock Award(Grant) at price 100.80 per share.,1364,137491.0,D
DIS,2026-06-30,RICE DERICA W,Director,Stock Award(Grant) at price 100.80 per share.,1023,103118.0,D
DIS,2026-06-30,FROMAN MICHAEL B. G.,Director,Stock Award(Grant) at price 100.80 per share.,1004,101244.0,D
DIS,2026-03-31,DARROCH JEREMY,Director,Stock Award(Grant) at price 96.96 per share.,1034,100286.0,D
DIS,2026-03-31,LAGOMASINO MARIA ELENA,Director,Stock Award(Grant) at price 96.96 per share.,1266,122829.0,D
DIS,2026-03-31,MCDONALD CALVIN,Director,Stock Award(Grant) at price 96.96 per share.,1080,104785.0,D
DIS,2026-03-31,CHANG AMY L,Director,Stock Award(Grant) at price 96.96 per share.,1080,104785.0,D
DIS,2026-03-31,EVERSON CAROLYN,Director,Stock Award(Grant) at price 96.96 per share.,1064,103233.0,D
DIS,2026-03-31,BARRA MARY TERESA,Director,Stock Award(Grant) at price 96.96 per share.,1253,121510.0,D
DIS,2026-03-31,WILLIAMS JEFFREY E,Director,Stock Award(Grant) at price 96.96 per share.,154,14971.0,D
DIS,2026-03-31,GORMAN JAMES P,Director,Stock Award(Grant) at price 96.96 per share.,1477,143220.0,D
DIS,2026-03-31,RICE DERICA W,Director,Stock Award(Grant) at price 96.96 per share.,1229,119222.0,D
DIS,2026-03-31,FROMAN MICHAEL B. G.,Director,Stock Award(Grant) at price 96.96 per share.,1087,105463.0,D
DIS,2026-02-12,CHANG AMY L,Director,Purchase at price 107.85 per share.,916,98791.0,D
DIS,2026-01-22,COLEMAN SONIA L,Officer,Sale at price 114.00 per share.,2473,281922.0,D
DIS,2025-12-31,DARROCH JEREMY,Director,Stock Award(Grant) at price 113.02 per share.,851,96248.0,D
DIS,2025-12-31,LAGOMASINO MARIA ELENA,Director,Stock Award(Grant) at price 113.02 per share.,873,98746.0,D
DIS,2025-12-31,MCDONALD CALVIN,Director,Stock Award(Grant) at price 113.02 per share.,851,96248.0,D
DIS,2025-12-31,CHANG AMY L,Director,Stock Award(Grant) at price 113.02 per share.,851,96248.0,D
DIS,2025-12-31,EVERSON CAROLYN,Director,Stock Award(Grant) at price 113.02 per share.,782,88438.0,D
DIS,2025-12-31,BARRA MARY TERESA,Director,Stock Award(Grant) at price 113.02 per share.,906,102498.0,D
DIS,2025-12-31,GORMAN JAMES P,Director,Stock Award(Grant) at price 113.02 per share.,1216,137489.0,D
DIS,2025-12-31,RICE DERICA W,Director,Stock Award(Grant) at price 113.02 per share.,912,103119.0,D
DIS,2025-12-31,FROMAN MICHAEL B. G.,Director,Stock Award(Grant) at price 113.02 per share.,895,101164.0,D
DIS,2025-12-24,COLEMAN SONIA L,Officer,Sale at price 114.00 per share.,2431,277134.0,D
DIS,2025-12-12,GORMAN JAMES P,Director,Purchase at price 111.89 per share.,18000,2013943.0,I
DIS,2025-09-30,DARROCH JEREMY,Director,Stock Award(Grant) at price 113.73 per share.,818,93077.0,D
DIS,2025-09-30,LAGOMASINO MARIA ELENA,Director,Stock Award(Grant) at price 113.73 per share.,959,109113.0,D
DIS,2025-09-30,MCDONALD CALVIN,Director,Stock Award(Grant) at price 113.73 per share.,844,96034.0,D
DIS,2025-09-30,EVERSON CAROLYN,Director,Stock Award(Grant) at price 113.73 per share.,766,87185.0,D
DIS,2025-09-30,BARRA MARY TERESA,Director,Stock Award(Grant) at price 113.73 per share.,960,109226.0,D
DIS,2025-09-30,CHANG AMY L,Director,Stock Award(Grant) at price 113.73 per share.,844,96034.0,D
DIS,2025-09-30,GORMAN JAMES P,Director,Stock Award(Grant) at price 113.73 per share.,1122,127628.0,D
DIS,2025-09-30,RICE DERICA W,Director,Stock Award(Grant) at price 113.73 per share.,947,107805.0,D
DIS,2025-09-30,FROMAN MICHAEL B. G.,Director,Stock Award(Grant) at price 113.73 per share.,869,98854.0,D
DIS,2025-08-25,COLEMAN SONIA L,Officer,Sale at price 118.57 per share.,1971,233701.0,D
DIS,2025-06-30,DARROCH JEREMY,Director,Stock Award(Grant) at price 119.43 per share.,764,91245.0,D
DIS,2025-06-30,LAGOMASINO MARIA ELENA,Director,Stock Award(Grant) at price 119.43 per share.,784,93741.0,D
DIS,2025-06-30,MCDONALD CALVIN,Director,Stock Award(Grant) at price 119.43 per share.,764,91245.0,D
DIS,2025-06-30,EVERSON CAROLYN,Director,Stock Award(Grant) at price 119.43 per share.,698,83434.0,D
DIS,2025-06-30,BARRA MARY TERESA,Director,Stock Award(Grant) at price 119.43 per share.,816,97491.0,D
DIS,2025-06-30,CHANG AMY L,Director,Stock Award(Grant) at price 119.43 per share.,764,91245.0,D
DIS,2025-06-30,GORMAN JAMES P,Director,Stock Award(Grant) at price 119.43 per share.,1046,125007.0,D
DIS,2025-06-30,RICE DERICA W,Director,Stock Award(Grant) at price 119.43 per share.,821,98124.0,D
DIS,2025-06-30,FROMAN MICHAEL B. G.,Director,Stock Award(Grant) at price 119.43 per share.,805,96225.0,D
DIS,2025-05-13,WOODFORD BRENT A,Officer,Sale at price 110.84 per share.,1000,110845.0,D
DIS,2025-03-31,DARROCH JEREMY,Director,Stock Award(Grant) at price 99.61 per share.,932,92837.0,D
DIS,2025-03-31,LAGOMASINO MARIA ELENA,Director,Stock Award(Grant) at price 99.61 per share.,1141,113675.0,D
DIS,2025-03-31,MCDONALD CALVIN,Director,Stock Award(Grant) at price 99.61 per share.,961,95725.0,D
DIS,2025-03-31,CHANG AMY L,Director,Stock Award(Grant) at price 99.61 per share.,961,95725.0,D
DIS,2025-03-31,EVERSON CAROLYN,Director,Stock Award(Grant) at price 99.61 per share.,870,86711.0,D
DIS,2025-03-31,BARRA MARY TERESA,Director,Stock Award(Grant) at price 99.61 per share.,1032,102837.0,D
DIS,2025-03-31,GORMAN JAMES P,Director,Stock Award(Grant) at price 99.61 per share.,1265,126076.0,D
CMCSA,2026-06-30,SMITH GORDON A,Director,Stock Award(Grant) at price 0.00 per share.,1375,0.0,D
CMCSA,2026-06-30,HONICKMAN JEFFREY A,Director,Stock Award(Grant) at price 0.00 per share.,1783,0.0,D
CMCSA,2026-06-30,BRADY LOUISE F,Director,Stock Award(Grant) at price 0.00 per share.,1375,0.0,D
CMCSA,2026-06-30,BALTIMORE THOMAS J JR.,Director,Stock Award(Grant) at price 0.00 per share.,1375,0.0,D
CMCSA,2026-06-30,BREEN EDWARD D.,Director,Stock Award(Grant) at price 0.00 per share.,815,0.0,D
CMCSA,2026-05-19,ROBERTS BRIAN L,Chief Executive Officer,Stock Gift at price 0.00 per share.,202500,0.0,D
CMCSA,2026-03-31,SMITH GORDON A,Director,Stock Award(Grant) at price 0.00 per share.,1176,0.0,D
CMCSA,2026-03-31,HONICKMAN JEFFREY A,Director,Stock Award(Grant) at price 0.00 per share.,1524,0.0,D
CMCSA,2026-03-31,BRADY LOUISE F,Director,Stock Award(Grant) at price 0.00 per share.,1176,0.0,D
CMCSA,2026-03-31,BALTIMORE THOMAS J JR.,Director,Stock Award(Grant) at price 0.00 per share.,1176,0.0,D
CMCSA,2026-03-31,BREEN EDWARD D.,Director,Stock Award(Grant) at price 0.00 per share.,697,0.0,D
CMCSA,2026-03-17,KHOURY JENNIFER,Officer,Conversion of Exercise of derivative security at price 28.38 per share.,10867,308405.0,D
CMCSA,2026-03-05,ARMSTRONG JASON S,Chief Financial Officer,Conversion of Exercise of derivative security at price 28.38 per share.,73497,2085845.0,D
CMCSA,2026-03-05,ARMSTRONG JASON S,Chief Financial Officer,Sale at price 31.74 per share.,4494,142617.0,D
CMCSA,2026-02-11,ROBERTS BRIAN L,Chief Executive Officer,Conversion of Exercise of derivative security at price 28.38 per share.,984320,27935002.0,D
CMCSA,2026-02-11,CAVANAGH MICHAEL J.,Chief Executive Officer,Conversion of Exercise of derivative security at price 28.38 per share.,736238,20894434.0,D/I
CMCSA,2026-02-11,CAVANAGH MICHAEL J.,Chief Executive Officer,Sale at price 32.66 per share.,57947,1892549.0,I
CMCSA,2026-02-04,SMITH GORDON A,Director,Stock Award(Grant) at price 0.00 per share.,7869,0.0,D
CMCSA,2026-02-03,NAKAHARA ASUKA,Director,Sale at price 29.70 per share.,8275,245768.0,D
CMCSA,2026-01-20,HONICKMAN JEFFREY A,Director,Stock Award(Grant) at price 0.00 per share.,1541,0.0,D
CMCSA,2026-01-20,BRADY LOUISE F,Director,Stock Award(Grant) at price 0.00 per share.,1189,0.0,D
CMCSA,2026-01-20,BALTIMORE THOMAS J JR.,Director,Stock Award(Grant) at price 0.00 per share.,1189,0.0,D
CMCSA,2026-01-20,BREEN EDWARD D.,Director,Stock Award(Grant) at price 0.00 per share.,705,0.0,D
CMCSA,2025-11-20,BACON KENNETH J,Director,Stock Award(Grant) at price 0.00 per share.,9013,0.0,D
CMCSA,2025-11-20,HONICKMAN JEFFREY A,Director,Stock Award(Grant) at price 0.00 per share.,9013,0.0,D
CMCSA,2025-11-20,NAKAHARA ASUKA,Director,Stock Award(Grant) at price 0.00 per share.,9013,0.0,D
CMCSA,2025-11-20,BALTIMORE THOMAS J JR.,Director,Stock Award(Grant) at price 0.00 per share.,9013,0.0,D
CMCSA,2025-11-20,LUCAS WONYA Y.,Director,Stock Award(Grant) at price 0.00 per share.,9013,0.0,D
CMCSA,2025-11-20,BELL MADELINE S,Director,Stock Award(Grant) at price 0.00 per share.,9013,0.0,D
CMCSA,2025-11-20,BRADY LOUISE F,Director,Stock Award(Grant) at price 0.00 per share.,9013,0.0,D
CMCSA,2025-11-20,NOVAK DAVID C,Director,Stock Award(Grant) at price 0.00 per share.,9013,0.0,D
CMCSA,2025-11-20,BREEN EDWARD D.,Director,Stock Award(Grant) at price 0.00 per share.,9013,0.0,D
CMCSA,2025-11-04,ROBERTS BRIAN L,Chief Executive Officer,Stock Gift at price 0.00 per share.,1702431,0.0,D/I
CMCSA,2025-09-30,HONICKMAN JEFFREY A,Director,Stock Award(Grant) at price 0.00 per share.,1393,0.0,D
CMCSA,2025-09-30,BALTIMORE THOMAS J JR.,Director,Stock Award(Grant) at price 0.00 per share.,1075,0.0,D
CMCSA,2025-09-30,BRADY LOUISE F,Director,Stock Award(Grant) at price 0.00 per share.,1075,0.0,D
CMCSA,2025-09-30,NOVAK DAVID C,Director,Stock Award(Grant) at price 0.00 per share.,1075,0.0,D
CMCSA,2025-09-30,BREEN EDWARD D.,Director,Stock Award(Grant) at price 0.00 per share.,637,0.0,D
CMCSA,2025-06-30,HONICKMAN JEFFREY A,Director,Stock Award(Grant) at price 0.00 per share.,1226,0.0,D
CMCSA,2025-06-30,BALTIMORE THOMAS J JR.,Director,Stock Award(Grant) at price 0.00 per share.,946,0.0,D
CMCSA,2025-06-30,BRADY LOUISE F,Director,Stock Award(Grant) at price 0.00 per share.,946,0.0,D
CMCSA,2025-06-30,NOVAK DAVID C,Director,Stock Award(Grant) at price 0.00 per share.,946,0.0,D
CMCSA,2025-06-30,BREEN EDWARD D.,Director,Stock Award(Grant) at price 0.00 per share.,561,0.0,D
CMCSA,2025-05-06,CAVANAGH MICHAEL J.,President,Stock Gift at price 0.00 per share.,171000,0.0,D
CMCSA,2025-03-31,HONICKMAN JEFFREY A,Director,Stock Award(Grant) at price 0.00 per share.,1186,0.0,D
CMCSA,2025-03-31,BALTIMORE THOMAS J JR.,Director,Stock Award(Grant) at price 0.00 per share.,915,0.0,D
CMCSA,2025-03-31,BRADY LOUISE F,Director,Stock Award(Grant) at price 0.00 per share.,915,0.0,D
CMCSA,2025-03-31,NOVAK DAVID C,Director,Stock Award(Grant) at price 0.00 per share.,915,0.0,D
CMCSA,2025-03-31,BREEN EDWARD D.,Director,Stock Award(Grant) at price 0.00 per share.,543,0.0,D
CMCSA,2025-03-17,BREEN EDWARD D.,Director,Stock Gift at price 0.00 per share.,55250,0.0,D
CMCSA,2025-03-06,ROBERTS BRIAN L,Chief Executive Officer,Conversion of Exercise of derivative security at price 29.72 per share.,907600,26978410.0,D
CMCSA,2024-12-31,HONICKMAN JEFFREY A,Director,Stock Award(Grant) at price 0.00 per share.,1166,0.0,D
CMCSA,2024-12-31,NAKAHARA ASUKA,Director,Stock Award(Grant) at price 0.00 per share.,900,0.0,D
CMCSA,2024-12-31,BALTIMORE THOMAS J JR.,Director,Stock Award(Grant) at price 0.00 per share.,900,0.0,D
CMCSA,2024-12-31,LUCAS WONYA Y.,Director,Stock Award(Grant) at price 0.00 per share.,900,0.0,D
CMCSA,2024-12-31,BELL MADELINE S,Director,Stock Award(Grant) at price 0.00 per share.,900,0.0,D
CMCSA,2024-12-31,BRADY LOUISE F,Director,Stock Award(Grant) at price 0.00 per share.,900,0.0,D
CMCSA,2024-12-31,NOVAK DAVID C,Director,Stock Award(Grant) at price 0.00 per share.,900,0.0,D
CMCSA,2024-12-31,BREEN EDWARD D.,Director,Stock Award(Grant) at price 0.00 per share.,1066,0.0,D
CMCSA,2024-11-27,ROBERTS BRIAN L,Chief Executive Officer,Sale at price 42.66 - 42.80 per share.,469515,20063803.0,D
WBD,2026-08-11,LOWE KENNETH W,Director,Sale at price 26.97 per share.,120000,3236400.0,D
WBD,2026-08-10,ZEILER GERHARD,Officer,Sale at price 27.02 - 27.07 per share.,591038,15987863.0,D
WBD,2026-08-10,ZEILER GERHARD,Officer,Conversion of Exercise of derivative security at price 8.67 - 15.02 per share.,491038,5755639.0,D
WBD,2026-07-13,ZASLAV DAVID M,Chief Executive Officer,Sale at price 27.22 per share.,2184782,59469766.0,D
WBD,2026-07-13,ZASLAV DAVID M,Chief Executive Officer,Conversion of Exercise of derivative security at price 10.16 per share.,2089876,21233140.0,D
WBD,2026-03-16,MERCHANT FAZAL F,Director,Sale at price 27.48 per share.,35000,961800.0,D
WBD,2026-03-16,PERRETTE JEAN-BRIAC,Officer,Sale at price 27.42 per share.,659120,18073070.0,D
WBD,2026-03-16,GOULD PAUL A,Director,Sale at price 27.35 per share.,600000,16410000.0,D
WBD,2026-03-10,AIYAR PRIYA,Officer,Sale at price 27.85 per share.,98651,2747430.0,D
WBD,2026-03-10,AIYAR PRIYA,Officer,Conversion of Exercise of derivative security at price 11.02 per share.,77243,851218.0,D
WBD,2026-03-09,CAMPBELL BRUCE L,Officer,Sale at price 27.82 per share.,41784,1162431.0,D
WBD,2026-03-04,WIEDENFELS GUNNAR,Chief Financial Officer,Sale at price 28.05 - 28.25 per share.,991903,27946395.0,D
WBD,2026-03-04,ZEILER GERHARD,Officer,Sale at price 28.02 per share.,600000,16812000.0,D
WBD,2026-03-04,CAMPBELL BRUCE L,Officer,Sale at price 28.00 per share.,1635449,45792572.0,D/I
WBD,2026-03-04,WIEDENFELS GUNNAR,Chief Financial Officer,Conversion of Exercise of derivative security at price 8.67 - 15.02 per share.,346133,3871909.0,D
WBD,2026-03-04,CAMPBELL BRUCE L,Officer,Conversion of Exercise of derivative security at price 8.67 - 25.70 per share.,755109,11840949.0,D
WBD,2026-03-03,AIYAR PRIYA,Officer,Sale at price 28.24 per share.,223512,6311979.0,D
WBD,2026-03-03,GIRDWOOD AMY,Officer,Sale at price 28.25 per share.,75030,2119598.0,D
WBD,2026-03-03,ZASLAV DAVID M,Chief Executive Officer,Sale at price 28.26 per share.,4004149,113157251.0,D
WBD,2026-03-03,FISHER RICHARD W.,Director,Sale at price 28.31 per share.,16345,462727.0,D
WBD,2025-12-10,LOCKE LORI C,Officer,Sale at price 27.45 - 28.92 per share.,14122,394558.0,D
WBD,2025-12-10,WIEDENFELS GUNNAR,Chief Financial Officer,Sale at price 29.50 per share.,242994,7168323.0,D
WBD,2025-12-10,WIEDENFELS GUNNAR,Chief Financial Officer,Conversion of Exercise of derivative security at price 25.70 - 29.08 per share.,242994,6557907.0,D
WBD,2025-12-05,LOCKE LORI C,Officer,Sale at price 24.14 - 25.42 per share.,10000,247800.0,D
WBD,2025-12-03,LOCKE LORI C,Officer,Sale at price 23.74 - 24.25 per share.,15000,360850.0,D
WBD,2025-11-28,LOCKE LORI C,Officer,Sale at price 23.25 - 23.83 per share.,10000,235400.0,D
WBD,2025-10-31,WIEDENFELS GUNNAR,Chief Financial Officer,Sale at price 22.50 per share.,222210,4999725.0,D
WBD,2025-09-15,WIEDENFELS GUNNAR,Chief Financial Officer,Sale at price 19.50 per share.,530793,10350464.0,D
WBD,2025-09-15,WIEDENFELS GUNNAR,Chief Financial Officer,Conversion of Exercise of derivative security at price 8.67 - 15.02 per share.,308583,3802260.0,D
WBD,2025-09-12,CAMPBELL BRUCE L,Officer,Sale at price 16.00 - 18.00 per share.,439322,7468474.0,D
WBD,2025-09-11,CAMPBELL BRUCE L,Officer,Conversion of Exercise of derivative security at price 8.67 per share.,139322,1207922.0,D
WBD,2025-08-12,LEVY ANTON J,Director,Purchase at price 10.90 - 11.00 per share.,325000,3550000.0,D
WBD,2025-03-03,DI PIAZZA SAMUEL A. JR.,Director,Purchase at price 11.41 per share.,17346,197918.0,D
WBD,2024-12-16,ZASLAV DAVID M,Chief Executive Officer,Sale at price 11.73 per share.,2564000,30075720.0,D
WBD,2024-12-13,SIMS SAVALLE C,Officer,Sale at price 12.34 - 12.36 per share.,169436,2093755.0,D
WBD,2024-11-11,ZEILER GERHARD,Officer,Purchase at price 9.24 per share.,58000,535920.0,D
WBD,2024-08-22,ZASLAV DAVID M,Chief Executive Officer,Sale at price 7.55 per share.,153,1155.0,I
LYV,2026-06-15,HINSON JEFFREY T,Director,Sale at price 175.00 per share.,2115,370125.0,D
LYV,2026-06-11,PAUL RICHARD A,Director,Stock Award(Grant) at price 0.00 per share.,1207,0.0,D
LYV,2026-06-11,WATKINS LATRIECE,Director,Stock Award(Grant) at price 0.00 per share.,1207,0.0,D
LYV,2026-06-11,GRENELL RICHARD ALLEN,Director,Stock Award(Grant) at price 0.00 per share.,1207,0.0,D
LYV,2026-06-11,IOVINE JIMMY,Director,Stock Award(Grant) at price 0.00 per share.,1207,0.0,D
LYV,2026-06-11,HOLLINGSWORTH CHAD,Director,Stock Award(Grant) at price 0.00 per share.,1207,0.0,D
LYV,2026-06-11,CARTER MAVERICK,Director,Stock Award(Grant) at price 0.00 per share.,1207,0.0,D
LYV,2026-06-11,MAYS RANDALL THOMAS,Director,Stock Award(Grant) at price 0.00 per share.,2293,0.0,D
LYV,2026-06-11,HINSON JEFFREY T,Director,Stock Award(Grant) at price 0.00 per share.,1207,0.0,D
LYV,2026-06-11,KAHAN JAMES SAMUEL,Director,Stock Award(Grant) at price 0.00 per share.,1207,0.0,D
LYV,2026-06-11,VOGEL CARL E,Director,Stock Award(Grant) at price 0.00 per share.,1207,0.0,D
LYV,2026-05-08,ROWLES MICHAEL G,General Counsel,Conversion of Exercise of derivative security at price 29.03 per share.,63776,1851417.0,D
LYV,2026-05-08,ROWLES MICHAEL G,General Counsel,Sale at price 163.07 - 166.36 per share.,63776,10474406.0,D
LYV,2026-05-07,HOPMANS JOHN,Officer,Conversion of Exercise of derivative security at price 29.03 per share.,83480,2423424.0,D
LYV,2026-05-07,HOPMANS JOHN,Officer,Sale at price 164.37 - 167.41 per share.,93078,15457892.0,D
LYV,2026-03-12,CAPO BRIAN,Officer,Stock Award(Grant) at price 0.00 per share.,3042,0.0,D
LYV,2026-03-12,RAPINO MICHAEL JAMES,Chief Executive Officer,Stock Award(Grant) at price 0.00 per share.,61895,0.0,D
LYV,2026-03-10,HINSON JEFFREY T,Director,Stock Gift at price 0.00 per share.,750,0.0,D
LYV,2026-03-10,HINSON JEFFREY T,Director,Sale at price 165.87 per share.,944,156581.0,D
LYV,2026-01-20,KAHAN JAMES SAMUEL,Director,Stock Gift at price 0.00 per share.,4000,0.0,I
LYV,2025-12-15,BERCHTOLD JOSEPH,President,Conversion of Exercise of derivative security at price 19.36 per share.,134881,2611296.0,D
LYV,2025-12-15,RAPINO MICHAEL JAMES,Chief Executive Officer,Conversion of Exercise of derivative security at price 19.36 per share.,282024,5459985.0,D
LYV,2025-12-09,HINSON JEFFREY T,Director,Stock Gift at price 0.00 per share.,200,0.0,D
LYV,2025-07-17,KAHAN JAMES SAMUEL,Director,Stock Gift at price 0.00 per share.,4562,0.0,D
LYV,2025-06-12,WATKINS LATRIECE,Director,Stock Award(Grant) at price 0.00 per share.,1402,0.0,D
LYV,2025-06-12,GRENELL RICHARD ALLEN,Director,Stock Award(Grant) at price 0.00 per share.,1402,0.0,D
LYV,2025-06-12,IOVINE JIMMY,Director,Stock Award(Grant) at price 0.00 per share.,1402,0.0,D
LYV,2025-06-12,HOLLINGSWORTH CHAD,Director,Stock Award(Grant) at price 0.00 per share.,1402,0.0,D
LYV,2025-06-12,CARTER MAVERICK,Director,Stock Award(Grant) at price 0.00 per share.,1402,0.0,D
LYV,2025-06-12,PAUL RICHARD A,Director,Stock Award(Grant) at price 0.00 per share.,1402,0.0,D
LYV,2025-06-12,MAYS RANDALL THOMAS,Director,Stock Award(Grant) at price 0.00 per share.,2663,0.0,D
LYV,2025-06-12,HINSON JEFFREY T,Director,Stock Award(Grant) at price 0.00 per share.,1402,0.0,D
LYV,2025-06-12,KAHAN JAMES SAMUEL,Director,Stock Award(Grant) at price 0.00 per share.,1402,0.0,D
LYV,2025-06-12,VOGEL CARL E,Director,Stock Award(Grant) at price 0.00 per share.,1402,0.0,D
LYV,2025-06-03,GRENELL RICHARD ALLEN,Director,Stock Award(Grant) at price 0.00 per share.,102,0.0,D
LYV,2025-05-16,HOPMANS JOHN,Officer,Sale at price 147.38 per share.,34808,5130003.0,D
LYV,2025-05-12,KAHAN JAMES SAMUEL,Director,Sale at price 139.52 per share.,3410,475763.0,I
LYV,2025-05-09,HINSON JEFFREY T,Director,Stock Gift at price 0.00 per share.,125,0.0,D
LYV,2025-05-09,HINSON JEFFREY T,Director,Sale at price 135.66 per share.,3977,539520.0,D
LYV,2025-03-12,HINSON JEFFREY T,Director,Sale at price 122.95 per share.,500,61475.0,D
LYV,2025-03-11,CAPO BRIAN,Officer,Sale at price 123.24 per share.,5066,624334.0,D
LYV,2025-03-07,HINSON JEFFREY T,Director,Stock Gift at price 0.00 per share.,825,0.0,D
LYV,2025-02-26,CAPO BRIAN,Officer,Stock Award(Grant) at price 0.00 per share.,3288,0.0,D
LYV,2025-02-26,RAPINO MICHAEL JAMES,Chief Executive Officer,Stock Award(Grant) at price 0.00 per share.,66140,0.0,D
LYV,2025-02-25,ROWLES MICHAEL G,General Counsel,Conversion of Exercise of derivative security at price 19.36 per share.,91964,1780423.0,D
LYV,2025-02-25,ROWLES MICHAEL G,General Counsel,Sale at price 145.61 - 155.40 per share.,91964,14055302.0,D
LYV,2024-09-12,BERCHTOLD JOSEPH,President,Conversion of Exercise of derivative security at price 25.33 per share.,44403,1124728.0,D
LYV,2024-09-12,RAPINO MICHAEL JAMES,Chief Executive Officer,Conversion of Exercise of derivative security at price 25.33 per share.,150000,3799500.0,D
LYV,2024-09-12,BERCHTOLD JOSEPH,President,Sale at price 97.49 - 97.98 per share.,29310,2857676.0,D
LYV,2024-09-12,RAPINO MICHAEL JAMES,Chief Executive Officer,Sale at price 97.50 per share.,98849,9637778.0,D
LYV,2024-09-11,ROWLES MICHAEL G,General Counsel,Conversion of Exercise of derivative security at price 24.96 per share.,35000,873600.0,D
LYV,2024-09-11,ROWLES MICHAEL G,General Counsel,Sale at price 97.64 per share.,35000,3417400.0,D
LYV,2024-09-09,HINSON JEFFREY T,Director,Sale at price 95.18 per share.,5640,536815.0,D
LYV,2024-08-29,LIBERTY MEDIA CORP,Director and Beneficial Owner of more than 10% of a Class of Security,Conversion of Exercise of derivative security at price 96.73 per share.,2219,214644.0,D
LYV,2024-08-27,HINSON JEFFREY T,Director,Stock Gift at price 0.00 per share.,200,0.0,D
LYV,2024-08-19,CAPO BRIAN,Officer,Conversion of Exercise of derivative security at price 25.33 per share.,5000,126650.0,D
LYV,2024-08-19,CAPO BRIAN,Officer,Sale at price 96.61 per share.,5000,483050.0,D
EA,2026-07-15,SINGH VIJAYANTHIMALA,Officer,Sale at price 206.68 - 207.29 per share.,1200,248381.0,I
EA,2026-07-15,WILSON ANDREW,Chief Executive Officer,Sale at price 206.55 - 207.26 per share.,5000,1035037.0,I
EA,2026-07-15,MIELE LAURA KAREN,Officer,Sale at price 206.78 - 207.30 per share.,2500,517517.0,D
EA,2026-06-15,SINGH VIJAYANTHIMALA,Officer,Sale at price 203.00 per share.,1200,243600.0,I
EA,2026-06-15,WILSON ANDREW,Chief Executive Officer,Sale at price 203.12 per share.,5000,1015624.0,I
EA,2026-06-15,MIELE LAURA KAREN,Officer,Sale at price 203.10 per share.,2500,507762.0,D
EA,2026-05-28,KELLY ERIC CHARLES,Officer,Sale at price 200.83 per share.,3000,602496.0,D
EA,2026-05-21,WILSON ANDREW,Chief Executive Officer,Sale at price 201.66 per share.,5066,1021610.0,I
EA,2026-05-20,CANFIELD STUART,Chief Financial Officer,Sale at price 201.36 per share.,1500,302040.0,D
EA,2026-05-20,SCHATZ JACOB J,Officer,Sale at price 201.19 per share.,5000,1005946.0,D
EA,2026-05-18,WILSON ANDREW,Chief Executive Officer,Sale at price 201.11 per share.,2240,450482.0,I
EA,2026-05-15,SINGH VIJAYANTHIMALA,Officer,Sale at price 200.81 per share.,1200,240972.0,I
EA,2026-05-15,WILSON ANDREW,Chief Executive Officer,Sale at price 200.54 per share.,5000,1002709.0,I
EA,2026-05-15,MIELE LAURA KAREN,Officer,Sale at price 200.54 per share.,2500,501344.0,D
EA,2026-05-01,HUBER JEFFREY T,Director,Conversion of Exercise of derivative security at price 202.09 per share.,102,20613.0,I
EA,2026-05-01,HOSKINS ROCHE LOUISE TALBOTT,Director,Conversion of Exercise of derivative security at price 202.09 per share.,116,23442.0,D
EA,2026-04-15,SINGH VIJAYANTHIMALA,Officer,Sale at price 203.25 per share.,1200,243900.0,I
EA,2026-04-15,WILSON ANDREW,Chief Executive Officer,Sale at price 203.21 per share.,5000,1016058.0,I
EA,2026-04-15,MIELE LAURA KAREN,Officer,Sale at price 203.21 per share.,2500,508026.0,D
EA,2026-03-16,SINGH VIJAYANTHIMALA,Officer,Sale at price 199.69 per share.,1200,239628.0,I
EA,2026-03-16,WILSON ANDREW,Chief Executive Officer,Sale at price 199.95 per share.,5000,999746.0,I
EA,2026-03-16,MIELE LAURA KAREN,Officer,Sale at price 199.95 per share.,2500,499884.0,D
EA,2026-02-17,CANFIELD STUART,Chief Financial Officer,Sale at price 199.90 per share.,1500,299842.0,D
EA,2026-02-17,SINGH VIJAYANTHIMALA,Officer,Sale at price 200.63 per share.,1200,240756.0,I
EA,2026-02-17,WILSON ANDREW,Chief Executive Officer,Sale at price 199.48 - 200.18 per share.,5000,997484.0,I
EA,2026-02-17,MIELE LAURA KAREN,Officer,Sale at price 199.52 - 200.67 per share.,2500,498825.0,D
EA,2026-02-02,HUBER JEFFREY T,Director,Conversion of Exercise of derivative security at price 203.60 per share.,102,20767.0,I
EA,2026-02-02,HOSKINS ROCHE LOUISE TALBOTT,Director,Conversion of Exercise of derivative security at price 203.60 per share.,114,23210.0,D
EA,2026-01-15,SINGH VIJAYANTHIMALA,Officer,Sale at price 204.30 per share.,1200,245160.0,I
EA,2026-01-15,WILSON ANDREW,Chief Executive Officer,Sale at price 204.26 per share.,5000,1021302.0,I
EA,2026-01-15,MIELE LAURA KAREN,Officer,Sale at price 204.27 per share.,2500,510667.0,D
EA,2025-12-26,GONZALEZ RACHEL A,Director,Stock Gift at price 0.00 per share.,2000,0.0,D
EA,2025-12-15,SINGH VIJAYANTHIMALA,Officer,Sale at price 204.11 per share.,1200,244928.0,I
EA,2025-12-15,WILSON ANDREW,Chief Executive Officer,Sale at price 204.11 per share.,5000,1020556.0,I
EA,2025-12-15,MIELE LAURA KAREN,Officer,Sale at price 204.11 per share.,2500,510284.0,D
EA,2025-11-21,HUBER JEFFREY T,Director,Sale at price 200.72 - 201.17 per share.,96169,19338366.0,D/I
EA,2025-11-20,CANFIELD STUART,Chief Financial Officer,Sale at price 201.65 per share.,1500,302475.0,D
EA,2025-11-17,SINGH VIJAYANTHIMALA,Officer,Sale at price 201.42 per share.,1200,241704.0,I
EA,2025-11-17,WILSON ANDREW,Chief Executive Officer,Sale at price 201.05 per share.,5000,1005265.0,I
EA,2025-11-17,MIELE LAURA KAREN,Officer,Sale at price 201.06 per share.,2500,502643.0,D
EA,2025-11-07,KELLY ERIC CHARLES,Officer,Sale at price 200.51 per share.,4000,802049.0,D
EA,2025-11-03,SCHATZ JACOB J,Officer,Stock Gift at price 0.00 per share.,500,0.0,D
EA,2025-11-03,HUBER JEFFREY T,Director,Conversion of Exercise of derivative security at price 199.89 per share.,103,20589.0,I
EA,2025-11-03,HOSKINS ROCHE LOUISE TALBOTT,Director,Conversion of Exercise of derivative security at price 199.89 per share.,117,23387.0,D
EA,2025-10-20,WILSON ANDREW,Chief Executive Officer,Sale at price 200.55 per share.,5000,1002752.0,I
EA,2025-10-15,SINGH VIJAYANTHIMALA,Officer,Sale at price 200.31 per share.,1200,240372.0,I
EA,2025-10-15,SCHATZ JACOB J,Officer,Sale at price 200.80 per share.,1200,240961.0,D
EA,2025-10-01,MIELE LAURA KAREN,Officer,Sale at price 201.79 per share.,2500,504477.0,D
EA,2025-09-29,CANFIELD STUART,Chief Financial Officer,Sale at price 187.80 - 203.40 per share.,10000,1979400.0,D
EA,2025-09-29,SINGH VIJAYANTHIMALA,Officer,Sale at price 203.40 per share.,1200,244080.0,I
EA,2025-09-22,WILSON ANDREW,Chief Executive Officer,Sale at price 172.31 - 173.24 per share.,5000,863948.0,I
EA,2025-09-15,SINGH VIJAYANTHIMALA,Officer,Sale at price 171.52 per share.,1200,205824.0,I
EA,2025-09-15,SCHATZ JACOB J,Officer,Sale at price 171.52 per share.,1200,205824.0,D
EA,2025-09-02,MIELE LAURA KAREN,Officer,Sale at price 170.05 - 172.54 per share.,2500,429234.0,D
EA,2025-08-27,SINGH VIJAYANTHIMALA,Officer,Sale at price 172.26 per share.,1200,206712.0,I
EA,2025-08-21,UBINAS LUIS A.,Director,Sale at price 170.51 per share.,1746,297707.0,D
EA,2025-08-20,CANFIELD STUART,Chief Financial Officer,Sale at price 170.91 - 171.66 per share.,1000,171059.0,D
EA,2025-08-20,WILSON ANDREW,Chief Executive Officer,Sale at price 170.76 - 171.52 per share.,5000,855257.0,I
EA,2025-08-15,SCHATZ JACOB J,Officer,Sale at price 173.72 - 178.48 per share.,1200,209580.0,D
EA,2025-08-01,MIELE LAURA KAREN,Officer,Sale at price 151.84 - 156.94 per share.,2500,388733.0,D
TTWO,2026-08-10,ZELNICK STRAUSS,Chief Executive Officer,Stock Gift at price 0.00 per share.,10000,0.0,I
TTWO,2026-08-10,ZELNICK STRAUSS,Chief Executive Officer,Sale at price 250.49 - 255.12 per share.,40000,10105592.0,I
TTWO,2026-07-01,SIMINOFF ELLEN F,Director,Stock Award(Grant) at price 0.00 per share.,104,0.0,D
TTWO,2026-07-01,VIERA PAUL E,Director,Stock Award(Grant) at price 0.00 per share.,93,0.0,D
TTWO,2026-07-01,GORDON WILLIAM BINGHAM,Director,Stock Award(Grant) at price 0.00 per share.,82,0.0,D
TTWO,2026-07-01,SIMINOFF ELLEN F,Director,Sale at price 252.53 per share.,334,84345.0,I
TTWO,2026-06-22,MOSES JON J,Director,Sale at price 244.61 per share.,500,122305.0,D
TTWO,2026-06-16,EMERSON DANIEL P,Officer,Sale at price 230.00 per share.,4419,1016370.0,D
TTWO,2026-06-15,EMERSON DANIEL P,Officer,Sale at price 215.00 per share.,4421,950515.0,D
TTWO,2026-06-15,MOSES JON J,Director,Sale at price 215.22 per share.,500,107608.0,D
TTWO,2026-06-08,EMERSON DANIEL P,Officer,Sale at price 214.00 per share.,8840,1891760.0,D
TTWO,2026-06-04,DORNEMANN MICHAEL,Director,Sale at price 217.02 per share.,1151,249790.0,D
TTWO,2026-06-03,SLATOFF KARL,President,Sale at price 214.99 - 231.01 per share.,249327,56228879.0,D/I
TTWO,2026-06-02,EMERSON DANIEL P,Officer,Sale at price 219.61 per share.,21102,4634210.0,D
TTWO,2026-06-01,SLATOFF KARL,President,Stock Award(Grant) at price 0.00 per share.,329949,0.0,I
TTWO,2026-06-01,EMERSON DANIEL P,Officer,Stock Award(Grant) at price 0.00 per share.,38090,0.0,D
TTWO,2026-06-01,SRINIVASAN LAVERNE EVANS,Director,Sale at price 229.35 per share.,373,85548.0,D
TTWO,2026-05-29,SHERESKY MICHAEL J,Director,Sale at price 218.26 per share.,131,28592.0,D
TTWO,2026-05-26,ZELNICK STRAUSS,Chief Executive Officer,Stock Gift at price 0.00 per share.,20000,0.0,I
TTWO,2026-05-26,ZELNICK STRAUSS,Chief Executive Officer,Sale at price 221.37 - 224.33 per share.,70000,15554130.0,I
TTWO,2026-04-15,SIMINOFF ELLEN F,Director,Sale at price 207.66 per share.,413,85764.0,I
TTWO,2026-04-01,SIMINOFF ELLEN F,Director,Stock Award(Grant) at price 0.00 per share.,116,0.0,D
TTWO,2026-04-01,VIERA PAUL E,Director,Stock Award(Grant) at price 0.00 per share.,103,0.0,D
TTWO,2026-04-01,GORDON WILLIAM BINGHAM,Director,Stock Award(Grant) at price 0.00 per share.,91,0.0,D
TTWO,2026-03-16,SIMINOFF ELLEN F,Director,Sale at price 209.36 per share.,413,86466.0,I
TTWO,2026-03-09,GORDON WILLIAM BINGHAM,Director,Sale at price 208.69 per share.,2500,521725.0,D
TTWO,2026-03-05,DORNEMANN MICHAEL,Director,Sale at price 213.09 per share.,1390,296195.0,D
TTWO,2026-03-03,ZELNICK STRAUSS,Chief Executive Officer,Sale at price 214.15 - 215.09 per share.,60000,12862211.0,I
TTWO,2026-03-02,EMERSON DANIEL P,Officer,Sale at price 213.47 - 213.62 per share.,2508,535637.0,D
TTWO,2026-03-02,GORDON WILLIAM BINGHAM,Director,Sale at price 209.01 per share.,2500,522525.0,D
TTWO,2026-03-02,GOLDSTEIN LAINIE,Chief Financial Officer,Sale at price 213.47 per share.,1166,248906.0,D
TTWO,2026-02-18,SHERESKY MICHAEL J,Director,Sale at price 194.73 per share.,155,30183.0,D
TTWO,2026-02-18,SIMINOFF ELLEN F,Director,Sale at price 200.00 per share.,413,82600.0,I
TTWO,2026-01-15,SIMINOFF ELLEN F,Director,Sale at price 245.48 per share.,414,101629.0,I
TTWO,2025-12-31,SIMINOFF ELLEN F,Director,Stock Award(Grant) at price 0.00 per share.,96,0.0,D
TTWO,2025-12-31,VIERA PAUL E,Director,Stock Award(Grant) at price 0.00 per share.,86,0.0,D
TTWO,2025-12-31,GORDON WILLIAM BINGHAM,Director,Stock Award(Grant) at price 0.00 per share.,84,0.0,D
TTWO,2025-12-15,SIMINOFF ELLEN F,Director,Sale at price 242.71 per share.,413,100239.0,I
TTWO,2025-12-02,EMERSON DANIEL P,Officer,Sale at price 248.11 per share.,1107,274658.0,D
TTWO,2025-12-02,GOLDSTEIN LAINIE,Chief Financial Officer,Sale at price 248.11 per share.,1612,399953.0,D
TTWO,2025-11-18,SRINIVASAN LAVERNE EVANS,Director,Sale at price 238.27 per share.,1350,321664.0,D
TTWO,2025-11-17,SHERESKY MICHAEL J,Director,Sale at price 235.11 per share.,182,42790.0,D
TTWO,2025-11-14,SIMINOFF ELLEN F,Director,Sale at price 235.95 per share.,414,97683.0,I
TTWO,2025-10-15,SIMINOFF ELLEN F,Director,Sale at price 259.42 per share.,411,106622.0,I
TTWO,2025-10-01,SRINIVASAN LAVERNE EVANS,Director,Stock Award(Grant) at price 0.00 per share.,1379,0.0,D
TTWO,2025-10-01,TOLSON SUSAN,Director,Stock Award(Grant) at price 0.00 per share.,967,0.0,D
TTWO,2025-10-01,MOSES JON J,Director,Stock Award(Grant) at price 0.00 per share.,967,0.0,D
TTWO,2025-10-01,SHERESKY MICHAEL J,Director,Stock Award(Grant) at price 0.00 per share.,967,0.0,D
TTWO,2025-10-01,SIMINOFF ELLEN F,Director,Stock Award(Grant) at price 0.00 per share.,1064,0.0,D
TTWO,2025-10-01,DORNEMANN MICHAEL,Director,Stock Award(Grant) at price 0.00 per share.,967,0.0,D
TTWO,2025-10-01,VIERA PAUL E,Director,Stock Award(Grant) at price 0.00 per share.,1054,0.0,D
TTWO,2025-10-01,HERNANDEZ ROLAND A,Director,Stock Award(Grant) at price 0.00 per share.,967,0.0,D
TTWO,2025-10-01,GORDON WILLIAM BINGHAM,Director,Stock Award(Grant) at price 0.00 per share.,1033,0.0,D
TTWO,2025-09-15,SIMINOFF ELLEN F,Director,Sale at price 246.25 per share.,414,101948.0,I
TTWO,2025-09-08,GOLDSTEIN LAINIE,Chief Financial Officer,Sale at price 250.00 per share.,10000,2500000.0,D
TTWO,2025-09-04,MOSES JON J,Director,Sale at price 239.57 per share.,1000,239570.0,D
TTWO,2025-09-03,EMERSON DANIEL P,Officer,Sale at price 236.83 - 241.00 per share.,1986,474110.0,D
TTWO,2025-09-02,GOLDSTEIN LAINIE,Chief Financial Officer,Sale at price 236.83 - 240.00 per share.,11579,2773955.0,D
TTWO,2025-08-28,GOLDSTEIN LAINIE,Chief Financial Officer,Sale at price 230.64 per share.,20000,4612800.0,D
TTWO,2025-08-27,ZELNICK STRAUSS,Chief Executive Officer,Stock Gift at price 0.00 per share.,20000,0.0,I
RBLX,2026-08-10,LEE ANTHONY P,Director,Stock Gift at price 0.00 per share.,100000,0.0,I
RBLX,2026-08-04,BASZUCKI GREGORY,Director,Sale at price 37.39 - 38.02 per share.,16666,624380.0,I
RBLX,2026-07-14,RAWLINGS AMY MARIE,Officer,Stock Award(Grant) at price 0.00 per share.,6567,0.0,D
RBLX,2026-07-06,REINSTRA MARK,Officer,Sale at price 55.77 - 57.94 per share.,4512,258734.0,D
RBLX,2026-07-01,BASZUCKI GREGORY,Director,Sale at price 55.97 - 58.03 per share.,16666,961392.0,I
RBLX,2026-06-15,RAWLINGS AMY MARIE,Officer,Stock Award(Grant) at price 0.00 per share.,32275,0.0,D
RBLX,2026-06-08,REINSTRA MARK,Officer,Sale at price 41.71 per share.,5978,249342.0,D
RBLX,2026-06-01,BASZUCKI GREGORY,Director,Sale at price 46.32 - 47.14 per share.,16666,777139.0,I
RBLX,2026-05-28,KILAR JASON,Director,Stock Award(Grant) at price 0.00 per share.,5185,0.0,D
RBLX,2026-05-28,MASTANTUONO GINA,Director,Stock Award(Grant) at price 0.00 per share.,5185,0.0,D
RBLX,2026-05-28,WONG ANDREA L,Director,Stock Award(Grant) at price 0.00 per share.,5185,0.0,D
RBLX,2026-05-28,DURKIN DENNIS M,Director,Stock Award(Grant) at price 0.00 per share.,5185,0.0,D
RBLX,2026-05-28,LEE ANTHONY P,Director,Stock Award(Grant) at price 0.00 per share.,5185,0.0,D
RBLX,2026-05-28,BASZUCKI GREGORY,Director,Stock Award(Grant) at price 0.00 per share.,5185,0.0,D
RBLX,2026-05-28,CARVALHO CHRISTOPHER,Director,Stock Award(Grant) at price 0.00 per share.,5185,0.0,D
RBLX,2026-05-26,RAWLINGS AMY MARIE,Officer,Sale at price 48.00 per share.,274,13152.0,D
RBLX,2026-05-22,BUCKLEY SEAN JACK,Officer,Sale at price 46.36 per share.,4744,219932.0,D
RBLX,2026-05-21,REINSTRA MARK,Officer,Sale at price 44.48 - 46.46 per share.,22735,1035526.0,D
RBLX,2026-05-20,BASZUCKI DAVID BRENT,Chief Executive Officer,Sale at price 44.40 - 45.89 per share.,50628,2292446.0,D
RBLX,2026-05-20,CHOPRA NAVEEN KUMAR,Chief Financial Officer,Sale at price 44.47 - 45.38 per share.,16863,763602.0,D
RBLX,2026-05-20,RAWLINGS AMY MARIE,Officer,Sale at price 44.76 - 45.46 per share.,2895,130969.0,D
RBLX,2026-05-20,KAUFMAN MATTHEW D,Officer,Sale at price 44.42 - 45.89 per share.,14356,649956.0,D
RBLX,2026-05-20,BUCKLEY SEAN JACK,Officer,Sale at price 44.71 - 45.44 per share.,5666,256501.0,D
RBLX,2026-05-05,BASZUCKI GREGORY,Director,Sale at price 44.09 - 47.04 per share.,16666,749424.0,I
RBLX,2026-04-17,RAWLINGS AMY MARIE,Officer,Stock Award(Grant) at price 0.00 per share.,5228,0.0,D
RBLX,2026-04-13,REINSTRA MARK,Officer,Sale at price 57.94 - 58.47 per share.,18653,1080808.0,D
RBLX,2026-04-13,KAUFMAN MATTHEW D,Officer,Sale at price 57.94 - 58.45 per share.,13325,772102.0,D
RBLX,2026-04-01,BASZUCKI GREGORY,Director,Sale at price 57.70 - 58.31 per share.,16666,965840.0,I
RBLX,2026-02-27,BASZUCKI DAVID BRENT,Chief Executive Officer,Stock Award(Grant) at price 0.00 per share.,102303,0.0,D
RBLX,2026-02-27,CHOPRA NAVEEN KUMAR,Chief Financial Officer,Stock Award(Grant) at price 0.00 per share.,73299,0.0,D
RBLX,2026-02-27,REINSTRA MARK,Officer,Stock Award(Grant) at price 0.00 per share.,96790,0.0,D
RBLX,2026-02-27,KAUFMAN MATTHEW D,Officer,Stock Award(Grant) at price 0.00 per share.,85609,0.0,D
RBLX,2026-02-27,BASZUCKI GREGORY,Director,Sale at price 68.62 - 70.52 per share.,16666,1149634.0,I
RBLX,2026-02-24,WONG ANDREA L,Director,Sale at price 66.16 per share.,563,37249.0,I
RBLX,2026-02-20,BASZUCKI DAVID BRENT,Chief Executive Officer,Sale at price 60.97 - 62.76 per share.,10834,667706.0,D
RBLX,2026-02-20,CHOPRA NAVEEN KUMAR,Chief Financial Officer,Sale at price 61.02 - 62.79 per share.,12714,783349.0,D
RBLX,2026-02-20,REINSTRA MARK,Officer,Sale at price 60.92 - 62.69 per share.,17186,1058762.0,D
RBLX,2026-02-20,RAWLINGS AMY MARIE,Officer,Sale at price 60.98 - 62.87 per share.,2951,181683.0,D
RBLX,2026-02-20,CHAKRAVARTHY ARVIND,Officer,Sale at price 60.95 - 62.69 per share.,21413,1319234.0,D
RBLX,2026-02-20,KAUFMAN MATTHEW D,Officer,Sale at price 60.94 - 62.73 per share.,15227,937887.0,D
RBLX,2026-02-17,RAWLINGS AMY MARIE,Officer,Stock Gift at price 0.00 per share.,14197,0.0,D
RBLX,2026-02-13,REINSTRA MARK,Officer,Sale at price 63.94 per share.,60000,3836484.0,D
RBLX,2026-02-11,CHAKRAVARTHY ARVIND,Officer,Sale at price 67.23 - 73.12 per share.,95895,6639886.0,D/I
RBLX,2026-02-10,BASZUCKI DAVID BRENT,Chief Executive Officer,Sale at price 72.62 - 73.13 per share.,272269,19782756.0,D
RBLX,2026-02-10,REINSTRA MARK,Officer,Sale at price 72.61 - 73.14 per share.,34320,2493475.0,D
RBLX,2026-02-10,KAUFMAN MATTHEW D,Officer,Sale at price 72.61 - 73.15 per share.,30034,2182105.0,D
RBLX,2026-01-16,RAWLINGS AMY MARIE,Officer,Stock Award(Grant) at price 0.00 per share.,3401,0.0,D
RBLX,2026-01-13,LEE ANTHONY P,Director,Sale at price 82.45 per share.,7000,577150.0,I
RBLX,2026-01-07,BASZUCKI DAVID BRENT,Chief Executive Officer,Stock Gift at price 0.00 per share.,68750,0.0,I
RBLX,2026-01-07,BASZUCKI DAVID BRENT,Chief Executive Officer,Sale at price 76.22 - 77.46 per share.,66896,5116401.0,I
RBLX,2026-01-02,LEE ANTHONY P,Director,Sale at price 79.24 - 81.52 per share.,59000,4717480.0,I
RBLX,2025-12-18,BASZUCKI DAVID BRENT,Chief Executive Officer,Stock Gift at price 0.00 per share.,68750,0.0,I
RBLX,2025-12-18,BASZUCKI DAVID BRENT,Chief Executive Officer,Sale at price 83.97 - 87.13 per share.,66896,5667931.0,I
RBLX,2025-12-01,LEE ANTHONY P,Director,Sale at price 91.13 - 93.76 per share.,66000,6107823.0,I
RBLX,2025-11-21,LEE ANTHONY P,Director,Stock Gift at price 0.00 per share.,80000,0.0,I
RBLX,2025-11-20,REINSTRA MARK,Officer,Sale at price 93.36 - 97.07 per share.,16782,1598373.0,D
RBLX,2025-11-20,BASZUCKI DAVID BRENT,Chief Executive Officer,Sale at price 93.45 - 97.26 per share.,10584,1008013.0,D
RBLX,2025-11-20,CHOPRA NAVEEN KUMAR,Chief Financial Officer,Sale at price 93.34 - 96.98 per share.,19424,1849788.0,D
RBLX,2025-11-20,CHAKRAVARTHY ARVIND,Officer,Sale at price 93.40 - 97.05 per share.,20912,1991466.0,D
RBLX,2025-11-20,KAUFMAN MATTHEW D,Officer,Sale at price 93.49 - 98.21 per share.,20867,2005239.0,D
TMUS,2026-07-31,SAMBAR CHRISTOPHER,Officer,Stock Award(Grant) at price 0.00 per share.,40966,0.0,D
TMUS,2026-06-16,CLAURE RAUL MARCELO,Director,Stock Award(Grant) at price 0.00 per share.,1384,0.0,D
TMUS,2026-06-16,LONG LETITIA A,Director,Stock Award(Grant) at price 0.00 per share.,1656,0.0,D
TMUS,2026-06-16,DANNENFELDT THOMAS,Director,Stock Award(Grant) at price 0.00 per share.,1384,0.0,D
TMUS,2026-06-16,TAYLOR TERESA A,Director,Stock Award(Grant) at price 0.00 per share.,1384,0.0,D
TMUS,2026-06-16,DATAR SRIKANT MADHAV,Director,Stock Award(Grant) at price 0.00 per share.,1384,0.0,D
TMUS,2026-06-16,KAVANAUGH JAMES J.,Director,Stock Award(Grant) at price 0.00 per share.,1384,0.0,D
TMUS,2026-06-11,NELSON MARK WOLFE,General Counsel,Stock Award(Grant) at price 187.02 per share.,97,18238.0,D
TMUS,2026-05-21,FREIER JON,Chief Operating Officer,Sale at price 190.00 per share.,4799,911810.0,D
TMUS,2026-05-01,KATZ MICHAEL J,Officer,Sale at price 195.81 per share.,5000,979050.0,D
TMUS,2026-05-01,ALMEIDA ANDRE,Officer,Purchase at price 196.18 per share.,5097,1000016.0,D
TMUS,2026-03-12,NELSON MARK WOLFE,General Counsel,Stock Award(Grant) at price 211.58 per share.,85,18151.0,D
TMUS,2026-03-10,DATAR SRIKANT MADHAV,Director,Sale at price 218.25 per share.,1000,218250.0,I
TMUS,2026-03-04,DATAR SRIKANT MADHAV,Director,Sale at price 221.10 per share.,3291,727640.0,D
TMUS,2026-02-24,SIEVERT G MICHAEL,Director,Sale at price 220.07 - 221.85 per share.,15000,3302988.0,D
TMUS,2026-02-24,NELSON MARK WOLFE,General Counsel,Sale at price 222.38 per share.,2329,517968.0,D
TMUS,2026-02-19,SIEVERT G MICHAEL,Director,Sale at price 214.94 per share.,80000,17195200.0,D
TMUS,2026-02-18,NELSON MARK WOLFE,General Counsel,Sale at price 219.69 - 220.80 per share.,16514,3639327.0,D
TMUS,2026-02-18,OSVALDIK PETER,Chief Financial Officer,Sale at price 214.86 per share.,27000,5801220.0,D
TMUS,2026-02-13,OSVALDIK PETER,Chief Financial Officer,Stock Award(Grant) at price 0.00 per share.,31373,0.0,D
TMUS,2026-02-13,GOPALAN SRINI,Chief Executive Officer,Stock Award(Grant) at price 0.00 per share.,60031,0.0,D
TMUS,2026-02-13,KING DEEANNE,Officer,Stock Award(Grant) at price 0.00 per share.,13853,0.0,D
TMUS,2026-02-13,FREIER JON,Chief Operating Officer,Stock Award(Grant) at price 0.00 per share.,31558,0.0,D
TMUS,2026-02-13,KATZ MICHAEL J,Officer,Stock Award(Grant) at price 0.00 per share.,41441,0.0,D
TMUS,2026-02-13,NELSON MARK WOLFE,General Counsel,Stock Award(Grant) at price 0.00 per share.,31863,0.0,D
TMUS,2026-02-13,ALMEIDA ANDRE,Officer,Stock Award(Grant) at price 0.00 per share.,13654,0.0,D
TMUS,2026-02-13,DROBAC DANIEL JAMES,Officer,Stock Award(Grant) at price 0.00 per share.,3837,0.0,D
TMUS,2026-02-13,SAW JOHN,Chief Technology Officer,Stock Award(Grant) at price 0.00 per share.,12243,0.0,D
TMUS,2026-02-12,CLAURE RAUL MARCELO,Director,Sale at price 217.57 per share.,550000,119663500.0,I
TMUS,2025-12-11,NELSON MARK WOLFE,General Counsel,Stock Award(Grant) at price 195.69 per share.,68,13366.0,D
TMUS,2025-12-09,OSVALDIK PETER,Chief Financial Officer,Stock Gift at price 0.00 per share.,1200,0.0,D
TMUS,2025-12-05,LONG LETITIA A,Director,Sale at price 210.32 per share.,1457,306436.0,D
TMUS,2025-12-03,SIEVERT G MICHAEL,Director,Stock Gift at price 0.00 per share.,65500,0.0,D
TMUS,2025-11-18,SIEVERT G MICHAEL,Director,Sale at price 214.25 - 216.97 per share.,45000,9702450.0,D
TMUS,2025-11-17,KATZ MICHAEL J,Officer,Sale at price 215.91 per share.,2500,539775.0,D
TMUS,2025-11-10,SIEVERT G MICHAEL,Director,Stock Gift at price 0.00 per share.,43318,0.0,D
TMUS,2025-11-07,SIEVERT G MICHAEL,Director,Stock Award(Grant) at price 0.00 per share.,135915,0.0,D
TMUS,2025-11-06,GOPALAN SRINI,Chief Executive Officer,Purchase at price 201.82 per share.,9800,1977836.0,D
TMUS,2025-10-31,GOPALAN SRINI,Chief Executive Officer,Stock Award(Grant) at price 0.00 per share.,41464,0.0,D
TMUS,2025-10-29,DEUTSCHE TELEKOM AG,Beneficial Owner of more than 10% of a Class of Security,Sale at price 220.44 - 221.26 per share.,1374,302911.0,I
TMUS,2025-10-28,DEUTSCHE TELEKOM AG,Beneficial Owner of more than 10% of a Class of Security,Sale at price 220.48 - 222.04 per share.,117933,26030612.0,I
TMUS,2025-10-24,DEUTSCHE TELEKOM AG,Beneficial Owner of more than 10% of a Class of Security,Sale at price 220.03 - 225.75 per share.,35577,7866666.0,I
TMUS,2025-10-22,DEUTSCHE TELEKOM AG,Beneficial Owner of more than 10% of a Class of Security,Sale at price 220.23 - 229.96 per share.,128852,29341911.0,I
TMUS,2025-10-20,DEUTSCHE TELEKOM AG,Director and Beneficial Owner of more than 10% of a Class of Security,Sale at price 227.25 - 230.05 per share.,128852,29469811.0,I
TMUS,2025-10-16,DEUTSCHE TELEKOM AG,Director and Beneficial Owner of more than 10% of a Class of Security,Sale at price 225.71 - 229.70 per share.,128852,29298979.0,I
TMUS,2025-10-14,DEUTSCHE TELEKOM AG,Beneficial Owner of more than 10% of a Class of Security,Sale at price 224.96 - 230.62 per share.,193278,44042940.0,I
TMUS,2025-10-09,DEUTSCHE TELEKOM AG,Director and Beneficial Owner of more than 10% of a Class of Security,Sale at price 225.28 - 227.71 per share.,128852,29197932.0,I
TMUS,2025-10-07,DEUTSCHE TELEKOM AG,Beneficial Owner of more than 10% of a Class of Security,Sale at price 222.82 - 228.87 per share.,128852,29114621.0,I
TMUS,2025-10-03,DEUTSCHE TELEKOM AG,Beneficial Owner of more than 10% of a Class of Security,Sale at price 228.05 - 232.86 per share.,128852,29611478.0,I
TMUS,2025-10-01,DEUTSCHE TELEKOM AG,Beneficial Owner of more than 10% of a Class of Security,Sale at price 232.11 - 240.36 per share.,128852,30535430.0,I
TMUS,2025-09-29,DEUTSCHE TELEKOM AG,Beneficial Owner of more than 10% of a Class of Security,Sale at price 237.42 - 240.04 per share.,128841,30679114.0,I
TMUS,2025-09-25,DEUTSCHE TELEKOM AG,Beneficial Owner of more than 10% of a Class of Security,Sale at price 237.56 - 242.21 per share.,128852,30754387.0,I
TMUS,2025-09-23,DEUTSCHE TELEKOM AG,Beneficial Owner of more than 10% of a Class of Security,Sale at price 235.51 - 240.25 per share.,128852,30677091.0,I
TMUS,2025-09-19,DEUTSCHE TELEKOM AG,Director and Beneficial Owner of more than 10% of a Class of Security,Sale at price 237.32 - 240.59 per share.,193278,46195157.0,I
TMUS,2025-09-19,ALMEIDA ANDRE,Officer,Stock Award(Grant) at price 0.00 per share.,14208,0.0,D
TMUS,2025-09-16,DEUTSCHE TELEKOM AG,Beneficial Owner of more than 10% of a Class of Security,Sale at price 236.88 - 243.78 per share.,128878,30821160.0,D
TMUS,2025-09-12,DEUTSCHE TELEKOM AG,Beneficial Owner of more than 10% of a Class of Security,Sale at price 240.44 - 242.27 per share.,128852,31085042.0,I
TMUS,2025-09-11,NELSON MARK WOLFE,General Counsel,Stock Award(Grant) at price 240.34 per share.,47,11489.0,D
TMUS,2025-09-10,DEUTSCHE TELEKOM AG,Beneficial Owner of more than 10% of a Class of Security,Sale at price 239.15 - 243.21 per share.,139680,33699753.0,I
TMUS,2025-09-08,DEUTSCHE TELEKOM AG,Beneficial Owner of more than 10% of a Class of Security,Sale at price 238.06 - 256.16 per share.,209520,52343407.0,I
VZ,2026-05-29,HAMMOCK SAMANTHA,Officer,Sale at price 47.83 per share.,73069,3495036.0,D
VZ,2026-03-02,STILLWELL MARY-LEE,Officer,Sale at price 50.00 per share.,8569,428450.0,D
VZ,2026-02-24,VESTBERG HANS ERIK,Director,Sale at price 49.61 per share.,225000,11163150.0,D/I
VZ,2026-02-11,SKIADAS ANTHONY T,Chief Financial Officer,Stock Award(Grant) at price 0.00 per share.,86131,0.0,D
VZ,2026-02-11,VESTBERG HANS ERIK,Director,Stock Award(Grant) at price 0.00 per share.,303497,0.0,D
VZ,2026-02-11,STILLWELL MARY-LEE,Officer,Stock Award(Grant) at price 0.00 per share.,7343,0.0,D
VZ,2026-02-11,MALADY KYLE,Officer,Stock Award(Grant) at price 0.00 per share.,119409,0.0,D
VZ,2026-02-11,HAMMOCK SAMANTHA,Officer,Stock Award(Grant) at price 0.00 per share.,59705,0.0,D
VZ,2026-02-11,VENKATESH VANDANA,Officer,Stock Award(Grant) at price 0.00 per share.,52242,0.0,D
VZ,2026-02-11,RUSSO JOSEPH J.,Officer,Stock Award(Grant) at price 0.00 per share.,42446,0.0,D
VZ,2026-02-02,RUSSO JOSEPH J.,Officer,Sale at price 44.88 per share.,9579,429906.0,D
VZ,2025-08-18,VESTBERG HANS ERIK,Chief Executive Officer,Stock Gift at price 0.00 per share.,32258,0.0,I
VZ,2025-05-23,VESTBERG HANS ERIK,Chief Executive Officer,Stock Gift at price 0.00 per share.,18789,0.0,I
VZ,2025-05-08,MALADY KYLE,Officer,Sale at price 43.81 - 43.82 per share.,10000,438101.0,D
VZ,2025-05-07,MALADY KYLE,Officer,Sale at price 44.10 per share.,9000,396900.0,D
VZ,2025-04-30,MALADY KYLE,Officer,Sale at price 43.88 per share.,7500,329062.0,D
VZ,2025-04-24,MALADY KYLE,Officer,Sale at price 43.02 per share.,10000,430240.0,D
VZ,2025-04-23,MALADY KYLE,Officer,Sale at price 42.48 per share.,5000,212425.0,D
VZ,2025-02-25,VENKATESH VANDANA,Officer,Sale at price 43.79 - 43.80 per share.,10000,437939.0,D
VZ,2025-02-04,MALADY KYLE,Officer,Sale at price 39.70 per share.,6590,261623.0,D
VZ,2025-02-03,MALADY KYLE,Officer,Sale at price 39.88 per share.,8000,319080.0,D
VZ,2025-01-29,MALADY KYLE,Chief Executive Officer,Sale at price 40.88 per share.,11085,453155.0,D
VZ,2025-01-28,MALADY KYLE,Officer,Sale at price 40.49 per share.,20000,809800.0,D
VZ,2025-01-27,MALADY KYLE,Officer,Sale at price 40.54 per share.,20000,810800.0,D
T,2026-07-31,SABRINA SANDERS S,Officer,Stock Award(Grant) at price 23.25 per share.,167,3901.0,I
T,2026-07-31,DESROCHES PASCAL,Chief Financial Officer,Stock Award(Grant) at price 23.25 per share.,3487,81084.0,I
T,2026-07-31,LEE LORI M,Officer,Stock Award(Grant) at price 23.25 per share.,499,11616.0,I
T,2026-07-31,MCELFRESH JEFFERY S.,Chief Operating Officer,Stock Award(Grant) at price 23.25 per share.,2690,62544.0,I
T,2026-07-31,STANKEY JOHN T,Chief Executive Officer,Stock Award(Grant) at price 23.25 per share.,927,21574.0,I
T,2026-06-30,SABRINA SANDERS S,Officer,Stock Award(Grant) at price 20.70 per share.,158,3276.0,I
T,2026-06-30,DESROCHES PASCAL,Chief Financial Officer,Stock Award(Grant) at price 20.70 per share.,2003,41467.0,I
T,2026-06-30,LEE LORI M,Officer,Stock Award(Grant) at price 20.70 per share.,417,8640.0,I
T,2026-06-30,MCELFRESH JEFFERY S.,Chief Operating Officer,Stock Award(Grant) at price 20.70 per share.,603,12500.0,I
T,2026-05-29,SABRINA SANDERS S,Officer,Stock Award(Grant) at price 24.80 per share.,132,3276.0,I
T,2026-05-29,DESROCHES PASCAL,Chief Financial Officer,Stock Award(Grant) at price 24.80 per share.,1629,40417.0,I
T,2026-05-29,LEE LORI M,Officer,Stock Award(Grant) at price 24.80 per share.,226,5616.0,I
T,2026-05-29,MCELFRESH JEFFERY S.,Chief Operating Officer,Stock Award(Grant) at price 24.80 per share.,504,12500.0,I
T,2026-04-30,SABRINA SANDERS S,Officer,Stock Award(Grant) at price 26.13 per share.,144,3781.0,I
T,2026-04-30,DESROCHES PASCAL,Chief Financial Officer,Stock Award(Grant) at price 26.13 per share.,2866,74905.0,I
T,2026-04-30,LEE LORI M,Officer,Stock Award(Grant) at price 26.13 per share.,304,7969.0,I
T,2026-04-30,MCELFRESH JEFFERY S.,Chief Operating Officer,Stock Award(Grant) at price 26.13 per share.,2236,58436.0,I
T,2026-04-30,STANKEY JOHN T,Chief Executive Officer,Stock Award(Grant) at price 26.13 per share.,816,21347.0,I
T,2026-03-31,SABRINA SANDERS S,Officer,Stock Award(Grant) at price 28.99 per share.,1588,46049.0,I
T,2026-03-31,DESROCHES PASCAL,Chief Financial Officer,Stock Award(Grant) at price 28.99 per share.,121297,3516417.0,I
T,2026-03-31,LEE LORI M,Officer,Stock Award(Grant) at price 28.99 per share.,193,5616.0,I
T,2026-03-31,MCELFRESH JEFFERY S.,Chief Operating Officer,Stock Award(Grant) at price 28.99 per share.,13018,377400.0,I
T,2026-03-10,LEE LORI M,Officer,Stock Gift at price 0.00 per share.,2094,0.0,D
T,2026-02-27,SABRINA SANDERS S,Officer,Stock Award(Grant) at price 28.01 per share.,111,3120.0,I
T,2026-02-27,DESROCHES PASCAL,Chief Financial Officer,Stock Award(Grant) at price 28.01 per share.,1442,40417.0,I
T,2026-02-27,LEE LORI M,Officer,Stock Award(Grant) at price 28.01 per share.,200,5616.0,I
T,2026-02-27,MCELFRESH JEFFERY S.,Chief Operating Officer,Stock Award(Grant) at price 28.01 per share.,278,7800.0,I
T,2026-02-25,DESROCHES PASCAL,Chief Financial Officer,Stock Gift at price 0.00 per share.,352000,0.0,D
T,2026-02-18,MCATEE DAVID R. II,General Counsel,Stock Gift at price 0.00 per share.,126479,0.0,D
T,2026-02-18,STANKEY JOHN T,Chief Executive Officer,Stock Gift at price 0.00 per share.,199244,0.0,D
T,2026-02-18,LEE LORI M,Officer,Stock Gift at price 0.00 per share.,60924,0.0,D
T,2026-01-30,SABRINA SANDERS S,Officer,Stock Award(Grant) at price 26.21 per share.,151,3963.0,I
T,2026-01-30,DESROCHES PASCAL,Chief Financial Officer,Stock Award(Grant) at price 26.21 per share.,3021,79195.0,I
T,2026-01-30,LEE LORI M,Officer,Stock Award(Grant) at price 26.21 per share.,331,8690.0,I
T,2026-01-30,MCELFRESH JEFFERY S.,Chief Operating Officer,Stock Award(Grant) at price 26.21 per share.,2105,55183.0,I
T,2026-01-30,STANKEY JOHN T,Chief Executive Officer,Stock Award(Grant) at price 26.21 per share.,805,21124.0,I
T,2026-01-29,SABRINA SANDERS S,Officer,Stock Award(Grant) at price 0.00 per share.,26350,0.0,I
T,2026-01-29,SABRINA SANDERS S,Officer,Stock Award(Grant) at price 0.00 per share.,26350,0.0,I
T,2026-01-29,DESROCHES PASCAL,Chief Financial Officer,Stock Award(Grant) at price 0.00 per share.,348750,0.0,I
T,2026-01-29,LEE LORI M,Officer,Stock Award(Grant) at price 0.00 per share.,238313,0.0,I
T,2026-01-29,LEE LORI M,Officer,Stock Award(Grant) at price 0.00 per share.,238313,0.0,I
T,2026-01-29,MCATEE DAVID R. II,General Counsel,Stock Award(Grant) at price 0.00 per share.,325500,0.0,I
T,2026-01-29,MCELFRESH JEFFERY S.,Chief Operating Officer,Stock Award(Grant) at price 0.00 per share.,418500,0.0,I
T,2026-01-29,SMITH KENNY KELLYN,Officer,Stock Award(Grant) at price 0.00 per share.,102300,0.0,I
T,2026-01-29,SMITH KENNY KELLYN,Officer,Stock Award(Grant) at price 0.00 per share.,102300,0.0,I
T,2026-01-29,LEGG JEREMY ALAN,Chief Technology Officer,Stock Award(Grant) at price 0.00 per share.,151126,0.0,I
T,2026-01-29,STANKEY JOHN T,Chief Executive Officer,Stock Award(Grant) at price 0.00 per share.,767250,0.0,I
T,2026-01-29,GILLESPIE EDWARD W,Officer,Stock Award(Grant) at price 0.00 per share.,158100,0.0,I
T,2026-01-20,STANKEY JOHN T,Chief Executive Officer,Stock Gift at price 0.00 per share.,96578,0.0,D
T,2026-01-20,LEE LORI M,Officer,Stock Gift at price 0.00 per share.,34376,0.0,D
T,2025-12-31,SABRINA SANDERS S,Officer,Stock Award(Grant) at price 24.84 per share.,201,5000.0,I
T,2025-12-31,DESROCHES PASCAL,Chief Financial Officer,Stock Award(Grant) at price 24.84 per share.,1803,44792.0,I
T,2025-12-31,LEE LORI M,Officer,Stock Award(Grant) at price 24.84 per share.,362,9000.0,I
T,2025-12-31,ARROYO F. THADDEUS,Officer,Stock Award(Grant) at price 24.84 per share.,869,21600.0,I
T,2025-12-31,MCELFRESH JEFFERY S.,Chief Operating Officer,Stock Award(Grant) at price 24.84 per share.,704,17500.0,I
T,2025-11-28,SABRINA SANDERS S,Officer,Stock Award(Grant) at price 26.02 per share.,192,5000.0,I
T,2025-11-28,DESROCHES PASCAL,Chief Financial Officer,Stock Award(Grant) at price 26.02 per share.,1721,44792.0,I
T,2025-11-28,LEE LORI M,Officer,Stock Award(Grant) at price 26.02 per share.,345,9000.0,I
T,2025-11-28,ARROYO F. THADDEUS,Officer,Stock Award(Grant) at price 26.02 per share.,830,21600.0,I
T,2025-11-28,MCELFRESH JEFFERY S.,Chief Operating Officer,Stock Award(Grant) at price 26.02 per share.,672,17500.0,I
CHTR,2026-05-27,RUTLEDGE THOMAS M,Director,Sale at price 144.45 - 146.96 per share.,87833,12732783.0,D/I
CHTR,2026-05-15,RAMOS MAURICIO,Director,Purchase at price 140.93 per share.,9929,1399308.0,D
CHTR,2026-04-28,NAIR BALAN,Director,Purchase at price 175.46 per share.,1000,175460.0,D
CHTR,2026-04-28,WINFREY CHRISTOPHER L,Chief Executive Officer,Purchase at price 172.23 per share.,6936,1194621.0,D/I
CHTR,2026-04-28,DAVIS WADE,Director,Purchase at price 173.72 per share.,5728,995068.0,D
CHTR,2026-04-21,CONN W LANCE,Director,Stock Award(Grant) at price 0.00 per share.,918,0.0,D
CHTR,2026-04-21,GOODMAN KIM C,Director,Stock Award(Grant) at price 0.00 per share.,1407,0.0,D
CHTR,2026-04-21,MIRON STEVEN A,Director,Stock Award(Grant) at price 0.00 per share.,1407,0.0,D
CHTR,2026-04-21,MARKLEY JOHN D JR,Director,Stock Award(Grant) at price 0.00 per share.,918,0.0,D
CHTR,2026-04-21,DAVIS WADE,Director,Stock Award(Grant) at price 0.00 per share.,918,0.0,D
CHTR,2026-04-21,NEWHOUSE MICHAEL A,Director,Stock Award(Grant) at price 0.00 per share.,918,0.0,D
CHTR,2026-04-21,PATTERSON MARTIN EDWARD,Director,Stock Award(Grant) at price 0.00 per share.,918,0.0,D
CHTR,2026-04-21,SLASKI CAROLYN J.,Director,Stock Award(Grant) at price 0.00 per share.,918,0.0,D
CHTR,2026-04-21,WARGO J. DAVID,Director,Stock Award(Grant) at price 0.00 per share.,918,0.0,D
CHTR,2026-04-21,ZINTERHOFER ERIC LOUIS,Director,Stock Award(Grant) at price 0.00 per share.,2019,0.0,D
CHTR,2026-04-21,RUTLEDGE THOMAS M,Divisional Officer,Stock Award(Grant) at price 0.00 per share.,1407,0.0,D
CHTR,2026-04-21,RAMOS MAURICIO,Director,Stock Award(Grant) at price 0.00 per share.,918,0.0,D
CHTR,2026-04-21,NAIR BALAN,Director,Stock Award(Grant) at price 0.00 per share.,1407,0.0,D
CHTR,2026-04-21,RUTLEDGE THOMAS M,Divisional Officer,Conversion of Exercise of derivative security at price 222.92 - 232.34 per share.,1627560,369629726.0,D
CHTR,2026-03-02,HOWARD KEVIN D,Officer,Stock Gift at price 0.00 per share.,737,0.0,D
CHTR,2026-01-27,DAVIS WADE,Director,Stock Award(Grant) at price 0.00 per share.,279,0.0,D
CHTR,2026-01-16,HOWARD KEVIN D,Officer,Conversion of Exercise of derivative security at price 183.87 per share.,6518,1127307.0,D
CHTR,2026-01-15,WINFREY CHRISTOPHER L,Chief Executive Officer,Conversion of Exercise of derivative security at price 183.87 per share.,24064,4424648.0,D
CHTR,2025-11-05,MERRITT DAVID C,Director,Sale at price 226.18 per share.,1200,271416.0,D
CHTR,2025-07-31,WINFREY CHRISTOPHER L,Chief Executive Officer,Purchase at price 273.10 per share.,3670,1002259.0,D
CHTR,2025-07-31,NAIR BALAN,Director,Purchase at price 274.21 per share.,360,98716.0,D
CHTR,2025-05-16,DIGERONIMO RICHARD J,Officer,Sale at price 423.80 per share.,1551,657322.0,D
CHTR,2025-05-16,DIGERONIMO RICHARD J,Officer,Conversion of Exercise of derivative security at price 292.31 per share.,9050,2645406.0,D
CHTR,2025-04-22,CONN W LANCE,Director,Stock Award(Grant) at price 0.00 per share.,684,0.0,D
CHTR,2025-04-22,GOODMAN KIM C,Director,Stock Award(Grant) at price 0.00 per share.,1049,0.0,D
CHTR,2025-04-22,MIRON STEVEN A,Director,Stock Award(Grant) at price 0.00 per share.,1049,0.0,D
CHTR,2025-04-22,MARKLEY JOHN D JR,Director,Stock Award(Grant) at price 0.00 per share.,684,0.0,D
CHTR,2025-04-22,NEWHOUSE MICHAEL A,Director,Stock Award(Grant) at price 0.00 per share.,684,0.0,D
CHTR,2025-04-22,PATTERSON MARTIN EDWARD,Director,Stock Award(Grant) at price 0.00 per share.,684,0.0,D
CHTR,2025-04-22,SLASKI CAROLYN J.,Director,Stock Award(Grant) at price 0.00 per share.,684,0.0,D
CHTR,2025-04-22,WARGO J. DAVID,Director,Stock Award(Grant) at price 0.00 per share.,684,0.0,D
CHTR,2025-04-22,MERRITT DAVID C,Director,Stock Award(Grant) at price 0.00 per share.,684,0.0,D
CHTR,2025-04-22,ZINTERHOFER ERIC LOUIS,Director,Stock Award(Grant) at price 0.00 per share.,1506,0.0,D
CHTR,2025-04-22,RUTLEDGE THOMAS M,Divisional Officer,Stock Award(Grant) at price 0.00 per share.,1049,0.0,D
CHTR,2025-04-22,RAMOS MAURICIO,Director,Stock Award(Grant) at price 0.00 per share.,1049,0.0,D
CHTR,2025-04-22,NAIR BALAN,Director,Stock Award(Grant) at price 0.00 per share.,1049,0.0,D
CHTR,2025-01-15,WINFREY CHRISTOPHER L,Chief Executive Officer,Conversion of Exercise of derivative security at price 175.76 per share.,34046,5983925.0,D
CHTR,2025-01-15,RUTLEDGE THOMAS M,Divisional Officer,Conversion of Exercise of derivative security at price 175.76 per share.,62051,10906084.0,D
AAPL,2026-08-11,NEWSTEAD JENNIFER,General Counsel,Sale at price 307.75 per share.,1439,442852.0,D
AAPL,2026-06-16,BORDERS BEN,Officer,Sale at price 295.14 per share.,116,34236.0,D
AAPL,2026-05-27,LEVINSON ARTHUR D,Director,Sale at price 311.02 per share.,50000,15551000.0,D
AAPL,2026-05-27,LEVINSON ARTHUR D,Director,Stock Gift at price 0.00 per share.,65000,0.0,D
AAPL,2026-05-08,BORDERS BEN,Officer,Sale at price 290.00 per share.,1274,369460.0,D
AAPL,2026-05-06,LEVINSON ARTHUR D,Director,Sale at price 284.57 - 285.04 per share.,250000,71189722.0,D
AAPL,2026-05-06,LEVINSON ARTHUR D,Director,Stock Gift at price 0.00 per share.,5000,0.0,D
AAPL,2026-04-23,PAREKH KEVAN,Chief Financial Officer,Sale at price 275.00 per share.,1534,421850.0,D
AAPL,2026-04-02,COOK TIMOTHY D,Chief Executive Officer,Sale at price 251.25 - 256.00 per share.,64949,16512198.0,D
AAPL,2026-04-02,O'BRIEN DEIRDRE,Officer,Sale at price 255.12 - 255.82 per share.,30002,7660875.0,D
AAPL,2026-02-26,LEVINSON ARTHUR D,Director,Stock Gift at price 0.00 per share.,1113,0.0,D
AAPL,2025-11-12,ADAMS KATHERINE L,General Counsel,Stock Gift at price 0.00 per share.,3750,0.0,D
AAPL,2025-11-07,KONDO CHRISTOPHER,Officer,Sale at price 271.23 per share.,3752,1017655.0,D
AAPL,2025-10-16,PAREKH KEVAN,Chief Financial Officer,Sale at price 245.89 - 248.73 per share.,4199,1038787.0,D
AAPL,2025-10-02,ADAMS KATHERINE L,General Counsel,Sale at price 254.83 - 257.54 per share.,47125,12101154.0,D
AAPL,2025-10-02,COOK TIMOTHY D,Chief Executive Officer,Sale at price 254.83 - 257.57 per share.,129963,33375723.0,D
AAPL,2025-10-02,O'BRIEN DEIRDRE,Officer,Sale at price 257.36 - 258.08 per share.,43013,11071078.0,D
AAPL,2025-08-28,LEVINSON ARTHUR D,Director,Sale at price 232.07 per share.,90000,20886300.0,D
AAPL,2025-08-25,KONDO CHRISTOPHER,Officer,Stock Gift at price 0.00 per share.,435,0.0,D
AAPL,2025-08-08,O'BRIEN DEIRDRE,Officer,Sale at price 223.20 per share.,34821,7772047.0,D
AAPL,2025-05-12,KONDO CHRISTOPHER,Officer,Sale at price 208.19 per share.,4486,933955.0,D
AAPL,2025-04-23,PAREKH KEVAN,Chief Financial Officer,Sale at price 206.00 per share.,4570,941420.0,D
AAPL,2025-04-02,WILLIAMS JEFFREY E,Chief Operating Officer,Sale at price 223.48 - 225.03 per share.,35493,7950691.0,D
AAPL,2025-04-02,ADAMS KATHERINE L,General Counsel,Sale at price 221.68 - 224.62 per share.,38822,8683252.0,D
AAPL,2025-04-02,COOK TIMOTHY D,Chief Executive Officer,Sale at price 221.77 - 224.76 per share.,108136,24184658.0,D
AAPL,2025-02-03,LEVINSON ARTHUR D,Director,Sale at price 226.35 per share.,1516,343147.0,D
AAPL,2024-12-16,WILLIAMS JEFFREY E,Chief Operating Officer,Sale at price 248.61 - 251.10 per share.,100000,24997395.0,I
AAPL,2024-11-19,LEVINSON ARTHUR D,Director,Sale at price 224.68 - 229.28 per share.,200000,45464500.0,D
AAPL,2024-11-18,KONDO CHRISTOPHER,Officer,Sale at price 228.87 per share.,4130,945233.0,D
AAPL,2024-11-05,ADAMS KATHERINE L,General Counsel,Stock Gift at price 0.00 per share.,8000,0.0,D
AAPL,2024-10-04,MAESTRI LUCA,Chief Financial Officer,Sale at price 226.52 per share.,59305,13433769.0,D
AAPL,2024-10-02,WILLIAMS JEFFREY E,Chief Operating Officer,Sale at price 226.80 - 227.22 per share.,59730,13550148.0,D
AAPL,2024-10-02,ADAMS KATHERINE L,General Counsel,Sale at price 223.79 - 227.24 per share.,61019,13802297.0,D
AAPL,2024-10-02,COOK TIMOTHY D,Chief Executive Officer,Sale at price 223.75 - 226.57 per share.,223986,50276355.0,D
AAPL,2024-10-02,O'BRIEN DEIRDRE,Officer,Sale at price 226.72 - 227.13 per share.,61019,13843382.0,D
AAPL,2024-08-15,KONDO CHRISTOPHER,Officer,Sale at price 225.00 per share.,8706,1958850.0,D
CSCO,2026-06-16,SUBAIYA THIMAYA K,Officer,Sale at price 119.69 - 120.51 per share.,7127,854599.0,D
CSCO,2026-06-15,WEIL KEVIN,Director,Stock Award(Grant) at price 120.17 per share.,251,30163.0,D
CSCO,2026-06-15,JOHNSON KRISTINA MARY,Director,Stock Award(Grant) at price 120.17 per share.,351,42180.0,D
CSCO,2026-06-15,TESSEL MARIANNA,Director,Stock Award(Grant) at price 120.17 per share.,251,30163.0,D
CSCO,2026-06-11,TUSZIK OLIVER,Officer,Sale at price 119.59 - 122.44 per share.,2607,315771.0,D
CSCO,2026-06-11,PATTERSON MARK,Chief Financial Officer,Sale at price 117.60 - 122.40 per share.,7397,887322.0,D
CSCO,2026-06-03,FINK NICHLAS A,Officer,Stock Award(Grant) at price 0.00 per share.,4501,0.0,D
CSCO,2026-05-22,ROBBINS CHARLES H,Chief Executive Officer,Sale at price 118.48 - 120.37 per share.,21400,2568584.0,D
CSCO,2026-05-15,TUSZIK OLIVER,Officer,Sale at price 114.61 per share.,2761,316438.0,D
CSCO,2026-05-15,PATTERSON MARK,Chief Financial Officer,Sale at price 115.08 - 118.16 per share.,5512,646485.0,D
CSCO,2026-05-15,STAHLKOPF DEBORAH L,Officer,Sale at price 114.97 - 118.10 per share.,6586,772580.0,D
CSCO,2026-05-15,PATEL JEETENDRA I,President,Sale at price 114.62 - 117.95 per share.,7169,840781.0,D
CSCO,2026-04-06,SHIMER PETER A,Director,Stock Award(Grant) at price 0.00 per share.,2333,0.0,D
CSCO,2026-03-20,PATTERSON MARK,Chief Financial Officer,Sale at price 77.68 - 78.26 per share.,4892,381450.0,D
CSCO,2026-03-18,TUSZIK OLIVER,Officer,Sale at price 79.74 per share.,3132,249746.0,D
CSCO,2026-03-17,STAHLKOPF DEBORAH L,Officer,Sale at price 79.50 per share.,7981,634513.0,D
CSCO,2026-03-16,WEIL KEVIN,Director,Stock Award(Grant) at price 78.90 per share.,383,30219.0,D
CSCO,2026-03-16,JOHNSON KRISTINA MARY,Director,Stock Award(Grant) at price 78.90 per share.,383,30219.0,D
CSCO,2026-03-16,TESSEL MARIANNA,Director,Stock Award(Grant) at price 78.90 per share.,383,30219.0,D
CSCO,2026-03-12,SUBAIYA THIMAYA K,Officer,Sale at price 77.07 per share.,1744,134410.0,D
CSCO,2026-03-11,WONG MARIA VICTORIA,Officer,Sale at price 77.54 per share.,551,42725.0,D
CSCO,2026-02-24,WONG MARIA VICTORIA,Officer,Sale at price 77.74 per share.,2179,169395.0,D
CSCO,2026-02-19,SUBAIYA THIMAYA K,Officer,Sale at price 78.50 - 79.04 per share.,10233,804268.0,D
CSCO,2026-02-13,WONG MARIA VICTORIA,Officer,Sale at price 74.24 per share.,51,3786.0,D
CSCO,2026-02-13,PATEL JEETENDRA I,President,Sale at price 74.12 - 76.92 per share.,11248,854853.0,D
CSCO,2026-02-13,ROBBINS CHARLES H,Chief Executive Officer,Sale at price 74.12 - 76.92 per share.,19545,1485395.0,D
CSCO,2025-12-19,GARRETT MARK S,Director,Stock Gift at price 0.00 per share.,3481,0.0,D
CSCO,2025-12-19,MURPHY SARAH RAE,Director,Stock Gift at price 0.00 per share.,3481,0.0,D
CSCO,2025-12-19,CAPELLAS MICHAEL D,Director,Sale at price 77.13 - 77.28 per share.,27000,2084855.0,D
CSCO,2025-12-18,JOHNSON KRISTINA MARY,Director,Sale at price 77.13 per share.,13481,1039845.0,D
CSCO,2025-12-16,HARRIS JOHN D. II,Director,Stock Award(Grant) at price 0.00 per share.,3481,0.0,D
CSCO,2025-12-16,WEIL KEVIN,Director,Stock Award(Grant) at price 0.00 - 77.55 per share.,3871,30244.0,D
CSCO,2025-12-16,GARRETT MARK S,Director,Stock Award(Grant) at price 0.00 per share.,3481,0.0,D
CSCO,2025-12-16,SCHULMAN DANIEL H,Director,Stock Award(Grant) at price 0.00 per share.,3481,0.0,D
CSCO,2025-12-16,JOHNSON KRISTINA MARY,Director,Stock Award(Grant) at price 0.00 per share.,3481,0.0,D
CSCO,2025-12-16,MURPHY SARAH RAE,Director,Stock Award(Grant) at price 0.00 per share.,3481,0.0,D
CSCO,2025-12-16,CAPELLAS MICHAEL D,Director,Stock Award(Grant) at price 0.00 per share.,3481,0.0,D
CSCO,2025-12-16,BUSH WESLEY G,Director,Stock Award(Grant) at price 77.55 per share.,438,33967.0,D
CSCO,2025-12-16,TESSEL MARIANNA,Director,Stock Award(Grant) at price 0.00 per share.,3481,0.0,D
CSCO,2025-12-12,SUBAIYA THIMAYA K,Officer,Sale at price 79.46 per share.,1745,138658.0,D
CSCO,2025-12-11,WONG MARIA VICTORIA,Officer,Sale at price 80.33 per share.,428,34381.0,D
CSCO,2025-11-24,WONG MARIA VICTORIA,Officer,Sale at price 76.37 - 76.86 per share.,9801,748586.0,D
CSCO,2025-11-20,TUSZIK OLIVER,Officer,Sale at price 79.21 per share.,13353,1057691.0,D
CSCO,2025-11-19,SUBAIYA THIMAYA K,Officer,Sale at price 77.90 - 78.50 per share.,56038,4389264.0,D
CSCO,2025-11-18,PATTERSON MARK,Chief Financial Officer,Sale at price 77.16 - 77.63 per share.,68916,5327200.0,D
CSCO,2025-11-18,ROBBINS CHARLES H,Chief Executive Officer,Sale at price 76.58 - 78.95 per share.,602432,46971638.0,D
CSCO,2025-11-17,TUSZIK OLIVER,Officer,Sale at price 76.56 - 77.98 per share.,5440,416508.0,D
CSCO,2025-11-17,STAHLKOPF DEBORAH L,Officer,Sale at price 76.59 - 78.20 per share.,164604,12815109.0,D
CSCO,2025-11-14,PATEL JEETENDRA I,President,Sale at price 76.59 - 78.20 per share.,163896,12760201.0,D
CSCO,2025-11-10,WONG MARIA VICTORIA,Officer,Stock Award(Grant) at price 0.00 per share.,9492,0.0,D
CSCO,2025-11-10,SUBAIYA THIMAYA K,Officer,Stock Award(Grant) at price 0.00 per share.,60895,0.0,D
CSCO,2025-11-10,TUSZIK OLIVER,Officer,Stock Award(Grant) at price 0.00 per share.,59083,0.0,D
CSCO,2025-11-10,PATTERSON MARK,Chief Financial Officer,Stock Award(Grant) at price 0.00 per share.,74492,0.0,D
CSCO,2025-11-10,ROBBINS CHARLES H,Chief Executive Officer,Stock Award(Grant) at price 0.00 per share.,959689,0.0,D
CSCO,2025-11-10,PATEL JEETENDRA I,President,Stock Award(Grant) at price 0.00 per share.,256057,0.0,D
CSCO,2025-11-10,STAHLKOPF DEBORAH L,Officer,Stock Award(Grant) at price 0.00 per share.,259130,0.0,D
CSCO,2025-09-19,TUSZIK OLIVER,Officer,Sale at price 67.84 - 68.42 per share.,17526,1190839.0,D
CSCO,2025-09-16,WONG MARIA VICTORIA,Officer,Stock Award(Grant) at price 0.00 per share.,12763,0.0,D
CSCO,2025-09-16,SUBAIYA THIMAYA K,Officer,Stock Award(Grant) at price 0.00 per share.,70970,0.0,D
CSCO,2025-09-16,TUSZIK OLIVER,Officer,Stock Award(Grant) at price 0.00 per share.,59764,0.0,D
DELL,2026-07-22,RADAKOVICH LYNN VOJVODICH,Director,Conversion of Exercise of derivative security at price 31.14 per share.,2022,62965.0,D
DELL,2026-07-22,RADAKOVICH LYNN VOJVODICH,Director,Sale at price 413.77 per share.,2022,836643.0,D
DELL,2026-07-09,"SILVER LAKE TECHNOLOGY INVESTORS IV, L.P.",Beneficial Owner of more than 10% of a Class of Security,Sale at price 448.17 - 460.02 per share.,1332,604114.0,I
DELL,2026-07-09,"SILVER LAKE PARTNERS IV, LP.",Beneficial Owner of more than 10% of a Class of Security,Sale at price 448.17 - 460.02 per share.,68706,31160825.0,I
DELL,2026-07-09,"SILVER LAKE PARTNERS V DE AIV, L.P.",Beneficial Owner of more than 10% of a Class of Security,Sale at price 448.17 - 460.02 per share.,34869,15814436.0,I
DELL,2026-07-09,"SL SPV-2, L.P.",Beneficial Owner of more than 10% of a Class of Security,Sale at price 448.17 - 460.02 per share.,59492,26981925.0,I
DELL,2026-07-09,"SILVER LAKE TECHNOLOGY INVESTORS V, L.P.",Beneficial Owner of more than 10% of a Class of Security,Sale at price 448.17 - 460.02 per share.,601,272579.0,I
DELL,2026-07-08,"SILVER LAKE TECHNOLOGY INVESTORS IV, L.P.",Beneficial Owner of more than 10% of a Class of Security,Sale at price 420.21 - 438.00 per share.,1411,602720.0,I
DELL,2026-07-08,"SILVER LAKE PARTNERS IV, LP.",Director and Beneficial Owner of more than 10% of a Class of Security,Sale at price 420.21 - 438.00 per share.,72854,31119940.0,I
DELL,2026-07-08,"SILVER LAKE PARTNERS V DE AIV, L.P.",Director and Beneficial Owner of more than 10% of a Class of Security,Sale at price 420.21 - 438.00 per share.,37003,15806016.0,I
DELL,2026-07-08,"SL SPV-2, L.P.",Beneficial Owner of more than 10% of a Class of Security,Sale at price 420.21 - 438.00 per share.,63095,26951337.0,I
DELL,2026-07-08,"SILVER LAKE TECHNOLOGY INVESTORS V, L.P.",Beneficial Owner of more than 10% of a Class of Security,Sale at price 420.21 - 438.00 per share.,635,271229.0,I
DELL,2026-07-06,"SILVER LAKE TECHNOLOGY INVESTORS IV, L.P.",Beneficial Owner of more than 10% of a Class of Security,Sale at price 405.36 - 418.49 per share.,1409,578426.0,I
DELL,2026-07-06,"SILVER LAKE PARTNERS IV, LP.",Director and Beneficial Owner of more than 10% of a Class of Security,Sale at price 405.36 - 418.49 per share.,72766,29872116.0,I
DELL,2026-07-06,"SILVER LAKE PARTNERS V DE AIV, L.P.",Director and Beneficial Owner of more than 10% of a Class of Security,Sale at price 405.36 - 418.49 per share.,36982,15181952.0,I
DELL,2026-07-06,"SL SPV-2, L.P.",Director and Beneficial Owner of more than 10% of a Class of Security,Sale at price 405.36 - 418.49 per share.,63204,25946693.0,I
DELL,2026-07-06,"SILVER LAKE TECHNOLOGY INVESTORS V, L.P.",Beneficial Owner of more than 10% of a Class of Security,Sale at price 405.36 - 418.49 per share.,636,261081.0,I
DELL,2026-06-26,SILVER LAKE GROUP L.L.C.,Beneficial Owner of more than 10% of a Class of Security,Sale at price 392.47 - 400.67 per share.,16679,6611124.0,I
DELL,2026-06-22,RADAKOVICH LYNN VOJVODICH,Director,Conversion of Exercise of derivative security at price 31.14 per share.,12022,374365.0,D
DELL,2026-06-22,RADAKOVICH LYNN VOJVODICH,Director,Sale at price 421.00 per share.,12022,5061262.0,D
DELL,2026-06-17,SAAVEDRA JENNIFER D.,Officer,Stock Gift at price 0.00 per share.,50,0.0,D
DELL,2026-06-16,TUNNELL JANE,Officer,Stock Gift at price 0.00 per share.,519,0.0,D
DELL,2026-06-15,ROTHBERG RICHARD JAY,General Counsel,Sale at price 410.00 per share.,20000,8200000.0,D
DELL,2026-06-12,"SILVER LAKE PARTNERS IV, LP.",Beneficial Owner of more than 10% of a Class of Security,Sale at price 399.50 - 408.08 per share.,39537,15938112.0,I
DELL,2026-06-12,"SILVER LAKE PARTNERS V DE AIV, L.P.",Beneficial Owner of more than 10% of a Class of Security,Sale at price 399.50 - 408.08 per share.,20095,8100672.0,I
DELL,2026-06-12,"SILVER LAKE TECHNOLOGY INVESTORS V, L.P.",Beneficial Owner of more than 10% of a Class of Security,Sale at price 399.50 - 408.08 per share.,345,139073.0,I
DELL,2026-06-12,DORMAN DAVID WYATT,Director,Sale at price 405.23 - 407.97 per share.,41292,16760157.0,I
DELL,2026-06-11,"SILVER LAKE TECHNOLOGY INVESTORS IV, L.P.",Director and Beneficial Owner of more than 10% of a Class of Security,Sale at price 370.40 - 390.92 per share.,1211,460496.0,I
DELL,2026-06-11,"SILVER LAKE PARTNERS IV, LP.",Beneficial Owner of more than 10% of a Class of Security,Sale at price 370.40 - 390.92 per share.,62403,23728674.0,I
DELL,2026-06-11,"SL SPV-2, L.P.",Director and Beneficial Owner of more than 10% of a Class of Security,Sale at price 370.40 - 390.92 per share.,54093,20568810.0,I
DELL,2026-06-11,"SILVER LAKE TECHNOLOGY INVESTORS V, L.P.",Director and Beneficial Owner of more than 10% of a Class of Security,Sale at price 370.40 - 390.92 per share.,547,207984.0,I
DELL,2026-06-10,"SILVER LAKE TECHNOLOGY INVESTORS IV, L.P.",Beneficial Owner of more than 10% of a Class of Security,Sale at price 371.39 - 390.02 per share.,1390,528856.0,I
DELL,2026-06-10,"SILVER LAKE TECHNOLOGY INVESTORS IV, L.P.",Beneficial Owner of more than 10% of a Class of Security,Sale at price 391.03 - 398.73 per share.,911,359827.0,I
DELL,2026-06-10,"SILVER LAKE PARTNERS IV, LP.",Beneficial Owner of more than 10% of a Class of Security,Sale at price 371.39 - 390.02 per share.,71640,27256708.0,I
DELL,2026-06-10,"SILVER LAKE PARTNERS IV, LP.",Beneficial Owner of more than 10% of a Class of Security,Sale at price 391.03 - 398.73 per share.,46946,18543064.0,I
DELL,2026-06-10,"SILVER LAKE PARTNERS V DE AIV, L.P.",Director and Beneficial Owner of more than 10% of a Class of Security,Sale at price 371.39 - 390.02 per share.,36436,13862725.0,I
DELL,2026-06-10,"SILVER LAKE PARTNERS V DE AIV, L.P.",Beneficial Owner of more than 10% of a Class of Security,Sale at price 391.03 - 398.73 per share.,23876,9430713.0,I
DELL,2026-06-10,"SL SPV-2, L.P.",Beneficial Owner of more than 10% of a Class of Security,Sale at price 371.39 - 390.02 per share.,62084,23620948.0,I
DELL,2026-06-10,"SL SPV-2, L.P.",Beneficial Owner of more than 10% of a Class of Security,Sale at price 391.03 - 398.73 per share.,40686,16070450.0,I
DELL,2026-06-10,"SILVER LAKE TECHNOLOGY INVESTORS V, L.P.",Beneficial Owner of more than 10% of a Class of Security,Sale at price 371.39 - 390.02 per share.,627,238550.0,I
DELL,2026-06-10,"SILVER LAKE TECHNOLOGY INVESTORS V, L.P.",Beneficial Owner of more than 10% of a Class of Security,Sale at price 391.03 - 398.73 per share.,412,162735.0,I
DELL,2026-06-09,"SILVER LAKE TECHNOLOGY INVESTORS IV, L.P.",Beneficial Owner of more than 10% of a Class of Security,Sale at price 403.51 - 406.30 per share.,83,33588.0,I
DELL,2026-06-09,"SILVER LAKE PARTNERS V DE AIV, L.P.",Beneficial Owner of more than 10% of a Class of Security,Sale at price 380.49 - 402.24 per share.,11055,4314929.0,I
DELL,2026-06-09,"SILVER LAKE PARTNERS IV, LP.",Beneficial Owner of more than 10% of a Class of Security,Sale at price 380.49 - 402.24 per share.,26964,10524446.0,I
DELL,2026-06-09,"SILVER LAKE PARTNERS IV, LP.",Beneficial Owner of more than 10% of a Class of Security,Sale at price 403.51 - 406.30 per share.,5327,2155720.0,I
DELL,2026-06-09,"SILVER LAKE PARTNERS V DE AIV, L.P.",Beneficial Owner of more than 10% of a Class of Security,Sale at price 403.51 - 406.30 per share.,2183,883411.0,I
DELL,2026-06-09,"SL SPV-2, L.P.",Beneficial Owner of more than 10% of a Class of Security,Sale at price 380.49 - 402.24 per share.,25436,9928036.0,I
DELL,2026-06-09,"SL SPV-2, L.P.",Beneficial Owner of more than 10% of a Class of Security,Sale at price 403.51 - 406.30 per share.,5025,2033506.0,I
DELL,2026-06-09,"SILVER LAKE TECHNOLOGY INVESTORS V, L.P.",Beneficial Owner of more than 10% of a Class of Security,Sale at price 380.49 - 402.24 per share.,191,74568.0,I
DELL,2026-06-09,"SILVER LAKE TECHNOLOGY INVESTORS IV, L.P.",Beneficial Owner of more than 10% of a Class of Security,Sale at price 380.49 - 402.24 per share.,423,165131.0,I
DELL,2026-06-09,"SILVER LAKE PARTNERS IV, LP.",Beneficial Owner of more than 10% of a Class of Security,Stock Gift at price 0.00 per share.,2791,0.0,D
DELL,2026-06-08,"SILVER LAKE PARTNERS V DE AIV, L.P.",Beneficial Owner of more than 10% of a Class of Security,Sale at price 386.57 - 405.71 per share.,56926,22663666.0,I
DELL,2026-06-08,"SILVER LAKE PARTNERS IV, LP.",Director and Beneficial Owner of more than 10% of a Class of Security,Sale at price 386.57 - 405.71 per share.,138885,55293632.0,I
DELL,2026-06-08,"SL SPV-2, L.P.",Beneficial Owner of more than 10% of a Class of Security,Sale at price 386.57 - 405.71 per share.,131040,52170340.0,I
DELL,2026-06-08,"SILVER LAKE TECHNOLOGY INVESTORS V, L.P.",Director and Beneficial Owner of more than 10% of a Class of Security,Sale at price 386.57 - 405.71 per share.,980,390149.0,I
DELL,2026-06-08,"SILVER LAKE TECHNOLOGY INVESTORS IV, L.P.",Director and Beneficial Owner of more than 10% of a Class of Security,Sale at price 386.57 - 405.71 per share.,2169,863514.0,I
DELL,2026-06-08,"SILVER LAKE PARTNERS IV, LP.",Director and Beneficial Owner of more than 10% of a Class of Security,Stock Gift at price 0.00 per share.,12009,0.0,D
DELL,2026-06-05,"SILVER LAKE PARTNERS V DE AIV, L.P.",Beneficial Owner of more than 10% of a Class of Security,Sale at price 395.39 - 412.35 per share.,36736,14804787.0,I
DELL,2026-06-05,"SILVER LAKE PARTNERS IV, LP.",Beneficial Owner of more than 10% of a Class of Security,Sale at price 395.39 - 412.35 per share.,89648,36128593.0,I
DELL,2026-06-05,"SL SPV-2, L.P.",Beneficial Owner of more than 10% of a Class of Security,Sale at price 395.39 - 412.35 per share.,84583,34087364.0,I
SMCI,2026-05-26,LIU LIANG CHIU-CHU SARA,Director and Beneficial Owner of more than 10% of a Class of Security,Stock Gift at price 0.00 per share.,340000,0.0,I
SMCI,2026-05-26,LIANG CHARLES,Chief Executive Officer,Stock Gift at price 0.00 per share.,340000,0.0,I
SMCI,2026-02-27,LIU LIANG CHIU-CHU SARA,Director and Beneficial Owner of more than 10% of a Class of Security,Conversion of Exercise of derivative security at price 4.24 per share.,20980,88850.0,D
SMCI,2026-02-27,LIANG CHARLES,Chief Executive Officer,Conversion of Exercise of derivative security at price 4.24 per share.,20980,88850.0,I
SMCI,2025-11-26,LIU LIANG CHIU-CHU SARA,Director and Beneficial Owner of more than 10% of a Class of Security,Stock Gift at price 0.00 per share.,5000,0.0,I
SMCI,2025-11-26,LIANG CHARLES,Chief Executive Officer,Stock Gift at price 0.00 per share.,5000,0.0,I
SMCI,2025-11-26,TUAN SHERMAN,Director,Sale at price 33.00 per share.,48630,1604790.0,D
SMCI,2025-11-24,KAO GEORGE W,Officer,Conversion of Exercise of derivative security at price 7.66 - 24.52 per share.,56904,573507.0,D
SMCI,2025-11-24,KAO GEORGE W,Officer,Sale at price 32.83 per share.,56904,1868221.0,D
SMCI,2025-11-13,KAO GEORGE W,Officer,Conversion of Exercise of derivative security at price 2.04 - 2.70 per share.,107700,276103.0,D
SMCI,2025-09-15,WEIGAND DAVID E,Chief Financial Officer,Conversion of Exercise of derivative security at price 5.30 per share.,25000,132600.0,D
SMCI,2025-09-15,WEIGAND DAVID E,Chief Financial Officer,Sale at price 45.14 per share.,25000,1128500.0,D
SMCI,2025-09-03,WEIGAND DAVID E,Chief Financial Officer,Conversion of Exercise of derivative security at price 5.30 per share.,25000,132600.0,D
SMCI,2025-09-03,WEIGAND DAVID E,Chief Financial Officer,Sale at price 40.28 - 40.85 per share.,25000,1007281.0,D
SMCI,2025-08-22,KAO GEORGE W,Officer,Conversion of Exercise of derivative security at price 2.70 per share.,40000,107800.0,D
SMCI,2025-08-22,KAO GEORGE W,Officer,Sale at price 43.88 per share.,40000,1755200.0,D
SMCI,2025-07-28,LIANG CHARLES,Chief Executive Officer,Sale at price 60.00 per share.,200000,12000000.0,D
SMCI,2025-07-28,LIU LIANG CHIU-CHU SARA,Director and Beneficial Owner of more than 10% of a Class of Security,Sale at price 60.00 per share.,200000,12000000.0,I
SMCI,2025-06-18,LIANG CHARLES,Chief Executive Officer,Sale at price 45.00 per share.,300000,13500000.0,D
SMCI,2025-06-18,LIU LIANG CHIU-CHU SARA,Director and Beneficial Owner of more than 10% of a Class of Security,Sale at price 45.00 per share.,300000,13500000.0,I
SMCI,2025-05-20,WEIGAND DAVID E,Chief Financial Officer,Sale at price 44.02 per share.,67000,2949494.0,D
SMCI,2025-05-16,LIAW YIH SHYAN WALLY,Director,Stock Gift at price 0.00 per share.,177600,0.0,I
SMCI,2025-05-14,KAO GEORGE W,Officer,Conversion of Exercise of derivative security at price 2.70 per share.,28400,76538.0,D
SMCI,2025-05-14,LIANG CHARLES,Chief Executive Officer,Sale at price 44.56 - 44.98 per share.,200000,8989316.0,D
SMCI,2025-05-14,LIU LIANG CHIU-CHU SARA,Director and Beneficial Owner of more than 10% of a Class of Security,Sale at price 44.98 - 45.56 per share.,200000,9004622.0,I
SMCI,2025-05-14,KAO GEORGE W,Officer,Sale at price 45.86 per share.,28400,1302424.0,D
SMCI,2025-02-28,BLAIR ROBERT L,Director,Conversion of Exercise of derivative security at price 26.25 per share.,13600,357000.0,D
SMCI,2025-02-28,BLAIR ROBERT L,Director,Sale at price 42.46 - 42.85 per share.,19460,828557.0,D
SMCI,2025-02-26,LIANG CHARLES,Chief Executive Officer,Sale at price 50.17 per share.,46293,2322566.0,I
SMCI,2025-02-26,LIU LIANG CHIU-CHU SARA,Director and Beneficial Owner of more than 10% of a Class of Security,Sale at price 50.17 per share.,46293,2322566.0,D
SMCI,2025-02-26,KAO GEORGE W,Officer,Sale at price 50.48 per share.,71720,3620712.0,D
SMCI,2024-10-30,LIU LIANG CHIU-CHU SARA,Director and Beneficial Owner of more than 10% of a Class of Security,Conversion of Exercise of derivative security at price 3.51 per share.,1667500,5847922.0,I
SMCI,2024-10-30,LIANG CHARLES,Chief Executive Officer,Conversion of Exercise of derivative security at price 3.51 per share.,1667500,5847922.0,D
SMCI,2024-10-30,TUAN SHERMAN,Director,Conversion of Exercise of derivative security at price 3.92 per share.,25000,97975.0,D
ANET,2026-08-06,BECHTOLSHEIM ANDREAS V,Beneficial Owner of more than 10% of a Class of Security,Sale at price 190.01 - 196.60 per share.,411848,79383281.0,D/I
ANET,2026-08-05,ULLAL JAYSHREE,Chief Executive Officer,Sale at price 197.12 - 212.64 per share.,331434,66690914.0,I
ANET,2026-08-05,ULLAL JAYSHREE,Chief Executive Officer,Sale at price 197.12 - 212.64 per share.,1032,207680.0,I
ANET,2026-08-05,ULLAL JAYSHREE,Chief Executive Officer,Sale at price 197.12 - 212.64 per share.,767029,154341086.0,I
ANET,2026-08-05,BECHTOLSHEIM ANDREAS V,Beneficial Owner of more than 10% of a Class of Security,Sale at price 191.62 - 213.17 per share.,300000,60989688.0,I
ANET,2026-07-20,DUDA KENNETH,President,Conversion of Exercise of derivative security at price 15.28 per share.,17333,264795.0,D
ANET,2026-07-20,DUDA KENNETH,President,Sale at price 169.90 - 172.40 per share.,43333,7388872.0,D/I
ANET,2026-07-14,BECHTOLSHEIM ANDREAS V,Beneficial Owner of more than 10% of a Class of Security,Sale at price 176.18 - 185.00 per share.,300000,54231399.0,I
ANET,2026-07-10,ULLAL JAYSHREE,Chief Executive Officer,Sale at price 187.18 per share.,234578,43907278.0,I
ANET,2026-07-09,ULLAL JAYSHREE,Chief Executive Officer,Sale at price 187.31 - 189.18 per share.,242422,45616220.0,I
ANET,2026-07-02,BECHTOLSHEIM ANDREAS V,Beneficial Owner of more than 10% of a Class of Security,Sale at price 157.24 - 167.07 per share.,240000,39040876.0,I
ANET,2026-07-01,BECHTOLSHEIM ANDREAS V,Beneficial Owner of more than 10% of a Class of Security,Sale at price 159.85 - 170.27 per share.,260000,42696873.0,I
ANET,2026-07-01,GIANCARLO CHARLES H,Director,Sale at price 162.34 - 170.03 per share.,8000,1336474.0,I
ANET,2026-06-22,DUDA KENNETH,President,Conversion of Exercise of derivative security at price 174.56 per share.,17333,3025648.0,D
ANET,2026-06-15,BECHTOLSHEIM ANDREAS V,Beneficial Owner of more than 10% of a Class of Security,Sale at price 164.06 - 168.72 per share.,260000,43049018.0,I
ANET,2026-06-04,BECHTOLSHEIM ANDREAS V,Beneficial Owner of more than 10% of a Class of Security,Conversion of Exercise of derivative security at price 14.15 - 15.26 per share.,158000,2303570.0,D
ANET,2026-06-04,BECHTOLSHEIM ANDREAS V,Beneficial Owner of more than 10% of a Class of Security,Sale at price 158.07 - 167.66 per share.,240000,39135436.0,D
ANET,2026-06-01,GIANCARLO CHARLES H,Director,Sale at price 162.28 - 171.72 per share.,8000,1352728.0,I
ANET,2026-05-26,ULLAL JAYSHREE,Chief Executive Officer,Sale at price 154.47 - 157.30 per share.,13809,2141004.0,D
ANET,2026-05-26,BECHTOLSHEIM ANDREAS V,Beneficial Owner of more than 10% of a Class of Security,Sale at price 154.50 - 160.01 per share.,220000,34508850.0,I
ANET,2026-05-26,BREITHAUPT CHANTELLE YVETTE,Chief Financial Officer,Sale at price 157.00 per share.,2448,384336.0,D
ANET,2026-05-22,BECHTOLSHEIM ANDREAS V,Beneficial Owner of more than 10% of a Class of Security,Sale at price 149.68 - 154.16 per share.,205000,31107344.0,I
ANET,2026-05-21,BATTLES KELLY BODNAR,Director,Sale at price 140.49 - 147.93 per share.,422,61797.0,D
ANET,2026-05-20,WASSENAAR YVONNE,Director,Sale at price 139.89 - 142.62 per share.,971,136846.0,D
ANET,2026-05-01,GIANCARLO CHARLES H,Director,Sale at price 173.39 - 176.89 per share.,8000,1403202.0,I
ANET,2026-04-22,ULLAL JAYSHREE,Chief Executive Officer,Sale at price 177.28 - 178.22 per share.,428000,75944314.0,I
ANET,2026-04-21,ULLAL JAYSHREE,Chief Executive Officer,Sale at price 167.64 - 170.51 per share.,93861,15822499.0,I
ANET,2026-04-20,ULLAL JAYSHREE,Chief Executive Officer,Sale at price 167.31 per share.,306139,51220728.0,I
ANET,2026-04-17,DUDA KENNETH,President,Conversion of Exercise of derivative security at price 15.26 per share.,32000,488400.0,D
ANET,2026-04-17,DUDA KENNETH,President,Sale at price 161.18 - 164.86 per share.,58000,9472085.0,D/I
ANET,2026-04-16,ULLAL JAYSHREE,Chief Executive Officer,Sale at price 159.20 - 160.55 per share.,350000,55760630.0,I
ANET,2026-04-15,WASSENAAR YVONNE,Director,Sale at price 151.07 - 154.72 per share.,1395,213533.0,D
ANET,2026-04-14,BREITHAUPT CHANTELLE YVETTE,Chief Financial Officer,Sale at price 155.02 per share.,8890,1378164.0,D
ANET,2026-04-13,ULLAL JAYSHREE,Chief Executive Officer,Sale at price 150.11 per share.,112812,16934672.0,D
ANET,2026-04-01,GIANCARLO CHARLES H,Director,Sale at price 125.38 - 127.00 per share.,8000,1007603.0,I
ANET,2026-03-17,DUDA KENNETH,President,Conversion of Exercise of derivative security at price 15.26 per share.,32000,488400.0,D
ANET,2026-03-17,DUDA KENNETH,President,Sale at price 133.03 - 135.97 per share.,58000,7780319.0,D/I
ANET,2026-03-16,WASSENAAR YVONNE,Director,Sale at price 132.69 - 135.54 per share.,1395,187404.0,D
ANET,2026-03-02,GIANCARLO CHARLES H,Director,Sale at price 127.90 - 129.95 per share.,8000,1029372.0,I
ANET,2026-02-25,WASSENAAR YVONNE,Director,Sale at price 129.41 - 133.35 per share.,1815,240380.0,D
ANET,2026-02-23,BATTLES KELLY BODNAR,Director,Sale at price 126.85 - 131.46 per share.,422,54042.0,D
ANET,2026-02-17,DUDA KENNETH,President,Conversion of Exercise of derivative security at price 15.26 per share.,32000,488400.0,D
ANET,2026-02-17,DUDA KENNETH,President,Sale at price 141.15 - 144.74 per share.,58000,8259002.0,D/I
ANET,2026-02-02,GIANCARLO CHARLES H,Director,Sale at price 138.91 - 141.94 per share.,8000,1123469.0,I
ANET,2026-01-20,DUDA KENNETH,President,Conversion of Exercise of derivative security at price 3.52 per share.,30000,105450.0,D
ANET,2026-01-20,DUDA KENNETH,President,Sale at price 127.28 - 129.90 per share.,56000,7192212.0,D/I
ANET,2026-01-02,GIANCARLO CHARLES H,Director,Sale at price 132.97 - 135.70 per share.,8000,1070291.0,I
ANET,2025-12-17,DUDA KENNETH,Chief Executive Officer,Conversion of Exercise of derivative security at price 3.52 per share.,30000,105450.0,D
ANET,2025-12-17,DUDA KENNETH,Chief Executive Officer,Sale at price 122.43 - 126.44 per share.,56000,6896722.0,D/I
ANET,2025-12-01,GIANCARLO CHARLES H,Director,Sale at price 126.93 - 128.58 per share.,8000,1024749.0,I
ANET,2025-11-25,ULLAL JAYSHREE,Chief Executive Officer,Sale at price 123.20 - 125.62 per share.,24042,2994534.0,D
ANET,2025-11-21,BATTLES KELLY BODNAR,Director,Sale at price 115.30 - 119.16 per share.,422,49436.0,D
ANET,2025-11-17,DUDA KENNETH,President,Conversion of Exercise of derivative security at price 3.52 per share.,30000,105450.0,D
ANET,2025-11-17,DUDA KENNETH,President,Sale at price 125.90 - 132.30 per share.,56000,7202391.0,D/I
ANET,2025-11-14,ULLAL JAYSHREE,Chief Executive Officer,Stock Gift at price 0.00 per share.,935000,0.0,I
ANET,2025-11-03,GIANCARLO CHARLES H,Director,Sale at price 156.33 - 159.02 per share.,8000,1256957.0,I
ANET,2025-10-17,DUDA KENNETH,President,Conversion of Exercise of derivative security at price 3.52 per share.,30000,105450.0,D
ANET,2025-10-17,DUDA KENNETH,President,Sale at price 140.04 - 143.72 per share.,56000,7993813.0,D/I
ANET,2025-10-01,GIANCARLO CHARLES H,Director,Sale at price 144.34 - 149.31 per share.,8000,1179890.0,I
ANET,2025-09-19,GIANCARLO CHARLES H,Director,Sale at price 147.34 - 149.84 per share.,58000,8608365.0,I
WDC,2026-08-11,TAN IRVING,Chief Executive Officer,Sale at price 441.48 - 447.18 per share.,20000,8899329.0,D
WDC,2026-07-28,COLE MARTIN I,Director,Sale at price 424.04 - 461.23 per share.,3808,1708505.0,D
WDC,2026-07-28,COLE MARTIN I,Director,Sale at price 462.30 - 465.12 per share.,192,88852.0,D
WDC,2026-07-21,TREGILLIS CYNTHIA LOCK,Officer,Sale at price 529.63 per share.,808,427941.0,D
WDC,2026-06-09,COLE MARTIN I,Director,Sale at price 484.28 - 527.22 per share.,3280,1676600.0,D
WDC,2026-06-09,COLE MARTIN I,Director,Sale at price 528.07 - 544.95 per share.,720,385924.0,D
WDC,2026-06-05,TREGILLIS CYNTHIA LOCK,Officer,Sale at price 545.60 per share.,432,235699.0,D
WDC,2026-06-01,GUBBI VIDYADHARA K,Officer,Sale at price 556.24 per share.,2475,1376694.0,D
WDC,2026-05-28,KIDDOO BRUCE E,Director,Sale at price 528.52 per share.,750,396390.0,D
WDC,2026-05-27,TREGILLIS CYNTHIA LOCK,Officer,Sale at price 488.61 - 539.63 per share.,522,265973.0,D
WDC,2026-05-26,DAS MANUVIR,Director,Stock Award(Grant) at price 0.00 per share.,772,0.0,D
WDC,2026-05-21,TREGILLIS CYNTHIA LOCK,Officer,Sale at price 458.87 per share.,106,48640.0,D
WDC,2026-05-15,KIDDOO BRUCE E,Director,Stock Gift at price 0.00 per share.,100,0.0,D
WDC,2026-05-11,DAVIS BRIAN SCOTT,Officer,Sale at price 489.78 - 510.00 per share.,10000,5006895.0,D
WDC,2026-05-04,GUBBI VIDYADHARA K,Officer,Sale at price 443.18 per share.,4674,2071447.0,D
WDC,2026-05-01,TAN IRVING,Chief Executive Officer,Sale at price 406.52 - 415.02 per share.,20000,8236864.0,D
WDC,2026-04-21,TREGILLIS CYNTHIA LOCK,Officer,Sale at price 377.09 per share.,363,136884.0,D
WDC,2026-03-06,GUBBI VIDYADHARA K,Officer,Sale at price 255.32 per share.,8518,2174858.0,D
WDC,2026-03-04,GUBBI VIDYADHARA K,Officer,Sale at price 269.57 - 270.62 per share.,10148,2743110.0,D
WDC,2026-03-04,TREGILLIS CYNTHIA LOCK,Officer,Sale at price 257.91 - 269.22 per share.,9324,2501382.0,D
WDC,2026-03-02,COLE MARTIN I,Director,Sale at price 263.66 - 281.99 per share.,6000,1630002.0,D
WDC,2026-02-26,TREGILLIS CYNTHIA LOCK,Officer,Sale at price 286.11 per share.,214,61228.0,D
WDC,2026-02-24,TREGILLIS CYNTHIA LOCK,Officer,Sale at price 281.70 - 283.83 per share.,438,123662.0,D
WDC,2026-02-17,DAVIS BRIAN SCOTT,Officer,Sale at price 272.97 - 285.01 per share.,10000,2791603.0,D
WDC,2026-02-12,KIDDOO BRUCE E,Director,Stock Gift at price 0.00 per share.,910,0.0,D
WDC,2026-02-06,TREGILLIS CYNTHIA LOCK,Officer,Sale at price 270.49 per share.,6780,1833922.0,D
WDC,2026-02-05,MASSENGILL MATTHEW E,Director,Sale at price 256.63 - 268.06 per share.,36926,9616466.0,I
WDC,2026-02-02,TAN IRVING,Chief Executive Officer,Sale at price 242.23 - 262.55 per share.,20000,5108831.0,D
WDC,2026-01-21,TREGILLIS CYNTHIA LOCK,Officer,Sale at price 229.00 per share.,447,102363.0,D
WDC,2025-12-05,GUBBI VIDYADHARA K,Officer,Sale at price 159.94 - 168.54 per share.,22820,3723223.0,D
WDC,2025-12-04,ALEXY KIMBERLY E.,Director,Sale at price 160.08 per share.,2000,320165.0,D
WDC,2025-12-02,TREGILLIS CYNTHIA LOCK,Officer,Sale at price 160.57 per share.,2801,449752.0,D
WDC,2025-12-01,COLE MARTIN I,Director,Sale at price 157.50 - 164.95 per share.,6000,975696.0,D
WDC,2025-11-25,OULMAN ROXANNE M,Director,Sale at price 154.42 per share.,1800,277956.0,D
WDC,2025-11-25,ALEXY KIMBERLY E.,Director,Sale at price 154.00 per share.,1768,272272.0,D
WDC,2025-11-20,OULMAN ROXANNE M,Director,Stock Award(Grant) at price 0.00 per share.,1585,0.0,D
WDC,2025-11-20,FELLER BRAD,Officer,Stock Award(Grant) at price 0.00 per share.,9907,0.0,D
WDC,2025-11-20,KIDDOO BRUCE E,Director,Stock Award(Grant) at price 0.00 per share.,1585,0.0,D
WDC,2025-11-20,COLE MARTIN I,Director,Stock Award(Grant) at price 0.00 per share.,1915,0.0,D
WDC,2025-11-20,ALEXY KIMBERLY E.,Director,Stock Award(Grant) at price 0.00 per share.,1585,0.0,D
WDC,2025-11-20,STREETER STEPHANIE A,Director,Stock Award(Grant) at price 0.00 per share.,1585,0.0,D
WDC,2025-11-20,MASSENGILL MATTHEW E,Director,Stock Award(Grant) at price 0.00 per share.,1585,0.0,D
WDC,2025-11-20,DOLUCA TUNC,Director,Stock Award(Grant) at price 0.00 per share.,1585,0.0,D
WDC,2025-11-05,COLE MARTIN I,Director,Sale at price 152.99 - 164.99 per share.,10000,1613212.0,D
WDC,2025-11-03,TAN IRVING,Chief Executive Officer,Sale at price 149.02 - 153.93 per share.,20000,3013784.0,D
WDC,2025-09-04,GUBBI VIDYADHARA K,Officer,Sale at price 90.29 per share.,11343,1024162.0,D
WDC,2025-08-28,ZAMISKA GENE M,Officer,Sale at price 80.90 per share.,353,28558.0,D
WDC,2025-08-26,ZAMISKA GENE M,Officer,Sale at price 79.10 per share.,814,64387.0,D
WDC,2025-08-26,GUBBI VIDYADHARA K,Officer,Stock Award(Grant) at price 0.00 per share.,16554,0.0,D
WDC,2025-08-26,TREGILLIS CYNTHIA LOCK,Officer,Stock Award(Grant) at price 0.00 per share.,16554,0.0,D
WDC,2025-08-26,DAVIS BRIAN SCOTT,Officer,Stock Award(Grant) at price 0.00 per share.,13243,0.0,D
WDC,2025-08-26,SHIHAB AHMED MOHAMMED,Officer,Stock Award(Grant) at price 0.00 per share.,27810,0.0,D
WDC,2025-08-26,TAN IRVING,Chief Executive Officer,Stock Award(Grant) at price 0.00 per share.,74162,0.0,D
WDC,2025-08-26,SENNESAEL KRIS,Chief Financial Officer,Stock Award(Grant) at price 0.00 per share.,34763,0.0,D
WDC,2025-08-22,TREGILLIS CYNTHIA LOCK,Officer,Sale at price 74.78 per share.,14067,1051930.0,D
WDC,2025-08-22,ZAMISKA GENE M,Officer,Sale at price 74.78 - 75.68 per share.,4988,375847.0,D
WDC,2025-08-19,TAN IRVING,Chief Executive Officer,Sale at price 75.90 per share.,8621,654334.0,D
WDC,2025-08-13,GUBBI VIDYADHARA K,Officer,Sale at price 74.88 - 76.26 per share.,9544,722359.0,D
WDC,2025-06-20,TREGILLIS CYNTHIA LOCK,Officer,Conversion of Exercise of derivative security at price 59.29 per share.,0,52.0,D
WDC,2025-06-17,ZAMISKA GENE M,Officer,Sale at price 58.01 per share.,245,14212.0,D
STX,2026-08-07,ROMANO GIANLUCA,Chief Financial Officer,Sale at price 763.39 - 798.33 per share.,7240,5659053.0,D
STX,2026-08-07,ROMANO GIANLUCA,Chief Financial Officer,Sale at price 799.64 - 831.25 per share.,14091,11431333.0,D
STX,2026-08-07,ROMANO GIANLUCA,Chief Financial Officer,Sale at price 835.77 - 850.04 per share.,880,743706.0,D
STX,2026-08-03,MORRIS JOHN CHRISTOPHER,Chief Technology Officer,Sale at price 817.76 per share.,168,137384.0,D
STX,2026-08-03,MOSLEY WILLIAM D,Chief Executive Officer,Sale at price 783.84 - 818.32 per share.,12920,10380838.0,D
STX,2026-08-03,MOSLEY WILLIAM D,Chief Executive Officer,Sale at price 819.41 - 837.98 per share.,17080,14130293.0,D
STX,2026-08-03,MOSLEY WILLIAM D,Chief Executive Officer,Conversion of Exercise of derivative security at price 46.23 per share.,14000,647220.0,D
STX,2026-07-30,LEE JAMES CI,Officer,Sale at price 877.45 per share.,694,608950.0,D
STX,2026-07-23,LEE JAMES CI,Officer,Sale at price 905.01 per share.,542,490741.0,D
STX,2026-07-01,MOSLEY WILLIAM D,Chief Executive Officer,Sale at price 887.97 - 918.67 per share.,20657,18807775.0,D
STX,2026-07-01,MOSLEY WILLIAM D,Chief Executive Officer,Sale at price 919.64 - 936.36 per share.,9343,8636883.0,D
STX,2026-07-01,MOSLEY WILLIAM D,Chief Executive Officer,Conversion of Exercise of derivative security at price 46.23 per share.,14000,647220.0,D
STX,2026-06-12,MORRIS JOHN CHRISTOPHER,Chief Technology Officer,Sale at price 880.19 per share.,1364,1200579.0,D
STX,2026-06-12,TEH BAN-SENG,Officer,Sale at price 880.19 per share.,989,870508.0,D
STX,2026-06-12,ROMANO GIANLUCA,Chief Financial Officer,Sale at price 880.19 per share.,903,795029.0,D
STX,2026-06-12,MOSLEY WILLIAM D,Chief Executive Officer,Sale at price 880.19 per share.,1768,1556394.0,D
STX,2026-06-10,MORRIS JOHN CHRISTOPHER,Chief Technology Officer,Sale at price 821.65 - 821.66 per share.,573,471426.0,D
STX,2026-06-10,TEH BAN-SENG,Officer,Sale at price 821.86 per share.,663,544893.0,D
STX,2026-06-10,ROMANO GIANLUCA,Chief Financial Officer,Sale at price 821.73 - 821.77 per share.,1350,1109780.0,D
STX,2026-06-10,MOSLEY WILLIAM D,Chief Executive Officer,Sale at price 821.74 - 821.75 per share.,2854,2345874.0,D
STX,2026-06-04,ARUMUGAVELU SHANKAR,Director,Sale at price 927.68 per share.,1000,927680.0,D
STX,2026-06-02,BHATT PRATIK,Director,Sale at price 929.88 per share.,1000,929880.0,D
STX,2026-06-01,CONYERS YOLANDA LEE,Director,Sale at price 885.33 per share.,750,663998.0,D
STX,2026-06-01,MOSLEY WILLIAM D,Chief Executive Officer,Sale at price 884.62 - 915.52 per share.,16220,14601435.0,D
STX,2026-06-01,MOSLEY WILLIAM D,Chief Executive Officer,Sale at price 916.78 - 940.00 per share.,13780,12746389.0,D
STX,2026-06-01,MOSLEY WILLIAM D,Chief Executive Officer,Conversion of Exercise of derivative security at price 46.23 per share.,14000,647220.0,D
STX,2026-05-20,MOSLEY WILLIAM D,Chief Executive Officer,Sale at price 742.00 - 763.18 per share.,30000,22538569.0,D
STX,2026-05-20,MOSLEY WILLIAM D,Chief Executive Officer,Conversion of Exercise of derivative security at price 46.23 per share.,14000,647220.0,D
STX,2026-05-14,TEH BAN-SENG,Officer,Sale at price 800.26 - 830.75 per share.,15560,12687979.0,D
STX,2026-05-14,TEH BAN-SENG,Officer,Conversion of Exercise of derivative security at price 64.31 - 101.34 per share.,8003,611617.0,D
STX,2026-05-07,ROMANO GIANLUCA,Chief Financial Officer,Sale at price 770.00 per share.,1902,1464540.0,D
STX,2026-05-06,ROMANO GIANLUCA,Chief Financial Officer,Sale at price 754.92 - 786.84 per share.,22488,17410692.0,D
STX,2026-05-05,TILENIUS STEPHANIE SCHEAR,Director,Sale at price 766.60 - 767.33 per share.,1580,1211250.0,D
STX,2026-05-04,MORRIS JOHN CHRISTOPHER,Chief Technology Officer,Sale at price 731.65 - 748.14 per share.,5626,4154090.0,D
STX,2026-05-04,LEE JAMES CI,Officer,Sale at price 741.17 per share.,697,516595.0,D
STX,2026-04-01,MOSLEY WILLIAM D,Chief Executive Officer,Sale at price 399.05 - 427.97 per share.,20000,8414638.0,D
STX,2026-03-19,MOSLEY WILLIAM D,Chief Executive Officer,Sale at price 406.77 per share.,24584,10000034.0,D
STX,2026-03-13,MORRIS JOHN CHRISTOPHER,Chief Technology Officer,Sale at price 377.44 per share.,112,42273.0,D
STX,2026-03-02,CONYERS YOLANDA LEE,Director,Sale at price 393.59 per share.,750,295192.0,D
STX,2026-03-02,MOSLEY WILLIAM D,Chief Executive Officer,Sale at price 375.84 - 407.66 per share.,20000,7695262.0,D
STX,2026-02-24,MORRIS JOHN CHRISTOPHER,Chief Technology Officer,Sale at price 410.00 per share.,240,98400.0,D
STX,2026-02-23,CHONG KIAN FATT,Officer,Sale at price 416.48 per share.,5846,2434740.0,D
STX,2026-02-02,MOSLEY WILLIAM D,Chief Executive Officer,Sale at price 401.10 - 434.31 per share.,20000,8585359.0,D
STX,2026-01-30,GELDMACHER JAY L,Director,Sale at price 448.02 per share.,925,414423.0,D
STX,2026-01-29,TEH BAN-SENG,Officer,Sale at price 440.24 - 444.59 per share.,20195,8931995.0,D
STX,2026-01-29,TEH BAN-SENG,Officer,Conversion of Exercise of derivative security at price 101.34 per share.,9433,955940.0,D
STX,2026-01-26,LEE JAMES CI,Officer,Sale at price 348.85 per share.,673,234776.0,D
STX,2026-01-12,TEH BAN-SENG,Officer,Sale at price 299.31 per share.,1412,422626.0,D
STX,2026-01-12,TEH BAN-SENG,Officer,Conversion of Exercise of derivative security at price 64.31 - 68.83 per share.,1412,93215.0,D
STX,2026-01-02,MOSLEY WILLIAM D,Chief Executive Officer,Sale at price 281.09 - 289.03 per share.,20000,5711245.0,D
STX,2025-12-15,MORRIS JOHN CHRISTOPHER,Chief Technology Officer,Sale at price 291.89 per share.,113,32984.0,D
STX,2025-12-11,TEH BAN-SENG,Officer,Sale at price 295.90 per share.,2010,594759.0,D
STX,2025-12-11,TEH BAN-SENG,Officer,Conversion of Exercise of derivative security at price 64.31 - 68.83 per share.,2400,93146.0,D
STX,2025-12-02,CONYERS YOLANDA LEE,Director,Sale at price 272.91 per share.,750,204682.0,D
STX,2025-12-01,MOSLEY WILLIAM D,Chief Executive Officer,Sale at price 267.27 - 274.89 per share.,20000,5420577.0,D
STX,2025-11-13,ROMANO GIANLUCA,Chief Financial Officer,Sale at price 260.03 - 275.69 per share.,8002,2134046.0,D
STX,2025-11-12,ROMANO GIANLUCA,Chief Financial Officer,Sale at price 279.69 - 296.09 per share.,54021,15404707.0,D
STX,2025-11-12,ROMANO GIANLUCA,Chief Financial Officer,Conversion of Exercise of derivative security at price 64.31 - 101.34 per share.,52529,4246438.0,D
STX,2025-11-11,TEH BAN-SENG,Officer,Sale at price 288.98 per share.,1412,408040.0,D
STX,2025-11-11,LEE JAMES CI,Officer,Sale at price 288.98 per share.,697,201419.0,D
NTAP,2026-08-10,O'CALLAHAN ELIZABETH M,Officer,Sale at price 193.82 per share.,1000,193820.0,D
NTAP,2026-07-10,O'CALLAHAN ELIZABETH M,Officer,Sale at price 170.92 per share.,1000,170920.0,D
NTAP,2026-06-23,CERNUDA REGO CESAR,President,Sale at price 153.00 - 155.94 per share.,49464,7657881.0,D
NTAP,2026-06-10,O'CALLAHAN ELIZABETH M,Officer,Sale at price 163.48 per share.,1000,163480.0,D
NTAP,2026-06-03,HELD GERALD D,Director,Sale at price 180.00 per share.,7132,1283760.0,D
NTAP,2026-06-01,DE LORENZO DANIEL,Officer,Sale at price 171.09 per share.,225,38495.0,D
NTAP,2026-05-18,DE LORENZO DANIEL,Officer,Sale at price 120.00 per share.,275,33000.0,D
NTAP,2026-05-14,CERNUDA REGO CESAR,President,Stock Award(Grant) at price 0.00 per share.,60164,0.0,D
NTAP,2026-05-14,JABRE WISSAM GEORGES,Chief Financial Officer,Stock Award(Grant) at price 0.00 per share.,38871,0.0,D
NTAP,2026-05-14,O'CALLAHAN ELIZABETH M,Officer,Stock Award(Grant) at price 0.00 per share.,22098,0.0,D
NTAP,2026-05-14,NAIR SYAM,Officer,Stock Award(Grant) at price 0.00 per share.,17139,0.0,D
NTAP,2026-05-14,KURIAN GEORGE,Chief Executive Officer,Stock Award(Grant) at price 0.00 per share.,127087,0.0,D
NTAP,2026-05-11,O'CALLAHAN ELIZABETH M,Officer,Sale at price 117.73 per share.,1000,117730.0,D
NTAP,2026-04-10,O'CALLAHAN ELIZABETH M,Officer,Sale at price 96.25 per share.,1000,96250.0,D
NTAP,2026-03-10,O'CALLAHAN ELIZABETH M,Officer,Sale at price 100.67 per share.,1000,100670.0,D
NTAP,2026-02-17,DE LORENZO DANIEL,Officer,Sale at price 101.84 per share.,252,25664.0,D
NTAP,2026-02-10,O'CALLAHAN ELIZABETH M,Officer,Sale at price 103.45 per share.,1000,103450.0,D
NTAP,2026-01-12,O'CALLAHAN ELIZABETH M,Officer,Sale at price 105.49 per share.,1000,105490.0,D
NTAP,2025-12-10,O'CALLAHAN ELIZABETH M,Officer,Sale at price 117.37 per share.,1000,117370.0,D
NTAP,2025-12-01,DE LORENZO DANIEL,Officer,Sale at price 110.04 per share.,33,3631.0,D
NTAP,2025-11-17,DE LORENZO DANIEL,Officer,Sale at price 107.48 per share.,327,35146.0,D
NTAP,2025-11-10,O'CALLAHAN ELIZABETH M,Officer,Sale at price 114.29 per share.,1000,114290.0,D
NTAP,2025-10-10,O'CALLAHAN ELIZABETH M,Officer,Sale at price 119.00 per share.,1000,119000.0,D
NTAP,2025-09-25,DE LORENZO DANIEL,Officer,Sale at price 121.87 per share.,779,94937.0,D
NTAP,2025-09-17,KURIAN GEORGE,Chief Executive Officer,Sale at price 122.91 per share.,8750,1075462.0,D
NTAP,2025-09-10,O'CALLAHAN ELIZABETH M,Officer,Sale at price 123.67 per share.,1000,123670.0,D
NTAP,2025-08-29,NEVENS THOMAS MICHAEL,Director,Stock Gift at price 0.00 per share.,1530,0.0,I
NTAP,2025-08-18,KURIAN GEORGE,Chief Executive Officer,Sale at price 108.85 per share.,8500,925225.0,D
NTAP,2025-08-11,O'CALLAHAN ELIZABETH M,Officer,Sale at price 105.90 per share.,1000,105900.0,D
NTAP,2025-07-21,KURIAN GEORGE,Chief Executive Officer,Sale at price 108.08 per share.,8500,918680.0,D
NTAP,2025-07-10,O'CALLAHAN ELIZABETH M,Officer,Sale at price 106.84 per share.,1000,106840.0,D
NTAP,2025-06-16,KURIAN GEORGE,Chief Executive Officer,Sale at price 101.78 per share.,8500,865130.0,D
NTAP,2025-06-10,O'CALLAHAN ELIZABETH M,Officer,Sale at price 103.06 per share.,528,54416.0,D
NTAP,2025-06-03,DE LORENZO DANIEL,Officer,Sale at price 98.77 per share.,302,29829.0,D
NTAP,2025-05-19,KURIAN GEORGE,Chief Executive Officer,Sale at price 99.68 - 100.34 per share.,8500,850145.0,D
NTAP,2025-05-16,DE LORENZO DANIEL,Officer,Sale at price 99.98 per share.,326,32593.0,D
NTAP,2025-05-16,CERNUDA REGO CESAR,President,Stock Award(Grant) at price 0.00 per share.,59493,0.0,D
NTAP,2025-05-16,O'CALLAHAN ELIZABETH M,Officer,Stock Award(Grant) at price 0.00 per share.,20394,0.0,D
NTAP,2025-05-16,BHELA HARVINDER S,Officer,Stock Award(Grant) at price 0.00 per share.,46743,0.0,D
NTAP,2025-05-16,KURIAN GEORGE,Chief Executive Officer,Stock Award(Grant) at price 0.00 per share.,112003,0.0,D
NTAP,2025-05-12,O'CALLAHAN ELIZABETH M,Officer,Sale at price 97.50 per share.,452,44070.0,D
NTAP,2025-04-21,KURIAN GEORGE,Chief Executive Officer,Sale at price 81.83 per share.,8500,695555.0,D
NTAP,2025-03-28,CERNUDA REGO CESAR,President,Sale at price 89.91 - 90.54 per share.,19696,1775523.0,D
NTAP,2025-03-28,GUSTAFSSON PER ANDERS,Director,Purchase at price 89.43 - 91.00 per share.,5524,499597.0,D
NTAP,2025-03-17,KURIAN GEORGE,Chief Executive Officer,Sale at price 92.48 - 92.87 per share.,8500,787277.0,D
NTAP,2025-03-10,O'CALLAHAN ELIZABETH M,Officer,Sale at price 92.58 per share.,528,48882.0,D
NTAP,2025-03-05,BERRY MICHAEL J,Chief Financial Officer,Sale at price 93.21 - 95.73 per share.,25000,2356290.0,I
NTAP,2025-02-19,DE LORENZO DANIEL,Officer,Sale at price 121.28 per share.,299,36263.0,D
NTAP,2025-02-18,KURIAN GEORGE,Chief Executive Officer,Sale at price 118.57 - 119.50 per share.,8500,1011854.0,D
NTAP,2025-02-10,O'CALLAHAN ELIZABETH M,Officer,Sale at price 120.75 per share.,452,54579.0,D
NTAP,2025-02-05,BERRY MICHAEL J,Chief Financial Officer,Sale at price 119.37 - 123.32 per share.,25000,3042221.0,I
NTAP,2025-01-21,KURIAN GEORGE,Chief Executive Officer,Sale at price 122.81 - 123.28 per share.,8500,1045777.0,D
NTAP,2025-01-10,O'CALLAHAN ELIZABETH M,Officer,Sale at price 116.79 per share.,451,52672.0,D
NTAP,2025-01-08,BERRY MICHAEL J,Chief Financial Officer,Sale at price 116.27 - 118.36 per share.,25000,2933461.0,I
NTAP,2024-12-30,CERNUDA REGO CESAR,President,Sale at price 114.99 per share.,22000,2529780.0,D
NTAP,2024-12-16,KURIAN GEORGE,Chief Executive Officer,Sale at price 123.24 - 124.80 per share.,8500,1056464.0,D
NTAP,2024-12-11,BERRY MICHAEL J,Chief Financial Officer,Sale at price 121.11 - 127.57 per share.,15000,1842407.0,I
NTAP,2024-12-10,O'CALLAHAN ELIZABETH M,Officer,Sale at price 127.41 per share.,770,98106.0,D
NTAP,2024-11-18,NEVENS THOMAS MICHAEL,Director,Sale at price 118.21 - 119.62 per share.,3333,397392.0,I
NTAP,2024-11-18,KURIAN GEORGE,Chief Executive Officer,Sale at price 117.44 - 118.35 per share.,8500,1002990.0,D
MSI,2026-08-07,MAHER KATHERINE A,Officer,Sale at price 468.22 - 470.04 per share.,1754,823980.0,D
MSI,2026-08-07,MAHER KATHERINE A,Officer,Conversion of Exercise of derivative security at price 265.18 - 414.12 per share.,1062,345219.0,D
MSI,2026-07-02,LASHIER MARK E.,Director,Stock Award(Grant) at price 422.66 per share.,66,27896.0,D
MSI,2026-05-18,NIEWIARA JAMES A.,General Counsel,Stock Gift at price 0.00 per share.,166,0.0,D
MSI,2026-05-18,TUCCI JOSEPH M,Director,Stock Award(Grant) at price 0.00 per share.,598,0.0,D
MSI,2026-05-18,DENMAN KENNETH D,Director,Stock Award(Grant) at price 0.00 per share.,598,0.0,D
MSI,2026-05-18,LEAV PETER A,Director,Stock Award(Grant) at price 0.00 per share.,598,0.0,D
MSI,2026-05-18,HOWARD AYANNA MACCALLA,Director,Stock Award(Grant) at price 0.00 per share.,598,0.0,D
MSI,2026-05-18,LASHIER MARK E.,Director,Stock Award(Grant) at price 0.00 per share.,598,0.0,D
MSI,2026-05-18,MANN ELIZABETH,Director,Stock Award(Grant) at price 0.00 per share.,598,0.0,D
MSI,2026-05-18,ANASENES NICOLE,Director,Stock Award(Grant) at price 0.00 per share.,598,0.0,D
MSI,2026-04-02,LASHIER MARK E.,Director,Stock Award(Grant) at price 438.96 per share.,63,27654.0,D
MSI,2026-04-02,MONDRE GREGORY K,Director,Stock Award(Grant) at price 438.96 per share.,63,27654.0,D
MSI,2026-03-12,LEAV PETER A,Director,Stock Award(Grant) at price 0.00 per share.,45,0.0,D
MSI,2026-03-12,MAHER KATHERINE A,Officer,Stock Award(Grant) at price 0.00 per share.,297,0.0,D
MSI,2026-03-04,BROWN GREGORY Q,Chief Executive Officer,Sale at price 476.28 - 478.83 per share.,28435,13590407.0,D
MSI,2026-03-04,BROWN GREGORY Q,Chief Executive Officer,Conversion of Exercise of derivative security at price 81.37 per share.,28435,2313756.0,D
MSI,2026-02-27,MOORE KATHRYN A,Officer,Sale at price 478.89 per share.,405,194252.0,D
MSI,2026-02-27,YAZDI CYNTHIA M.,Officer,Sale at price 479.30 per share.,7260,3479689.0,D
MSI,2026-02-27,WINKLER JASON J,Chief Financial Officer,Sale at price 477.94 - 478.48 per share.,8818,4217392.0,D
MSI,2026-02-27,WINKLER JASON J,Chief Financial Officer,Conversion of Exercise of derivative security at price 154.95 per share.,4727,732449.0,D
MSI,2026-02-27,YAZDI CYNTHIA M.,Officer,Conversion of Exercise of derivative security at price 222.30 per share.,7260,1613898.0,D
MSI,2026-02-26,YAZDI CYNTHIA M.,Chief Executive Officer,Sale at price 471.01 per share.,7000,3297052.0,D
MSI,2026-02-26,BROWN GREGORY Q,Chief Executive Officer,Sale at price 464.28 - 474.01 per share.,21600,10141980.0,I
MSI,2026-02-26,DENMAN KENNETH D,Director,Sale at price 470.12 per share.,434,204030.0,D
MSI,2026-02-26,YAZDI CYNTHIA M.,Chief Executive Officer,Conversion of Exercise of derivative security at price 222.30 per share.,7000,1556100.0,D
MSI,2026-02-25,BROWN GREGORY Q,Chief Executive Officer,Sale at price 464.17 - 474.02 per share.,21600,10141940.0,I
MSI,2026-02-25,BROWN GREGORY Q,Chief Executive Officer,Stock Award(Grant) at price 0.00 per share.,43554,0.0,D
MSI,2026-02-25,NIEWIARA JAMES A.,General Counsel,Stock Award(Grant) at price 0.00 per share.,3519,0.0,D
MSI,2026-02-25,MOORE KATHRYN A,Officer,Stock Award(Grant) at price 0.00 per share.,934,0.0,D
MSI,2026-02-25,WINKLER JASON J,Chief Financial Officer,Stock Award(Grant) at price 0.00 per share.,8799,0.0,D
MSI,2026-02-25,MAHER KATHERINE A,Officer,Stock Award(Grant) at price 0.00 per share.,738,0.0,D
MSI,2026-02-25,MOLLOY JOHN P,Chief Operating Officer,Stock Award(Grant) at price 0.00 per share.,9567,0.0,D
MSI,2026-02-25,YAZDI CYNTHIA M.,Chief Executive Officer,Stock Award(Grant) at price 0.00 per share.,3629,0.0,D
MSI,2026-02-25,NAIK RAJAN S.,Officer,Stock Award(Grant) at price 0.00 per share.,4399,0.0,D
MSI,2026-02-24,BROWN GREGORY Q,Chief Executive Officer,Sale at price 461.32 - 471.11 per share.,100000,46655544.0,D
MSI,2026-02-24,BROWN GREGORY Q,Chief Executive Officer,Conversion of Exercise of derivative security at price 71.22 per share.,100000,7122000.0,D
MSI,2025-12-31,LASHIER MARK E.,Director,Stock Award(Grant) at price 383.32 per share.,48,18399.0,D
MSI,2025-12-31,MONDRE GREGORY K,Director,Stock Award(Grant) at price 383.32 per share.,72,27599.0,D
MSI,2025-11-18,LASHIER MARK E.,Director,Stock Award(Grant) at price 0.00 per share.,275,0.0,D
MSI,2025-09-26,MONDRE GREGORY K,Director,Stock Award(Grant) at price 456.52 per share.,61,27848.0,D
MSI,2025-09-12,BROWN GREGORY Q,Chief Executive Officer,Sale at price 481.40 - 487.71 per share.,50000,24175046.0,D
MSI,2025-09-12,BROWN GREGORY Q,Chief Executive Officer,Conversion of Exercise of derivative security at price 71.22 per share.,50000,3561000.0,D
MSI,2025-09-11,NIEWIARA JAMES A.,General Counsel,Sale at price 485.43 per share.,1700,825228.0,D
MSI,2025-09-11,BROWN GREGORY Q,Chief Executive Officer,Sale at price 480.97 - 491.64 per share.,50000,24280398.0,D
MSI,2025-09-11,NIEWIARA JAMES A.,General Counsel,Conversion of Exercise of derivative security at price 139.49 - 179.21 per share.,1700,301162.0,D
MSI,2025-09-11,BROWN GREGORY Q,Chief Executive Officer,Conversion of Exercise of derivative security at price 71.22 per share.,50000,3561000.0,D
MSI,2025-09-08,NIEWIARA JAMES A.,General Counsel,Sale at price 477.16 per share.,900,429444.0,D
MSI,2025-09-08,NIEWIARA JAMES A.,General Counsel,Conversion of Exercise of derivative security at price 108.47 per share.,900,97623.0,D
MSI,2025-09-03,NAIK RAJAN S.,Officer,Sale at price 470.64 - 476.38 per share.,8013,3801984.0,D
MSI,2025-09-03,NAIK RAJAN S.,Officer,Conversion of Exercise of derivative security at price 91.55 per share.,3568,326650.0,D
MSI,2025-08-29,BROWN GREGORY Q,Chief Executive Officer,Sale at price 471.82 - 472.48 per share.,25000,11807552.0,D
MSI,2025-08-29,BROWN GREGORY Q,Chief Executive Officer,Conversion of Exercise of derivative security at price 71.22 per share.,25000,1780500.0,D
MSI,2025-08-21,MOLLOY JOHN P,Chief Operating Officer,Sale at price 462.02 - 462.53 per share.,37514,17345743.0,D
MSI,2025-08-21,MOLLOY JOHN P,Chief Operating Officer,Conversion of Exercise of derivative security at price 179.21 per share.,37514,6722884.0,D
MSI,2025-08-15,BROWN GREGORY Q,Chief Executive Officer,Stock Gift at price 0.00 per share.,10900,0.0,D
MSI,2025-08-15,BROWN GREGORY Q,Chief Executive Officer,Sale at price 457.76 - 467.42 per share.,100365,46417005.0,D/I
MSI,2025-08-14,BROWN GREGORY Q,Chief Executive Officer,Conversion of Exercise of derivative security at price 71.22 per share.,82765,5894523.0,D
MSI,2025-08-12,MAHER KATHERINE A,Officer,Sale at price 473.28 per share.,2682,1269337.0,D
MSI,2025-08-12,WINKLER JASON J,Chief Financial Officer,Sale at price 470.75 - 471.35 per share.,11462,5400961.0,D
GLW,2026-06-09,WEEKS WENDELL P.,Chief Executive Officer,Sale at price 186.46 per share.,100000,18646070.0,D
GLW,2026-06-09,WEEKS WENDELL P.,Chief Executive Officer,Conversion of Exercise of derivative security at price 27.03 per share.,100000,2703000.0,D
GLW,2026-05-22,AMIN JAYMIN,Chief Technology Officer,Sale at price 192.14 per share.,27395,5263637.0,D
GLW,2026-05-22,AMIN JAYMIN,Chief Technology Officer,Conversion of Exercise of derivative security at price 27.00 per share.,7917,213759.0,D
GLW,2026-05-15,NELSON AVERY H III,Chief Operating Officer,Sale at price 195.93 per share.,20000,3918600.0,D
GLW,2026-05-14,FANG LI,Officer,Conversion of Exercise of derivative security at price 19.65 per share.,8725,171446.0,D
GLW,2026-05-13,VERKLEEREN RONALD L,Officer,Sale at price 207.77 per share.,10000,2077708.0,D
GLW,2026-05-13,BECKER STEFAN,Officer,Stock Gift at price 0.00 per share.,126,0.0,D
GLW,2026-05-11,SEETHARAM SOUMYA,Chief Technology Officer,Sale at price 206.23 per share.,20000,4124646.0,D
GLW,2026-05-11,TILLMAN MICHAUNE D.,General Counsel,Sale at price 207.02 per share.,3260,674870.0,D
GLW,2026-05-11,ZHANG JOHN Z,Officer,Sale at price 198.34 per share.,10000,1983383.0,D
GLW,2026-05-08,GULLO MICHELLE L,Officer,Sale at price 189.03 per share.,5315,1004689.0,D
GLW,2026-05-08,BECKER STEFAN,Officer,Sale at price 188.08 per share.,21000,3949680.0,D
GLW,2026-05-08,STEVERSON LEWIS A,Officer,Sale at price 196.06 per share.,27750,5440593.0,D
GLW,2026-05-07,SCHLESINGER EDWARD A,Chief Financial Officer,Sale at price 186.08 per share.,22562,4198247.0,D
GLW,2026-05-06,ZHANG JOHN Z,Officer,Sale at price 184.67 per share.,15000,2769984.0,D
GLW,2026-02-13,GULLO MICHELLE L,Officer,Sale at price 131.11 - 135.83 per share.,631,82939.0,D/I
GLW,2026-02-12,ZHANG JOHN Z,Officer,Sale at price 133.75 per share.,1531,204765.0,D
GLW,2026-02-11,NELSON AVERY H III,Chief Operating Officer,Sale at price 128.74 per share.,1583,203800.0,D
GLW,2026-02-10,STEVERSON LEWIS A,Officer,Sale at price 130.22 per share.,15366,2000956.0,D
GLW,2026-02-09,KAMMERUD JORDANA DARYL,Officer,Sale at price 127.67 per share.,30000,3830019.0,D
GLW,2026-02-09,NELSON AVERY H III,Chief Operating Officer,Sale at price 129.79 per share.,6262,812722.0,D
GLW,2026-02-09,MUSSER ERIC S.,Retired,Sale at price 130.25 per share.,15000,1953711.0,D
GLW,2026-02-04,FANG LI,Officer,Sale at price 113.51 per share.,9797,1112077.0,D
GLW,2026-02-04,FANG LI,Officer,Conversion of Exercise of derivative security at price 18.67 - 20.89 per share.,9797,196856.0,D
GLW,2026-02-02,O'DAY MICHAEL PAUL,Officer,Sale at price 110.52 per share.,5051,558232.0,D
GLW,2026-02-02,MUSSER ERIC S.,Retired,Sale at price 110.00 per share.,25000,2750080.0,D
GLW,2026-01-29,GULLO MICHELLE L,Officer,Sale at price 102.40 per share.,44,4505.0,I
GLW,2026-01-29,SCHLESINGER EDWARD A,Chief Financial Officer,Sale at price 104.55 per share.,21104,2206326.0,D
GLW,2026-01-29,SCHLESINGER EDWARD A,Chief Financial Officer,Conversion of Exercise of derivative security at price 19.65 per share.,8925,175376.0,D
GLW,2025-12-19,VERKLEEREN RONALD L,Officer,Stock Gift at price 0.00 per share.,2000,0.0,D
GLW,2025-12-15,O'DAY MICHAEL PAUL,Officer,Stock Gift at price 0.00 per share.,1391,0.0,D
GLW,2025-12-10,SEETHARAM SOUMYA,Chief Technology Officer,Sale at price 90.78 per share.,16547,1502203.0,D
GLW,2025-12-10,VERKLEEREN RONALD L,Officer,Sale at price 94.69 per share.,21000,1988580.0,D
GLW,2025-12-04,WEEKS WENDELL P.,Chief Executive Officer,Stock Gift at price 0.00 per share.,24322,0.0,D
GLW,2025-12-03,SEETHARAM SOUMYA,Chief Technology Officer,Stock Award(Grant) at price 0.00 per share.,16756,0.0,D
GLW,2025-10-31,SCHLESINGER EDWARD A,Chief Financial Officer,Sale at price 91.25 per share.,20893,1906486.0,D
GLW,2025-10-31,STEVERSON LEWIS A,Officer,Sale at price 89.05 per share.,23142,2060765.0,D
GLW,2025-10-31,SCHLESINGER EDWARD A,Chief Financial Officer,Conversion of Exercise of derivative security at price 33.92 per share.,8844,299988.0,D
GLW,2025-10-30,AMIN JAYMIN,Chief Technology Officer,Stock Gift at price 0.00 per share.,2650,0.0,D
GLW,2025-10-29,BECKER STEFAN,Officer,Sale at price 91.28 per share.,12100,1104535.0,D
GLW,2025-10-29,MUSSER ERIC S.,Retired,Sale at price 90.17 per share.,100000,9017340.0,D
GLW,2025-09-17,AMIN JAYMIN,Chief Technology Officer,Sale at price 77.18 per share.,17721,1367698.0,D
GLW,2025-09-17,AMIN JAYMIN,Chief Technology Officer,Conversion of Exercise of derivative security at price 18.67 - 20.89 per share.,7931,159363.0,D
GLW,2025-09-15,WEEKS WENDELL P.,Chief Executive Officer,Stock Gift at price 0.00 per share.,40000,0.0,D
GLW,2025-09-04,MUSSER ERIC S.,President,Sale at price 70.23 per share.,20000,1404624.0,D
GLW,2025-09-04,WRIGHTON MARK S,Retired,Stock Gift at price 0.00 per share.,4467,0.0,D
GLW,2025-08-12,ZHANG JOHN Z,Officer,Sale at price 65.53 per share.,1212,79425.0,D
GLW,2025-08-11,MUSSER ERIC S.,President,Sale at price 65.31 per share.,18850,1231184.0,D
GLW,2025-08-11,MUSSER ERIC S.,President,Conversion of Exercise of derivative security at price 19.65 per share.,21997,370402.0,D
GLW,2025-08-07,MUSSER ERIC S.,President,Sale at price 65.88 per share.,20000,1317576.0,D
GLW,2025-08-07,WEEKS WENDELL P.,Chief Executive Officer,Sale at price 65.19 per share.,82103,5351933.0,D
GLW,2025-07-30,O'DAY MICHAEL PAUL,Officer,Sale at price 62.36 per share.,14879,927912.0,D
GLW,2025-07-30,SCHLESINGER EDWARD A,Chief Financial Officer,Sale at price 62.28 per share.,14082,877013.0,D
GLW,2025-07-30,NELSON AVERY H III,Chief Operating Officer,Sale at price 62.26 per share.,36240,2256357.0,D
GLW,2025-07-30,STEVERSON LEWIS A,Officer,Sale at price 62.22 per share.,16646,1035774.0,D
GLW,2025-07-30,NELSON AVERY H III,Chief Operating Officer,Conversion of Exercise of derivative security at price 27.00 - 27.03 per share.,21240,573817.0,D
GLW,2025-06-11,VERKLEEREN RONALD L,Officer,Sale at price 50.52 per share.,20000,1010406.0,D
GLW,2025-06-06,MUSSER ERIC S.,President,Sale at price 51.11 per share.,20000,1022284.0,D
GLW,2025-06-02,SCHLESINGER EDWARD A,Chief Financial Officer,Sale at price 49.85 per share.,4464,222534.0,D
COHR,2026-07-22,LUTHER SHERRI R,Chief Financial Officer,Sale at price 306.68 per share.,1000,306680.0,D
COHR,2026-05-12,LUTHER SHERRI R,Chief Financial Officer,Sale at price 372.96 per share.,2000,745920.0,D
COHR,2026-05-11,XIA HOWARD H,Director,Conversion of Exercise of derivative security at price 21.67 per share.,2000,43340.0,D
COHR,2026-05-11,XIA HOWARD H,Director,Sale at price 344.00 - 368.00 per share.,2000,709000.0,D
COHR,2026-04-22,LUTHER SHERRI R,Chief Financial Officer,Sale at price 351.00 per share.,2000,702000.0,D
COHR,2026-03-17,XIA HOWARD H,Director,Conversion of Exercise of derivative security at price 21.67 per share.,4240,91881.0,D
COHR,2026-03-17,XIA HOWARD H,Director,Sale at price 236.22 - 258.00 per share.,4240,1040943.0,D
COHR,2026-03-10,ENG JULIE SHERIDAN,Chief Technology Officer,Sale at price 258.18 per share.,1454,375394.0,D
COHR,2026-03-09,SKAGGS STEPHEN ANDREW,Director,Sale at price 243.13 per share.,3523,856550.0,D
COHR,2026-03-06,DIGIROLOMO ENRICO,Director,Conversion of Exercise of derivative security at price 235.72 per share.,1005,236899.0,D
COHR,2026-03-06,DIGIROLOMO ENRICO,Director,Stock Gift at price 0.00 per share.,1847,0.0,D
COHR,2026-03-06,DIGIROLOMO ENRICO,Director,Sale at price 241.50 per share.,3911,944506.0,D
COHR,2026-03-02,ENG JULIE SHERIDAN,Chief Technology Officer,Sale at price 291.42 per share.,2792,813646.0,D
COHR,2026-02-12,LUTHER SHERRI R,Chief Financial Officer,Sale at price 217.74 per share.,4000,870954.0,D
COHR,2026-02-11,DIGIROLOMO ENRICO,Director,Stock Award(Grant) at price 0.00 per share.,279,0.0,D
COHR,2026-02-11,HATTER PATRICIA,Director,Stock Award(Grant) at price 0.00 per share.,279,0.0,D
COHR,2026-02-11,NEAL-GRAVES LISA,Director,Stock Award(Grant) at price 0.00 per share.,279,0.0,D
COHR,2026-02-11,XIA HOWARD H,Director,Stock Award(Grant) at price 0.00 per share.,279,0.0,D
COHR,2026-02-11,DREYER MICHAEL L,Director,Stock Award(Grant) at price 0.00 per share.,279,0.0,D
COHR,2026-02-11,MOTLEY DAVID L,Director,Stock Award(Grant) at price 0.00 per share.,279,0.0,D
COHR,2026-02-11,PATRICK ELIZABETH,Director,Stock Award(Grant) at price 0.00 per share.,279,0.0,D
COHR,2026-02-11,STERLING MICHELLE MARIE M.D.,Director,Stock Award(Grant) at price 0.00 per share.,279,0.0,D
COHR,2026-02-11,SADASIVAM SHAKER,Director,Stock Award(Grant) at price 0.00 per share.,279,0.0,D
COHR,2026-02-11,SKAGGS STEPHEN ANDREW,Director,Stock Award(Grant) at price 0.00 per share.,279,0.0,D
COHR,2026-02-11,VIJ SANDEEP S,Director,Stock Award(Grant) at price 0.00 per share.,279,0.0,D
COHR,2026-02-11,CORASANTI JOSEPH J,Director,Stock Award(Grant) at price 0.00 per share.,279,0.0,D
COHR,2025-12-10,CORASANTI JOSEPH J,Director,Sale at price 196.74 per share.,15000,2951100.0,D
COHR,2025-12-03,STERLING MICHELLE MARIE M.D.,Director,Sale at price 164.51 per share.,2000,329022.0,D
COHR,2025-12-02,XIA HOWARD H,Director,Conversion of Exercise of derivative security at price 21.67 per share.,2000,43340.0,D
COHR,2025-12-02,XIA HOWARD H,Director,Sale at price 168.00 - 172.00 per share.,2000,340000.0,D
COHR,2025-12-01,MOCCIARO ILARIA,Officer,Sale at price 162.71 per share.,1377,224052.0,D
COHR,2025-11-28,XIA HOWARD H,Director,Conversion of Exercise of derivative security at price 21.67 per share.,1000,21670.0,D
COHR,2025-11-28,XIA HOWARD H,Director,Sale at price 158.36 per share.,1000,158360.0,D
COHR,2025-11-21,DIGIROLOMO ENRICO,Director,Sale at price 134.85 per share.,2831,381760.0,D
COHR,2025-11-20,SKAGGS STEPHEN ANDREW,Director,Sale at price 150.00 per share.,2000,300000.0,D
COHR,2025-11-14,DREYER MICHAEL L,Director,Sale at price 144.88 per share.,11570,1676204.0,D
COHR,2025-11-07,CORASANTI JOSEPH J,Director,Conversion of Exercise of derivative security at price 35.25 - 49.90 per share.,9720,401523.0,D
COHR,2025-11-07,"BAIN CAPITAL INVESTORS, L.L.C.",Beneficial Owner of more than 10% of a Class of Security,Sale at price 143.37 per share.,7500000,1075275000.0,I
COHR,2025-11-07,CORASANTI JOSEPH J,Director,Sale at price 151.25 per share.,9720,1470139.0,D
COHR,2025-11-06,BARBAROSSA GIOVANNI,Officer,Sale at price 160.00 per share.,60706,9712960.0,D
COHR,2025-10-29,BARBAROSSA GIOVANNI,Officer,Conversion of Exercise of derivative security at price 35.25 - 49.90 per share.,59480,2392329.0,D
COHR,2025-10-29,BARBAROSSA GIOVANNI,Officer,Sale at price 140.46 - 141.10 per share.,59480,8362173.0,D
COHR,2025-10-29,SKAGGS STEPHEN ANDREW,Director,Sale at price 140.00 per share.,2000,280000.0,D
COHR,2025-10-24,SKAGGS STEPHEN ANDREW,Director,Sale at price 130.00 per share.,2000,260000.0,D
COHR,2025-08-29,ENG JULIE SHERIDAN,Officer,Sale at price 90.36 - 93.54 per share.,7136,647051.0,D
COHR,2025-08-28,PAGLIUCA STEPHEN G,Director,Stock Award(Grant) at price 0.00 per share.,2272,0.0,D
COHR,2025-08-28,BEARD ROBERT P,Officer,Stock Award(Grant) at price 0.00 per share.,14453,0.0,D
COHR,2025-08-28,DIGIROLOMO ENRICO,Director,Stock Award(Grant) at price 0.00 per share.,2272,0.0,D
COHR,2025-08-28,HATTER PATRICIA,Director,Stock Award(Grant) at price 0.00 per share.,2272,0.0,D
COHR,2025-08-28,LUTHER SHERRI R,Officer,Stock Award(Grant) at price 0.00 per share.,15692,0.0,D
COHR,2025-08-28,NEAL-GRAVES LISA,Director,Stock Award(Grant) at price 0.00 per share.,2272,0.0,D
COHR,2025-08-28,XIA HOWARD H,Director,Stock Award(Grant) at price 0.00 per share.,2272,0.0,D
COHR,2025-08-28,DREYER MICHAEL L,Director,Stock Award(Grant) at price 0.00 per share.,2272,0.0,D
COHR,2025-08-28,MOTLEY DAVID L,Director,Stock Award(Grant) at price 0.00 per share.,2272,0.0,D
COHR,2025-08-28,PATRICK ELIZABETH,Director,Stock Award(Grant) at price 0.00 per share.,2272,0.0,D
COHR,2025-08-28,STERLING MICHELLE MARIE M.D.,Director,Stock Award(Grant) at price 0.00 per share.,2272,0.0,D
COHR,2025-08-28,ANDERSON JAMES ROBERT,Chief Executive Officer,Stock Award(Grant) at price 0.00 per share.,68133,0.0,D
COHR,2025-08-28,ENG JULIE SHERIDAN,Officer,Stock Award(Grant) at price 0.00 per share.,18824,0.0,D
COHR,2025-08-28,MOCCIARO ILARIA,Officer,Stock Award(Grant) at price 0.00 per share.,4130,0.0,D
COHR,2025-08-28,BARBAROSSA GIOVANNI,Officer,Stock Award(Grant) at price 0.00 per share.,29877,0.0,D
LITE,2026-07-15,JOHNSON JULIA SUZANNE,Director,Stock Award(Grant) at price 0.00 per share.,108,0.0,D
LITE,2026-07-15,THAD TRENT,Director,Stock Award(Grant) at price 0.00 per share.,108,0.0,D
LITE,2026-07-15,SMALL IAN SEYMOUR,Director,Stock Award(Grant) at price 0.00 per share.,108,0.0,D
LITE,2026-07-15,FLETCHER PAMELA,Director,Stock Award(Grant) at price 0.00 per share.,108,0.0,D
LITE,2026-07-15,LILLIE BRIAN J,Director,Stock Award(Grant) at price 0.00 per share.,108,0.0,D
LITE,2026-07-15,HERSCHER PENELOPE A,Director,Stock Award(Grant) at price 0.00 per share.,108,0.0,D
LITE,2026-06-02,HARRIS ISAAC HOSOJIRO,Director,Sale at price 1000.08 per share.,1416,1416115.0,D
LITE,2026-05-29,HARRIS ISAAC HOSOJIRO,Director,Sale at price 860.00 per share.,4000,3440000.0,D
LITE,2026-05-29,HARRIS ISAAC HOSOJIRO,Director,Stock Award(Grant) at price 0.00 per share.,952,0.0,D
LITE,2026-05-21,SMALL IAN SEYMOUR,Director,Sale at price 868.07 per share.,4954,4300419.0,D
LITE,2026-05-18,KIM JAE,General Counsel,Sale at price 953.95 per share.,1422,1356517.0,D
LITE,2026-05-18,WUPEN YUEN,Officer,Sale at price 953.95 per share.,3210,3062180.0,D
LITE,2026-05-18,RETORT VINCENT D,Officer,Sale at price 953.95 per share.,3183,3036423.0,D
LITE,2026-05-18,ALI WAJID,Chief Financial Officer,Sale at price 953.95 per share.,2487,2372474.0,D
LITE,2026-05-15,FLETCHER PAMELA,Director,Sale at price 940.82 - 1003.38 per share.,3155,3066936.0,D
LITE,2026-05-11,KIM JAE,General Counsel,Sale at price 950.99 per share.,1933,1838264.0,D
LITE,2026-05-11,LILLIE BRIAN J,Director,Sale at price 950.99 - 1003.62 per share.,11951,11731562.0,D
LITE,2026-05-11,LILLIE BRIAN J,Director,Sale at price 1004.34 per share.,49,49212.0,D
LITE,2026-05-08,SMALL IAN SEYMOUR,Director,Sale at price 910.72 - 912.26 per share.,3500,3189108.0,D
LITE,2026-02-27,ALI WAJID,Chief Financial Officer,Sale at price 677.78 - 699.28 per share.,5302,3664387.0,D
LITE,2026-02-27,HARRIS ISAAC HOSOJIRO,Officer and Director,Stock Award(Grant) at price 0.00 per share.,611,0.0,D
LITE,2026-02-17,RETORT VINCENT D,Officer,Sale at price 530.80 - 557.84 per share.,3441,1878025.0,D
LITE,2026-02-13,CHANG ERIC,Officer,Stock Award(Grant) at price 0.00 per share.,5006,0.0,D
LITE,2026-02-12,RETORT VINCENT D,Officer,Sale at price 576.35 - 601.82 per share.,45026,26624903.0,D
LITE,2026-02-12,HERSCHER PENELOPE A,Director,Sale at price 594.42 - 602.63 per share.,4000,2389180.0,D
LITE,2026-02-06,HERSCHER PENELOPE A,Director,Sale at price 535.48 per share.,4849,2596542.0,D
LITE,2026-01-30,HARRIS ISAAC HOSOJIRO,Officer and Director,Stock Award(Grant) at price 0.00 per share.,629,0.0,D
LITE,2025-12-31,HARRIS ISAAC HOSOJIRO,Officer and Director,Stock Award(Grant) at price 0.00 per share.,870,0.0,D
LITE,2025-12-29,THAD TRENT,Director,Stock Award(Grant) at price 0.00 per share.,1205,0.0,D
LITE,2025-11-19,FLETCHER PAMELA,Director,Sale at price 273.53 per share.,3421,935762.0,D
LITE,2025-11-19,WUPEN YUEN,Officer,Sale at price 258.96 per share.,822,212865.0,D
LITE,2025-11-19,LUNDSTROM PAUL R.,Director,Stock Award(Grant) at price 0.00 per share.,3670,0.0,D
LITE,2025-11-19,JOHNSON JULIA SUZANNE,Director,Stock Award(Grant) at price 0.00 per share.,1283,0.0,D
LITE,2025-11-19,HARRIS ISAAC HOSOJIRO,Director,Stock Award(Grant) at price 0.00 per share.,1283,0.0,D
LITE,2025-11-19,SMALL IAN SEYMOUR,Director,Stock Award(Grant) at price 0.00 per share.,1283,0.0,D
LITE,2025-11-19,FLETCHER PAMELA,Director,Stock Award(Grant) at price 0.00 per share.,4093,0.0,D
LITE,2025-11-19,LILLIE BRIAN J,Director,Stock Award(Grant) at price 0.00 per share.,1283,0.0,D
LITE,2025-11-19,HERSCHER PENELOPE A,Director,Stock Award(Grant) at price 0.00 per share.,1283,0.0,D
LITE,2025-11-18,KIM JAE,General Counsel,Sale at price 234.14 - 246.00 per share.,1537,361889.0,D
LITE,2025-11-18,WUPEN YUEN,Officer,Sale at price 234.14 - 246.00 per share.,1642,394195.0,D
LITE,2025-11-17,FLETCHER PAMELA,Director,Sale at price 250.00 per share.,579,144750.0,D
LITE,2025-11-10,JOHNSON JULIA SUZANNE,Director,Sale at price 270.39 per share.,10000,2703900.0,D
LITE,2025-11-07,SEPE MATTHEW JOSEPH,Officer,Sale at price 239.63 per share.,4232,1014103.0,D
LITE,2025-11-07,HARRIS ISAAC HOSOJIRO,Director,Sale at price 243.32 per share.,7200,1751904.0,D
LITE,2025-08-27,WUPEN YUEN,Officer,Sale at price 124.39 - 124.86 per share.,6563,817914.0,D
LITE,2025-08-26,ALI WAJID,Chief Financial Officer,Sale at price 124.39 per share.,2526,314209.0,D
LITE,2025-08-25,WUPEN YUEN,Officer,Sale at price 119.25 per share.,3282,391378.0,D
LITE,2025-08-22,KIM JAE,General Counsel,Sale at price 116.73 - 117.36 per share.,4507,526782.0,D
LITE,2025-08-22,SEPE MATTHEW JOSEPH,Officer,Stock Award(Grant) at price 0.00 per share.,4918,0.0,D
LITE,2025-08-22,KIM JAE,General Counsel,Stock Award(Grant) at price 0.00 per share.,7715,0.0,D
LITE,2025-08-22,WUPEN YUEN,Officer,Stock Award(Grant) at price 0.00 per share.,13177,0.0,D
LITE,2025-08-22,ALI WAJID,Chief Financial Officer,Stock Award(Grant) at price 0.00 per share.,12298,0.0,D
LITE,2025-08-22,RETORT VINCENT D,Officer,Stock Award(Grant) at price 0.00 per share.,14758,0.0,D
LITE,2025-08-21,SEPE MATTHEW JOSEPH,Officer,Stock Award(Grant) at price 0.00 per share.,9576,0.0,D
LITE,2025-08-21,KIM JAE,General Counsel,Stock Award(Grant) at price 0.00 per share.,13690,0.0,D
LITE,2025-08-21,WUPEN YUEN,Officer,Stock Award(Grant) at price 0.00 per share.,31978,0.0,D
LITE,2025-08-21,ALI WAJID,Chief Financial Officer,Stock Award(Grant) at price 0.00 per share.,31912,0.0,D
LITE,2025-08-21,RETORT VINCENT D,Officer,Stock Award(Grant) at price 0.00 per share.,25342,0.0,D
LITE,2025-08-19,WUPEN YUEN,Officer,Sale at price 113.61 - 117.60 per share.,327,37895.0,D
LITE,2025-08-19,HURLSTON MICHAEL E.,Chief Executive Officer,Stock Award(Grant) at price 0.00 per share.,34393,0.0,D
CIEN,2026-08-03,SMITH GARY BRIAN,Chief Executive Officer,Sale at price 379.81 per share.,2952,1121212.0,D
CIEN,2026-07-15,ROTHENSTEIN DAVID M.,Officer,Sale at price 420.91 per share.,2500,1052284.0,D
CIEN,2026-07-15,GAGE BRODIE,Officer,Sale at price 449.15 per share.,1200,538980.0,D
CIEN,2026-07-15,DIPERNA DINO,Officer,Sale at price 449.15 per share.,782,351235.0,D
CIEN,2026-07-15,SMITH GARY BRIAN,Chief Executive Officer,Sale at price 421.10 per share.,2952,1243098.0,D
CIEN,2026-07-01,PHIPPS JASON,Officer,Sale at price 466.20 per share.,2629,1225640.0,D
CIEN,2026-07-01,GRAFF MARC D.,Chief Financial Officer,Sale at price 466.20 per share.,126,58741.0,D
CIEN,2026-07-01,KOSARAJU SHEELA,General Counsel,Sale at price 466.20 per share.,2013,938461.0,D
CIEN,2026-07-01,SMITH GARY BRIAN,Chief Executive Officer,Sale at price 468.83 per share.,2952,1383972.0,D
CIEN,2026-06-26,CUMELLO JOSEPH RONALD,Officer,Sale at price 466.33 per share.,1586,739599.0,D
CIEN,2026-06-24,GRAFF MARC D.,Chief Financial Officer,Sale at price 449.36 per share.,126,56619.0,D
CIEN,2026-06-22,HOFFMAN GRANT,Officer,Stock Award(Grant) at price 0.00 per share.,6517,0.0,D
CIEN,2026-06-15,ROTHENSTEIN DAVID M.,Officer,Sale at price 457.07 per share.,2500,1142672.0,D
CIEN,2026-06-15,GAGE BRODIE,Officer,Sale at price 466.10 per share.,1200,559320.0,D
CIEN,2026-06-15,SMITH GARY BRIAN,Chief Executive Officer,Sale at price 457.02 per share.,2952,1349130.0,D
CIEN,2026-06-01,SMITH GARY BRIAN,Chief Executive Officer,Sale at price 565.92 per share.,2952,1670597.0,D
CIEN,2026-05-15,ROTHENSTEIN DAVID M.,Officer,Sale at price 562.39 per share.,2500,1405969.0,D
CIEN,2026-05-15,GAGE BRODIE,Officer,Sale at price 570.65 per share.,1200,684780.0,D
CIEN,2026-05-15,SMITH GARY BRIAN,Chief Executive Officer,Sale at price 562.05 per share.,2952,1659175.0,D
CIEN,2026-05-01,SMITH GARY BRIAN,Chief Executive Officer,Sale at price 537.74 per share.,2952,1587415.0,D
CIEN,2026-04-15,ROTHENSTEIN DAVID M.,Officer,Sale at price 467.65 per share.,2500,1169134.0,D
CIEN,2026-04-15,GAGE BRODIE,Officer,Sale at price 471.79 per share.,1200,566148.0,D
CIEN,2026-04-15,DIPERNA DINO,Officer,Sale at price 471.79 per share.,2829,1334694.0,D
CIEN,2026-04-15,SMITH GARY BRIAN,Chief Executive Officer,Sale at price 467.47 per share.,2952,1379976.0,D
CIEN,2026-04-01,PHIPPS JASON,Officer,Sale at price 401.58 - 417.07 per share.,22014,9021272.0,D
CIEN,2026-04-01,KOSARAJU SHEELA,General Counsel,Sale at price 401.71 per share.,2012,808241.0,D
CIEN,2026-04-01,SMITH GARY BRIAN,Chief Executive Officer,Sale at price 415.51 per share.,2952,1226590.0,D
CIEN,2026-03-27,CUMELLO JOSEPH RONALD,Officer,Sale at price 394.82 per share.,1773,700016.0,D
CIEN,2026-03-26,CLAFLIN BRUCE L,Director,Stock Award(Grant) at price 0.00 per share.,605,0.0,D
CIEN,2026-03-26,OLSEN JOANNE BETH,Director,Stock Award(Grant) at price 0.00 per share.,605,0.0,D
CIEN,2026-03-26,FITT LAWTON WEHLE,Director,Stock Award(Grant) at price 0.00 per share.,862,0.0,D
CIEN,2026-03-26,AHMED HASSAN M,Director,Stock Award(Grant) at price 0.00 per share.,605,0.0,D
CIEN,2026-03-26,PUMA MARY G,Director,Stock Award(Grant) at price 0.00 per share.,605,0.0,D
CIEN,2026-03-26,KUMAR DEVINDER,Director,Stock Award(Grant) at price 0.00 per share.,605,0.0,D
CIEN,2026-03-26,GALLAGHER PATRICK T.,Director,Stock Award(Grant) at price 0.00 per share.,605,0.0,D
CIEN,2026-03-26,NEVENS THOMAS MICHAEL,Director,Stock Award(Grant) at price 0.00 per share.,605,0.0,D
CIEN,2026-03-24,GAGE BRODIE,Officer,Sale at price 405.00 per share.,5000,2025000.0,D
CIEN,2026-03-16,ROTHENSTEIN DAVID M.,Officer,Sale at price 345.00 per share.,2500,862500.0,D
CIEN,2026-03-16,SMITH GARY BRIAN,Chief Executive Officer,Sale at price 359.53 per share.,2952,1061325.0,D
CIEN,2026-03-02,SMITH GARY BRIAN,Chief Executive Officer,Sale at price 354.64 per share.,2952,1046893.0,D
CIEN,2026-02-17,ROTHENSTEIN DAVID M.,Officer,Sale at price 300.20 per share.,2500,750498.0,D
CIEN,2026-02-17,SMITH GARY BRIAN,Chief Executive Officer,Sale at price 299.51 per share.,2952,884157.0,D
CIEN,2026-02-02,SMITH GARY BRIAN,Chief Executive Officer,Sale at price 265.60 per share.,2952,784057.0,D
CIEN,2026-01-15,PHIPPS JASON,Officer,Sale at price 247.89 per share.,21383,5300621.0,D
CIEN,2026-01-15,DIPERNA DINO,Officer,Sale at price 246.23 per share.,5054,1244446.0,D
CIEN,2026-01-15,KOSARAJU SHEELA,General Counsel,Sale at price 246.23 per share.,382,94060.0,D
CIEN,2026-01-15,SMITH GARY BRIAN,Chief Executive Officer,Sale at price 247.65 per share.,2993,741209.0,D
CIEN,2026-01-12,CUMELLO JOSEPH RONALD,Officer,Sale at price 229.82 per share.,11929,2741531.0,D
CIEN,2026-01-12,GALLAGHER PATRICK T.,Director,Sale at price 227.45 per share.,11618,2642486.0,D
CIEN,2026-01-09,ROTHENSTEIN DAVID M.,Officer,Sale at price 219.28 per share.,2500,548200.0,D
CIEN,2026-01-05,SMITH GARY BRIAN,Chief Executive Officer,Sale at price 229.44 per share.,83552,19170163.0,D
CIEN,2026-01-02,KOSARAJU SHEELA,General Counsel,Sale at price 241.00 per share.,1748,421268.0,D
CIEN,2025-12-22,SMITH GARY BRIAN,Chief Executive Officer,Sale at price 233.46 per share.,6800,1587543.0,D
CIEN,2025-12-16,PHIPPS JASON,Officer,Stock Award(Grant) at price 0.00 per share.,51214,0.0,D
CIEN,2025-12-16,CUMELLO JOSEPH RONALD,Officer,Stock Award(Grant) at price 0.00 per share.,29411,0.0,D
CIEN,2025-12-16,KOSARAJU SHEELA,General Counsel,Stock Award(Grant) at price 0.00 per share.,19721,0.0,D
CIEN,2025-12-16,GAGE BRODIE,Officer,Stock Award(Grant) at price 0.00 per share.,19959,0.0,D
CIEN,2025-12-16,DIPERNA DINO,Officer,Stock Award(Grant) at price 0.00 per share.,21707,0.0,D
CIEN,2025-12-16,GRAFF MARC D.,Chief Financial Officer,Stock Award(Grant) at price 0.00 per share.,9293,0.0,D
CIEN,2025-12-16,SMITH GARY BRIAN,Chief Executive Officer,Stock Award(Grant) at price 0.00 per share.,242552,0.0,D
IBM,2026-06-04,FEHRING NICOLAS A.,Officer,Stock Gift at price 0.00 per share.,400,0.0,D
IBM,2026-02-25,HOWARD MICHELLE J.,Director,Purchase at price 237.83 per share.,50,11891.0,D
IBM,2026-02-25,MIEBACH MICHAEL,Director,Purchase at price 233.33 per share.,434,101264.0,D
IBM,2026-01-30,THOMAS ROBERT DAVID,Officer,Stock Award(Grant) at price 0.00 per share.,42247,0.0,D
IBM,2026-01-30,ROBINSON ANNE,Officer,Stock Award(Grant) at price 0.00 per share.,6318,0.0,D
IBM,2026-01-30,LAMOREAUX NICKLE JACLYN,Officer,Stock Award(Grant) at price 0.00 per share.,23566,0.0,D
IBM,2026-01-30,FEHRING NICOLAS A.,Officer,Stock Award(Grant) at price 0.00 per share.,4070,0.0,D
IBM,2026-01-30,KRISHNA ARVIND,Chief Executive Officer,Stock Award(Grant) at price 0.00 per share.,83028,0.0,D
IBM,2026-01-30,KAVANAUGH JAMES J.,Chief Financial Officer,Stock Award(Grant) at price 0.00 per share.,48474,0.0,D
IBM,2026-01-30,COHN GARY D,Officer,Stock Award(Grant) at price 0.00 per share.,35410,0.0,D
IBM,2026-01-30,FARR DAVID N,Director,Purchase at price 304.00 per share.,1000,304000.0,D
IBM,2025-11-14,FEHRING NICOLAS A.,Officer,Stock Gift at price 0.00 per share.,350,0.0,D
IBM,2025-11-06,THOMAS ROBERT DAVID,Officer,Stock Gift at price 0.00 per share.,700,0.0,D
IBM,2025-11-05,KRISHNA ARVIND,Chief Executive Officer,Stock Gift at price 0.00 per share.,20000,0.0,D
IBM,2025-11-05,KAVANAUGH JAMES J.,Chief Financial Officer,Stock Gift at price 0.00 per share.,6700,0.0,D
IBM,2025-09-02,FEHRING NICOLAS A.,Officer,Stock Gift at price 0.00 per share.,400,0.0,D
IBM,2025-03-06,FEHRING NICOLAS A.,Officer,Stock Gift at price 0.00 per share.,400,0.0,D
IBM,2025-03-03,THOMAS ROBERT DAVID,Officer,Sale at price 253.01 per share.,26543,6715639.0,D
IBM,2025-02-28,FARR DAVID N,Director,Purchase at price 249.00 per share.,1200,298800.0,D
IBM,2025-01-31,ROBINSON ANNE,Officer,Stock Award(Grant) at price 0.00 per share.,2679,0.0,D
IBM,2025-01-31,LAMOREAUX NICKLE JACLYN,Officer,Stock Award(Grant) at price 0.00 per share.,26418,0.0,D
IBM,2025-01-31,FEHRING NICOLAS A.,Officer,Stock Award(Grant) at price 0.00 per share.,2445,0.0,D
IBM,2025-01-31,THOMAS ROBERT DAVID,Officer,Stock Award(Grant) at price 0.00 per share.,29337,0.0,D
IBM,2025-01-31,KRISHNA ARVIND,Chief Executive Officer,Stock Award(Grant) at price 0.00 per share.,57626,0.0,D
IBM,2025-01-31,KAVANAUGH JAMES J.,Chief Financial Officer,Stock Award(Grant) at price 0.00 per share.,37719,0.0,D
IBM,2025-01-31,COHN GARY D,Officer,Stock Award(Grant) at price 0.00 per share.,30385,0.0,D
IBM,2024-11-13,ZOLLAR ALFRED W,Director,Purchase at price 210.62 per share.,936,197139.0,D
IBM,2024-11-08,LAMOREAUX NICKLE JACLYN,Officer,Sale at price 215.20 per share.,3600,774727.0,D
IBM,2024-09-03,FEHRING NICOLAS A.,Officer,Stock Gift at price 0.00 per share.,530,0.0,D
ACN,2026-08-05,PARK ANGIE Y,Chief Financial Officer,Stock Award(Grant) at price 170.35 per share.,162,27597.0,D
ACN,2026-08-05,SHARMA MANISH,Officer,Stock Award(Grant) at price 170.35 per share.,107,18228.0,D
ACN,2026-08-05,CLIFFORD KATHERINE LEE,Officer,Stock Award(Grant) at price 170.35 per share.,103,17546.0,D
ACN,2026-08-05,HOGAN CATHERINE KIERNAN,Chief Operating Officer,Stock Award(Grant) at price 170.35 per share.,126,21464.0,D
ACN,2026-08-05,UNRUCH JOEL SCOTT,General Counsel,Stock Award(Grant) at price 170.35 per share.,162,27597.0,D
ACN,2026-08-05,WALSH JOHN F,Officer,Stock Award(Grant) at price 170.35 per share.,161,27427.0,D
ACN,2026-08-05,SWEET JULIE SPELLMAN,Chief Executive Officer,Stock Award(Grant) at price 170.35 per share.,227,38670.0,D
ACN,2026-08-05,BURGUM MELISSA A,Officer,Stock Award(Grant) at price 170.35 per share.,117,19931.0,D
ACN,2026-07-31,BURGUM MELISSA A,Officer,Stock Award(Grant) at price 0.00 per share.,778,0.0,D
ACN,2026-07-30,UNRUCH JOEL SCOTT,General Counsel,Sale at price 160.86 - 165.16 per share.,10498,1710919.0,D
ACN,2026-07-02,PARK ANGIE Y,Chief Financial Officer,Stock Award(Grant) at price 135.92 per share.,202,27456.0,D
ACN,2026-07-02,SHARMA MANISH,Officer,Stock Award(Grant) at price 135.92 per share.,135,18349.0,D
ACN,2026-07-02,CLIFFORD KATHERINE LEE,Officer,Stock Award(Grant) at price 135.92 per share.,128,17398.0,D
ACN,2026-07-02,HOGAN CATHERINE KIERNAN,Chief Operating Officer,Stock Award(Grant) at price 135.92 per share.,157,21339.0,D
ACN,2026-07-02,UNRUCH JOEL SCOTT,General Counsel,Stock Award(Grant) at price 135.92 per share.,202,27456.0,D
ACN,2026-07-02,WALSH JOHN F,Officer,Stock Award(Grant) at price 135.92 per share.,203,27592.0,D
ACN,2026-07-02,SWEET JULIE SPELLMAN,Chief Executive Officer,Stock Award(Grant) at price 135.92 per share.,285,38737.0,D
ACN,2026-07-02,BURGUM MELISSA A,Officer,Stock Award(Grant) at price 135.92 per share.,147,19980.0,D
ACN,2026-06-05,PARK ANGIE Y,Chief Financial Officer,Stock Award(Grant) at price 179.76 per share.,153,27503.0,D
ACN,2026-06-05,SHARMA MANISH,Officer,Stock Award(Grant) at price 179.76 per share.,102,18335.0,D
ACN,2026-06-05,CLIFFORD KATHERINE LEE,Officer,Stock Award(Grant) at price 179.76 per share.,98,17616.0,D
ACN,2026-06-05,HOGAN CATHERINE KIERNAN,Chief Operating Officer,Stock Award(Grant) at price 179.76 per share.,119,21391.0,D
ACN,2026-06-05,UNRUCH JOEL SCOTT,General Counsel,Stock Award(Grant) at price 179.76 per share.,153,27503.0,D
ACN,2026-06-05,WALSH JOHN F,Officer,Stock Award(Grant) at price 179.76 per share.,153,27503.0,D
ACN,2026-06-05,SWEET JULIE SPELLMAN,Chief Executive Officer,Stock Award(Grant) at price 179.76 per share.,216,38827.0,D
ACN,2026-06-05,BURGUM MELISSA A,Officer,Stock Award(Grant) at price 179.76 per share.,112,20133.0,D
ACN,2026-05-15,PARK ANGIE Y,Chief Financial Officer,Stock Award(Grant) at price 0.00 per share.,24,0.0,D
ACN,2026-05-15,NASON JENNIFER,Director,Stock Award(Grant) at price 0.00 per share.,9,0.0,D
ACN,2026-05-15,SHARMA MANISH,Officer,Stock Award(Grant) at price 0.00 per share.,17,0.0,D
ACN,2026-05-15,JOPE ALAN C.,Director,Stock Award(Grant) at price 0.00 per share.,15,0.0,D
ACN,2026-05-15,BRUDERMUELLER MARTIN,Director,Stock Award(Grant) at price 0.00 per share.,9,0.0,D
ACN,2026-05-15,UOTANI MASAHIKO,Director,Stock Award(Grant) at price 0.00 per share.,9,0.0,D
ACN,2026-05-15,CLIFFORD KATHERINE LEE,Officer,Stock Award(Grant) at price 0.00 per share.,51,0.0,D
ACN,2026-05-15,HOGAN CATHERINE KIERNAN,Chief Operating Officer,Stock Award(Grant) at price 0.00 per share.,54,0.0,D
ACN,2026-05-15,UNRUCH JOEL SCOTT,General Counsel,Stock Award(Grant) at price 0.00 per share.,90,0.0,D
ACN,2026-05-15,WALSH JOHN F,Officer,Stock Award(Grant) at price 0.00 per share.,25,0.0,D
ACN,2026-05-15,PRICE PAULA A,Director,Stock Award(Grant) at price 0.00 per share.,15,0.0,D
ACN,2026-05-15,RENDUCHINTALA VENKATA S M,Director,Stock Award(Grant) at price 0.00 per share.,9,0.0,D
ACN,2026-05-15,SWEET JULIE SPELLMAN,Chief Executive Officer,Stock Award(Grant) at price 0.00 per share.,49,0.0,D
ACN,2026-05-15,MCKINSTRY NANCY,Director,Stock Award(Grant) at price 0.00 per share.,12,0.0,D
ACN,2026-05-15,BURGUM MELISSA A,Officer,Stock Award(Grant) at price 0.00 per share.,23,0.0,D
ACN,2026-05-15,TRAVIS TRACEY THOMAS,Director,Stock Award(Grant) at price 0.00 per share.,15,0.0,D
ACN,2026-05-15,SARIN ARUN,Director,Stock Award(Grant) at price 0.00 per share.,14,0.0,D
ACN,2026-05-05,PARK ANGIE Y,Chief Financial Officer,Stock Award(Grant) at price 177.00 per share.,155,27434.0,D
ACN,2026-05-05,SHARMA MANISH,Officer,Stock Award(Grant) at price 177.00 per share.,104,18407.0,D
ACN,2026-05-05,CLIFFORD KATHERINE LEE,Officer,Stock Award(Grant) at price 177.00 per share.,99,17523.0,D
ACN,2026-05-05,HOGAN CATHERINE KIERNAN,Chief Operating Officer,Stock Award(Grant) at price 177.00 per share.,121,21416.0,D
ACN,2026-05-05,UNRUCH JOEL SCOTT,General Counsel,Stock Award(Grant) at price 177.00 per share.,155,27434.0,D
ACN,2026-05-05,WALSH JOHN F,Officer,Stock Award(Grant) at price 177.00 per share.,155,27434.0,D
ACN,2026-05-05,SWEET JULIE SPELLMAN,Chief Executive Officer,Stock Award(Grant) at price 177.00 per share.,219,38762.0,D
ACN,2026-05-05,BURGUM MELISSA A,Officer,Stock Award(Grant) at price 177.00 per share.,113,20000.0,D
ACN,2026-05-01,CLIFFORD KATHERINE LEE,Officer,Stock Award(Grant) at price 153.39 per share.,41,6289.0,I
ACN,2026-04-30,EGAWA ATSUSHI,Officer,Sale at price 174.53 - 178.58 per share.,4872,863044.0,D
ACN,2026-04-02,PARK ANGIE Y,Chief Financial Officer,Stock Award(Grant) at price 198.31 per share.,139,27565.0,D
ACN,2026-04-02,SHARMA MANISH,Officer,Stock Award(Grant) at price 198.31 per share.,93,18443.0,D
ACN,2026-04-02,CLIFFORD KATHERINE LEE,Officer,Stock Award(Grant) at price 198.31 per share.,88,17451.0,D
ACN,2026-04-02,HOGAN CATHERINE KIERNAN,Chief Operating Officer,Stock Award(Grant) at price 198.31 per share.,108,21417.0,D
ACN,2026-04-02,UNRUCH JOEL SCOTT,General Counsel,Stock Award(Grant) at price 198.31 per share.,139,27565.0,D
ACN,2026-04-02,WALSH JOHN F,Officer,Stock Award(Grant) at price 198.31 per share.,139,27565.0,D
ACN,2026-04-02,SWEET JULIE SPELLMAN,Chief Executive Officer,Stock Award(Grant) at price 198.31 per share.,195,38670.0,D
CTSH,2026-08-03,KIM JOHN SUNSHIN,Officer,Sale at price 57.05 per share.,2500,142625.0,D
CTSH,2026-08-03,DALAL JATIN PRAVINCHANDRA,Chief Financial Officer,Sale at price 55.76 per share.,12000,669168.0,D
CTSH,2026-07-01,KERDMAN ALINA,Officer,Sale at price 39.82 per share.,137,5455.0,D
CTSH,2026-06-15,KERDMAN ALINA,Officer,Sale at price 51.70 per share.,133,6876.0,D
CTSH,2026-06-10,ROHLEDER STEPHEN J,Director,Purchase at price 52.00 per share.,4034,209768.0,D
CTSH,2026-06-01,KERDMAN ALINA,Officer,Sale at price 56.41 per share.,146,8236.0,D
CTSH,2026-05-18,KERDMAN ALINA,Officer,Sale at price 48.04 per share.,154,7398.0,D
CTSH,2026-04-02,KERDMAN ALINA,Officer,Sale at price 61.29 per share.,194,11890.0,D
CTSH,2026-03-16,KERDMAN ALINA,Officer,Sale at price 60.78 per share.,131,7962.0,D
CTSH,2026-03-02,KERDMAN ALINA,Officer,Sale at price 63.16 per share.,151,9537.0,D
CTSH,2026-02-17,KERDMAN ALINA,Officer,Sale at price 66.75 per share.,160,10680.0,D
CTSH,2026-02-02,GUMMADI SURYA KUMARI,Officer,Sale at price 83.06 per share.,1728,143523.0,D
CTSH,2026-01-07,PATSALOS-FOX MICHAEL,Director,Sale at price 84.23 per share.,2000,168460.0,D
CTSH,2026-01-05,PATSALOS-FOX MICHAEL,Director,Sale at price 81.91 per share.,3000,245744.0,D
CTSH,2026-01-02,GUMMADI SURYA KUMARI,Officer,Sale at price 81.42 per share.,7000,569962.0,D
CTSH,2025-12-31,KERDMAN ALINA,Officer,Sale at price 84.14 per share.,203,17080.0,D
CTSH,2025-12-29,PATSALOS-FOX MICHAEL,Director,Sale at price 85.17 per share.,3000,255514.0,D
CTSH,2025-12-24,PATSALOS-FOX MICHAEL,Director,Sale at price 85.15 - 85.30 per share.,7000,596650.0,D
CTSH,2025-12-19,SINGISETTI RAVI KUMAR,Chief Executive Officer,Sale at price 85.06 per share.,2950,250935.0,D
CTSH,2025-12-15,KERDMAN ALINA,Officer,Sale at price 84.45 per share.,131,11063.0,D
CTSH,2025-12-15,PATSALOS-FOX MICHAEL,Director,Sale at price 83.86 per share.,3000,251571.0,D
CTSH,2025-12-12,KIM JOHN SUNSHIN,Officer,Sale at price 83.68 per share.,5000,418405.0,D
CTSH,2025-12-11,PATSALOS-FOX MICHAEL,Director,Sale at price 83.52 per share.,7000,584653.0,D
CTSH,2025-12-04,SINGISETTI RAVI KUMAR,Chief Executive Officer,Sale at price 80.01 per share.,3125,250039.0,D
CTSH,2025-12-04,KIM JOHN SUNSHIN,Officer,Sale at price 80.00 per share.,2500,200000.0,D
CTSH,2025-12-01,GUMMADI SURYA KUMARI,Officer,Sale at price 77.84 per share.,7000,544890.0,D
CTSH,2025-12-01,KERDMAN ALINA,Officer,Sale at price 77.45 per share.,151,11695.0,D
CTSH,2025-11-26,GUMMADI SURYA KUMARI,Officer,Sale at price 77.08 per share.,7000,539578.0,D
CTSH,2025-11-18,KERDMAN ALINA,Officer,Sale at price 70.94 per share.,160,11350.0,D
CTSH,2025-10-29,KIM JOHN SUNSHIN,Officer,Sale at price 75.18 per share.,2500,187950.0,D
CTSH,2025-08-28,PATSALOS-FOX MICHAEL,Director,Sale at price 72.48 per share.,6965,504823.0,D
CTSH,2025-08-19,KERDMAN ALINA,Officer,Sale at price 70.38 per share.,439,30897.0,D
CTSH,2025-08-04,SINGISETTI RAVI KUMAR,Chief Executive Officer,Sale at price 71.05 per share.,5400,383675.0,D
CTSH,2025-08-04,GUMMADI SURYA KUMARI,Officer,Sale at price 71.38 per share.,5600,399744.0,D
CTSH,2025-06-03,MACKAY LEO S. JR.,Director,Stock Award(Grant) at price 80.32 per share.,606,48674.0,D
INFY,2026-05-14,SAWHNEY INDERPREET,Officer,Sale at price 11.76 per share.,6845,80531.0,D
INFY,2026-03-31,SAWHNEY INDERPREET,Officer,Conversion of Exercise of derivative security at price 0.10 per share.,11590,1159.0,D
EPAM,2026-05-21,SHAN HELEN L,Director,Stock Award(Grant) at price 0.00 per share.,2132,0.0,D
EPAM,2026-05-21,ROMAN EUGENE,Director,Stock Award(Grant) at price 0.00 per share.,2132,0.0,D
EPAM,2026-05-21,AGUIRRE DEANNE,Director,Stock Award(Grant) at price 0.00 per share.,2132,0.0,D
EPAM,2026-05-21,MCMAHON CHANDRA,Director,Stock Award(Grant) at price 0.00 per share.,2132,0.0,D
EPAM,2026-05-21,SMART JILL B,Director,Stock Award(Grant) at price 0.00 per share.,2132,0.0,D
EPAM,2026-05-21,ROBB KARL,Director,Stock Award(Grant) at price 0.00 per share.,2132,0.0,D
EPAM,2026-05-21,SEGERT ROBERT E,Director,Stock Award(Grant) at price 0.00 per share.,2132,0.0,D
EPAM,2026-05-21,MAYORAS RICHARD MICHAEL,Director,Stock Award(Grant) at price 0.00 per share.,2132,0.0,D
EPAM,2026-05-21,VARGO RONALD P,Director,Stock Award(Grant) at price 0.00 per share.,2132,0.0,D
EPAM,2026-03-31,DVORKIN VIKTAR,Officer,Stock Award(Grant) at price 0.00 per share.,21695,0.0,D
EPAM,2026-03-25,DOBKIN ARKADIY,Officer and Director,Conversion of Exercise of derivative security at price 70.52 per share.,41026,2893154.0,D
EPAM,2026-03-13,PETERSON JASON D,Chief Financial Officer,Stock Award(Grant) at price 0.00 per share.,16618,0.0,D
EPAM,2026-03-13,DVORKIN VIKTAR,Officer,Stock Award(Grant) at price 0.00 per share.,11370,0.0,D
EPAM,2026-03-13,ROCKWELL EDWARD FENWICK,General Counsel,Stock Award(Grant) at price 0.00 per share.,5947,0.0,D
EPAM,2026-03-13,SHEKHTER ELAINA,Officer,Stock Award(Grant) at price 0.00 per share.,8221,0.0,D
EPAM,2026-03-13,SOLOMON LAWRENCE F,Officer,Stock Award(Grant) at price 0.00 per share.,11370,0.0,D
EPAM,2026-03-13,ABRAHAMS GARY C,Officer,Stock Award(Grant) at price 0.00 per share.,1154,0.0,D
EPAM,2026-03-13,DOBKIN ARKADIY,Officer and Director,Stock Award(Grant) at price 0.00 per share.,15743,0.0,D
EPAM,2026-03-13,FEJES BALAZS,Chief Executive Officer,Stock Award(Grant) at price 0.00 per share.,26238,0.0,D
EPAM,2025-12-15,SEGERT ROBERT E,Director,Stock Gift at price 0.00 per share.,312,0.0,D
EPAM,2025-12-10,SHNAYDER BORIS,Officer,Sale at price 207.00 per share.,5000,1035000.0,D
EPAM,2025-12-10,SHNAYDER BORIS,Officer,Conversion of Exercise of derivative security at price 70.52 per share.,5000,352600.0,D
EPAM,2025-11-17,ABRAHAMS GARY C,Officer,Sale at price 179.29 per share.,600,107574.0,D
EPAM,2025-11-13,DVORKIN VIKTAR,Officer,Sale at price 181.72 - 181.80 per share.,2500,454497.0,I
EPAM,2025-10-31,DVORKIN VIKTAR,Officer,Purchase at price 133.37 - 134.69 per share.,111,15000.0,D
EPAM,2025-10-31,SHNAYDER BORIS,Officer,Purchase at price 133.37 - 134.69 per share.,111,15000.0,D
EPAM,2025-10-31,SOLOMON LAWRENCE F,Officer,Purchase at price 133.37 - 134.69 per share.,111,15000.0,D
EPAM,2025-10-31,ABRAHAMS GARY C,Officer,Purchase at price 133.37 - 134.69 per share.,111,15000.0,D
EPAM,2025-10-21,YEZHKOV SERGEY,Officer,Sale at price 150.27 per share.,1511,227058.0,D
EPAM,2025-10-02,YEZHKOV SERGEY,Officer,Sale at price 150.86 per share.,10079,1520518.0,D
EPAM,2025-10-02,YEZHKOV SERGEY,Officer,Sale at price 150.86 per share.,10079,1520518.0,D
EPAM,2025-08-29,FEJES BALAZS,Chief Executive Officer,Stock Award(Grant) at price 0.00 per share.,4112,0.0,D
EPAM,2025-05-22,SHAN HELEN L,Director,Stock Award(Grant) at price 0.00 per share.,1372,0.0,D
EPAM,2025-05-22,ROMAN EUGENE,Director,Stock Award(Grant) at price 0.00 per share.,1372,0.0,D
EPAM,2025-05-22,AGUIRRE DEANNE,Director,Stock Award(Grant) at price 0.00 per share.,1372,0.0,D
EPAM,2025-05-22,MCMAHON CHANDRA,Director,Stock Award(Grant) at price 0.00 per share.,1372,0.0,D
EPAM,2025-05-22,SMART JILL B,Director,Stock Award(Grant) at price 0.00 per share.,1372,0.0,D
EPAM,2025-05-22,ROBB KARL,Director,Stock Award(Grant) at price 0.00 per share.,1372,0.0,D
EPAM,2025-05-22,SEGERT ROBERT E,Director,Stock Award(Grant) at price 0.00 per share.,1372,0.0,D
EPAM,2025-05-22,MAYORAS RICHARD MICHAEL,Director,Stock Award(Grant) at price 0.00 per share.,1372,0.0,D
EPAM,2025-05-22,VARGO RONALD P,Director,Stock Award(Grant) at price 0.00 per share.,1372,0.0,D
EPAM,2025-05-22,SHNAYDER BORIS,Officer,Sale at price 183.97 per share.,10500,1931685.0,D
EPAM,2025-05-22,SHNAYDER BORIS,Officer,Conversion of Exercise of derivative security at price 74.11 per share.,10500,778155.0,D
EPAM,2025-04-30,YEZHKOV SERGEY,Officer,Purchase at price 133.37 per share.,56,7499.0,D
EPAM,2025-04-30,YEZHKOV SERGEY,Officer,Purchase at price 133.37 per share.,56,7499.0,D
EPAM,2025-03-24,DVORKIN VIKTAR,Officer,Stock Gift at price 0.00 per share.,14450,0.0,D
EPAM,2025-03-21,DOBKIN ARKADIY,Chief Executive Officer,Conversion of Exercise of derivative security at price 61.38 per share.,50000,3069000.0,D
EPAM,2025-03-14,PETERSON JASON D,Chief Financial Officer,Stock Award(Grant) at price 0.00 per share.,10736,0.0,D
EPAM,2025-03-14,YEZHKOV SERGEY,Officer,Stock Award(Grant) at price 0.00 per share.,4175,0.0,D
EPAM,2025-03-14,DVORKIN VIKTAR,Officer,Stock Award(Grant) at price 0.00 per share.,7158,0.0,D
EPAM,2025-03-14,ROCKWELL EDWARD FENWICK,General Counsel,Stock Award(Grant) at price 0.00 per share.,3579,0.0,D
EPAM,2025-03-14,SHEKHTER ELAINA,Officer,Stock Award(Grant) at price 0.00 per share.,5368,0.0,D
EPAM,2025-03-14,SHNAYDER BORIS,Officer,Stock Award(Grant) at price 0.00 per share.,3579,0.0,D
EPAM,2025-03-14,SOLOMON LAWRENCE F,Officer,Stock Award(Grant) at price 0.00 per share.,7158,0.0,D
EPAM,2025-03-14,ABRAHAMS GARY C,Officer,Stock Award(Grant) at price 0.00 per share.,752,0.0,D
EPAM,2025-03-14,DOBKIN ARKADIY,Chief Executive Officer,Stock Award(Grant) at price 0.00 per share.,22189,0.0,D
EPAM,2025-03-14,FEJES BALAZS,Officer,Stock Award(Grant) at price 0.00 per share.,10736,0.0,D
EPAM,2025-03-05,YEZHKOV SERGEY,Officer,Sale at price 199.07 per share.,18000,3583260.0,D
EPAM,2025-03-05,YEZHKOV SERGEY,Officer,Conversion of Exercise of derivative security at price 61.38 per share.,18000,1104840.0,D
EPAM,2025-03-04,FEJES BALAZS,Officer,Sale at price 200.00 per share.,5400,1080000.0,D
BA,2026-05-20,TILDEN BRADLEY DOUGLAS,Director,Purchase at price 218.50 per share.,1370,299345.0,D
BA,2026-03-03,BUCKLEY MORTIMER J.,Director,Purchase at price 224.20 per share.,2230,499966.0,D
BA,2026-02-24,AMULURU UMA M,Officer,Sale at price 233.78 per share.,1503,351484.0,D
BA,2026-02-17,ORTBERG ROBERT KELLY,Chief Executive Officer,Stock Award(Grant) at price 0.00 per share.,58097,0.0,D
BA,2026-02-17,DEASY DANA S,Officer,Stock Award(Grant) at price 0.00 per share.,8381,0.0,D
BA,2026-02-17,GERRY BRETT C.,Officer,Stock Award(Grant) at price 0.00 per share.,13006,0.0,D
BA,2026-02-17,MALAVE JESUS JR.,Chief Financial Officer,Stock Award(Grant) at price 0.00 per share.,18788,0.0,D
BA,2026-02-17,MCKENZIE HOWARD E,Officer,Stock Award(Grant) at price 0.00 per share.,9248,0.0,D
BA,2026-02-17,CLEARY MICHAEL J,Officer,Stock Award(Grant) at price 0.00 per share.,3721,0.0,D
BA,2026-02-17,RAYMOND DAVID CHRISTOPHER,Officer,Stock Award(Grant) at price 0.00 per share.,7515,0.0,D
BA,2026-02-17,AMULURU UMA M,Officer,Stock Award(Grant) at price 0.00 per share.,9826,0.0,D
BA,2026-02-17,SCHMIDT ANN M,Officer,Stock Award(Grant) at price 0.00 per share.,4334,0.0,D
BA,2026-02-17,SHOCKEY JEFFREY S,Officer,Stock Award(Grant) at price 0.00 per share.,7225,0.0,D
BA,2026-02-17,PARKER STEPHEN KENNETH,Chief Executive Officer,Stock Award(Grant) at price 0.00 per share.,13006,0.0,D
BA,2026-02-17,POPE STEPHANIE F,Officer,Stock Award(Grant) at price 0.00 per share.,28904,0.0,D
BA,2026-02-17,NELSON BRENDAN J.,Officer,Stock Award(Grant) at price 0.00 per share.,5058,0.0,D
BA,2026-02-17,SCHMIDT ANN M,Officer,Sale at price 243.37 per share.,6281,1528613.0,D
BA,2026-02-05,MCKENZIE HOWARD E,Officer,Sale at price 233.99 per share.,10496,2456150.0,D
BA,2026-02-04,AMULURU UMA M,Officer,Sale at price 236.00 per share.,2731,644598.0,D
BA,2025-11-24,DEASY DANA S,Officer,Purchase at price 178.88 per share.,554,99102.0,D
BA,2025-11-06,AMULURU UMA M,Officer,Sale at price 197.66 per share.,1366,270009.0,D
BA,2025-08-19,BUCKLEY MORTIMER J.,Director,Purchase at price 226.10 per share.,2200,497420.0,D
BA,2025-08-15,MALAVE JESUS JR.,Chief Financial Officer,Stock Award(Grant) at price 0.00 per share.,21373,0.0,D
BA,2025-08-08,RAYMOND DAVID CHRISTOPHER,Officer,Sale at price 229.94 per share.,3770,867069.0,D
BA,2025-05-15,NELSON BRENDAN J.,President,Sale at price 206.28 per share.,640,132019.0,D
BA,2025-05-13,SHOCKEY JEFFREY S,Officer,Sale at price 202.87 per share.,3205,650198.0,D
BA,2025-05-06,CLEARY MICHAEL J,Officer,Sale at price 186.00 per share.,3000,558009.0,D
BA,2025-05-02,RAYMOND DAVID CHRISTOPHER,Officer,Sale at price 187.01 per share.,3899,729164.0,D
BA,2025-05-01,POPE STEPHANIE F,Officer,Sale at price 183.78 per share.,16768,3081580.0,D
BA,2025-05-01,CLEARY MICHAEL J,Officer,Sale at price 184.01 per share.,2000,368018.0,D
BA,2025-02-26,CLEARY MICHAEL J,Officer,Sale at price 179.02 per share.,1500,268530.0,D
BA,2025-02-24,SHOCKEY JEFFREY S,Officer,Stock Award(Grant) at price 0.00 per share.,20161,0.0,D
BA,2025-02-20,AMULURU UMA M,Officer,Sale at price 180.69 per share.,3158,570759.0,D
BA,2025-02-19,ORTBERG ROBERT KELLY,Chief Executive Officer,Stock Award(Grant) at price 0.00 per share.,42675,0.0,D
BA,2025-02-19,DEASY DANA S,Officer,Stock Award(Grant) at price 0.00 per share.,6828,0.0,D
BA,2025-02-19,WEST BRIAN,Chief Financial Officer,Stock Award(Grant) at price 0.00 per share.,14631,0.0,D
BA,2025-02-19,GERRY BRETT C.,Officer,Stock Award(Grant) at price 0.00 per share.,10973,0.0,D
BA,2025-02-19,MCKENZIE HOWARD E,Officer,Stock Award(Grant) at price 0.00 per share.,7315,0.0,D
BA,2025-02-19,CLEARY MICHAEL J,Officer,Stock Award(Grant) at price 0.00 per share.,4741,0.0,D
BA,2025-02-19,RAYMOND DAVID CHRISTOPHER,Officer,Stock Award(Grant) at price 0.00 per share.,6340,0.0,D
BA,2025-02-19,AMULURU UMA M,Officer,Stock Award(Grant) at price 0.00 per share.,8291,0.0,D
BA,2025-02-19,SCHMIDT ANN M,Officer,Stock Award(Grant) at price 0.00 per share.,3657,0.0,D
BA,2025-02-19,POPE STEPHANIE F,Officer,Stock Award(Grant) at price 0.00 per share.,24386,0.0,D
BA,2025-02-19,NELSON BRENDAN J.,Officer,Stock Award(Grant) at price 0.00 per share.,4267,0.0,D
BA,2024-12-31,DEASY DANA S,Officer,Stock Award(Grant) at price 0.00 per share.,21060,0.0,D
RTX,2026-07-28,DASILVA KEVIN G,Officer and Treasurer,Sale at price 213.62 - 216.93 per share.,7010,1504928.0,D
RTX,2026-07-27,ATKINSON TRACY A,Director,Sale at price 218.05 per share.,2295,500424.0,D
RTX,2026-07-24,BRUNK TROY D,Officer,Conversion of Exercise of derivative security at price 97.65 per share.,12600,1230390.0,D
RTX,2026-07-24,BRUNK TROY D,Officer,Sale at price 210.20 - 210.64 per share.,8557,1799487.0,D
RTX,2026-02-23,WILLIAMS DANTAYA M,Officer,Sale at price 202.83 per share.,12713,2578611.0,D
RTX,2026-02-19,MITCHILL NEIL G JR,Chief Financial Officer,Conversion of Exercise of derivative security at price 76.00 per share.,19394,1473944.0,D
RTX,2026-02-19,CALIO CHRISTOPHER T,Chief Executive Officer,Conversion of Exercise of derivative security at price 76.00 per share.,31199,2371124.0,D
RTX,2026-02-19,MAHARAJH RAMSARAN JR,General Counsel,Sale at price 204.65 per share.,15124,3095124.0,D
RTX,2026-02-19,MITCHILL NEIL G JR,Chief Financial Officer,Sale at price 205.54 - 205.58 per share.,35755,7349900.0,D
RTX,2026-02-19,CALIO CHRISTOPHER T,Chief Executive Officer,Sale at price 203.57 - 205.26 per share.,63568,12955182.0,D
RTX,2026-02-13,DASILVA KEVIN G,Officer and Treasurer,Sale at price 200.67 - 201.31 per share.,8136,1637745.0,D
RTX,2026-02-12,EDDY SHANE G,Officer,Sale at price 199.16 per share.,17527,3490746.0,D
RTX,2026-02-10,JOHNSON AMY L.,Officer,Conversion of Exercise of derivative security at price 72.49 - 90.73 per share.,18253,1222464.0,D
RTX,2026-02-10,JOHNSON AMY L.,Officer,Sale at price 195.03 per share.,8088,1577403.0,D
RTX,2026-02-06,EDDY SHANE G,President,Stock Award(Grant) at price 198.66 per share.,31405,6238917.0,D
RTX,2026-02-06,BRUNK TROY D,Officer,Stock Award(Grant) at price 198.66 per share.,3483,691933.0,D
RTX,2026-02-06,CALIO CHRISTOPHER T,Chief Executive Officer,Stock Award(Grant) at price 198.66 per share.,89710,17821789.0,D
RTX,2026-02-06,WILLIAMS DANTAYA M,Officer,Stock Award(Grant) at price 198.66 per share.,22433,4456540.0,D
RTX,2026-02-06,JOHNSON AMY L.,Officer,Stock Award(Grant) at price 198.66 per share.,3366,668690.0,D
RTX,2026-02-06,MAHARAJH RAMSARAN JR,General Counsel,Stock Award(Grant) at price 198.66 per share.,26916,5347133.0,D
RTX,2026-02-06,MITCHILL NEIL G JR,Chief Financial Officer,Stock Award(Grant) at price 198.66 per share.,42618,8466492.0,D
RTX,2026-02-06,JASPER PHILIP J,Officer,Stock Award(Grant) at price 198.66 per share.,8074,1603981.0,D
RTX,2026-02-06,DASILVA KEVIN G,Officer and Treasurer,Stock Award(Grant) at price 198.66 per share.,3366,668690.0,D
RTX,2025-10-27,CALIO CHRISTOPHER T,Chief Executive Officer,Conversion of Exercise of derivative security at price 82.35 per share.,8938,736044.0,D
RTX,2025-10-27,CALIO CHRISTOPHER T,Chief Executive Officer,Sale at price 178.32 per share.,4813,858278.0,D
RTX,2025-10-24,MITCHILL NEIL G JR,Chief Financial Officer,Conversion of Exercise of derivative security at price 82.35 per share.,8938,736044.0,D
RTX,2025-10-24,ATKINSON TRACY A,Director,Sale at price 178.91 per share.,2800,500948.0,D
RTX,2025-10-24,MITCHILL NEIL G JR,Chief Financial Officer,Sale at price 180.15 per share.,4849,873528.0,D
RTX,2025-08-27,EDDY SHANE G,Officer,Conversion of Exercise of derivative security at price 71.62 - 82.35 per share.,49808,3805919.0,D
RTX,2025-08-27,EDDY SHANE G,Officer,Sale at price 159.79 per share.,25968,4149390.0,D
RTX,2025-08-12,BRUNK TROY D,Officer,Conversion of Exercise of derivative security at price 90.73 - 94.04 per share.,18773,1725782.0,D
RTX,2025-08-12,BRUNK TROY D,Officer,Sale at price 155.20 per share.,7654,1187908.0,D
RTX,2025-08-04,JASPER PHILIP J,Officer,Conversion of Exercise of derivative security at price 71.62 per share.,23500,1683070.0,D
RTX,2025-08-04,JASPER PHILIP J,Officer,Sale at price 157.82 per share.,12847,2027521.0,D
RTX,2025-07-24,DASILVA KEVIN G,Officer and Treasurer,Sale at price 156.20 per share.,8704,1359574.0,D
RTX,2025-07-23,MAHARAJH RAMSARAN JR,General Counsel,Sale at price 152.26 per share.,1462,222600.0,D
RTX,2025-06-03,WILLIAMS DANTAYA M,Officer,Sale at price 137.62 per share.,16922,2328763.0,D
RTX,2025-05-06,JOHNSON AMY L.,Officer,Conversion of Exercise of derivative security at price 71.62 per share.,5734,410669.0,D
RTX,2025-05-06,JOHNSON AMY L.,Officer,Sale at price 127.49 - 127.57 per share.,4146,528777.0,D
RTX,2025-04-23,WINNEFELD JAMES A. JR.,Director,Purchase at price 117.90 per share.,200,23580.0,D
RTX,2025-02-27,MITCHILL NEIL G JR,Chief Financial Officer,Sale at price 130.35 per share.,16118,2100933.0,D
RTX,2025-02-27,CALIO CHRISTOPHER T,Chief Executive Officer,Sale at price 130.36 per share.,27379,3569135.0,D
RTX,2025-02-25,MAHARAJH RAMSARAN JR,General Counsel,Conversion of Exercise of derivative security at price 76.00 - 82.35 per share.,24527,1913779.0,D
RTX,2025-02-25,MAHARAJH RAMSARAN JR,General Counsel,Sale at price 126.81 - 126.83 per share.,19431,2464253.0,D
RTX,2025-02-24,BRUNK TROY D,Officer,Sale at price 125.95 per share.,2872,361736.0,D
RTX,2025-02-19,DASILVA KEVIN G,Officer and Treasurer,Sale at price 124.20 - 126.02 per share.,10368,1296828.0,D
RTX,2025-02-19,HAYES GREGORY J,Officer and Director,Sale at price 125.18 - 125.36 per share.,101668,12737149.0,D/I
RTX,2025-02-18,EDDY SHANE G,Officer,Conversion of Exercise of derivative security at price 75.79 per share.,8427,638682.0,D
RTX,2025-02-18,EDDY SHANE G,Officer,Sale at price 124.45 per share.,15700,1953939.0,D
RTX,2025-02-14,EDDY SHANE G,Officer,Stock Award(Grant) at price 122.41 per share.,21060,2577955.0,D
RTX,2025-02-14,BRUNK TROY D,Officer,Stock Award(Grant) at price 122.41 per share.,2459,301006.0,D
RTX,2025-02-14,CALIO CHRISTOPHER T,Chief Executive Officer,Stock Award(Grant) at price 122.41 per share.,49132,6014248.0,D
RTX,2025-02-14,WILLIAMS DANTAYA M,Officer,Stock Award(Grant) at price 122.41 per share.,17551,2148418.0,D
RTX,2025-02-14,JOHNSON AMY L.,Officer,Stock Award(Grant) at price 122.41 per share.,2107,257918.0,D
RTX,2025-02-14,MAHARAJH RAMSARAN JR,General Counsel,Stock Award(Grant) at price 122.41 per share.,19305,2363125.0,D
RTX,2025-02-14,MITCHILL NEIL G JR,Chief Financial Officer,Stock Award(Grant) at price 122.41 per share.,28078,3437028.0,D
RTX,2025-02-14,JASPER PHILIP J,Officer,Stock Award(Grant) at price 122.41 per share.,6320,773631.0,D
RTX,2025-02-14,DASILVA KEVIN G,Officer and Treasurer,Stock Award(Grant) at price 122.41 per share.,2107,257918.0,D
RTX,2025-02-14,HAYES GREGORY J,Officer and Director,Stock Award(Grant) at price 122.41 per share.,107030,13101542.0,D
RTX,2025-02-05,WILLIAMS DANTAYA M,Officer,Conversion of Exercise of derivative security at price 72.49 - 90.73 per share.,35218,2737505.0,D
LMT,2026-08-12,LIGHTFOOT ROBERT M JR,Officer,Sale at price 600.12 - 601.46 per share.,2606,1565583.0,D
LMT,2026-06-11,HILL STEPHANIE C,Officer,Stock Gift at price 0.00 per share.,368,0.0,D
LMT,2026-03-11,CAHILL TIMOTHY S,Officer,Sale at price 649.47 per share.,4620,3000551.0,D
LMT,2026-02-27,ULMER GREGORY M,Officer,Sale at price 658.08 per share.,2840,1868947.0,D
LMT,2026-02-24,HILL STEPHANIE C,Officer,Sale at price 660.62 - 666.05 per share.,2410,1592149.0,D
LMT,2026-02-20,TAICLET JAMES D JR,Chief Executive Officer,Stock Award(Grant) at price 0.00 per share.,7842,0.0,D
LMT,2026-02-20,HILL STEPHANIE C,Officer,Stock Award(Grant) at price 0.00 per share.,2059,0.0,D
LMT,2026-02-20,ST JOHN FRANK A,Chief Operating Officer,Stock Award(Grant) at price 0.00 per share.,3063,0.0,D
LMT,2026-02-20,ULMER GREGORY M,Officer,Stock Award(Grant) at price 0.00 per share.,2059,0.0,D
LMT,2026-02-20,LIGHTFOOT ROBERT M JR,Officer,Stock Award(Grant) at price 0.00 per share.,2059,0.0,D
LMT,2026-02-20,PAUL HARRY EDWARD III,Officer,Stock Award(Grant) at price 0.00 per share.,209,0.0,D
LMT,2026-02-20,SCOTT EVAN T.,Chief Financial Officer,Stock Award(Grant) at price 0.00 per share.,209,0.0,D
LMT,2026-02-20,CAHILL TIMOTHY S,Officer,Stock Award(Grant) at price 0.00 per share.,2059,0.0,D
LMT,2026-02-20,RICCIARDONE MARIA A.,Officer,Stock Award(Grant) at price 0.00 per share.,99,0.0,D
LMT,2025-12-05,CAHILL TIMOTHY S,Officer,Stock Gift at price 0.00 per share.,338,0.0,D
LMT,2025-10-23,ST JOHN FRANK A,Chief Operating Officer,Sale at price 490.58 - 492.42 per share.,7792,3826166.0,D
LMT,2025-02-26,HILL STEPHANIE C,Officer,Sale at price 442.51 per share.,4791,2120042.0,D
LMT,2025-02-26,LIGHTFOOT ROBERT M JR,Officer,Sale at price 442.42 per share.,3213,1421506.0,D
LMT,2025-02-26,PAUL HARRY EDWARD III,Officer,Sale at price 442.61 per share.,707,312923.0,D
LMT,2025-02-21,TAICLET JAMES D JR,Chief Executive Officer,Stock Award(Grant) at price 0.00 per share.,23182,0.0,D
LMT,2025-02-21,HILL STEPHANIE C,Officer,Stock Award(Grant) at price 0.00 per share.,6184,0.0,D
LMT,2025-02-21,ST JOHN FRANK A,Chief Operating Officer,Stock Award(Grant) at price 0.00 per share.,9274,0.0,D
LMT,2025-02-21,MALAVE JESUS JR.,Chief Financial Officer,Stock Award(Grant) at price 0.00 per share.,12364,0.0,D
LMT,2025-02-21,ULMER GREGORY M,Officer,Stock Award(Grant) at price 0.00 per share.,6184,0.0,D
LMT,2025-02-21,LIGHTFOOT ROBERT M JR,Officer,Stock Award(Grant) at price 0.00 per share.,6184,0.0,D
LMT,2025-02-21,PAUL HARRY EDWARD III,Officer,Stock Award(Grant) at price 0.00 per share.,116,0.0,D
LMT,2025-02-21,CAHILL TIMOTHY S,Officer,Stock Award(Grant) at price 0.00 per share.,3093,0.0,D
GD,2026-08-07,GALLOPOULOS GREGORY S,General Counsel,Stock Gift at price 0.00 per share.,1500,0.0,D
GD,2026-08-05,BRADY CHRISTOPHER J.,Officer,Sale at price 383.32 per share.,6320,2422582.0,D
GD,2026-08-05,BRADY CHRISTOPHER J.,Officer,Conversion of Exercise of derivative security at price 191.71 per share.,6320,1211607.0,D
GD,2026-08-04,DEEP DANNY,President,Conversion of Exercise of derivative security at price 191.71 - 223.93 per share.,11990,2488701.0,D
GD,2026-08-03,NOVAKOVIC PHEBE N,Chief Executive Officer,Sale at price 381.17 - 383.85 per share.,51568,19728845.0,D
GD,2026-07-31,GILLILAND MARGUERITE AMY,Officer,Sale at price 377.44 - 378.42 per share.,43180,16323658.0,D
GD,2026-07-31,GILLILAND MARGUERITE AMY,Officer,Conversion of Exercise of derivative security at price 165.47 per share.,43180,7144995.0,D
GD,2026-07-31,NOVAKOVIC PHEBE N,Chief Executive Officer,Conversion of Exercise of derivative security at price 165.47 per share.,166660,27577230.0,D
GD,2026-06-17,MALCOLM MARK,Director,Sale at price 365.00 per share.,5480,2000200.0,D
GD,2026-06-17,MALCOLM MARK,Director,Conversion of Exercise of derivative security at price 165.47 - 191.71 per share.,5480,966340.0,D
GD,2026-06-16,HOOPER CHARLES W.,Director,Stock Award(Grant) at price 359.85 per share.,20,7197.0,D
GD,2026-06-16,HANEY CECIL D.,Director,Stock Award(Grant) at price 359.85 per share.,10,3598.0,D
GD,2026-06-16,MATTIS JAMES N,Director,Stock Award(Grant) at price 359.85 per share.,58,20871.0,D
GD,2026-06-16,STRATTON JOHN G.,Director,Stock Award(Grant) at price 359.85 per share.,104,37424.0,D
GD,2026-06-16,NYE C HOWARD,Director,Stock Award(Grant) at price 359.85 per share.,52,18712.0,D
GD,2026-06-16,DE LEON RUDY F,Director,Stock Award(Grant) at price 359.85 per share.,52,18712.0,D
GD,2026-06-16,REYNOLDS CATHERINE B,Director,Stock Award(Grant) at price 359.85 per share.,104,37424.0,D
GD,2026-06-16,SCHUMACHER LAURA J,Director,Stock Award(Grant) at price 359.85 per share.,104,37424.0,D
GD,2026-06-01,MAISANO DANA OMAHEN,Officer,Stock Award(Grant) at price 0.00 per share.,480,0.0,D
GD,2026-06-01,MAISANO DANA OMAHEN,Officer,Conversion of Exercise of derivative security at price 339.20 per share.,3890,1319488.0,D
GD,2026-05-12,BURNS MARK LAGRAND,Officer,Sale at price 342.83 - 345.93 per share.,72710,25040695.0,D
GD,2026-05-12,BURNS MARK LAGRAND,Officer,Conversion of Exercise of derivative security at price 165.47 - 168.56 per share.,72710,12144047.0,D
GD,2026-03-17,HOOPER CHARLES W.,Director,Stock Award(Grant) at price 354.31 per share.,21,7441.0,D
GD,2026-03-17,HANEY CECIL D.,Director,Stock Award(Grant) at price 354.31 per share.,10,3543.0,D
GD,2026-03-17,MATTIS JAMES N,Director,Stock Award(Grant) at price 354.31 per share.,105,37203.0,D
GD,2026-03-17,STRATTON JOHN G.,Director,Stock Award(Grant) at price 354.31 per share.,105,37203.0,D
GD,2026-03-17,NYE C HOWARD,Director,Stock Award(Grant) at price 354.31 per share.,52,18424.0,D
GD,2026-03-17,DE LEON RUDY F,Director,Stock Award(Grant) at price 354.31 per share.,52,18424.0,D
GD,2026-03-17,REYNOLDS CATHERINE B,Director,Stock Award(Grant) at price 354.31 per share.,105,37203.0,D
GD,2026-03-17,SCHUMACHER LAURA J,Director,Stock Award(Grant) at price 354.31 per share.,105,37203.0,D
GD,2026-03-11,GALLOPOULOS GREGORY S,General Counsel,Sale at price 354.35 per share.,3729,1321360.0,D
GD,2026-03-11,GILLILAND MARGUERITE AMY,Officer,Sale at price 353.50 per share.,3819,1350020.0,D
GD,2026-03-11,BURNS MARK LAGRAND,Officer,Sale at price 354.95 per share.,10153,3603828.0,D
GD,2026-03-11,NOVAKOVIC PHEBE N,Chief Executive Officer,Sale at price 353.74 - 354.24 per share.,32918,11656060.0,D
GD,2026-03-04,DEEP DANNY,Officer,Stock Award(Grant) at price 0.00 per share.,6980,0.0,D
GD,2026-03-04,HOOPER CHARLES W.,Director,Stock Award(Grant) at price 0.00 per share.,270,0.0,D
GD,2026-03-04,CLARKE RICHARD D,Director,Stock Award(Grant) at price 0.00 per share.,270,0.0,D
GD,2026-03-04,BERG SHANE,Officer,Stock Award(Grant) at price 0.00 per share.,3769,0.0,D
GD,2026-03-04,PADDOCK DAVID,Officer,Stock Award(Grant) at price 0.00 per share.,3434,0.0,D
GD,2026-03-04,RAYHA MARK,Officer,Stock Award(Grant) at price 0.00 per share.,3042,0.0,D
GD,2026-03-04,GILLILAND MARGUERITE AMY,Officer,Stock Award(Grant) at price 0.00 per share.,6541,0.0,D
GD,2026-03-04,SMITH ROBERT EDWARD,Officer,Stock Award(Grant) at price 0.00 per share.,13818,0.0,D
GD,2026-03-04,WALL PETER A.,Director,Stock Award(Grant) at price 0.00 per share.,270,0.0,D
GD,2026-03-04,MOSS WILLIAM A.,Officer,Stock Award(Grant) at price 0.00 per share.,1297,0.0,D
GD,2026-03-04,BRADY CHRISTOPHER J.,Officer,Stock Award(Grant) at price 0.00 per share.,4078,0.0,D
GD,2026-03-04,HANEY CECIL D.,Director,Stock Award(Grant) at price 0.00 per share.,270,0.0,D
GD,2026-03-04,BURNS MARK LAGRAND,Officer,Stock Award(Grant) at price 0.00 per share.,17505,0.0,D
GD,2026-03-04,KURYEA KIMBERLY A,Chief Financial Officer,Stock Award(Grant) at price 0.00 per share.,6223,0.0,D
GD,2026-03-04,MATTIS JAMES N,Director,Stock Award(Grant) at price 0.00 per share.,270,0.0,D
GD,2026-03-04,MALCOLM MARK,Director,Stock Award(Grant) at price 0.00 per share.,270,0.0,D
GD,2026-03-04,STRATTON JOHN G.,Director,Stock Award(Grant) at price 0.00 per share.,270,0.0,D
GD,2026-03-04,GALLOPOULOS GREGORY S,General Counsel,Stock Award(Grant) at price 0.00 per share.,6002,0.0,D
GD,2026-03-04,AIKEN JASON W.,Officer,Stock Award(Grant) at price 0.00 per share.,21240,0.0,D
GD,2026-03-04,NYE C HOWARD,Director,Stock Award(Grant) at price 0.00 per share.,270,0.0,D
GD,2026-03-04,DE LEON RUDY F,Director,Stock Award(Grant) at price 0.00 per share.,270,0.0,D
GD,2026-03-04,NOVAKOVIC PHEBE N,Chief Executive Officer,Stock Award(Grant) at price 0.00 per share.,56812,0.0,D
GD,2026-03-04,REYNOLDS CATHERINE B,Director,Stock Award(Grant) at price 0.00 per share.,270,0.0,D
GD,2026-03-04,STEEL ROBERT KING,Director,Stock Award(Grant) at price 0.00 per share.,270,0.0,D
GD,2026-03-04,SCHUMACHER LAURA J,Director,Stock Award(Grant) at price 0.00 per share.,270,0.0,D
GD,2026-02-19,AIKEN JASON W.,Officer,Conversion of Exercise of derivative security at price 191.71 - 223.93 per share.,31020,6418706.0,D
NOC,2026-08-03,WELSH MARK A. III,Director,Sale at price 544.53 - 554.14 per share.,95,52015.0,D
NOC,2026-06-30,BROWN MARIANNE CATHERINE,Director,Stock Award(Grant) at price 509.31 per share.,91,46347.0,D
NOC,2026-06-30,KRISHNA ARVIND,Director,Stock Award(Grant) at price 509.31 per share.,71,36161.0,D
NOC,2026-05-20,BROWN MARIANNE CATHERINE,Director,Stock Award(Grant) at price 552.17 per share.,349,192707.0,D
NOC,2026-05-20,KRISHNA ARVIND,Director,Stock Award(Grant) at price 552.17 per share.,349,192707.0,D
NOC,2026-05-20,WELSH MARK A. III,Director,Stock Award(Grant) at price 552.17 per share.,349,192707.0,D
NOC,2026-05-20,GRADY CHRISTOPHER W,Director,Stock Award(Grant) at price 552.17 per share.,349,192707.0,D
NOC,2026-05-20,ROSS KIMBERLY A,Director,Stock Award(Grant) at price 552.17 per share.,349,192707.0,D
NOC,2026-05-20,ROUGHEAD GARY,Director,Stock Award(Grant) at price 552.17 per share.,349,192707.0,D
NOC,2026-05-20,TURLEY JAMES S,Director,Stock Award(Grant) at price 552.17 per share.,349,192707.0,D
NOC,2026-05-20,ABNEY DAVID P,Director,Stock Award(Grant) at price 552.17 per share.,349,192707.0,D
NOC,2026-05-20,WINSTON MARY ANN,Director,Stock Award(Grant) at price 552.17 per share.,349,192707.0,D
NOC,2026-05-20,SCHOEWE THOMAS M,Director,Stock Award(Grant) at price 552.17 per share.,349,192707.0,D
NOC,2026-05-04,WELSH MARK A. III,Director,Sale at price 566.60 - 577.05 per share.,95,54310.0,D
NOC,2026-03-31,BROWN MARIANNE CATHERINE,Director,Stock Award(Grant) at price 682.24 per share.,68,46392.0,D
NOC,2026-03-31,KRISHNA ARVIND,Director,Stock Award(Grant) at price 682.24 per share.,53,36159.0,D
NOC,2026-03-02,SIMPSON KATHRYN G.,General Counsel,Sale at price 745.00 per share.,873,650385.0,D
NOC,2026-02-27,ROEDER ROSHAN S.,Officer,Sale at price 720.00 per share.,1754,1262880.0,D
NOC,2026-02-19,HARDESTY MICHAEL A,Officer,Sale at price 732.98 per share.,147,107748.0,D
NOC,2026-02-19,ROEDER ROSHAN S.,Officer,Sale at price 727.62 per share.,512,372541.0,D
NOC,2026-02-19,SIMPSON KATHRYN G.,General Counsel,Sale at price 727.62 per share.,194,141158.0,D
NOC,2026-02-18,DAVIES BENJAMIN R,Officer,Sale at price 719.61 per share.,2189,1575255.0,D
NOC,2026-02-17,HARDESTY MICHAEL A,Officer,Sale at price 700.63 per share.,715,501609.0,D
NOC,2026-02-17,ROEDER ROSHAN S.,Officer,Sale at price 702.56 per share.,318,223414.0,D
NOC,2026-02-17,SIMPSON KATHRYN G.,General Counsel,Sale at price 702.56 per share.,779,547294.0,D
NOC,2026-02-13,HARDESTY MICHAEL A,Officer,Sale at price 702.43 - 703.21 per share.,783,550411.0,D
NOC,2026-02-12,GRADY CHRISTOPHER W,Director,Stock Award(Grant) at price 695.06 per share.,71,49349.0,D
NOC,2026-02-06,WARDEN KATHY J,Chief Executive Officer,Sale at price 705.84 - 711.14 per share.,20000,14176469.0,D
NOC,2026-02-02,WELSH MARK A. III,Director,Sale at price 676.14 - 689.31 per share.,95,65029.0,D
NOC,2026-01-06,WARDEN KATHY J,Chief Executive Officer,Sale at price 600.00 - 615.00 per share.,10000,6045000.0,D
NOC,2025-12-31,BROWN MARIANNE CATHERINE,Director,Stock Award(Grant) at price 570.21 per share.,81,46187.0,D
NOC,2025-12-31,KRISHNA ARVIND,Director,Stock Award(Grant) at price 570.21 per share.,64,36493.0,D
NOC,2025-12-09,ROEDER ROSHAN S.,Officer,Sale at price 555.35 per share.,84,46649.0,D
NOC,2025-11-24,WELSH MARK A. III,Director,Sale at price 560.39 - 566.15 per share.,97,54716.0,D
NOC,2025-09-30,BROWN MARIANNE CATHERINE,Director,Stock Award(Grant) at price 609.32 per share.,76,46308.0,D
NOC,2025-09-30,KRISHNA ARVIND,Director,Stock Award(Grant) at price 609.32 per share.,59,35950.0,D
NOC,2025-07-17,JONES THOMAS H.,Officer,Sale at price 525.00 per share.,729,382725.0,D
NOC,2025-07-07,WELSH MARK A. III,Director,Sale at price 503.59 - 509.59 per share.,33,16720.0,D
NOC,2025-06-30,BROWN MARIANNE CATHERINE,Director,Stock Award(Grant) at price 499.98 per share.,93,46498.0,D
NOC,2025-06-30,KRISHNA ARVIND,Director,Stock Award(Grant) at price 499.98 per share.,73,36499.0,D
NOC,2025-06-16,JONES THOMAS H.,Officer,Stock Gift at price 0.00 per share.,616,0.0,D
NOC,2025-06-13,WARDEN KATHY J,Chief Executive Officer,Sale at price 495.00 - 505.77 per share.,11250,5649525.0,D
NOC,2025-06-13,JONES THOMAS H.,Officer,Sale at price 505.77 per share.,729,368706.0,D
NOC,2025-06-13,FLEMING ROBERT J,Officer,Sale at price 505.77 per share.,3500,1770195.0,D
NOC,2025-06-05,WELSH MARK A. III,Director,Sale at price 485.67 - 491.07 per share.,33,16120.0,D
NOC,2025-06-04,ROEDER ROSHAN S.,Officer,Sale at price 490.00 per share.,991,485590.0,D
NOC,2025-05-30,JONES THOMAS H.,Officer,Sale at price 480.00 per share.,729,349920.0,D
NOC,2025-05-21,BROWN MARIANNE CATHERINE,Director,Stock Award(Grant) at price 473.90 per share.,385,182452.0,D
NOC,2025-05-21,KRISHNA ARVIND,Director,Stock Award(Grant) at price 473.90 per share.,385,182452.0,D
NOC,2025-05-21,WELSH MARK A. III,Director,Stock Award(Grant) at price 473.90 per share.,385,182452.0,D
NOC,2025-05-21,ROSS KIMBERLY A,Director,Stock Award(Grant) at price 473.90 per share.,385,182452.0,D
NOC,2025-05-21,ROUGHEAD GARY,Director,Stock Award(Grant) at price 473.90 per share.,385,182452.0,D
NOC,2025-05-21,TURLEY JAMES S,Director,Stock Award(Grant) at price 473.90 per share.,385,182452.0,D
NOC,2025-05-21,KLEINER MADELEINE A,Director,Stock Award(Grant) at price 473.90 per share.,385,182452.0,D
NOC,2025-05-21,ABNEY DAVID P,Director,Stock Award(Grant) at price 473.90 per share.,385,182452.0,D
NOC,2025-05-21,WINSTON MARY ANN,Director,Stock Award(Grant) at price 473.90 per share.,385,182452.0,D
NOC,2025-05-21,SCHOEWE THOMAS M,Director,Stock Award(Grant) at price 473.90 per share.,385,182452.0,D
NOC,2025-05-21,FUDGE ANN M,Director,Stock Award(Grant) at price 473.90 per share.,385,182452.0,D
NOC,2025-05-05,WELSH MARK A. III,Director,Sale at price 489.64 - 495.53 per share.,33,16293.0,D
NOC,2025-04-07,WELSH MARK A. III,Director,Sale at price 474.60 - 492.12 per share.,33,15850.0,D
LHX,2026-07-01,ZAMARRO CHRISTINA L.,Director,Stock Award(Grant) at price 292.93 per share.,128,37589.0,D
LHX,2026-07-01,REGNERY DAVID S,Director,Stock Award(Grant) at price 292.93 per share.,128,37589.0,D
LHX,2026-07-01,GERAGHTY JOANNA,Director,Stock Award(Grant) at price 292.93 per share.,149,43855.0,D
LHX,2026-05-11,ZAMARRO CHRISTINA L.,Director,Stock Award(Grant) at price 0.00 per share.,661,0.0,D
LHX,2026-05-11,RICE EDWARD A. JR.,Director,Stock Award(Grant) at price 0.00 per share.,661,0.0,D
LHX,2026-05-11,REGNERY DAVID S,Director,Stock Award(Grant) at price 0.00 per share.,661,0.0,D
LHX,2026-05-11,GERAGHTY JOANNA,Director,Stock Award(Grant) at price 0.00 per share.,661,0.0,D
LHX,2026-05-11,HARRIS HARRY B. JR,Director,Stock Award(Grant) at price 0.00 per share.,661,0.0,D
LHX,2026-05-11,DATTILO THOMAS A,Director,Stock Award(Grant) at price 0.00 per share.,661,0.0,D
LHX,2026-05-11,BAILEY SALLIE B,Director,Stock Award(Grant) at price 0.00 per share.,661,0.0,D
LHX,2026-05-11,HACHIGIAN KIRK S,Director,Stock Award(Grant) at price 302.35 per share.,661,199853.0,D
LHX,2026-05-11,FRADIN ROGER B,Director,Stock Award(Grant) at price 0.00 per share.,661,0.0,D
LHX,2026-05-11,HAY LEWIS III,Director,Stock Award(Grant) at price 0.00 per share.,661,0.0,D
LHX,2026-05-05,RAKITA MELANIE,Officer,Sale at price 310.45 per share.,2180,676781.0,D
LHX,2026-04-01,ZAMARRO CHRISTINA L.,Director,Stock Award(Grant) at price 353.91 per share.,105,37500.0,D
LHX,2026-04-01,REGNERY DAVID S,Director,Stock Award(Grant) at price 353.91 per share.,105,37500.0,D
LHX,2026-04-01,GERAGHTY JOANNA,Director,Stock Award(Grant) at price 353.91 per share.,123,43750.0,D
LHX,2026-03-02,RAMBEAU JON,Officer,Sale at price 370.32 per share.,5528,2047129.0,D
LHX,2026-03-02,MEHTA SAMIR,Officer,Sale at price 370.32 per share.,5528,2047129.0,D
LHX,2026-03-02,RAKITA MELANIE,Officer,Sale at price 341.45 - 370.32 per share.,3129,1090078.0,D
LHX,2026-02-06,MILLARD ROBERT B,Director,Stock Gift at price 0.00 per share.,5770,0.0,I
LHX,2026-02-05,MEHTA SAMIR,Officer,Sale at price 338.85 per share.,4840,1640034.0,D
LHX,2026-01-02,ZAMARRO CHRISTINA L.,Director,Stock Award(Grant) at price 304.48 per share.,123,37500.0,D
LHX,2026-01-02,REGNERY DAVID S,Director,Stock Award(Grant) at price 304.48 per share.,123,37500.0,D
LHX,2026-01-02,GERAGHTY JOANNA,Director,Stock Award(Grant) at price 304.48 per share.,143,43751.0,D
LHX,2026-01-02,MILLARD ROBERT B,Director,Stock Award(Grant) at price 304.48 per share.,123,37500.0,D
LHX,2025-11-13,ZOISS EDWARD J,Officer,Stock Gift at price 0.00 per share.,1068,0.0,D
LHX,2025-11-13,KUBASIK CHRISTOPHER E,Chief Executive Officer,Conversion of Exercise of derivative security at price 162.30 per share.,14171,2299953.0,D
LHX,2025-11-13,KUBASIK CHRISTOPHER E,Chief Executive Officer,Sale at price 301.05 per share.,14171,4266180.0,D
LHX,2025-10-01,REGNERY DAVID S,Director,Stock Award(Grant) at price 300.47 per share.,124,37499.0,D
LHX,2025-10-01,GERAGHTY JOANNA,Director,Stock Award(Grant) at price 300.47 per share.,145,43751.0,D
LHX,2025-10-01,ZAMARRO CHRISTINA L.,Director,Stock Award(Grant) at price 300.47 per share.,124,37499.0,D
LHX,2025-10-01,MILLARD ROBERT B,Director,Stock Award(Grant) at price 300.47 per share.,124,37499.0,D
LHX,2025-09-12,KUBASIK CHRISTOPHER E,Chief Executive Officer,Conversion of Exercise of derivative security at price 162.30 per share.,83000,13470900.0,D
LHX,2025-09-12,KUBASIK CHRISTOPHER E,Chief Executive Officer,Sale at price 279.90 per share.,83000,23231700.0,D
LHX,2025-08-11,KUBASIK CHRISTOPHER E,Chief Executive Officer,Conversion of Exercise of derivative security at price 149.31 per share.,40138,5993005.0,D
LHX,2025-08-11,KUBASIK CHRISTOPHER E,Chief Executive Officer,Sale at price 269.52 per share.,40138,10817994.0,D
LHX,2025-07-29,KUBASIK CHRISTOPHER E,Chief Executive Officer,Conversion of Exercise of derivative security at price 149.31 per share.,72000,10750320.0,D
LHX,2025-07-29,KUBASIK CHRISTOPHER E,Chief Executive Officer,Sale at price 271.14 per share.,72000,19522080.0,D
LHX,2025-07-01,REGNERY DAVID S,Director,Stock Award(Grant) at price 252.18 per share.,148,37499.0,D
LHX,2025-07-01,GERAGHTY JOANNA,Director,Stock Award(Grant) at price 252.18 per share.,168,42571.0,D
LHX,2025-07-01,ZAMARRO CHRISTINA L.,Director,Stock Award(Grant) at price 252.18 per share.,148,37499.0,D
LHX,2025-07-01,MILLARD ROBERT B,Director,Stock Award(Grant) at price 252.18 per share.,158,40001.0,D
LHX,2025-06-12,KUBASIK CHRISTOPHER E,Chief Executive Officer,Conversion of Exercise of derivative security at price 129.85 per share.,35273,4580199.0,D
LHX,2025-06-12,KUBASIK CHRISTOPHER E,Chief Executive Officer,Sale at price 247.01 - 248.48 per share.,35273,8761383.0,D
LHX,2025-05-30,KUBASIK CHRISTOPHER E,Chief Executive Officer,Stock Gift at price 0.00 per share.,6735,0.0,I
LHX,2025-05-27,ZOISS EDWARD J,President,Sale at price 245.00 per share.,2000,490000.0,D
LHX,2025-05-02,KUBASIK CHRISTOPHER E,Chief Executive Officer,Stock Gift at price 0.00 per share.,1158,0.0,I
LHX,2025-04-21,ZAMARRO CHRISTINA L.,Director,Stock Award(Grant) at price 0.00 per share.,887,0.0,D
LHX,2025-04-21,RICE EDWARD A. JR.,Director,Stock Award(Grant) at price 0.00 per share.,887,0.0,D
LHX,2025-04-21,REGNERY DAVID S,Director,Stock Award(Grant) at price 0.00 per share.,887,0.0,D
LHX,2025-04-21,GERAGHTY JOANNA,Director,Stock Award(Grant) at price 0.00 per share.,887,0.0,D
LHX,2025-04-21,HARRIS HARRY B. JR,Director,Stock Award(Grant) at price 0.00 per share.,887,0.0,D
LHX,2025-04-21,LANE RITA S.,Director,Stock Award(Grant) at price 0.00 per share.,887,0.0,D
LHX,2025-04-21,DATTILO THOMAS A,Director,Stock Award(Grant) at price 0.00 per share.,887,0.0,D
LHX,2025-04-21,MILLARD ROBERT B,Director,Stock Award(Grant) at price 0.00 per share.,887,0.0,D
LHX,2025-04-21,BAILEY SALLIE B,Director,Stock Award(Grant) at price 0.00 per share.,887,0.0,D
LHX,2025-04-21,HACHIGIAN KIRK S,Director,Stock Award(Grant) at price 0.00 per share.,887,0.0,D
LHX,2025-04-21,FRADIN ROGER B,Director,Stock Award(Grant) at price 0.00 per share.,887,0.0,D
LHX,2025-04-21,HAY LEWIS III,Director,Stock Award(Grant) at price 0.00 per share.,887,0.0,D
TDG,2026-07-20,HOWLEY W NICHOLAS,Director,Conversion of Exercise of derivative security at price 66.47 per share.,10132,673474.0,I
TDG,2026-07-20,HOWLEY W NICHOLAS,Director,Sale at price 1210.32 - 1224.14 per share.,10132,12321288.0,I
TDG,2026-07-15,REISS JOEL,Chief Operating Officer,Conversion of Exercise of derivative security at price 284.97 per share.,3900,1111383.0,D
TDG,2026-07-15,REISS JOEL,Chief Operating Officer,Sale at price 1195.20 - 1228.79 per share.,3486,4239695.0,D
TDG,2026-07-15,REISS JOEL,Chief Operating Officer,Sale at price 1230.06 - 1233.38 per share.,414,509678.0,D
TDG,2026-06-18,HOWLEY W NICHOLAS,Director,Conversion of Exercise of derivative security at price 66.47 per share.,10132,673474.0,I
TDG,2026-06-18,HOWLEY W NICHOLAS,Director,Sale at price 1305.19 - 1337.05 per share.,10132,13369720.0,I
TDG,2026-06-15,REISS JOEL,Chief Operating Officer,Conversion of Exercise of derivative security at price 284.97 per share.,3900,1111383.0,D
TDG,2026-06-15,REISS JOEL,Chief Operating Officer,Sale at price 1268.87 - 1287.59 per share.,3900,4979457.0,D
TDG,2026-05-18,HOWLEY W NICHOLAS,Director,Conversion of Exercise of derivative security at price 66.47 per share.,10132,673474.0,I
TDG,2026-05-18,HOWLEY W NICHOLAS,Director,Sale at price 1145.16 - 1189.02 per share.,10132,11964054.0,I
TDG,2026-05-15,REISS JOEL,Chief Operating Officer,Conversion of Exercise of derivative security at price 284.97 per share.,3900,1111383.0,D
TDG,2026-05-15,REISS JOEL,Chief Operating Officer,Sale at price 1144.43 - 1175.28 per share.,3900,4500951.0,D
TDG,2026-04-20,HOWLEY W NICHOLAS,Director,Conversion of Exercise of derivative security at price 50.92 - 66.47 per share.,10132,521255.0,I
TDG,2026-04-20,HOWLEY W NICHOLAS,Director,Sale at price 1260.34 - 1271.63 per share.,10132,12817572.0,I
TDG,2026-04-15,REISS JOEL,Chief Operating Officer,Conversion of Exercise of derivative security at price 284.97 per share.,3900,1111383.0,D
TDG,2026-04-15,REISS JOEL,Chief Operating Officer,Sale at price 1274.57 - 1294.77 per share.,3900,4993787.0,D
TDG,2026-03-20,PALMER PETER J,Director,Stock Award(Grant) at price 1214.66 per share.,30,36440.0,D
TDG,2026-03-20,SANTANA MICHELE,Director,Stock Award(Grant) at price 1214.66 per share.,30,36440.0,D
TDG,2026-03-20,GRAFF MICHAEL S,Director,Stock Award(Grant) at price 1214.66 per share.,30,36440.0,D
TDG,2026-03-20,HOWLEY W NICHOLAS,Director,Stock Award(Grant) at price 1214.66 per share.,113,137257.0,D
TDG,2026-03-20,CRONIN JANE M.,Director,Stock Award(Grant) at price 1214.66 per share.,30,36440.0,D
TDG,2026-03-20,HENNESSY SEAN P,Director,Stock Award(Grant) at price 1214.66 per share.,41,49801.0,D
TDG,2026-03-20,BARR DAVID A,Director,Stock Award(Grant) at price 1214.66 per share.,41,49801.0,D
TDG,2026-03-20,MCCULLOUGH GARY E,Director,Stock Award(Grant) at price 1214.66 per share.,37,44942.0,D
TDG,2026-03-18,HOWLEY W NICHOLAS,Director,Conversion of Exercise of derivative security at price 50.92 per share.,10132,515921.0,I
TDG,2026-03-18,HOWLEY W NICHOLAS,Director,Sale at price 1205.42 - 1231.34 per share.,10132,12290630.0,I
TDG,2026-03-16,REISS JOEL,Chief Operating Officer,Conversion of Exercise of derivative security at price 284.97 per share.,3900,1111383.0,D
TDG,2026-03-16,REISS JOEL,Chief Operating Officer,Sale at price 1222.87 - 1250.25 per share.,3900,4850431.0,D
TDG,2026-02-25,SMALL ROBERT J,Director,Purchase at price 1285.00 per share.,1,1285.0,I
TDG,2026-02-24,MURPHY PATRICK JOSEPH,Chief Operating Officer,Conversion of Exercise of derivative security at price 269.42 - 347.17 per share.,1460,416678.0,D
TDG,2026-02-18,HOWLEY W NICHOLAS,Director,Conversion of Exercise of derivative security at price 50.92 per share.,10168,517755.0,I
TDG,2026-02-18,HOWLEY W NICHOLAS,Director,Sale at price 1299.31 - 1312.04 per share.,10168,13296510.0,I
TDG,2026-02-17,REISS JOEL,Chief Operating Officer,Conversion of Exercise of derivative security at price 284.97 per share.,3900,1111383.0,D
TDG,2026-02-17,REISS JOEL,Chief Operating Officer,Sale at price 1279.68 - 1305.28 per share.,3900,5046141.0,D
TDG,2026-02-06,LISMAN MICHAEL,Chief Executive Officer,Purchase at price 1284.26 per share.,950,1220048.0,D
TDG,2026-02-05,WYNNE SARAH,Chief Financial Officer,Conversion of Exercise of derivative security at price 559.78 per share.,1494,836311.0,D
TDG,2026-02-02,MURPHY PATRICK JOSEPH,Chief Operating Officer,Conversion of Exercise of derivative security at price 269.42 per share.,290,78132.0,D
TDG,2026-02-02,STEIN KEVIN M,Director,Conversion of Exercise of derivative security at price 341.28 - 342.31 per share.,48000,16405130.0,I
TDG,2026-02-02,MURPHY PATRICK JOSEPH,Chief Operating Officer,Sale at price 1430.10 per share.,290,414729.0,D
TDG,2026-02-02,STEIN KEVIN M,Director,Sale at price 1404.68 - 1430.26 per share.,36925,52647126.0,I
TDG,2026-02-02,STEIN KEVIN M,Director,Sale at price 1431.46 - 1440.48 per share.,11075,15886980.0,I
TDG,2026-01-15,REISS JOEL,Chief Operating Officer,Conversion of Exercise of derivative security at price 284.97 per share.,3900,1111383.0,D
TDG,2026-01-15,REISS JOEL,Chief Operating Officer,Sale at price 1420.38 - 1438.91 per share.,3900,5576695.0,D
TDG,2026-01-14,STEIN KEVIN M,Director,Conversion of Exercise of derivative security at price 342.31 per share.,7627,2610798.0,I
TDG,2026-01-14,STEIN KEVIN M,Director,Sale at price 1405.64 - 1407.34 per share.,7627,10726454.0,I
TDG,2026-01-08,STEIN KEVIN M,Director,Conversion of Exercise of derivative security at price 342.31 per share.,17373,5946952.0,I
TDG,2026-01-08,STEIN KEVIN M,Director,Sale at price 1405.30 - 1413.17 per share.,17373,24448106.0,I
TDG,2026-01-05,STEIN KEVIN M,Director,Conversion of Exercise of derivative security at price 105.88 - 341.28 per share.,25000,4308924.0,I
TDG,2026-01-05,STEIN KEVIN M,Director,Sale at price 1361.59 - 1387.04 per share.,25000,34339837.0,I
TDG,2026-01-02,MURPHY PATRICK JOSEPH,Chief Operating Officer,Conversion of Exercise of derivative security at price 269.42 per share.,290,78132.0,D
TDG,2026-01-02,MURPHY PATRICK JOSEPH,Chief Operating Officer,Sale at price 1329.03 per share.,290,385419.0,D
TDG,2025-12-15,REISS JOEL,Chief Operating Officer,Conversion of Exercise of derivative security at price 284.97 per share.,3900,1111383.0,D
TDG,2025-12-15,REISS JOEL,Chief Operating Officer,Sale at price 1282.73 - 1311.25 per share.,3900,5033033.0,D
TDG,2025-12-10,SMALL ROBERT J,Director,Conversion of Exercise of derivative security at price 66.47 per share.,4700,312409.0,D
TDG,2025-12-10,SMALL ROBERT J,Director,Sale at price 1289.32 - 1291.03 per share.,4700,6063879.0,D
TDG,2025-12-09,SMALL ROBERT J,Director,Sale at price 1335.72 per share.,90953,121487741.0,I
TDG,2025-12-04,STEIN KEVIN M,Director,Conversion of Exercise of derivative security at price 105.88 per share.,17526,1855653.0,I
TDG,2025-12-04,STEIN KEVIN M,Director,Sale at price 1360.15 - 1367.22 per share.,17526,23875414.0,I
TDG,2025-12-01,MURPHY PATRICK JOSEPH,Chief Operating Officer,Conversion of Exercise of derivative security at price 269.42 per share.,290,78132.0,D
HWM,2026-07-02,CANTIE JOSEPH S.,Director,Stock Award(Grant) at price 270.41 per share.,134,36235.0,D
HWM,2026-05-21,SMITH GUNNER,Director,Stock Award(Grant) at price 0.00 per share.,731,0.0,D
HWM,2026-05-21,ALBAUGH JAMES F,Director,Stock Award(Grant) at price 0.00 per share.,731,0.0,D
HWM,2026-05-21,SCHMIDT ULRICH R,Director,Stock Award(Grant) at price 0.00 per share.,731,0.0,D
HWM,2026-05-21,ALVING AMY E,Director,Stock Award(Grant) at price 0.00 per share.,731,0.0,D
HWM,2026-05-21,CANTIE JOSEPH S.,Director,Stock Award(Grant) at price 0.00 per share.,731,0.0,D
HWM,2026-05-21,BARNER SHARON R.,Director,Stock Award(Grant) at price 0.00 per share.,731,0.0,D
HWM,2026-05-21,LEDUC ROBERT F.,Director,Stock Award(Grant) at price 0.00 per share.,731,0.0,D
HWM,2026-05-11,MARCHUK NEIL EDWARD,Officer,Sale at price 269.50 per share.,41932,11300536.0,D
HWM,2026-04-15,ARENA JONATHAN A,Officer,Stock Award(Grant) at price 0.00 per share.,3544,0.0,D
HWM,2026-04-02,CANTIE JOSEPH S.,Director,Stock Award(Grant) at price 232.68 per share.,155,36065.0,D
HWM,2026-02-26,SHULTZ BARBARA LOU,Officer,Sale at price 260.00 per share.,1000,260005.0,D
HWM,2026-02-18,MARCHUK NEIL EDWARD,Officer,Sale at price 251.70 per share.,45150,11364427.0,D
HWM,2026-02-17,CHANATRY MICHAEL NIEM,Officer,Stock Award(Grant) at price 0.00 per share.,2693,0.0,D
HWM,2026-02-17,WINTERLICH PATRICK J,Chief Financial Officer,Stock Award(Grant) at price 0.00 per share.,3168,0.0,D
HWM,2026-02-17,SHULTZ BARBARA LOU,Officer,Stock Award(Grant) at price 0.00 per share.,446,0.0,D
HWM,2026-02-17,PLANT JOHN C,Chief Executive Officer,Stock Award(Grant) at price 0.00 per share.,22333,0.0,D
HWM,2026-02-17,MARCHUK NEIL EDWARD,Officer,Stock Award(Grant) at price 0.00 per share.,3881,0.0,D
HWM,2026-02-03,CHANATRY MICHAEL NIEM,Officer,Stock Award(Grant) at price 0.00 per share.,16764,0.0,D
HWM,2026-02-03,SHULTZ BARBARA LOU,Officer,Stock Award(Grant) at price 0.00 per share.,4076,0.0,D
HWM,2026-02-03,MARCHUK NEIL EDWARD,Officer,Stock Award(Grant) at price 0.00 per share.,50292,0.0,D
HWM,2026-01-05,MILLER JODY G,Director,Stock Award(Grant) at price 212.92 per share.,158,33641.0,D
HWM,2026-01-05,CANTIE JOSEPH S.,Director,Stock Award(Grant) at price 212.92 per share.,158,33641.0,D
HWM,2026-01-05,LEDUC ROBERT F.,Director,Stock Award(Grant) at price 212.92 per share.,28,5962.0,D
HWM,2025-10-02,MILLER JODY G,Director,Stock Award(Grant) at price 191.08 per share.,176,33630.0,D
HWM,2025-10-02,CANTIE JOSEPH S.,Director,Stock Award(Grant) at price 191.08 per share.,176,33630.0,D
HWM,2025-10-02,LEDUC ROBERT F.,Director,Stock Award(Grant) at price 191.08 per share.,31,5923.0,D
HWM,2025-08-05,LIN LOLA FELICE,Officer,Sale at price 180.51 per share.,13102,2365073.0,D
HWM,2025-07-02,MILLER JODY G,Director,Stock Award(Grant) at price 175.95 per share.,191,33606.0,D
HWM,2025-07-02,CANTIE JOSEPH S.,Director,Stock Award(Grant) at price 175.95 per share.,191,33606.0,D
HWM,2025-07-02,LEDUC ROBERT F.,Director,Stock Award(Grant) at price 175.95 per share.,34,5982.0,D
HWM,2025-07-01,PLANT JOHN C,Chief Executive Officer,Stock Award(Grant) at price 0.00 per share.,255363,0.0,D
HWM,2025-05-30,SMITH GUNNER,Director,Stock Award(Grant) at price 0.00 per share.,1030,0.0,D
HWM,2025-05-30,SCHMIDT ULRICH R,Director,Stock Award(Grant) at price 0.00 per share.,1030,0.0,D
HWM,2025-05-30,ALBAUGH JAMES F,Director,Stock Award(Grant) at price 0.00 per share.,1030,0.0,D
HWM,2025-05-30,MILLER JODY G,Director,Stock Award(Grant) at price 0.00 per share.,1030,0.0,D
HWM,2025-05-30,ALVING AMY E,Director,Stock Award(Grant) at price 0.00 per share.,1030,0.0,D
HWM,2025-05-30,CANTIE JOSEPH S.,Director,Stock Award(Grant) at price 0.00 per share.,1030,0.0,D
HWM,2025-05-30,BARNER SHARON R.,Director,Stock Award(Grant) at price 0.00 per share.,1030,0.0,D
HWM,2025-05-30,LEDUC ROBERT F.,Director,Stock Award(Grant) at price 0.00 per share.,1030,0.0,D
HWM,2025-05-12,PLANT JOHN C,Chief Executive Officer,Sale at price 156.96 per share.,800000,125570480.0,I
HWM,2025-05-12,MARCHUK NEIL EDWARD,Officer,Sale at price 158.53 per share.,30000,4756017.0,D
HWM,2025-05-05,SHULTZ BARBARA LOU,Officer,Sale at price 155.17 per share.,1250,193962.0,D
HWM,2025-04-02,MILLER JODY G,Director,Stock Award(Grant) at price 133.90 per share.,252,33743.0,D
HWM,2025-04-02,CANTIE JOSEPH S.,Director,Stock Award(Grant) at price 133.90 per share.,252,33743.0,D
HWM,2025-04-02,LEDUC ROBERT F.,Director,Stock Award(Grant) at price 133.90 per share.,44,5892.0,D
HWM,2025-04-02,LEDUC ROBERT F.,Director,Stock Award(Grant) at price 133.90 per share.,89,11917.0,D
HWM,2025-02-18,LIN LOLA FELICE,Officer,Sale at price 136.39 per share.,6620,902886.0,D
HWM,2025-02-18,LIN LOLA FELICE,Officer,Stock Award(Grant) at price 0.00 per share.,4039,0.0,D
HWM,2025-02-18,CHANATRY MICHAEL NIEM,Officer,Stock Award(Grant) at price 0.00 per share.,3805,0.0,D
HWM,2025-02-18,GIACOBBE KENNETH J,Chief Financial Officer,Stock Award(Grant) at price 0.00 per share.,5854,0.0,D
HWM,2025-02-18,SHULTZ BARBARA LOU,Officer,Stock Award(Grant) at price 0.00 per share.,824,0.0,D
HWM,2025-02-18,PLANT JOHN C,Chief Executive Officer,Stock Award(Grant) at price 0.00 per share.,41268,0.0,D
HWM,2025-02-18,MARCHUK NEIL EDWARD,Officer,Stock Award(Grant) at price 0.00 per share.,6439,0.0,D
HWM,2025-02-05,LIN LOLA FELICE,Officer,Stock Award(Grant) at price 0.00 per share.,35591,0.0,D
HWM,2025-02-05,CHANATRY MICHAEL NIEM,Officer,Stock Award(Grant) at price 0.00 per share.,17796,0.0,D
HWM,2025-02-05,GIACOBBE KENNETH J,Chief Financial Officer,Stock Award(Grant) at price 0.00 per share.,51769,0.0,D
HWM,2025-02-05,SHULTZ BARBARA LOU,Officer,Stock Award(Grant) at price 0.00 per share.,3372,0.0,D
HWM,2025-02-05,MARCHUK NEIL EDWARD,Officer,Stock Award(Grant) at price 0.00 per share.,55005,0.0,D
HWM,2025-01-03,CANTIE JOSEPH S.,Director,Stock Award(Grant) at price 112.76 per share.,299,33715.0,D
CAT,2026-06-10,JOHNSON GERALD,Director,Stock Award(Grant) at price 0.00 per share.,211,0.0,D
CAT,2026-06-10,KEENE NAZZIC S,Director,Stock Award(Grant) at price 0.00 per share.,211,0.0,D
CAT,2026-06-10,MARKS JUDITH FRAN,Director,Stock Award(Grant) at price 0.00 per share.,211,0.0,D
CAT,2026-06-10,FISH JAMES C JR,Director,Stock Award(Grant) at price 0.00 per share.,211,0.0,D
CAT,2026-06-10,WILKINS RAYFORDJR,Director,Stock Award(Grant) at price 0.00 per share.,211,0.0,D
CAT,2026-06-10,MACLENNAN DAVID W,Director,Stock Award(Grant) at price 0.00 per share.,211,0.0,D
CAT,2026-06-10,REED-KLAGES DEBRA L,Director,Stock Award(Grant) at price 0.00 per share.,211,0.0,D
CAT,2026-06-10,SCHWAB SUSAN C,Director,Stock Award(Grant) at price 0.00 per share.,211,0.0,D
CAT,2026-05-14,JOHNSON DENISE C.,Officer,Conversion of Exercise of derivative security at price 196.70 per share.,16078,3162543.0,D
CAT,2026-05-14,JOHNSON DENISE C.,Officer,Sale at price 904.70 - 911.92 per share.,12605,11444170.0,D
CAT,2026-05-13,JOHNSON DENISE C.,Officer,Conversion of Exercise of derivative security at price 196.70 per share.,7900,1553930.0,D
CAT,2026-05-13,SCHAUPP WILLIAM E,Officer,Sale at price 906.00 per share.,360,326160.0,D
CAT,2026-05-13,JOHNSON DENISE C.,Officer,Sale at price 909.46 - 910.24 per share.,6196,5637081.0,D
CAT,2026-05-11,FASSINO ANTHONY D.,Officer,Conversion of Exercise of derivative security at price 219.76 per share.,21403,4703523.0,D
CAT,2026-05-11,FASSINO ANTHONY D.,Officer,Sale at price 916.75 - 917.73 per share.,16283,14928266.0,D
CAT,2026-05-08,EPLEY KYLE JOSEPH,Chief Financial Officer,Stock Award(Grant) at price 0.00 per share.,515,0.0,D
CAT,2026-05-06,FASSINO ANTHONY D.,Officer,Conversion of Exercise of derivative security at price 219.76 per share.,12000,2637120.0,D
CAT,2026-05-06,DE LANGE BOB,Officer,Conversion of Exercise of derivative security at price 127.60 per share.,28105,3586198.0,D
CAT,2026-05-06,BONFIELD ANDREW ROBERT JOHN,Officer,Conversion of Exercise of derivative security at price 253.98 - 338.65 per share.,23054,6795779.0,D
CAT,2026-05-06,FASSINO ANTHONY D.,Officer,Sale at price 926.23 - 926.83 per share.,9152,8477067.0,D
CAT,2026-05-06,DE LANGE BOB,Officer,Sale at price 922.55 - 923.47 per share.,24222,22354978.0,D
CAT,2026-05-06,BONFIELD ANDREW ROBERT JOHN,Officer,Sale at price 918.71 per share.,15674,14399861.0,D
CAT,2026-05-06,KAISER JASON,Officer,Stock Gift at price 0.00 per share.,294,0.0,D
CAT,2026-05-05,SHURMAN RODNEY MICHAEL,Officer,Conversion of Exercise of derivative security at price 253.98 per share.,5639,1432193.0,D
CAT,2026-05-05,SHURMAN RODNEY MICHAEL,Officer,Sale at price 903.14 - 903.55 per share.,5639,5093006.0,D
CAT,2026-05-04,MACLENNAN DAVID W,Director,Purchase at price 876.84 per share.,250,219210.0,D
CAT,2026-05-04,KAISER JASON,Officer,Conversion of Exercise of derivative security at price 253.98 per share.,7917,2010760.0,D
CAT,2026-05-04,KAISER JASON,Officer,Sale at price 883.03 per share.,5642,4982055.0,D
CAT,2026-03-05,CREED JOSEPH E,Chief Executive Officer,Sale at price 717.01 - 721.00 per share.,2500,1797317.0,D
CAT,2026-03-02,KAISER JASON,Officer,Stock Award(Grant) at price 0.00 per share.,1650,0.0,D
CAT,2026-03-02,OWENS DEREK,General Counsel,Stock Award(Grant) at price 0.00 per share.,1386,0.0,D
CAT,2026-03-02,SHURMAN RODNEY MICHAEL,Officer,Stock Award(Grant) at price 0.00 per share.,1320,0.0,D
CAT,2026-03-02,CREED JOSEPH E,Chief Executive Officer,Stock Award(Grant) at price 0.00 per share.,4950,0.0,D
CAT,2026-03-02,SCHAUPP WILLIAM E,Officer,Stock Award(Grant) at price 0.00 per share.,102,0.0,D
CAT,2026-03-02,DE LANGE BOB,Officer,Stock Award(Grant) at price 0.00 per share.,1650,0.0,D
CAT,2026-03-02,PAMBIANCHI CHRISTINE MICHAEL,Officer,Stock Award(Grant) at price 0.00 per share.,1155,0.0,D
CAT,2026-03-02,JOHNSON DENISE C.,Officer,Stock Award(Grant) at price 0.00 per share.,1650,0.0,D
CAT,2026-03-02,BONFIELD ANDREW ROBERT JOHN,Chief Financial Officer,Stock Award(Grant) at price 0.00 per share.,1749,0.0,D
CAT,2026-02-23,SHURMAN RODNEY MICHAEL,Officer,Conversion of Exercise of derivative security at price 253.98 per share.,2278,578566.0,D
CAT,2026-02-23,SHURMAN RODNEY MICHAEL,Officer,Sale at price 759.61 per share.,2278,1730392.0,D
CAT,2026-02-17,SHURMAN RODNEY MICHAEL,Officer,Sale at price 763.39 per share.,1764,1346620.0,D
CAT,2026-02-17,SCHAUPP WILLIAM E,Officer,Sale at price 764.20 per share.,972,742802.0,D
CAT,2026-02-13,FASSINO ANTHONY D.,Officer,Conversion of Exercise of derivative security at price 219.76 per share.,11000,2417360.0,D
CAT,2026-02-13,FASSINO ANTHONY D.,Officer,Sale at price 776.90 per share.,7891,6130518.0,D
CAT,2026-02-12,KAISER JASON,Officer,Sale at price 776.70 per share.,1690,1312623.0,D
CAT,2026-02-11,DE LANGE BOB,Officer,Conversion of Exercise of derivative security at price 127.60 per share.,15000,1914000.0,D
CAT,2026-02-11,DE LANGE BOB,Officer,Sale at price 767.08 per share.,12507,9593870.0,D
CAT,2026-02-10,KAISER JASON,Officer,Stock Award(Grant) at price 0.00 per share.,2469,0.0,D
CAT,2026-02-10,OWENS DEREK,Officer,Stock Award(Grant) at price 0.00 per share.,514,0.0,D
CAT,2026-02-10,SHURMAN RODNEY MICHAEL,Officer,Stock Award(Grant) at price 0.00 per share.,2469,0.0,D
CAT,2026-02-10,CREED JOSEPH E,Chief Executive Officer,Stock Award(Grant) at price 0.00 per share.,9055,0.0,D
CAT,2026-02-10,SCHAUPP WILLIAM E,Officer,Stock Award(Grant) at price 0.00 per share.,638,0.0,D
CAT,2026-02-10,FASSINO ANTHONY D.,Officer,Stock Award(Grant) at price 0.00 per share.,9055,0.0,D
CAT,2026-02-10,DE LANGE BOB,Officer,Stock Award(Grant) at price 0.00 per share.,9055,0.0,D
CAT,2026-02-10,UMPLEBY DONALD JAMES III,Officer,Stock Award(Grant) at price 0.00 per share.,34986,0.0,D
CAT,2026-02-10,JOHNSON DENISE C.,Officer,Stock Award(Grant) at price 0.00 per share.,9055,0.0,D
CAT,2026-02-10,BONFIELD ANDREW ROBERT JOHN,Chief Financial Officer,Stock Award(Grant) at price 0.00 per share.,10907,0.0,D
CAT,2026-02-06,FASSINO ANTHONY D.,Officer,Conversion of Exercise of derivative security at price 196.70 per share.,8288,1630250.0,D
CAT,2026-02-06,DE LANGE BOB,Officer,Conversion of Exercise of derivative security at price 138.35 per share.,28034,3878504.0,D
CAT,2026-02-06,FASSINO ANTHONY D.,Officer,Sale at price 722.15 per share.,6033,4356731.0,D
DE,2026-03-04,SIKES JAMES BRIAN,Director,Stock Award(Grant) at price 0.00 per share.,293,0.0,D
DE,2026-03-04,PAGE GREGORY R,Director,Stock Award(Grant) at price 0.00 per share.,293,0.0,D
DE,2026-03-04,TALTON SHEILA,Director,Stock Award(Grant) at price 0.00 per share.,293,0.0,D
DE,2026-03-04,FEIGHT ROBERT PRESTON,Director,Stock Award(Grant) at price 0.00 per share.,293,0.0,D
DE,2026-03-04,CARET LEANNE G,Director,Stock Award(Grant) at price 0.00 per share.,293,0.0,D
DE,2026-03-04,STOCKTON DMITRI L,Director,Stock Award(Grant) at price 0.00 per share.,293,0.0,D
DE,2026-03-04,ERWIN TAMI A,Director,Stock Award(Grant) at price 0.00 per share.,293,0.0,D
DE,2026-03-04,HUNN LAURENCE NEIL,Director,Stock Award(Grant) at price 0.00 per share.,293,0.0,D
DE,2026-03-04,HEUBERGER ALAN CLETUS,Director,Stock Award(Grant) at price 0.00 per share.,293,0.0,D
DE,2026-01-14,REED CORY J.,Officer,Sale at price 510.00 per share.,12000,6120000.0,D
DE,2026-01-14,REED CORY J.,Officer,Conversion of Exercise of derivative security at price 169.70 per share.,12000,2036400.0,D
DE,2026-01-08,MAY JOHN C. II,Chief Executive Officer,Sale at price 500.46 - 503.35 per share.,41472,20797649.0,D
DE,2026-01-08,MAY JOHN C. II,Chief Executive Officer,Conversion of Exercise of derivative security at price 254.83 per share.,41472,10568310.0,D
DE,2025-12-10,KOVAR DEANNA M,Officer,Stock Award(Grant) at price 0.00 per share.,2207,0.0,D
DE,2025-12-10,KALATHUR RAJESH,Chief Technology Officer,Stock Award(Grant) at price 0.00 per share.,1919,0.0,D
DE,2025-12-10,REED CORY J.,Officer,Stock Award(Grant) at price 0.00 per share.,2015,0.0,D
DE,2025-12-10,CAMPBELL RYAN DAVID,Officer,Stock Award(Grant) at price 0.00 per share.,2111,0.0,D
DE,2025-12-10,PRYOR FELECIA J,Officer,Stock Award(Grant) at price 0.00 per share.,2015,0.0,D
DE,2025-12-10,JEPSEN JOSHUA A,Chief Financial Officer,Stock Award(Grant) at price 0.00 per share.,1919,0.0,D
DE,2025-12-10,ROSE JUSTIN RYAN,Officer,Stock Award(Grant) at price 0.00 per share.,2207,0.0,D
DE,2025-12-10,HINDMAN JAHMY J.,Chief Technology Officer,Stock Award(Grant) at price 0.00 per share.,1919,0.0,D
DE,2025-12-10,MAY JOHN C. II,Chief Executive Officer,Stock Award(Grant) at price 0.00 per share.,9796,0.0,D
DE,2025-12-10,WALKER KELLYE L,Officer,Stock Award(Grant) at price 0.00 per share.,1919,0.0,D
DE,2025-12-09,SIKES JAMES BRIAN,Director,Stock Award(Grant) at price 0.00 per share.,88,0.0,D
DE,2025-11-25,MAY JOHN C. II,Chief Executive Officer,Sale at price 500.08 per share.,11106,5553888.0,D
DE,2025-11-25,MAY JOHN C. II,Chief Executive Officer,Conversion of Exercise of derivative security at price 254.83 per share.,11106,2830142.0,D
DE,2025-03-05,PAGE GREGORY R,Director,Stock Award(Grant) at price 0.00 per share.,385,0.0,D
DE,2025-03-05,TALTON SHEILA,Director,Stock Award(Grant) at price 0.00 per share.,385,0.0,D
DE,2025-03-05,SMITH SHERRY M,Director,Stock Award(Grant) at price 0.00 per share.,385,0.0,D
DE,2025-03-05,JOHANNS MICHAEL O,Director,Stock Award(Grant) at price 0.00 per share.,385,0.0,D
DE,2025-03-05,FEIGHT ROBERT PRESTON,Director,Stock Award(Grant) at price 0.00 per share.,385,0.0,D
DE,2025-03-05,CARET LEANNE G,Director,Stock Award(Grant) at price 0.00 per share.,385,0.0,D
DE,2025-03-05,STOCKTON DMITRI L,Director,Stock Award(Grant) at price 0.00 per share.,385,0.0,D
DE,2025-03-05,ERWIN TAMI A,Director,Stock Award(Grant) at price 0.00 per share.,385,0.0,D
DE,2025-03-05,HUNN LAURENCE NEIL,Director,Stock Award(Grant) at price 0.00 per share.,385,0.0,D
DE,2025-03-05,HEUBERGER ALAN CLETUS,Director,Stock Award(Grant) at price 0.00 per share.,385,0.0,D
DE,2025-02-18,MAY JOHN C. II,Chief Executive Officer,Stock Gift at price 0.00 per share.,27891,0.0,D
DE,2025-02-18,KALATHUR RAJESH,Chief Technology Officer,Sale at price 500.26 - 501.49 per share.,24580,12304921.0,D
DE,2025-02-18,KALATHUR RAJESH,Chief Technology Officer,Conversion of Exercise of derivative security at price 100.55 per share.,24580,2471519.0,D
DE,2024-12-13,KALATHUR RAJESH,Chief Technology Officer,Stock Award(Grant) at price 0.00 per share.,1902,0.0,D
DE,2024-12-13,REED CORY J.,Officer,Stock Award(Grant) at price 0.00 per share.,1902,0.0,D
DE,2024-12-13,CAMPBELL RYAN DAVID,Officer,Stock Award(Grant) at price 0.00 per share.,2749,0.0,D
DE,2024-12-13,HINDMAN JAHMY J.,Chief Technology Officer,Stock Award(Grant) at price 0.00 per share.,391,0.0,D
DE,2024-12-13,MAY JOHN C. II,Chief Executive Officer,Stock Award(Grant) at price 0.00 per share.,10076,0.0,D
DE,2024-12-11,KOVAR DEANNA M,Officer,Stock Award(Grant) at price 0.00 per share.,2209,0.0,D
DE,2024-12-11,KALATHUR RAJESH,Chief Technology Officer,Stock Award(Grant) at price 0.00 per share.,2209,0.0,D
DE,2024-12-11,CAMPBELL RYAN DAVID,Officer,Stock Award(Grant) at price 0.00 per share.,2310,0.0,D
DE,2024-12-11,PRYOR FELECIA J,Officer,Stock Award(Grant) at price 0.00 per share.,1807,0.0,D
DE,2024-12-11,JEPSEN JOSHUA A,Chief Financial Officer,Stock Award(Grant) at price 0.00 per share.,2310,0.0,D
DE,2024-12-11,ROSE JUSTIN RYAN,President,Stock Award(Grant) at price 0.00 per share.,1732,0.0,D
DE,2024-12-11,HINDMAN JAHMY J.,Chief Technology Officer,Stock Award(Grant) at price 0.00 per share.,2109,0.0,D
DE,2024-12-11,REED CORY J.,Officer,Stock Award(Grant) at price 0.00 per share.,2209,0.0,D
DE,2024-12-11,MAY JOHN C. II,Chief Executive Officer,Stock Award(Grant) at price 0.00 per share.,9497,0.0,D
DE,2024-12-11,WALKER KELLYE L,Officer,Stock Award(Grant) at price 0.00 per share.,1506,0.0,D
DE,2024-11-01,FEIGHT ROBERT PRESTON,Director,Stock Award(Grant) at price 0.00 per share.,145,0.0,D
CMI,2026-05-19,MERRITT BRETT MICHAEL,Officer,Stock Gift at price 0.00 per share.,218,0.0,D
CMI,2026-05-14,JACKSON DONALD G,Officer,Sale at price 710.36 - 712.70 per share.,730,518975.0,D
CMI,2026-05-13,STONER NATHAN R,Officer,Stock Gift at price 0.00 per share.,600,0.0,D
CMI,2026-05-13,FETCH BONNIE J,Officer,Stock Gift at price 0.00 per share.,155,0.0,D
CMI,2026-05-12,BUSH JENNIFER MARY,Officer,Sale at price 694.13 - 699.10 per share.,5000,3481066.0,D
CMI,2026-05-12,STONE JOHN H,Director,Stock Award(Grant) at price 0.00 per share.,306,0.0,D
CMI,2026-05-12,BELSKE GARY L,Director,Stock Award(Grant) at price 0.00 per share.,306,0.0,D
CMI,2026-05-12,FISHER DANIEL WILLIAM,Director,Stock Award(Grant) at price 0.00 per share.,306,0.0,D
CMI,2026-05-12,HARRIS CARLA A,Director,Stock Award(Grant) at price 0.00 per share.,306,0.0,D
CMI,2026-05-12,MILLER WILLIAM I,Director,Stock Award(Grant) at price 0.00 per share.,306,0.0,D
CMI,2026-05-12,LYNCH THOMAS J,Director,Stock Award(Grant) at price 0.00 per share.,306,0.0,D
CMI,2026-05-12,TSIEN MATTHEW,Director,Stock Award(Grant) at price 0.00 per share.,306,0.0,D
CMI,2026-05-12,DI LEO ALLEN BRUNO VITO,Director,Stock Award(Grant) at price 0.00 per share.,306,0.0,D
CMI,2026-05-12,QUINTOS KAREN H.,Director,Stock Award(Grant) at price 0.00 per share.,306,0.0,I
CMI,2026-05-12,NELSON KIMBERLY A.,Director,Stock Award(Grant) at price 0.00 per share.,306,0.0,D
CMI,2026-05-11,BOAKYE MARVIN,Officer,Stock Gift at price 0.00 per share.,150,0.0,D
CMI,2026-05-11,STONER NATHAN R,Officer,Sale at price 694.06 per share.,607,421294.0,D
CMI,2026-05-11,FETCH BONNIE J,Officer,Sale at price 700.19 per share.,652,456524.0,D
CMI,2026-05-11,FETCH BONNIE J,Officer,Sale at price 702.66 per share.,642,451686.0,I
CMI,2026-05-11,MERRITT BRETT MICHAEL,Officer,Sale at price 688.74 per share.,701,483153.0,D
CMI,2026-05-08,BOAKYE MARVIN,Officer,Sale at price 678.57 - 682.62 per share.,3481,2366730.0,D
CMI,2026-05-08,LAMB-HALE NICOLE,Officer,Sale at price 684.35 - 686.48 per share.,2408,1650296.0,D
CMI,2026-04-01,LAMB-HALE NICOLE,Officer,Stock Award(Grant) at price 0.00 per share.,290,0.0,D
CMI,2026-03-03,DAVIS AMY ROCHELLE,Officer,Sale at price 559.99 - 565.92 per share.,4054,2275690.0,D
CMI,2026-02-27,STONER NATHAN R,Officer,Stock Award(Grant) at price 0.00 per share.,4480,0.0,D
CMI,2026-02-27,DAVIS AMY ROCHELLE,Officer,Stock Award(Grant) at price 0.00 per share.,5181,0.0,D
CMI,2026-02-27,LAMB-HALE NICOLE,Officer,Stock Award(Grant) at price 0.00 per share.,7056,0.0,D
CMI,2026-02-27,WRIGHT BENJAMIN G.,Officer,Stock Award(Grant) at price 0.00 per share.,1648,0.0,D
CMI,2026-02-27,WOOD JONATHAN DAVID,Chief Technology Officer,Stock Award(Grant) at price 0.00 per share.,1888,0.0,D
CMI,2026-02-27,MERRITT BRETT MICHAEL,Officer,Stock Award(Grant) at price 0.00 per share.,2832,0.0,D
CMI,2026-02-27,ENRIGHT ROBERT J,Officer,Stock Award(Grant) at price 0.00 per share.,1056,0.0,D
CMI,2026-02-27,GAIDOO JOHN O,Officer,Stock Award(Grant) at price 0.00 per share.,1648,0.0,D
CMI,2026-02-27,BOAKYE MARVIN,Officer,Stock Award(Grant) at price 0.00 per share.,7056,0.0,D
CMI,2026-02-27,RUMSEY JENNIFER W.,Chief Executive Officer,Stock Award(Grant) at price 0.00 per share.,44736,0.0,D
CMI,2026-02-27,SMITH MARK ANDREW,Chief Financial Officer,Stock Award(Grant) at price 0.00 per share.,14128,0.0,D
CMI,2026-02-27,NEWSOME EARL JR.,Chief Technology Officer,Stock Award(Grant) at price 0.00 per share.,2832,0.0,D
CMI,2026-02-27,BUSH JENNIFER MARY,Officer,Stock Award(Grant) at price 0.00 per share.,5648,0.0,D
CMI,2026-02-27,WILTROUT JEFFREY T,Officer,Stock Award(Grant) at price 0.00 per share.,3056,0.0,D
CMI,2026-02-27,FETCH BONNIE J,Officer,Stock Award(Grant) at price 0.00 per share.,3296,0.0,D
CMI,2026-02-27,PETERS LUTHER EARL,Officer,Stock Award(Grant) at price 0.00 per share.,1888,0.0,D
CMI,2026-02-27,JACKSON DONALD G,Officer,Stock Award(Grant) at price 0.00 per share.,2832,0.0,D
CMI,2026-02-24,JACKSON DONALD G,Officer,Sale at price 402.17 - 600.13 per share.,4990,2323562.0,D
CMI,2026-02-24,JACKSON DONALD G,Officer,Conversion of Exercise of derivative security at price 142.12 - 163.43 per share.,4990,781420.0,D
CMI,2026-02-23,DAVIS AMY ROCHELLE,Officer,Sale at price 585.11 - 588.37 per share.,1864,1093504.0,D
CMI,2026-02-23,NEWSOME EARL JR.,Chief Technology Officer,Sale at price 583.52 - 584.43 per share.,1300,758776.0,D
CMI,2026-02-19,WRIGHT BENJAMIN G.,Officer,Stock Award(Grant) at price 0.00 per share.,553,0.0,D
CMI,2026-02-19,FETCH BONNIE J,Officer,Stock Award(Grant) at price 0.00 per share.,2082,0.0,D
CMI,2026-02-13,GAIDOO JOHN O,Officer,Conversion of Exercise of derivative security at price 109.09 per share.,290,31636.0,D
CMI,2026-02-11,MILLER WILLIAM I,Director,Sale at price 591.41 - 604.15 per share.,18107,10811646.0,D
CMI,2026-02-10,BUSH JENNIFER MARY,Officer,Sale at price 584.01 - 586.19 per share.,4270,2497658.0,D
CMI,2026-02-10,BUSH JENNIFER MARY,Officer,Conversion of Exercise of derivative security at price 142.12 - 163.43 per share.,4270,629654.0,D
CMI,2025-11-25,MERRITT BRETT MICHAEL,Officer,Sale at price 489.32 per share.,1450,709514.0,D
CMI,2025-11-25,MERRITT BRETT MICHAEL,Officer,Conversion of Exercise of derivative security at price 142.12 per share.,2400,341088.0,D
CMI,2025-11-13,RUMSEY JENNIFER W.,Chief Executive Officer,Stock Gift at price 0.00 per share.,4165,0.0,D
CMI,2025-11-11,RUMSEY JENNIFER W.,Chief Executive Officer,Sale at price 473.57 - 474.42 per share.,4570,2165657.0,D
CMI,2025-11-11,RUMSEY JENNIFER W.,Chief Executive Officer,Conversion of Exercise of derivative security at price 109.09 per share.,4570,498541.0,D
CMI,2025-11-06,SMITH MARK ANDREW,Chief Financial Officer,Sale at price 467.37 - 476.99 per share.,13110,6170411.0,D
CMI,2025-11-06,SMITH MARK ANDREW,Chief Financial Officer,Conversion of Exercise of derivative security at price 142.12 per share.,13110,1863193.0,D
CMI,2025-10-30,SMITH MARK ANDREW,Chief Financial Officer,Sale at price 449.10 per share.,200,89819.0,D
CMI,2025-10-30,SMITH MARK ANDREW,Chief Financial Officer,Conversion of Exercise of derivative security at price 142.12 per share.,200,28424.0,D
PCAR,2026-07-31,BOLGAR PAULO HENRIQUE,Officer,Sale at price 133.90 per share.,2897,387908.0,D
PCAR,2026-07-31,POPLAWSKI BRICE J,Chief Financial Officer,Sale at price 132.50 per share.,1970,261025.0,D
PCAR,2026-07-31,WALTERS WILLIAM LANCE,Officer,Sale at price 133.50 per share.,1000,133500.0,D
PCAR,2026-07-31,FEIGHT ROBERT PRESTON,Chief Executive Officer,Sale at price 133.07 per share.,50975,6783151.0,D
PCAR,2026-07-31,FEIGHT ROBERT PRESTON,Chief Executive Officer,Conversion of Exercise of derivative security at price 71.95 per share.,70519,5073842.0,D
PCAR,2026-07-31,POPLAWSKI BRICE J,Chief Financial Officer,Conversion of Exercise of derivative security at price 71.95 per share.,1970,141742.0,D
PCAR,2026-07-31,WALTERS WILLIAM LANCE,Officer,Conversion of Exercise of derivative security at price 43.71 per share.,1000,43707.0,D
PCAR,2026-02-12,POPLAWSKI BRICE J,Chief Financial Officer,Sale at price 130.41 per share.,2200,286902.0,D
PCAR,2026-02-12,POPLAWSKI BRICE J,Chief Financial Officer,Conversion of Exercise of derivative security at price 71.95 per share.,2200,158290.0,D
PCAR,2026-02-11,GRYNIEWICZ CRAIG R,Officer,Sale at price 129.00 per share.,8748,1128492.0,D
PCAR,2026-02-11,GRYNIEWICZ CRAIG R,Officer,Conversion of Exercise of derivative security at price 61.26 per share.,8748,535902.0,D
PCAR,2026-02-09,FEIGHT ROBERT PRESTON,Chief Executive Officer,Stock Gift at price 0.00 per share.,15625,0.0,D
PCAR,2026-02-04,FEIGHT ROBERT PRESTON,Chief Executive Officer,Sale at price 129.70 per share.,9258,1200734.0,D
PCAR,2026-02-04,FEIGHT ROBERT PRESTON,Chief Executive Officer,Conversion of Exercise of derivative security at price 62.87 per share.,23391,1470515.0,D
PCAR,2026-02-03,BLOCH LAURA J.,Officer,Sale at price 125.75 per share.,8832,1110624.0,D
PCAR,2026-02-03,FEIGHT ROBERT PRESTON,Chief Executive Officer,Sale at price 122.39 - 127.44 per share.,27774,3457668.0,D
PCAR,2026-02-03,DOZIER CHRISTOPHER MICHAEL,Officer,Sale at price 127.92 per share.,79076,10115315.0,D
PCAR,2026-02-03,BANEY KEVIN D,Officer,Sale at price 126.53 per share.,9672,1223803.0,D
PCAR,2026-02-03,FEIGHT ROBERT PRESTON,Chief Executive Officer,Conversion of Exercise of derivative security at price 62.87 per share.,27774,1746060.0,D
PCAR,2026-02-03,BLOCH LAURA J.,Officer,Conversion of Exercise of derivative security at price 62.87 per share.,8832,555239.0,D
PCAR,2026-02-03,BANEY KEVIN D,Officer,Conversion of Exercise of derivative security at price 50.79 per share.,9672,491209.0,D
PCAR,2026-02-03,DOZIER CHRISTOPHER MICHAEL,Officer,Conversion of Exercise of derivative security at price 61.26 - 71.95 per share.,79076,5291358.0,D
PCAR,2026-02-02,POPLAWSKI BRICE J,Chief Financial Officer,Sale at price 123.99 per share.,2200,272778.0,D
PCAR,2026-02-02,BLOCH LAURA J.,Officer,Sale at price 123.57 per share.,6588,814088.0,D
PCAR,2026-02-02,POPLAWSKI BRICE J,Chief Financial Officer,Conversion of Exercise of derivative security at price 71.95 per share.,2200,158290.0,D
PCAR,2026-02-02,BLOCH LAURA J.,Officer,Conversion of Exercise of derivative security at price 61.26 per share.,6588,403581.0,D
PCAR,2026-01-30,BOLGAR PAULO HENRIQUE,Officer,Sale at price 122.43 per share.,12183,1491524.0,D
PCAR,2026-01-30,BOLGAR PAULO HENRIQUE,Officer,Conversion of Exercise of derivative security at price 54.61 per share.,12183,665354.0,D
PCAR,2026-01-02,HILL BRICE,Director,Stock Award(Grant) at price 111.56 per share.,1569,175038.0,D
PCAR,2026-01-02,SCHULZ MARK A,Director,Stock Award(Grant) at price 111.56 per share.,1569,175038.0,D
PCAR,2025-10-27,POPLAWSKI BRICE J,Chief Financial Officer,Sale at price 101.15 per share.,3369,340785.0,D
PCAR,2025-10-27,POPLAWSKI BRICE J,Chief Financial Officer,Conversion of Exercise of derivative security at price 62.87 per share.,3369,211798.0,D
PCAR,2025-07-29,FEIGHT ROBERT PRESTON,Chief Executive Officer,Sale at price 99.52 per share.,39965,3977333.0,D
PCAR,2025-07-29,FEIGHT ROBERT PRESTON,Chief Executive Officer,Conversion of Exercise of derivative security at price 62.87 per share.,51165,3216575.0,D
PCAR,2025-07-25,POPLAWSKI BRICE J,Chief Financial Officer,Sale at price 100.94 per share.,5000,504688.0,D
PCAR,2025-07-25,POPLAWSKI BRICE J,Chief Financial Officer,Conversion of Exercise of derivative security at price 61.26 - 62.87 per share.,5000,311120.0,D
PCAR,2025-05-06,BREBER PIERRE R.,Director,Purchase at price 89.78 per share.,5000,448900.0,D
PCAR,2025-02-19,WALTON MICHAEL K,General Counsel,Sale at price 106.13 per share.,6000,636785.0,D
PCAR,2025-02-19,WALTON MICHAEL K,General Counsel,Conversion of Exercise of derivative security at price 62.87 per share.,6000,377200.0,D
PCAR,2025-02-18,SCHIPPERS HARRIE C.A.M.,President,Sale at price 105.97 per share.,28676,3038787.0,D
PCAR,2025-02-18,SCHIPPERS HARRIE C.A.M.,President,Conversion of Exercise of derivative security at price 33.33 - 61.26 per share.,28676,1514400.0,D
PCAR,2025-01-31,FEIGHT ROBERT PRESTON,Chief Executive Officer,Sale at price 110.98 per share.,25200,2796585.0,D
PCAR,2025-01-31,SIVER DARRIN C,Officer,Sale at price 111.56 per share.,103671,11565682.0,D
PCAR,2025-01-31,HUBBARD TODD R,Officer,Sale at price 112.04 per share.,2000,224090.0,D
PCAR,2025-01-31,FEIGHT ROBERT PRESTON,Chief Executive Officer,Conversion of Exercise of derivative security at price 62.87 per share.,34110,2144383.0,D
PCAR,2025-01-31,SIVER DARRIN C,Officer,Conversion of Exercise of derivative security at price 43.71 - 62.87 per share.,103671,5448666.0,D
PCAR,2025-01-31,HUBBARD TODD R,Officer,Conversion of Exercise of derivative security at price 45.79 per share.,2000,91587.0,D
PCAR,2025-01-02,HILL BRICE,Director,Stock Award(Grant) at price 103.42 per share.,1693,175090.0,D
PCAR,2025-01-02,SCHULZ MARK A,Director,Stock Award(Grant) at price 103.42 per share.,1693,175090.0,D
PCAR,2024-11-01,FEIGHT ROBERT PRESTON,Chief Executive Officer,Sale at price 103.52 per share.,27191,2814733.0,D
PCAR,2024-11-01,FEIGHT ROBERT PRESTON,Chief Executive Officer,Conversion of Exercise of derivative security at price 61.26 per share.,36185,2216693.0,D
PCAR,2024-10-28,BANEY KEVIN D,Officer,Sale at price 107.00 per share.,9894,1058671.0,D
PCAR,2024-10-28,SCHIPPERS HARRIE C.A.M.,President,Sale at price 106.93 per share.,20000,2138564.0,D
PCAR,2024-10-28,SCHIPPERS HARRIE C.A.M.,President,Conversion of Exercise of derivative security at price 61.26 per share.,20000,1225200.0,D
PCAR,2024-10-28,BANEY KEVIN D,Officer,Conversion of Exercise of derivative security at price 43.71 per share.,9894,432434.0,D
PCAR,2024-10-25,POPLAWSKI BRICE J,Officer,Sale at price 106.07 per share.,3000,318201.0,D
PCAR,2024-10-25,HUBBARD TODD R,Officer,Sale at price 107.27 per share.,3230,346486.0,D
PCAR,2024-10-25,POPLAWSKI BRICE J,Officer,Conversion of Exercise of derivative security at price 61.26 per share.,3000,183780.0,D
ITW,2026-08-07,SCANLON JENNIFER F.,Director,Stock Award(Grant) at price 296.66 per share.,117,35000.0,D
ITW,2026-08-07,SANTI ERNEST SCOTT,Director,Stock Award(Grant) at price 296.66 per share.,117,35000.0,D
ITW,2026-08-07,SMITH DAVID BYRON JR.,Director,Stock Award(Grant) at price 296.66 per share.,130,38566.0,D
ITW,2026-08-07,CROWN SUSAN,Director,Stock Award(Grant) at price 296.66 per share.,58,17206.0,D
ITW,2026-06-02,SCANLON JENNIFER F.,Director,Purchase at price 247.99 per share.,806,199880.0,D
ITW,2026-05-08,GRIFFITH JAMES W,Director,Stock Award(Grant) at price 254.76 per share.,765,194891.0,D
ITW,2026-05-08,LENNY RICHARD H,Director,Stock Award(Grant) at price 254.76 per share.,765,194891.0,D
ITW,2026-05-08,FORD DARRELL L,Director,Stock Award(Grant) at price 254.76 per share.,765,194891.0,D
ITW,2026-05-08,HENDERSON JAY L.,Director,Stock Award(Grant) at price 254.76 per share.,765,194891.0,D
ITW,2026-05-08,IRICK JAIME A,Director,Stock Award(Grant) at price 254.76 per share.,765,194891.0,D
ITW,2026-05-08,GRIER KELLY J.,Director,Stock Award(Grant) at price 254.76 per share.,765,194891.0,D
ITW,2026-05-08,BRUTTO DANIEL J,Director,Stock Award(Grant) at price 254.76 per share.,765,194891.0,D
ITW,2026-05-08,SCANLON JENNIFER F.,Director,Stock Award(Grant) at price 254.76 per share.,846,215527.0,D
ITW,2026-05-08,SANTI ERNEST SCOTT,Director,Stock Award(Grant) at price 254.76 per share.,1883,479713.0,D
ITW,2026-05-08,SMITH DAVID BYRON JR.,Director,Stock Award(Grant) at price 254.76 per share.,917,233615.0,D
ITW,2026-05-08,CROWN SUSAN,Director,Stock Award(Grant) at price 254.76 per share.,833,212215.0,D
ITW,2026-05-08,STROBEL PAMELA B,Director,Stock Award(Grant) at price 254.76 per share.,765,194891.0,D
ITW,2026-02-06,SANTI ERNEST SCOTT,Director,Stock Award(Grant) at price 293.57 per share.,119,35000.0,D
ITW,2026-02-06,SMITH DAVID BYRON JR.,Director,Stock Award(Grant) at price 293.57 per share.,131,38458.0,D
ITW,2026-02-06,CROWN SUSAN,Director,Stock Award(Grant) at price 293.57 per share.,61,17908.0,D
ITW,2026-02-06,LAWLER MARY KATHERINE,Officer,Conversion of Exercise of derivative security at price 163.36 per share.,17279,2822697.0,D
ITW,2026-02-06,LAWLER MARY KATHERINE,Officer,Sale at price 291.90 per share.,17279,5043740.0,D
ITW,2026-02-05,BECK AXEL,Officer,Conversion of Exercise of derivative security at price 128.00 - 163.36 per share.,5869,843451.0,D
ITW,2026-02-05,BECK AXEL,Officer,Sale at price 290.22 per share.,4223,1225599.0,D
ITW,2026-02-04,SANTI ERNEST SCOTT,Director,Conversion of Exercise of derivative security at price 144.21 per share.,167345,24132822.0,D
ITW,2026-02-04,SANTI ERNEST SCOTT,Director,Sale at price 288.72 - 293.43 per share.,167345,48686119.0,D
ITW,2025-12-10,SMITH DAVID BYRON JR.,Director,Stock Gift at price 0.00 per share.,6709,0.0,D
ITW,2025-12-10,SMITH DAVID BYRON JR.,Director,Stock Gift at price 0.00 per share.,6709,0.0,D
ITW,2025-12-10,SMITH DAVID BYRON JR.,Director,Purchase at price 250.13 per share.,6709,1678122.0,I
ITW,2025-12-10,SMITH DAVID BYRON JR.,Director,Purchase at price 250.13 per share.,6709,1678122.0,I
ITW,2025-11-07,SANTI ERNEST SCOTT,Director,Stock Award(Grant) at price 245.49 per share.,142,34860.0,D
ITW,2025-11-07,FORD DARRELL L,Director,Stock Award(Grant) at price 245.49 per share.,142,34860.0,D
ITW,2025-11-07,SMITH DAVID BYRON JR.,Director,Stock Award(Grant) at price 245.49 per share.,157,38542.0,D
ITW,2025-11-05,STROBEL PAMELA B,Director,Stock Gift at price 0.00 per share.,1034,0.0,D
ITW,2025-11-05,STROBEL PAMELA B,Director,Sale at price 245.25 per share.,1521,373025.0,D
ITW,2025-09-11,SCHEUNEMAN RANDALL J,Officer,Conversion of Exercise of derivative security at price 128.00 per share.,6802,870656.0,D
ITW,2025-09-11,SCHEUNEMAN RANDALL J,Officer,Sale at price 265.08 per share.,6802,1803074.0,D
ITW,2025-08-21,SANTI ERNEST SCOTT,Director,Stock Gift at price 0.00 per share.,3790,0.0,D
ITW,2025-08-01,SANTI ERNEST SCOTT,Director,Stock Award(Grant) at price 252.31 per share.,138,35000.0,D
ITW,2025-08-01,FORD DARRELL L,Director,Stock Award(Grant) at price 252.31 per share.,138,35000.0,D
ITW,2025-08-01,SMITH DAVID BYRON JR.,Director,Stock Award(Grant) at price 252.31 per share.,153,38603.0,D
ITW,2025-06-02,SMITH DAVID BYRON JR.,Director,Stock Gift at price 0.00 per share.,872,0.0,D
ITW,2025-06-02,SMITH DAVID BYRON JR.,Director,Purchase at price 241.16 per share.,872,210292.0,D
ITW,2025-05-02,GRIFFITH JAMES W,Director,Stock Award(Grant) at price 242.32 per share.,763,184890.0,D
ITW,2025-05-02,LENNY RICHARD H,Director,Stock Award(Grant) at price 242.32 per share.,763,184890.0,D
ITW,2025-05-02,FORD DARRELL L,Director,Stock Award(Grant) at price 242.32 per share.,907,219784.0,D
ITW,2025-05-02,HENDERSON JAY L.,Director,Stock Award(Grant) at price 242.32 per share.,763,184890.0,D
ITW,2025-05-02,IRICK JAIME A,Director,Stock Award(Grant) at price 242.32 per share.,763,184890.0,D
ITW,2025-05-02,GRIER KELLY J.,Director,Stock Award(Grant) at price 242.32 per share.,763,184890.0,D
ITW,2025-05-02,BRUTTO DANIEL J,Director,Stock Award(Grant) at price 242.32 per share.,763,184890.0,D
ITW,2025-05-02,SANTI ERNEST SCOTT,Director,Stock Award(Grant) at price 242.32 per share.,1938,469616.0,D
ITW,2025-05-02,SMITH DAVID BYRON JR.,Director,Stock Award(Grant) at price 242.32 per share.,922,223419.0,D
ITW,2025-05-02,CROWN SUSAN,Director,Stock Award(Grant) at price 242.32 per share.,763,184890.0,D
ITW,2025-05-02,STROBEL PAMELA B,Director,Stock Award(Grant) at price 242.32 per share.,763,184890.0,D
ITW,2025-03-07,LARSEN MICHAEL M,Chief Financial Officer,Conversion of Exercise of derivative security at price 144.21 per share.,41472,5980677.0,D
ITW,2025-03-07,O HERLIHY CHRISTOPHER A,Chief Executive Officer,Conversion of Exercise of derivative security at price 128.00 per share.,48453,6201984.0,D
ITW,2025-03-07,LARSEN MICHAEL M,Chief Financial Officer,Sale at price 270.52 - 271.53 per share.,41472,11249470.0,D
ITW,2025-03-07,O HERLIHY CHRISTOPHER A,Chief Executive Officer,Sale at price 274.27 - 275.11 per share.,48453,13293771.0,D
ITW,2025-02-20,SANTI ERNEST SCOTT,Director,Conversion of Exercise of derivative security at price 163.36 per share.,73453,11999282.0,D
ITW,2025-02-20,SANTI ERNEST SCOTT,Director,Sale at price 263.60 - 265.44 per share.,73453,19440639.0,D
PH,2026-04-22,GENTILE THOMAS C.,Officer,Stock Award(Grant) at price 0.00 per share.,2241,0.0,D
PH,2026-04-22,LEOMBRUNO TODD M.,Chief Financial Officer,Stock Award(Grant) at price 0.00 per share.,8343,0.0,D
PH,2026-04-22,PAREL DINU JOHN,Officer,Stock Award(Grant) at price 0.00 per share.,4467,0.0,D
PH,2026-04-22,IVES ANGELA R,Officer,Stock Award(Grant) at price 0.00 per share.,1563,0.0,D
PH,2026-04-22,ROSS ANDREW D.,President,Stock Award(Grant) at price 0.00 per share.,9837,0.0,D
PH,2026-04-22,LEONTI JOSEPH R.,General Counsel,Stock Award(Grant) at price 0.00 per share.,4546,0.0,D
PH,2026-04-22,JACOBSON MATTHEW A.,Officer,Stock Award(Grant) at price 0.00 per share.,1424,0.0,D
PH,2026-04-22,CZAJA MARK T.,Chief Technology Officer,Stock Award(Grant) at price 0.00 per share.,3580,0.0,D
PH,2026-04-22,BRACHT BEREND,Officer,Stock Award(Grant) at price 0.00 per share.,4467,0.0,D
PH,2026-04-22,BENDALI RACHID,Officer,Stock Award(Grant) at price 0.00 per share.,4467,0.0,D
PH,2026-04-22,REIDY JAY,Officer,Stock Award(Grant) at price 0.00 per share.,3725,0.0,D
PH,2026-04-22,SCOTT PATRICK M.,Officer,Stock Award(Grant) at price 0.00 per share.,3811,0.0,D
PH,2026-04-22,PARMENTIER JENNIFER A,Chief Executive Officer,Stock Award(Grant) at price 0.00 per share.,29808,0.0,D
PH,2026-04-22,HART MARK J,Officer,Stock Award(Grant) at price 0.00 per share.,4467,0.0,D
PH,2026-02-13,BRACHT BEREND,Officer,Conversion of Exercise of derivative security at price 299.19 per share.,2850,852692.0,D
PH,2026-02-13,BENDALI RACHID,Officer,Conversion of Exercise of derivative security at price 296.00 per share.,830,245680.0,D
PH,2026-02-13,BRACHT BEREND,Officer,Sale at price 1002.13 per share.,1127,1129401.0,D
PH,2026-02-13,BENDALI RACHID,Officer,Sale at price 1006.74 per share.,412,414777.0,D
PH,2026-02-12,HART MARK J,Officer,Conversion of Exercise of derivative security at price 296.00 per share.,6740,1995040.0,D
PH,2026-02-12,GENTILE THOMAS C.,Officer,Conversion of Exercise of derivative security at price 296.00 per share.,3370,997520.0,D
PH,2026-02-12,SCOTT PATRICK M.,Officer,Conversion of Exercise of derivative security at price 158.90 per share.,1460,231994.0,D
PH,2026-02-12,HART MARK J,Officer,Sale at price 1009.12 per share.,2804,2829572.0,D
PH,2026-02-12,GENTILE THOMAS C.,Officer,Sale at price 1001.51 per share.,1326,1328002.0,D
PH,2026-02-12,SCOTT PATRICK M.,Officer,Sale at price 983.06 per share.,833,818889.0,D
PH,2026-02-11,PARMENTIER JENNIFER A,Chief Executive Officer,Conversion of Exercise of derivative security at price 209.56 per share.,10220,2141703.0,D
PH,2026-02-11,LEOMBRUNO TODD M.,Chief Financial Officer,Conversion of Exercise of derivative security at price 158.79 per share.,4040,641512.0,D
PH,2026-02-11,ROSS ANDREW D.,President,Conversion of Exercise of derivative security at price 209.56 per share.,10220,2141703.0,D
PH,2026-02-11,PARMENTIER JENNIFER A,Chief Executive Officer,Sale at price 993.06 - 1002.73 per share.,4706,4690288.0,D
PH,2026-02-11,LEOMBRUNO TODD M.,Chief Financial Officer,Sale at price 1000.37 - 1007.99 per share.,2062,2066815.0,D
PH,2026-02-11,ROSS ANDREW D.,President,Sale at price 993.32 - 1008.05 per share.,4664,4659339.0,D
PH,2026-02-02,PAREL DINU JOHN,Chief Technology Officer,Conversion of Exercise of derivative security at price 296.00 per share.,3030,896880.0,D
PH,2026-02-02,BRACHT BEREND,Officer,Conversion of Exercise of derivative security at price 296.00 per share.,3370,997520.0,D
PH,2026-02-02,JACOBSON MATTHEW A.,Officer,Conversion of Exercise of derivative security at price 166.49 per share.,970,161495.0,D
PH,2026-02-02,PAREL DINU JOHN,Chief Technology Officer,Sale at price 950.01 - 950.48 per share.,1316,1250263.0,D
PH,2026-02-02,JACOBSON MATTHEW A.,Officer,Sale at price 949.94 per share.,564,535766.0,D
PH,2026-02-02,BRACHT BEREND,Officer,Sale at price 946.48 per share.,1457,1379021.0,D
PH,2026-01-30,GENTILE THOMAS C.,Officer,Conversion of Exercise of derivative security at price 209.56 per share.,5110,1070852.0,D
PH,2026-01-30,IVES ANGELA R,Officer,Conversion of Exercise of derivative security at price 296.00 per share.,2360,698560.0,D
PH,2026-01-30,GENTILE THOMAS C.,Officer,Sale at price 936.10 - 947.08 per share.,2376,2236546.0,D
PH,2026-01-30,IVES ANGELA R,Officer,Sale at price 952.30 per share.,1066,1015152.0,D
PH,2025-12-11,ROSS ANDREW D.,Chief Operating Officer,Conversion of Exercise of derivative security at price 296.00 per share.,6740,1995040.0,D
PH,2025-12-11,ROSS ANDREW D.,Chief Operating Officer,Sale at price 893.10 - 895.72 per share.,2488,2226299.0,D
PH,2025-12-03,LOBO KEVIN A,Director,Stock Gift at price 0.00 per share.,2048,0.0,D
PH,2025-11-19,IVES ANGELA R,Officer,Stock Gift at price 0.00 per share.,10,0.0,D
PH,2025-11-14,IVES ANGELA R,Officer,Stock Gift at price 0.00 per share.,10,0.0,D
PH,2025-11-12,BRACHT BEREND,Officer,Conversion of Exercise of derivative security at price 296.00 per share.,3370,997520.0,D
PH,2025-11-12,REIDY JAY,Officer,Conversion of Exercise of derivative security at price 296.00 per share.,1080,319680.0,D
PH,2025-11-12,BRACHT BEREND,Officer,Sale at price 863.75 - 865.03 per share.,3507,3032087.0,D
PH,2025-11-12,BENDALI RACHID,Officer,Sale at price 852.99 per share.,1437,1225747.0,D
PH,2025-11-12,REIDY JAY,Officer,Sale at price 863.62 per share.,391,337675.0,D
PH,2025-10-22,WOZNIAK BETH A,Director,Stock Award(Grant) at price 0.00 per share.,258,0.0,D
PH,2025-10-22,VERRIER JAMES R.,Director,Stock Award(Grant) at price 0.00 per share.,258,0.0,D
PH,2025-09-02,VERRIER JAMES R.,Director,Sale at price 750.00 per share.,1500,1125000.0,D
PH,2025-08-25,LEONTI JOSEPH R.,General Counsel,Conversion of Exercise of derivative security at price 299.19 per share.,2617,782980.0,D
PH,2025-08-25,LEONTI JOSEPH R.,General Counsel,Sale at price 750.40 - 750.94 per share.,4625,3472625.0,D
PH,2025-08-12,PAREL DINU JOHN,Chief Technology Officer,Sale at price 741.14 per share.,1103,817477.0,D
PH,2025-08-08,IVES ANGELA R,Officer,Conversion of Exercise of derivative security at price 209.56 per share.,910,190700.0,D
PH,2025-08-08,SCOTT PATRICK M.,Officer,Conversion of Exercise of derivative security at price 166.49 per share.,1380,229756.0,D
PH,2025-08-08,HART MARK J,Officer,Sale at price 730.22 per share.,2257,1648107.0,D
PH,2025-08-08,GENTILE THOMAS C.,Officer,Sale at price 729.50 per share.,1133,826524.0,D
DOV,2026-02-19,TOBIN RICHARD J.,Chief Executive Officer,Sale at price 232.70 per share.,76997,17917202.0,D
DOV,2026-02-19,TOBIN RICHARD J.,Chief Executive Officer,Conversion of Exercise of derivative security at price 79.75 per share.,210658,16799976.0,D
DOV,2026-02-17,CABRERA IVONNE M.,General Counsel,Sale at price 233.23 per share.,4000,932912.0,D
DOV,2026-02-13,PAULSON RYAN,Officer,Stock Award(Grant) at price 0.00 per share.,938,0.0,D
DOV,2026-02-13,YEHLE JEFFREY,Officer,Stock Award(Grant) at price 0.00 per share.,648,0.0,D
DOV,2026-02-13,WOENKER CHRISTOPHER B,Chief Financial Officer,Stock Award(Grant) at price 0.00 per share.,1893,0.0,D
DOV,2026-02-13,MORAN JAMES M,Officer and Treasurer,Stock Award(Grant) at price 0.00 per share.,804,0.0,D
DOV,2026-02-13,CABRERA IVONNE M.,General Counsel,Stock Award(Grant) at price 0.00 per share.,4441,0.0,D
DOV,2026-02-13,TOBIN RICHARD J.,Chief Executive Officer,Stock Award(Grant) at price 0.00 - 231.63 per share.,36149,5973274.0,D
DOV,2026-02-13,JUNEJA GIRISH,Officer,Stock Award(Grant) at price 0.00 per share.,2856,0.0,D
DOV,2026-02-11,JUNEJA GIRISH,Officer,Sale at price 230.77 per share.,1500,346155.0,D
DOV,2026-01-07,MORAN JAMES M,Officer and Treasurer,Conversion of Exercise of derivative security at price 48.28 per share.,3728,179988.0,D
DOV,2025-12-08,TOBIN RICHARD J.,Chief Executive Officer,Stock Gift at price 0.00 per share.,2617,0.0,D
DOV,2025-12-04,CABRERA IVONNE M.,General Counsel,Sale at price 190.80 per share.,2630,501816.0,D
DOV,2025-12-03,CABRERA IVONNE M.,General Counsel,Conversion of Exercise of derivative security at price 48.28 per share.,39775,1920337.0,D
DOV,2025-11-28,WOENKER CHRISTOPHER B,Chief Financial Officer,Sale at price 186.04 per share.,1627,302695.0,D
DOV,2025-11-26,WOENKER CHRISTOPHER B,Chief Financial Officer,Conversion of Exercise of derivative security at price 48.28 per share.,3107,150006.0,D
DOV,2025-11-20,MORAN JAMES M,Officer and Treasurer,Conversion of Exercise of derivative security at price 48.28 per share.,3729,180036.0,D
DOV,2025-11-17,GILBERTSON H. JOHN JR.,Director,Stock Award(Grant) at price 180.05 per share.,972,175009.0,D
DOV,2025-11-17,DEHAAS DEBORAH L.,Director,Stock Award(Grant) at price 180.05 per share.,972,175009.0,D
DOV,2025-11-17,OSTLING DANITA K,Director,Stock Award(Grant) at price 180.05 per share.,972,175009.0,D
DOV,2025-11-17,MANLEY MICHAEL MARK,Director,Stock Award(Grant) at price 180.05 per share.,972,175009.0,D
DOV,2025-11-17,HOWZE MARC A,Director,Stock Award(Grant) at price 180.05 per share.,972,175009.0,D
DOV,2025-11-17,SPIEGEL ERIC A.,Director,Stock Award(Grant) at price 180.05 per share.,972,175009.0,D
DOV,2025-11-17,GRAHAM KRISTIANE CRANE,Director,Stock Award(Grant) at price 180.05 per share.,972,175009.0,D
DOV,2025-11-17,WANDELL KEITH E.,Director,Stock Award(Grant) at price 180.05 per share.,972,175009.0,D
DOV,2025-02-14,PAULSON RYAN,Officer,Stock Award(Grant) at price 0.00 per share.,690,0.0,D
DOV,2025-02-14,YEHLE JEFFREY,Officer,Stock Award(Grant) at price 0.00 per share.,643,0.0,D
DOV,2025-02-14,WOENKER CHRISTOPHER B,Chief Financial Officer,Stock Award(Grant) at price 0.00 per share.,1529,0.0,D
DOV,2025-02-14,CABRERA IVONNE M.,General Counsel,Stock Award(Grant) at price 0.00 per share.,3945,0.0,D
DOV,2025-02-14,TOBIN RICHARD J.,Chief Executive Officer,Stock Award(Grant) at price 0.00 per share.,28827,0.0,D
DOV,2025-02-14,JUNEJA GIRISH,Officer,Stock Award(Grant) at price 0.00 per share.,2316,0.0,D
DOV,2025-02-14,MORAN JAMES M,Officer and Treasurer,Stock Award(Grant) at price 0.00 per share.,615,0.0,D
DOV,2024-12-06,GRAHAM KRISTIANE CRANE,Director,Stock Gift at price 0.00 per share.,24500,0.0,D
DOV,2024-11-15,GILBERTSON H. JOHN JR.,Director,Stock Award(Grant) at price 201.18 per share.,870,175027.0,D
DOV,2024-11-15,DEHAAS DEBORAH L.,Director,Stock Award(Grant) at price 201.18 per share.,870,175027.0,D
DOV,2024-11-15,OSTLING DANITA K,Director,Stock Award(Grant) at price 201.18 per share.,870,175027.0,D
DOV,2024-11-15,MANLEY MICHAEL MARK,Director,Stock Award(Grant) at price 201.18 per share.,870,175027.0,D
DOV,2024-11-15,HOWZE MARC A,Director,Stock Award(Grant) at price 201.18 per share.,870,175027.0,D
DOV,2024-11-15,SPIEGEL ERIC A.,Director,Stock Award(Grant) at price 201.18 per share.,870,175027.0,D
DOV,2024-11-15,GRAHAM KRISTIANE CRANE,Director,Stock Award(Grant) at price 201.18 per share.,870,175027.0,D
DOV,2024-11-15,WANDELL KEITH E.,Director,Stock Award(Grant) at price 201.18 per share.,870,175027.0,D
DOV,2024-11-15,JOHNSTON MICHAEL F,Director,Stock Award(Grant) at price 201.18 per share.,892,179453.0,D
DOV,2024-11-11,CABRERA IVONNE M.,General Counsel,Sale at price 204.31 per share.,2500,510775.0,D
DOV,2024-11-07,JUNEJA GIRISH,Officer,Sale at price 201.62 per share.,1000,201620.0,D
DOV,2024-11-06,CABRERA IVONNE M.,General Counsel,Conversion of Exercise of derivative security at price 61.79 per share.,31074,1920062.0,D
DOV,2024-09-06,CEREPAK BRAD M,Chief Financial Officer,Sale at price 175.00 per share.,14818,2593150.0,D
DOV,2024-08-30,CEREPAK BRAD M,Chief Financial Officer,Conversion of Exercise of derivative security at price 61.79 per share.,40000,2471600.0,D
DOV,2024-08-29,CABRERA IVONNE M.,General Counsel,Sale at price 185.00 per share.,1220,225700.0,D
DOV,2024-08-21,TOBIN RICHARD J.,Chief Executive Officer,Sale at price 181.96 per share.,25004,4549695.0,D
UNP,2026-08-10,HAMANN JENNIFER L,Chief Financial Officer,Stock Award(Grant) at price 292.24 per share.,7,2325.0,D
UNP,2026-08-10,ROCKER KENYATTA G.,Officer,Stock Award(Grant) at price 292.24 per share.,2,744.0,I
UNP,2026-08-10,CONLIN CHRISTINA B,Officer,Stock Award(Grant) at price 292.24 per share.,2,635.0,D
UNP,2026-08-10,POWERS CARRIE J.,Officer,Stock Award(Grant) at price 292.24 per share.,5,1580.0,D
UNP,2026-08-10,JALALI RAHUL,Chief Technology Officer,Stock Award(Grant) at price 292.24 per share.,8,2400.0,D
UNP,2026-07-10,HAMANN JENNIFER L,Chief Financial Officer,Stock Award(Grant) at price 286.96 per share.,8,2325.0,D
UNP,2026-07-10,ROCKER KENYATTA G.,Officer,Stock Award(Grant) at price 286.96 per share.,7,2144.0,D/I
UNP,2026-07-10,CONLIN CHRISTINA B,Officer,Stock Award(Grant) at price 286.96 per share.,2,635.0,D
UNP,2026-07-10,POWERS CARRIE J.,Officer,Stock Award(Grant) at price 286.96 per share.,5,1580.0,D
UNP,2026-07-10,JALALI RAHUL,Chief Technology Officer,Stock Award(Grant) at price 286.96 per share.,8,2400.0,D
UNP,2026-06-10,HAMANN JENNIFER L,Chief Financial Officer,Stock Award(Grant) at price 267.03 per share.,8,2325.0,D
UNP,2026-06-10,ROCKER KENYATTA G.,Officer,Stock Award(Grant) at price 267.03 per share.,15,4244.0,D/I
UNP,2026-06-10,CONLIN CHRISTINA B,Officer,Stock Award(Grant) at price 267.03 per share.,7,1905.0,D
UNP,2026-06-10,POWERS CARRIE J.,Officer,Stock Award(Grant) at price 267.03 per share.,5,1580.0,D
UNP,2026-06-10,GEHRINGER ERIC J.,Officer,Stock Award(Grant) at price 267.03 per share.,13,3500.0,D
UNP,2026-06-10,JALALI RAHUL,Chief Technology Officer,Stock Award(Grant) at price 267.03 per share.,8,2400.0,D
UNP,2026-06-03,GEHRINGER ERIC J.,Officer,Sale at price 263.96 per share.,2991,789504.0,D
UNP,2026-05-08,HAMANN JENNIFER L,Chief Financial Officer,Stock Award(Grant) at price 264.65 per share.,8,2325.0,D
UNP,2026-05-08,ROCKER KENYATTA G.,Officer,Stock Award(Grant) at price 264.65 per share.,16,4244.0,D/I
UNP,2026-05-08,JALALI RAHUL,Chief Technology Officer,Stock Award(Grant) at price 264.65 per share.,9,2400.0,D
UNP,2026-05-08,CONLIN CHRISTINA B,Officer,Stock Award(Grant) at price 264.65 per share.,7,1905.0,D
UNP,2026-05-08,POWERS CARRIE J.,Officer,Stock Award(Grant) at price 264.65 per share.,5,1580.0,D
UNP,2026-05-08,GEHRINGER ERIC J.,Officer,Stock Award(Grant) at price 264.65 per share.,14,3750.0,D
UNP,2026-04-24,ROCKER KENYATTA G.,Officer,Conversion of Exercise of derivative security at price 161.57 - 186.11 per share.,27387,4806048.0,D
UNP,2026-04-24,ROCKER KENYATTA G.,Officer,Sale at price 271.76 per share.,27387,7442691.0,D
UNP,2026-04-24,HAMANN JENNIFER L,Chief Financial Officer,Sale at price 274.70 per share.,2000,549400.0,D
UNP,2026-04-10,HAMANN JENNIFER L,Chief Financial Officer,Stock Award(Grant) at price 250.51 per share.,9,2325.0,D
UNP,2026-04-10,ROCKER KENYATTA G.,Officer,Stock Award(Grant) at price 250.51 per share.,16,4244.0,D/I
UNP,2026-04-10,JALALI RAHUL,Chief Technology Officer,Stock Award(Grant) at price 250.51 per share.,9,2400.0,D
UNP,2026-04-10,CONLIN CHRISTINA B,Officer,Stock Award(Grant) at price 250.51 per share.,7,1905.0,D
UNP,2026-04-10,POWERS CARRIE J.,Officer,Stock Award(Grant) at price 250.51 per share.,6,1580.0,D
UNP,2026-04-10,GEHRINGER ERIC J.,Officer,Stock Award(Grant) at price 250.51 per share.,14,3750.0,D
UNP,2026-04-10,VENA VINCENZO JIM,Chief Executive Officer,Stock Award(Grant) at price 250.51 per share.,11,3000.0,D
UNP,2026-03-20,GEHRINGER ERIC J.,Officer,Sale at price 234.93 per share.,1999,469625.0,D
UNP,2026-03-10,HAMANN JENNIFER L,Chief Financial Officer,Stock Award(Grant) at price 250.21 per share.,8,2133.0,D
UNP,2026-03-10,ROCKER KENYATTA G.,Officer,Stock Award(Grant) at price 250.21 per share.,15,3767.0,D/I
UNP,2026-03-10,JALALI RAHUL,Chief Technology Officer,Stock Award(Grant) at price 250.21 per share.,9,2268.0,D
UNP,2026-03-10,CONLIN CHRISTINA B,Officer,Stock Award(Grant) at price 250.21 per share.,6,1725.0,D
UNP,2026-03-10,POWERS CARRIE J.,Officer,Stock Award(Grant) at price 250.21 per share.,6,1525.0,D
UNP,2026-03-10,GEHRINGER ERIC J.,Officer,Stock Award(Grant) at price 250.21 per share.,13,3500.0,D
UNP,2026-03-10,VENA VINCENZO JIM,Chief Executive Officer,Stock Award(Grant) at price 250.21 per share.,29,7500.0,D
UNP,2026-02-12,HAMANN JENNIFER L,Chief Financial Officer,Conversion of Exercise of derivative security at price 124.86 per share.,4243,529781.0,D
UNP,2026-02-12,GEHRINGER ERIC J.,Officer,Conversion of Exercise of derivative security at price 161.57 per share.,5271,851635.0,D
UNP,2026-02-10,HAMANN JENNIFER L,Chief Financial Officer,Stock Award(Grant) at price 261.32 per share.,8,2133.0,D
UNP,2026-02-10,ROCKER KENYATTA G.,Officer,Stock Award(Grant) at price 261.32 per share.,14,3767.0,D/I
UNP,2026-02-10,JALALI RAHUL,Chief Technology Officer,Stock Award(Grant) at price 261.32 per share.,8,2268.0,D
UNP,2026-02-10,CONLIN CHRISTINA B,Officer,Stock Award(Grant) at price 261.32 per share.,6,1725.0,D
UNP,2026-02-10,POWERS CARRIE J.,Officer,Stock Award(Grant) at price 261.32 per share.,5,1525.0,D
UNP,2026-02-10,GEHRINGER ERIC J.,Officer,Stock Award(Grant) at price 261.32 per share.,13,3500.0,D
UNP,2026-02-10,VENA VINCENZO JIM,Chief Executive Officer,Stock Award(Grant) at price 261.32 per share.,28,7500.0,D
UNP,2026-02-05,HAMANN JENNIFER L,Chief Financial Officer,Stock Award(Grant) at price 0.00 per share.,17898,0.0,D
UNP,2026-02-05,ROCKER KENYATTA G.,Officer,Stock Award(Grant) at price 0.00 per share.,15552,0.0,D/I
UNP,2026-02-05,CONLIN CHRISTINA B,Officer,Stock Award(Grant) at price 0.00 per share.,10738,0.0,D
UNP,2026-02-05,POWERS CARRIE J.,Officer,Stock Award(Grant) at price 0.00 per share.,1672,0.0,D
UNP,2026-02-05,GEHRINGER ERIC J.,Officer,Stock Award(Grant) at price 0.00 per share.,15512,0.0,D
UNP,2026-02-05,JALALI RAHUL,Chief Technology Officer,Stock Award(Grant) at price 0.00 per share.,9546,0.0,D
UNP,2026-02-05,VENA VINCENZO JIM,Chief Executive Officer,Stock Award(Grant) at price 0.00 per share.,83516,0.0,D
UNP,2026-01-09,ROCKER KENYATTA G.,Officer,Stock Award(Grant) at price 228.44 per share.,3,717.0,I
UNP,2026-01-09,CONLIN CHRISTINA B,Officer,Stock Award(Grant) at price 228.44 per share.,0,48.0,D
UNP,2026-01-09,POWERS CARRIE J.,Officer,Stock Award(Grant) at price 228.44 per share.,6,1525.0,D
CSX,2026-07-24,BURNS MICHAEL S.,Officer,Conversion of Exercise of derivative security at price 26.50 per share.,13000,344500.0,D
CSX,2026-07-24,WILLIAMS ANGELA C,Officer,Sale at price 53.29 per share.,30000,1598700.0,D
CSX,2026-07-24,BURNS MICHAEL S.,Officer,Sale at price 52.68 per share.,13000,684840.0,D
CSX,2026-06-15,WHISLER J STEVEN,Director,Stock Award(Grant) at price 47.39 per share.,791,37485.0,I
CSX,2026-06-03,BOONE KEVIN S,Chief Financial Officer,Conversion of Exercise of derivative security at price 22.70 - 23.48 per share.,136708,3199409.0,D
CSX,2026-06-03,BOONE KEVIN S,Chief Financial Officer,Sale at price 46.70 per share.,136708,6384264.0,D
CSX,2026-06-03,ZILLMER JOHN J,Director,Sale at price 46.45 per share.,10000,464500.0,D
CSX,2026-03-13,WHISLER J STEVEN,Director,Stock Award(Grant) at price 39.30 per share.,954,37492.0,I
CSX,2026-03-06,ANGEL STEPHEN F,Chief Executive Officer,Purchase at price 40.27 per share.,25000,1006750.0,D
CSX,2026-03-02,ZILLMER JOHN J,Director,Stock Gift at price 0.00 per share.,5850,0.0,D
CSX,2026-02-26,BURNS MICHAEL S.,Officer,Stock Award(Grant) at price 0.00 per share.,8207,0.0,D
CSX,2026-02-26,BEGEMAN ANN,Director,Stock Award(Grant) at price 0.00 per share.,4455,0.0,D
CSX,2026-02-26,KENNEY MARYCLARE T,Officer,Stock Award(Grant) at price 0.00 per share.,9379,0.0,D
CSX,2026-02-26,FORTUNE STEPHEN,Chief Technology Officer,Stock Award(Grant) at price 0.00 per share.,10903,0.0,D
CSX,2026-02-26,CORY MICHAEL A,Chief Operating Officer,Stock Award(Grant) at price 0.00 per share.,15241,0.0,D
CSX,2026-02-26,MOFFETT DAVID M,Director,Stock Award(Grant) at price 0.00 per share.,4455,0.0,I
CSX,2026-02-26,WAINSCOTT JAMES L,Director,Stock Award(Grant) at price 0.00 per share.,4455,0.0,D
CSX,2026-02-26,ZILLMER JOHN J,Director,Stock Award(Grant) at price 0.00 per share.,10317,0.0,D
CSX,2026-02-26,CHAND M RIZWAN,Officer,Stock Award(Grant) at price 0.00 per share.,11724,0.0,D
CSX,2026-02-26,RIEFLER LINDA H,Director,Stock Award(Grant) at price 0.00 per share.,4455,0.0,I
CSX,2026-02-26,ANGEL STEPHEN F,Chief Executive Officer,Stock Award(Grant) at price 0.00 per share.,63306,0.0,D
CSX,2026-02-26,BOSTICK THOMAS P PH.D.,Director,Stock Award(Grant) at price 0.00 per share.,4455,0.0,I
CSX,2026-02-26,WILLIAMS ANGELA C,Officer,Stock Award(Grant) at price 0.00 per share.,1876,0.0,D
CSX,2026-02-26,BOONE KEVIN S,Chief Financial Officer,Stock Award(Grant) at price 0.00 per share.,15241,0.0,D
CSX,2026-02-26,VAUTRINOT SUZANNE M.,Director,Stock Award(Grant) at price 0.00 per share.,4455,0.0,I
CSX,2026-02-26,CHOW ANNE H,Director,Stock Award(Grant) at price 0.00 per share.,4455,0.0,D
CSX,2026-02-26,HALVERSON STEVEN T,Director,Stock Award(Grant) at price 0.00 per share.,4455,0.0,I
CSX,2026-02-26,HILAL PAUL C. J.D.,Director,Stock Award(Grant) at price 0.00 per share.,4455,0.0,D
CSX,2026-02-26,WHISLER J STEVEN,Director,Stock Award(Grant) at price 0.00 per share.,4455,0.0,D
CSX,2026-02-19,SORFLEET DIANA B,Officer,Conversion of Exercise of derivative security at price 16.13 - 22.70 per share.,90000,1834264.0,D
CSX,2026-02-19,SORFLEET DIANA B,Officer,Sale at price 41.56 per share.,90000,3740400.0,D
CSX,2026-02-03,FORTUNE STEPHEN,Chief Technology Officer,Conversion of Exercise of derivative security at price 31.67 per share.,31456,996212.0,D
CSX,2026-02-03,FORTUNE STEPHEN,Chief Technology Officer,Sale at price 38.65 per share.,31456,1215774.0,D
CSX,2026-01-28,SORFLEET DIANA B,Officer,Sale at price 37.48 per share.,66667,2498679.0,D
CSX,2026-01-23,BURNS MICHAEL S.,Officer,Stock Award(Grant) at price 0.00 per share.,298,0.0,D
CSX,2026-01-23,KENNEY MARYCLARE T,Officer,Stock Award(Grant) at price 0.00 per share.,355,0.0,D
CSX,2026-01-23,FORTUNE STEPHEN,Chief Technology Officer,Stock Award(Grant) at price 0.00 per share.,2298,0.0,D
CSX,2026-01-23,CORY MICHAEL A,Chief Operating Officer,Stock Award(Grant) at price 0.00 per share.,2397,0.0,D
CSX,2026-01-23,WILLIAMS ANGELA C,Officer,Stock Award(Grant) at price 0.00 per share.,336,0.0,D
CSX,2026-01-23,SORFLEET DIANA B,Officer,Stock Award(Grant) at price 0.00 per share.,2298,0.0,D
CSX,2026-01-23,BOONE KEVIN S,Chief Financial Officer,Stock Award(Grant) at price 0.00 per share.,3113,0.0,D
CSX,2025-12-15,WHISLER J STEVEN,Director,Stock Award(Grant) at price 37.18 per share.,1681,62500.0,I
CSX,2025-12-04,HILAL PAUL C. J.D.,Director,Stock Gift at price 0.00 per share.,10000,0.0,D
CSX,2025-11-14,KENNEY MARYCLARE T,Officer,Stock Award(Grant) at price 0.00 per share.,1296,0.0,D
CSX,2025-10-22,BOONE KEVIN S,Officer,Conversion of Exercise of derivative security at price 17.59 - 17.94 per share.,31053,551502.0,D
CSX,2025-10-22,BOONE KEVIN S,Officer,Sale at price 36.09 per share.,31053,1120703.0,D
CSX,2025-10-20,ANGEL STEPHEN F,Chief Executive Officer,Purchase at price 36.87 per share.,55000,2027850.0,D
CSX,2025-10-20,BURNS MICHAEL S.,Officer,Conversion of Exercise of derivative security at price 17.94 - 22.70 per share.,24249,488063.0,D
CSX,2025-10-20,BURNS MICHAEL S.,Officer,Sale at price 36.76 per share.,24249,891393.0,D
CSX,2025-09-15,WHISLER J STEVEN,Director,Stock Award(Grant) at price 32.50 per share.,1154,37505.0,D
CSX,2025-06-13,WHISLER J STEVEN,Director,Stock Award(Grant) at price 32.12 per share.,1167,37484.0,I
CSX,2025-03-14,WHISLER J STEVEN,Director,Stock Award(Grant) at price 30.01 per share.,1250,37512.0,I
CSX,2025-03-04,FORTUNE STEPHEN,Officer,Sale at price 31.41 per share.,1500,47115.0,D
CSX,2025-02-19,HILAL PAUL C. J.D.,Director,Stock Gift at price 0.00 per share.,30000,0.0,D
CSX,2025-02-14,BEGEMAN ANN,Director,Stock Award(Grant) at price 0.00 per share.,5694,0.0,D
CSX,2025-02-14,PELKEY SEAN R.,Chief Financial Officer,Stock Award(Grant) at price 0.00 per share.,16482,0.0,D
CSX,2025-02-14,FORTUNE STEPHEN,Officer,Stock Award(Grant) at price 0.00 per share.,13935,0.0,D
CSX,2025-02-14,CORY MICHAEL A,Chief Operating Officer,Stock Award(Grant) at price 0.00 per share.,18880,0.0,D
CSX,2025-02-14,BURNS MICHAEL S.,Officer,Stock Award(Grant) at price 0.00 per share.,9590,0.0,D
CSX,2025-02-14,MOFFETT DAVID M,Director,Stock Award(Grant) at price 0.00 per share.,5694,0.0,I
NSC,2025-12-05,CLYBURN WILLIAM JR.,Director,Purchase at price 294.79 per share.,204,60137.0,D
NSC,2025-11-19,BHATT ANIL,Chief Technology Officer,Sale at price 281.60 per share.,900,253442.0,D
NSC,2025-11-05,"FAHMY, SAMEH",Director,Purchase at price 282.97 per share.,1650,466900.0,D
NSC,2025-10-27,ANDERSON RICHARD H,Director,Purchase at price 281.86 per share.,2600,732823.0,I
NSC,2025-01-31,LAMPHERE GILBERT H,Director,Purchase at price 259.86 per share.,607,157735.0,D
NSC,2025-01-30,ZAMPI JASON ANDREW,Chief Financial Officer,Stock Award(Grant) at price 0.00 per share.,138,0.0,D
NSC,2025-01-30,GEORGE MARK R.,Chief Executive Officer,Stock Award(Grant) at price 0.00 per share.,1638,0.0,D
NSC,2025-01-30,ELKINS CLAUDE E,Officer,Stock Award(Grant) at price 0.00 per share.,1086,0.0,D
NSC,2025-01-30,MOORE CLAIBORNE L.,Officer,Stock Award(Grant) at price 0.00 per share.,56,0.0,D
NSC,2024-12-13,CLYBURN WILLIAM JR.,Director,Purchase at price 248.41 per share.,201,49930.0,D
NSC,2024-12-13,ANDERSON RICHARD H,Director,Purchase at price 248.60 - 248.69 per share.,400,99459.0,I
NSC,2024-12-12,"FAHMY, SAMEH",Director,Purchase at price 249.37 per share.,350,87280.0,D
NSC,2024-12-11,GEORGE MARK R.,Chief Executive Officer,Purchase at price 249.84 per share.,200,49967.0,D
NSC,2024-10-24,"FAHMY, SAMEH",Director,Purchase at price 255.00 per share.,1000,255000.0,D
NSC,2024-10-24,ANDERSON RICHARD H,Director,Purchase at price 257.85 per share.,1000,257850.0,I
NSC,2024-09-13,SHAW ALAN H,Former,Sale at price 255.98 per share.,51325,13138302.0,D
NSC,2024-09-13,SHAW ALAN H,Former,Conversion of Exercise of derivative security at price 70.32 - 241.18 per share.,51325,6672722.0,D
NSC,2024-08-22,"FAHMY, SAMEH",Director,Stock Award(Grant) at price 237.75 per share.,1000,237750.0,D
UPS,2026-01-28,BROTHERS NORMAN MICHAEL JR.,Officer,Sale at price 106.04 - 107.68 per share.,25014,2655195.0,D
UPS,2025-08-22,SHI CHRISTIANA SMITH,Director,Purchase at price 88.17 per share.,500,44084.0,D
UPS,2025-08-01,TOME CAROL B.,Chief Executive Officer,Purchase at price 85.67 per share.,11682,1000816.0,D
UPS,2025-07-31,JOHNSON WILLIAM R,Director,Purchase at price 86.50 per share.,5000,432477.0,D
UPS,2024-11-25,BROTHERS NORMAN MICHAEL JR.,Officer,Sale at price 138.57 per share.,7325,1015009.0,D
FDX,2026-07-02,TALWAR VISHAL,Officer,Stock Award(Grant) at price 0.00 per share.,4734,0.0,D
FDX,2026-07-02,ADAMS GINA F,General Counsel,Stock Award(Grant) at price 0.00 per share.,4734,0.0,D
FDX,2026-06-30,WALSH PAUL S,Director,Sale at price 324.56 per share.,5042,1636432.0,D
FDX,2026-06-30,WALSH PAUL S,Director,Conversion of Exercise of derivative security at price 137.85 per share.,5042,695040.0,D
FDX,2026-06-25,TALWAR VISHAL,Officer,Stock Award(Grant) at price 0.00 per share.,4734,0.0,D
FDX,2026-06-25,PREET KAWAL,Officer,Stock Award(Grant) at price 0.00 per share.,4734,0.0,D
FDX,2026-06-25,PREET KAWAL,Officer,Stock Award(Grant) at price 0.00 per share.,4734,0.0,D
FDX,2026-06-25,RAY SCOTT L.,Officer,Stock Award(Grant) at price 0.00 per share.,4734,0.0,D
FDX,2026-06-25,RAY SCOTT L.,Officer,Stock Award(Grant) at price 0.00 per share.,4734,0.0,D
FDX,2026-06-25,RUSS CLAUDE F.,Chief Financial Officer,Stock Award(Grant) at price 0.00 per share.,1635,0.0,D
FDX,2026-06-25,RUSS CLAUDE F.,Chief Financial Officer,Stock Award(Grant) at price 0.00 per share.,1635,0.0,D
FDX,2026-06-25,SMITH RICHARD W.,Officer and Director,Stock Award(Grant) at price 0.00 per share.,4734,0.0,D
FDX,2026-06-25,SMITH RICHARD W.,Officer and Director,Stock Award(Grant) at price 0.00 per share.,4734,0.0,D
FDX,2026-06-25,ADAMS GINA F,General Counsel,Stock Award(Grant) at price 0.00 per share.,4734,0.0,D
FDX,2026-06-25,BRIGHTMAN TRACY B,Officer,Stock Award(Grant) at price 0.00 per share.,4734,0.0,D
FDX,2026-06-25,BRIGHTMAN TRACY B,Officer,Stock Award(Grant) at price 0.00 per share.,4734,0.0,D
FDX,2026-06-25,EDMUNDS MARK A.,Director,Stock Award(Grant) at price 0.00 per share.,187,0.0,D
FDX,2026-06-25,CARERE BRIE,Officer,Stock Award(Grant) at price 0.00 per share.,4734,0.0,D
FDX,2026-06-25,CARERE BRIE,Officer,Stock Award(Grant) at price 0.00 per share.,4734,0.0,D
FDX,2026-06-25,SUBRAMANIAM RAJESH,Chief Executive Officer,Stock Award(Grant) at price 0.00 per share.,14591,0.0,D
FDX,2026-06-25,SUBRAMANIAM RAJESH,Chief Executive Officer,Stock Award(Grant) at price 0.00 per share.,14591,0.0,D
FDX,2026-06-25,MARTIN ROBERT BRAD,Officer and Director,Stock Award(Grant) at price 0.00 per share.,8711,0.0,D
FDX,2026-05-05,GRIFFITH SUSAN PATRICIA,Director,Conversion of Exercise of derivative security at price 244.88 - 247.08 per share.,4123,1012574.0,D
FDX,2026-04-27,GORMAN STEPHEN E,Director,Conversion of Exercise of derivative security at price 146.62 per share.,4727,693073.0,D
FDX,2026-04-20,SUBRAMANIAM RAJESH,Chief Executive Officer,Conversion of Exercise of derivative security at price 207.31 - 261.78 per share.,21305,4917046.0,D
FDX,2026-04-15,SCHWAB SUSAN C,Director,Sale at price 369.00 per share.,5795,2138355.0,D
FDX,2026-04-15,BRIGHTMAN TRACY B,Officer,Sale at price 363.30 - 363.61 per share.,16959,6164156.0,D
FDX,2026-04-15,BRIGHTMAN TRACY B,Officer,Conversion of Exercise of derivative security at price 229.60 - 294.60 per share.,11865,2986793.0,D
FDX,2026-04-15,SCHWAB SUSAN C,Director,Conversion of Exercise of derivative security at price 219.26 - 244.88 per share.,5795,1341821.0,D
FDX,2026-04-14,SMITH RICHARD W.,Officer and Director,Stock Gift at price 0.00 per share.,600,0.0,I
FDX,2026-04-14,CARERE BRIE,Officer,Sale at price 370.03 per share.,2700,999068.0,D
FDX,2026-04-14,ADAMS GINA F,General Counsel,Sale at price 366.02 - 367.37 per share.,20450,7493856.0,D
FDX,2026-04-14,PREET KAWAL,Officer,Sale at price 367.89 per share.,4900,1802661.0,D
FDX,2026-04-14,ADAMS GINA F,General Counsel,Conversion of Exercise of derivative security at price 130.96 - 162.82 per share.,20450,3077156.0,D
FDX,2026-04-14,ERWIN GUY M II,Officer,Conversion of Exercise of derivative security at price 130.96 - 294.61 per share.,5313,1264679.0,D
FDX,2026-04-14,PREET KAWAL,Officer,Conversion of Exercise of derivative security at price 207.31 - 214.00 per share.,4900,1025921.0,D
FDX,2026-04-14,SMITH RICHARD W.,Officer and Director,Conversion of Exercise of derivative security at price 162.82 per share.,3805,619530.0,D
FDX,2026-04-14,MARTIN ROBERT BRAD,Officer and Director,Conversion of Exercise of derivative security at price 147.28 - 244.88 per share.,15100,2821168.0,D
FDX,2026-03-23,MARTIN ROBERT BRAD,Officer and Director,Stock Award(Grant) at price 0.00 per share.,4153,0.0,D
FDX,2026-02-18,SUBRAMANIAM RAJESH,Chief Executive Officer,Conversion of Exercise of derivative security at price 162.82 per share.,13225,2153294.0,D
FDX,2025-09-29,DAVILA SILVIA,Director,Stock Award(Grant) at price 0.00 - 236.88 per share.,1118,69881.0,D
FDX,2025-09-29,NORTON NANCY A,Director,Stock Award(Grant) at price 0.00 per share.,823,0.0,D
FDX,2025-09-29,GORMAN STEPHEN E,Director,Stock Award(Grant) at price 0.00 per share.,823,0.0,D
FDX,2025-09-29,ELLISON MARVIN R,Director,Stock Award(Grant) at price 0.00 - 236.88 per share.,1118,69881.0,D
FDX,2025-09-29,RAMO JOSHUA COOPER,Director,Stock Award(Grant) at price 0.00 - 236.88 per share.,1414,139999.0,D
FDX,2025-09-29,PERPALL FREDERICK,Director,Stock Award(Grant) at price 0.00 per share.,823,0.0,D
FDX,2025-09-29,SCHWAB SUSAN C,Director,Stock Award(Grant) at price 0.00 - 236.88 per share.,1118,69881.0,D
FDX,2025-09-29,MARTIN ROBERT BRAD,Officer and Director,Stock Award(Grant) at price 0.00 per share.,6401,0.0,D
FDX,2025-09-29,GRIFFITH SUSAN PATRICIA,Director,Stock Award(Grant) at price 0.00 - 236.88 per share.,1414,139999.0,D
FDX,2025-09-29,WALSH PAUL S,Director,Stock Award(Grant) at price 0.00 per share.,823,0.0,D
FDX,2025-09-29,LANE AMY BETH,Director,Stock Award(Grant) at price 0.00 per share.,823,0.0,D
FDX,2025-09-22,TALWAR VISHAL,Officer,Stock Award(Grant) at price 0.00 per share.,9302,0.0,D
FDX,2025-07-23,RAMO JOSHUA COOPER,Director,Sale at price 232.23 per share.,3610,838361.0,D
FDX,2025-07-23,RAMO JOSHUA COOPER,Director,Conversion of Exercise of derivative security at price 142.11 per share.,3610,513017.0,D
FDX,2025-07-09,ELLISON MARVIN R,Director,Sale at price 236.94 per share.,3610,855353.0,D
FDX,2025-07-09,ELLISON MARVIN R,Director,Conversion of Exercise of derivative security at price 142.11 per share.,3610,513017.0,D
FDX,2025-07-08,WALSH PAUL S,Director,Sale at price 238.29 per share.,3610,860241.0,D
FDX,2025-07-08,WALSH PAUL S,Director,Conversion of Exercise of derivative security at price 142.11 per share.,3610,513017.0,D
FDX,2025-07-07,MARTIN ROBERT BRAD,Director,Sale at price 241.75 per share.,2123,513235.0,D
FDX,2025-07-07,MARTIN ROBERT BRAD,Director,Conversion of Exercise of derivative security at price 142.11 per share.,3610,513017.0,D
ODFL,2026-05-27,CONGDON DAVID S,Officer and Director,Stock Gift at price 0.00 per share.,295670,0.0,I
ODFL,2026-05-20,AAHOLM SHERRY A.,Director,Stock Award(Grant) at price 0.00 per share.,859,0.0,D
ODFL,2026-05-20,GABOSCH BRADLEY R,Director,Stock Award(Grant) at price 0.00 per share.,859,0.0,D
ODFL,2026-05-20,KASARDA JOHN D,Director,Stock Award(Grant) at price 0.00 per share.,859,0.0,D
ODFL,2026-05-20,GANTT GREG C,Director,Stock Award(Grant) at price 0.00 per share.,859,0.0,D
ODFL,2026-05-20,CONGDON JOHN R JR,Director,Stock Award(Grant) at price 0.00 per share.,859,0.0,D
ODFL,2026-05-20,MILLER CHERYL S,Director,Stock Award(Grant) at price 0.00 per share.,859,0.0,D
ODFL,2026-05-20,STALLINGS WENDY T,Director,Stock Award(Grant) at price 0.00 per share.,859,0.0,D
ODFL,2026-05-20,STITH THOMAS A III,Director,Stock Award(Grant) at price 0.00 per share.,859,0.0,D
ODFL,2026-05-20,DAVIS ANDREW STEPHEN,Director,Stock Award(Grant) at price 0.00 per share.,859,0.0,D
ODFL,2026-05-20,SMITH ALBERT ALBERT II,Director,Stock Award(Grant) at price 0.00 per share.,859,0.0,D
ODFL,2026-05-19,CONGDON DAVID S,Officer and Director,Stock Gift at price 0.00 per share.,73730,0.0,I
ODFL,2026-05-18,CONGDON EARL E,Officer,Stock Gift at price 0.00 per share.,7370,0.0,I
ODFL,2026-05-04,GANTT GREG C,Director,Sale at price 190.39 - 193.24 per share.,22107,4233826.0,D
ODFL,2026-02-26,CONGDON EARL E,Officer,Sale at price 195.62 - 196.50 per share.,25000,4903174.0,I
ODFL,2026-02-26,CONGDON EARL E,Officer,Stock Gift at price 0.00 per share.,5792,0.0,I
ODFL,2026-02-25,CONGDON DAVID S,Officer and Director,Stock Gift at price 0.00 per share.,3822,0.0,I
ODFL,2026-02-23,CONGDON DAVID S,Officer and Director,Stock Gift at price 0.00 per share.,30415,0.0,I
ODFL,2026-02-19,CONGDON DAVID S,Officer and Director,Sale at price 194.67 - 195.17 per share.,52000,10127840.0,I
ODFL,2026-02-18,GABOSCH BRADLEY R,Director,Sale at price 194.27 per share.,3134,608842.0,D
ODFL,2026-02-18,KELLEY CHRISTOPHER JAMES,Officer,Sale at price 200.43 per share.,80,16034.0,I
ODFL,2026-02-12,CONGDON JOHN R JR,Director,Stock Gift at price 0.00 per share.,3084,0.0,I
ODFL,2026-02-11,PARR ROSS H.,General Counsel,Stock Award(Grant) at price 0.00 per share.,3272,0.0,D
ODFL,2026-02-11,SATTERFIELD ADAM N,Chief Financial Officer,Stock Award(Grant) at price 0.00 per share.,4098,0.0,D
ODFL,2026-02-11,FREEMAN KEVIN M,Chief Executive Officer,Stock Award(Grant) at price 0.00 per share.,6243,0.0,D
ODFL,2026-02-11,OVERBEY CECIL E JR,Officer,Stock Award(Grant) at price 0.00 per share.,3272,0.0,D
ODFL,2026-02-11,BROOKS CHRISTOPHER T,Officer,Stock Award(Grant) at price 0.00 per share.,3204,0.0,D
ODFL,2026-02-11,PLEMMONS GREGORY B,Chief Operating Officer,Stock Award(Grant) at price 0.00 per share.,4098,0.0,D
ODFL,2026-02-11,KELLEY CHRISTOPHER JAMES,Officer,Stock Award(Grant) at price 0.00 per share.,3204,0.0,D
ODFL,2026-02-11,HARTSELL STEVEN W.,Officer,Stock Award(Grant) at price 0.00 per share.,3204,0.0,D
ODFL,2026-02-11,BRINKER CLAYTON G,Officer,Stock Award(Grant) at price 0.00 per share.,1537,0.0,D
ODFL,2026-02-09,GANTT GREG C,Director,Sale at price 196.43 per share.,12024,2361874.0,D
ODFL,2025-08-25,CONGDON EARL E,Officer,Stock Gift at price 0.00 per share.,22350,0.0,I
ODFL,2025-08-21,CONGDON EARL E,Officer,Stock Gift at price 0.00 per share.,4840,0.0,I
ODFL,2025-05-21,AAHOLM SHERRY A.,Director,Stock Award(Grant) at price 0.00 per share.,1029,0.0,D
ODFL,2025-05-21,GABOSCH BRADLEY R,Director,Stock Award(Grant) at price 0.00 per share.,1029,0.0,D
ODFL,2025-05-21,GANTT GREG C,Director,Stock Award(Grant) at price 0.00 per share.,1029,0.0,D
ODFL,2025-05-21,CONGDON JOHN R JR,Director,Stock Award(Grant) at price 0.00 per share.,1029,0.0,D
ODFL,2025-05-21,MILLER CHERYL S,Director,Stock Award(Grant) at price 0.00 per share.,1029,0.0,D
ODFL,2025-05-21,KASARDA JOHN D,Director,Stock Award(Grant) at price 0.00 per share.,1029,0.0,D
ODFL,2025-05-21,STALLINGS WENDY T,Director,Stock Award(Grant) at price 0.00 per share.,1029,0.0,D
ODFL,2025-05-21,STITH THOMAS A III,Director,Stock Award(Grant) at price 0.00 per share.,1029,0.0,D
ODFL,2025-05-21,DAVIS ANDREW STEPHEN,Director,Stock Award(Grant) at price 0.00 per share.,1029,0.0,D
ODFL,2025-05-21,KING DEBRA,Director,Stock Award(Grant) at price 0.00 per share.,1029,0.0,D
ODFL,2025-05-14,CONGDON DAVID S,Officer and Director,Stock Gift at price 0.00 per share.,29410,0.0,I
ODFL,2025-02-28,SATTERFIELD ADAM N,Chief Financial Officer,Purchase at price 175.93 per share.,2457,432260.0,I
ODFL,2025-02-25,CONGDON DAVID S,Officer and Director,Stock Gift at price 0.00 per share.,2704,0.0,I
ODFL,2025-02-24,CONGDON EARL E,Officer,Stock Gift at price 0.00 per share.,2266,0.0,I
ODFL,2025-02-13,GANTT GREG C,Director,Sale at price 205.87 per share.,6414,1320450.0,D
ODFL,2025-02-12,PARR ROSS H.,General Counsel,Stock Award(Grant) at price 0.00 per share.,2760,0.0,D
ODFL,2025-02-12,SATTERFIELD ADAM N,Chief Financial Officer,Stock Award(Grant) at price 0.00 per share.,3458,0.0,D
ODFL,2025-02-12,FREEMAN KEVIN M,Chief Executive Officer,Stock Award(Grant) at price 0.00 per share.,5268,0.0,D
ODFL,2025-02-12,OVERBEY CECIL E JR,Officer,Stock Award(Grant) at price 0.00 per share.,2760,0.0,D
ODFL,2025-02-12,CONGDON JOHN R JR,Director,Stock Gift at price 0.00 per share.,2632,0.0,I
ODFL,2025-02-12,BROOKS CHRISTOPHER T,Officer,Stock Award(Grant) at price 0.00 per share.,2703,0.0,D
ODFL,2025-02-12,PLEMMONS GREGORY B,Chief Operating Officer,Stock Award(Grant) at price 0.00 per share.,3458,0.0,D
ODFL,2025-02-12,KELLEY CHRISTOPHER JAMES,Officer,Stock Award(Grant) at price 0.00 per share.,2703,0.0,D
ODFL,2025-02-12,HARTSELL STEVEN W.,Officer,Stock Award(Grant) at price 0.00 per share.,2703,0.0,D
ODFL,2025-02-12,BRINKER CLAYTON G,Officer,Stock Award(Grant) at price 0.00 per share.,544,0.0,D
ODFL,2024-11-26,CONGDON DAVID S,Officer and Director,Stock Gift at price 0.00 per share.,44815,0.0,I
GE,2026-08-11,GIGLIETTI ROBERT M,Officer,Sale at price 369.88 - 369.97 per share.,10242,3788752.0,D
GE,2026-08-11,GIGLIETTI ROBERT M,Officer,Conversion of Exercise of derivative security at price 36.65 per share.,10242,375369.0,D
GE,2026-07-24,ALI MOHAMED,Officer,Sale at price 353.64 - 353.75 per share.,8096,2863613.0,D
GE,2026-07-24,ALI MOHAMED,Officer,Conversion of Exercise of derivative security at price 69.55 - 90.01 per share.,8096,625173.0,D
GE,2026-07-23,PROCACCI RICCARDO,Officer,Sale at price 347.90 - 347.93 per share.,1517,527795.0,D
GE,2026-07-23,PROCACCI RICCARDO,Officer,Conversion of Exercise of derivative security at price 146.33 per share.,1517,221983.0,D
GE,2026-06-24,ALTHOFF JUDSON,Director,Stock Award(Grant) at price 0.00 per share.,517,0.0,D
GE,2026-05-05,GOREN ISABELLA D.,Director,Stock Award(Grant) at price 0.00 per share.,678,0.0,D
GE,2026-05-05,BAZIN SEBASTIEN M.,Director,Stock Award(Grant) at price 0.00 per share.,678,0.0,D
GE,2026-05-05,ENDERS THOMAS,Director,Stock Award(Grant) at price 0.00 per share.,678,0.0,D
GE,2026-05-05,MCDEW DARREN W,Director,Stock Award(Grant) at price 0.00 per share.,678,0.0,D
GE,2026-05-05,HORTON THOMAS W,Director,Stock Award(Grant) at price 0.00 per share.,678,0.0,D
GE,2026-05-05,BUSH WESLEY G,Director,Stock Award(Grant) at price 0.00 per share.,678,0.0,D
GE,2026-05-05,LESJAK CATHERINE ANNE,Director,Stock Award(Grant) at price 0.00 per share.,678,0.0,D
GE,2026-05-05,BILLSON MARGARET S,Director,Stock Award(Grant) at price 0.00 per share.,678,0.0,D
GE,2026-02-27,GHAI RAHUL,Officer,Stock Award(Grant) at price 0.00 per share.,45255,0.0,D
GE,2026-02-27,GOWDER AMY L,Officer,Stock Award(Grant) at price 0.00 per share.,9051,0.0,D
GE,2026-02-27,GIGLIETTI ROBERT M,Officer,Stock Award(Grant) at price 0.00 per share.,10865,0.0,D
GE,2026-02-27,PROCACCI RICCARDO,Officer,Stock Award(Grant) at price 0.00 per share.,9051,0.0,D
GE,2026-02-27,ALI MOHAMED,Officer,Stock Award(Grant) at price 0.00 per share.,15090,0.0,D
GE,2026-02-27,CULP HENRY LAWRENCE JR.,Chief Executive Officer,Stock Award(Grant) at price 0.00 per share.,401646,0.0,D
GE,2026-02-03,PROCACCI RICCARDO,Officer,Sale at price 310.11 per share.,800,248088.0,D
GE,2026-02-02,GOWDER AMY L,Officer,Sale at price 305.73 per share.,4000,1222920.0,D
GE,2026-01-30,GIGLIETTI ROBERT M,Officer,Sale at price 305.16 - 305.70 per share.,3035,927235.0,D
GE,2026-01-30,STOKES RUSSELL,Officer,Sale at price 306.46 - 306.51 per share.,30363,9305490.0,D
GE,2026-01-30,GIGLIETTI ROBERT M,Officer,Conversion of Exercise of derivative security at price 146.33 per share.,3035,444112.0,D
GE,2026-01-30,STOKES RUSSELL,Officer,Conversion of Exercise of derivative security at price 148.80 per share.,30363,4518014.0,D
GE,2025-12-01,BUSH WESLEY G,Director,Stock Award(Grant) at price 0.00 per share.,262,0.0,D
GE,2025-11-19,STOKES RUSSELL,Officer,Sale at price 297.71 per share.,8000,2381680.0,D
GE,2025-08-13,GARDEN EDWARD P,Director,Stock Gift at price 0.00 per share.,90,0.0,D
GE,2025-08-05,ALI MOHAMED,Officer,Sale at price 268.76 - 268.80 per share.,1517,407755.0,D
GE,2025-08-05,ALI MOHAMED,Officer,Conversion of Exercise of derivative security at price 146.33 per share.,1517,221983.0,D
GE,2025-05-13,PROCACCI RICCARDO,Officer,Sale at price 222.26 - 222.78 per share.,6111,1358949.0,D
GE,2025-05-13,PROCACCI RICCARDO,Officer,Conversion of Exercise of derivative security at price 123.31 per share.,5061,624072.0,D
GE,2025-05-06,GOREN ISABELLA D.,Director,Stock Award(Grant) at price 0.00 per share.,968,0.0,D
GE,2025-05-06,BAZIN SEBASTIEN M.,Director,Stock Award(Grant) at price 0.00 per share.,968,0.0,D
GE,2025-05-06,ENDERS THOMAS,Director,Stock Award(Grant) at price 0.00 per share.,968,0.0,D
GE,2025-05-06,MCDEW DARREN W,Director,Stock Award(Grant) at price 0.00 per share.,968,0.0,D
GE,2025-05-06,HORTON THOMAS W,Director,Stock Award(Grant) at price 0.00 per share.,968,0.0,D
GE,2025-05-06,ANGEL STEPHEN F,Director,Stock Award(Grant) at price 0.00 per share.,968,0.0,D
GE,2025-05-06,LESJAK CATHERINE ANNE,Director,Stock Award(Grant) at price 0.00 per share.,968,0.0,D
GE,2025-05-06,GARDEN EDWARD P,Director,Stock Award(Grant) at price 0.00 per share.,968,0.0,D
GE,2025-05-06,BILLSON MARGARET S,Director,Stock Award(Grant) at price 0.00 per share.,968,0.0,D
GE,2025-04-30,ALI MOHAMED,Officer,Sale at price 199.53 - 200.67 per share.,2023,405475.0,D
GE,2025-04-29,ALI MOHAMED,Officer,Conversion of Exercise of derivative security at price 123.31 per share.,2023,249456.0,D
GE,2025-04-25,GIGLIETTI ROBERT M,Officer,Sale at price 196.73 - 199.58 per share.,5061,998378.0,D
GE,2025-04-24,GIGLIETTI ROBERT M,Officer,Conversion of Exercise of derivative security at price 123.31 per share.,5061,624072.0,D
GE,2025-03-04,ALI MOHAMED,Officer,Sale at price 194.31 - 201.70 per share.,6196,1223304.0,D
GE,2025-02-24,STOKES RUSSELL,Officer,Sale at price 199.80 - 201.19 per share.,11841,2377966.0,D
GE,2025-02-21,STOKES RUSSELL,Officer,Conversion of Exercise of derivative security at price 123.31 per share.,11841,1460114.0,D
GE,2024-11-22,GIGLIETTI ROBERT M,Officer,Sale at price 178.34 - 179.37 per share.,23745,4253635.0,D
GE,2024-11-21,GIGLIETTI ROBERT M,Officer,Conversion of Exercise of derivative security at price 36.65 per share.,19022,697156.0,D
GE,2024-11-18,STOKES RUSSELL,Officer,Sale at price 178.19 - 178.35 per share.,15550,2772444.0,D
GE,2024-11-18,STOKES RUSSELL,Officer,Conversion of Exercise of derivative security at price 123.31 per share.,11842,1460237.0,D
GE,2024-11-06,PROCACCI RICCARDO,Officer,Sale at price 181.13 per share.,7000,1267910.0,D
HON,2026-08-03,WEST KENNETH J,Officer,Sale at price 245.47 per share.,316,77569.0,D
HON,2026-07-27,WEST KENNETH J,Officer,Sale at price 243.77 per share.,17032,4151891.0,D
HON,2026-07-27,WEST KENNETH J,Officer,Conversion of Exercise of derivative security at price 181.39 - 200.61 per share.,17032,3305215.0,D
HON,2026-03-02,CURRIER JAMES E,Officer,Sale at price 243.65 per share.,2248,547725.0,D
HON,2026-03-02,WEST KENNETH J,Officer,Sale at price 242.70 per share.,873,211877.0,D
HON,2026-02-23,LIEBLEIN GRACE D,Director,Sale at price 243.73 per share.,5847,1425089.0,D
HON,2026-02-23,LIEBLEIN GRACE D,Director,Conversion of Exercise of derivative security at price 117.58 - 163.47 per share.,7777,1058696.0,D
HON,2026-02-19,DAVIS D. SCOTT,Director,Sale at price 240.00 per share.,2367,568080.0,D
HON,2026-02-19,DAVIS D. SCOTT,Director,Conversion of Exercise of derivative security at price 117.58 per share.,3171,372846.0,D
HON,2026-02-06,MAILLOUX ROBERT D,Officer,Sale at price 239.00 per share.,5274,1260486.0,D
HON,2026-02-06,MAILLOUX ROBERT D,Officer,Conversion of Exercise of derivative security at price 171.50 per share.,5274,904491.0,D
HON,2026-01-30,MAILLOUX ROBERT D,Officer,Sale at price 229.00 per share.,10549,2415721.0,D
HON,2026-01-30,MAILLOUX ROBERT D,Officer,Conversion of Exercise of derivative security at price 164.84 - 171.50 per share.,10549,1747469.0,D
HON,2025-08-27,BOLDEA LUCIAN,Officer,Sale at price 221.44 - 221.60 per share.,42149,9339396.0,D
HON,2025-08-27,BOLDEA LUCIAN,Officer,Conversion of Exercise of derivative security at price 171.73 - 199.60 per share.,36181,6718550.0,D
HON,2025-08-01,WEST KENNETH J,Officer,Sale at price 218.10 per share.,3448,752026.0,D
HON,2025-08-01,WEST KENNETH J,Officer,Conversion of Exercise of derivative security at price 154.22 - 180.92 per share.,2759,477451.0,D
HON,2025-04-15,FLINT DEBORAH,Director,Conversion of Exercise of derivative security at price 200.38 per share.,650,130247.0,D
HON,2025-04-15,WATSON ROBIN,Director,Conversion of Exercise of derivative security at price 200.38 per share.,650,130247.0,D
HON,2025-04-15,WILLIAMSON STEPHEN,Director,Conversion of Exercise of derivative security at price 200.38 per share.,83,16632.0,D
HON,2025-04-15,LEE ROSE,Director,Conversion of Exercise of derivative security at price 200.38 per share.,650,130247.0,D
HON,2025-04-15,LIEBLEIN GRACE D,Director,Conversion of Exercise of derivative security at price 200.38 per share.,650,130247.0,D
HON,2025-04-15,BURKE KEVIN M,Director,Conversion of Exercise of derivative security at price 200.38 per share.,650,130247.0,D
HON,2025-04-15,AYER WILLIAM S,Director,Conversion of Exercise of derivative security at price 200.38 per share.,650,130247.0,D
HON,2025-04-15,ANGOVE DUNCAN B,Director,Conversion of Exercise of derivative security at price 200.38 per share.,650,130247.0,D
HON,2025-04-15,LAMACH MICHAEL W,Director,Conversion of Exercise of derivative security at price 200.38 per share.,650,130247.0,D
HON,2025-04-15,DAVIS D. SCOTT,Director,Conversion of Exercise of derivative security at price 200.38 per share.,650,130247.0,D
HON,2025-02-18,WASHINGTON ROBIN L,Director,Conversion of Exercise of derivative security at price 97.92 per share.,3164,309819.0,D
HON,2025-02-10,MADDEN ANNE T,General Counsel,Sale at price 207.89 per share.,28885,6004903.0,D
HON,2025-02-10,MADDEN ANNE T,General Counsel,Conversion of Exercise of derivative security at price 98.70 per share.,28885,2850950.0,D
HON,2024-11-15,BURKE KEVIN M,Director,Conversion of Exercise of derivative security at price 97.92 per share.,791,77455.0,D
HON,2024-11-08,DAVIS D. SCOTT,Director,Conversion of Exercise of derivative security at price 108.37 per share.,3277,355128.0,D
HON,2024-11-05,MATTIMORE KAREN,Officer,Conversion of Exercise of derivative security at price 119.69 per share.,12532,1499955.0,D
HON,2024-10-29,LEWIS GREGORY P,Chief Financial Officer,Conversion of Exercise of derivative security at price 119.69 per share.,26110,3125106.0,D
HON,2024-10-28,AYER WILLIAM S,Director,Conversion of Exercise of derivative security at price 124.04 per share.,3006,372864.0,D
HON,2024-08-15,BURKE KEVIN M,Director,Conversion of Exercise of derivative security at price 97.92 per share.,791,77455.0,D
ETN,2026-08-06,YELTON MICHAEL,Officer,Conversion of Exercise of derivative security at price 151.76 per share.,658,99858.0,D
ETN,2026-08-04,WADECKI ADAM A.,Officer,Sale at price 440.54 per share.,525,231285.0,D
ETN,2026-05-22,THOMPSON DOROTHY C.,Director,Sale at price 385.00 per share.,167,64295.0,D
ETN,2026-05-13,GALVAO ANTONIO,Officer,Sale at price 405.86 per share.,494,200492.0,D
ETN,2026-05-11,JOHNSON GERALD,Director,Purchase at price 402.29 - 419.02 per share.,961,390197.0,D
ETN,2026-05-06,DENK PETER,Officer,Sale at price 417.94 per share.,2000,835880.0,D
ETN,2026-05-06,MONESMITH HEATH B,Officer,Sale at price 409.11 per share.,18367,7514074.0,D
ETN,2026-03-02,YELTON MICHAEL,Officer,Sale at price 374.14 per share.,3494,1307263.0,D
ETN,2026-02-25,RUIZ STERNADT PAULO,Officer and Director,Stock Award(Grant) at price 0.00 per share.,7225,0.0,D
ETN,2026-02-25,YELTON MICHAEL,Officer,Stock Award(Grant) at price 0.00 per share.,4251,0.0,D
ETN,2026-02-25,DENK PETER,Officer,Stock Award(Grant) at price 0.00 per share.,3402,0.0,D
ETN,2026-02-25,GALVAO ANTONIO,Officer,Stock Award(Grant) at price 0.00 per share.,1236,0.0,D
ETN,2026-02-25,MONESMITH HEATH B,Officer,Stock Award(Grant) at price 0.00 per share.,9985,0.0,D
ETN,2026-02-12,RUIZ STERNADT PAULO,Officer and Director,Sale at price 390.26 per share.,10707,4178495.0,D
ETN,2026-02-12,RUIZ STERNADT PAULO,Officer and Director,Conversion of Exercise of derivative security at price 98.21 per share.,11725,1151512.0,D
ETN,2025-11-18,JOHNSON GERALD,Director,Purchase at price 339.89 per share.,200,67978.0,D
ETN,2025-11-11,YELTON MICHAEL,Officer,Stock Gift at price 0.00 per share.,819,0.0,D
ETN,2025-10-31,JOHNSON GERALD,Director,Purchase at price 384.34 per share.,100,38434.0,D
ETN,2025-08-11,JOHNSON GERALD,Director,Purchase at price 361.00 per share.,100,36100.0,D
ETN,2025-08-07,LEONETTI OLIVIER C,Officer,Sale at price 358.19 - 358.50 per share.,16018,5740688.0,D
ETN,2025-08-07,LEONETTI OLIVIER C,Officer,Conversion of Exercise of derivative security at price 286.96 - 293.70 per share.,13582,3964459.0,D
ETN,2025-06-05,RUIZ STERNADT PAULO,Officer and Director,Stock Gift at price 0.00 per share.,77,0.0,D
ETN,2025-05-20,THOMPSON DOROTHY C.,Director,Sale at price 327.21 per share.,140,45809.0,D
ETN,2025-05-20,RUIZ STERNADT PAULO,Officer and Director,Conversion of Exercise of derivative security at price 81.91 per share.,3660,299791.0,D
ETN,2025-05-14,MONESMITH HEATH B,Officer,Sale at price 330.89 per share.,9103,3012128.0,D
ETN,2025-05-12,ARNOLD CRAIG,Officer and Director,Sale at price 322.12 - 323.74 per share.,103486,33400593.0,D
ETN,2025-05-12,ARNOLD CRAIG,Officer and Director,Conversion of Exercise of derivative security at price 130.86 per share.,104250,13642155.0,D
ETN,2025-05-08,ARNOLD CRAIG,Officer and Director,Sale at price 305.29 - 306.03 per share.,51054,15593465.0,D
ETN,2025-05-07,MARSHALL ERNEST W JR,Officer,Sale at price 300.02 - 300.05 per share.,16650,4995799.0,D
ETN,2025-05-07,MARSHALL ERNEST W JR,Officer,Conversion of Exercise of derivative security at price 98.21 per share.,16650,1635196.0,D
ETN,2025-05-06,YELTON MICHAEL,Officer,Sale at price 296.87 per share.,2120,629364.0,D
ETN,2025-05-06,DENK PETER,Officer,Sale at price 298.85 per share.,1315,392988.0,D
ETN,2025-05-06,YELTON MICHAEL,Officer,Stock Gift at price 0.00 per share.,467,0.0,D
ETN,2025-03-03,DENK PETER,Officer,Conversion of Exercise of derivative security at price 151.76 per share.,938,99858.0,D
ETN,2025-02-26,MARSHALL ERNEST W JR,Officer,Stock Award(Grant) at price 0.00 per share.,6072,0.0,D
ETN,2025-02-26,RUIZ STERNADT PAULO,Officer and Director,Stock Award(Grant) at price 0.00 per share.,5314,0.0,D
ETN,2025-02-26,SZMAGALA TARAS G JR.,Officer,Stock Award(Grant) at price 0.00 per share.,1321,0.0,D
ETN,2025-02-26,YELTON MICHAEL,Officer,Stock Award(Grant) at price 0.00 per share.,1875,0.0,D
ETN,2025-02-26,DENK PETER,Officer,Stock Award(Grant) at price 0.00 per share.,1875,0.0,D
ETN,2025-02-26,GALVAO ANTONIO,Officer,Stock Award(Grant) at price 0.00 per share.,1467,0.0,D
ETN,2025-02-26,MONESMITH HEATH B,Officer,Stock Award(Grant) at price 0.00 per share.,9104,0.0,D
ETN,2025-02-26,ARNOLD CRAIG,Officer and Director,Stock Award(Grant) at price 0.00 per share.,53073,0.0,D
ETN,2024-12-13,PAGE GREGORY R,Director,Sale at price 355.98 per share.,10000,3559800.0,D
ETN,2024-12-09,MONESMITH HEATH B,Officer,Sale at price 359.93 per share.,8070,2904657.0,D
ETN,2024-12-09,MONESMITH HEATH B,Officer,Stock Gift at price 0.00 per share.,1346,0.0,D
ETN,2024-11-29,SZMAGALA TARAS G JR.,Officer,Sale at price 375.62 - 375.74 per share.,1328,498964.0,D
ETN,2024-11-29,SZMAGALA TARAS G JR.,Officer,Stock Gift at price 0.00 per share.,262,0.0,D
ETN,2024-11-29,SZMAGALA TARAS G JR.,Officer,Conversion of Exercise of derivative security at price 80.49 - 81.96 per share.,3790,308644.0,D
ETN,2024-11-26,ARNOLD CRAIG,Officer and Director,Stock Gift at price 0.00 per share.,4000,0.0,D
ETN,2024-11-25,MARSHALL ERNEST W JR,Officer,Sale at price 378.58 per share.,1412,534556.0,D
ETN,2024-11-07,SZMAGALA TARAS G JR.,Officer,Sale at price 360.68 per share.,1360,490528.0,D
ETN,2024-11-07,SZMAGALA TARAS G JR.,Officer,Conversion of Exercise of derivative security at price 81.96 per share.,1360,111466.0,D
ETN,2024-11-06,ARNOLD CRAIG,Officer and Director,Sale at price 358.90 - 362.19 per share.,61569,22224453.0,D
ETN,2024-11-01,PAGE GREGORY R,Director,Sale at price 335.30 per share.,4000,1341208.0,D
ETN,2024-09-03,THOMPSON DOROTHY C.,Director,Sale at price 300.14 per share.,2205,661809.0,D
ETN,2024-09-03,THOMPSON DOROTHY C.,Director,Purchase at price 300.30 per share.,2205,662162.0,I
ETN,2024-08-30,YELTON MICHAEL,Officer,Stock Gift at price 0.00 per share.,492,0.0,D
ETN,2024-08-29,YELTON MICHAEL,Officer,Sale at price 303.12 per share.,3136,950584.0,D
ETN,2024-08-29,YELTON MICHAEL,Officer,Conversion of Exercise of derivative security at price 130.86 per share.,3900,510354.0,D
ETN,2024-08-21,TERRELL KARENANN K,Director,Purchase at price 298.97 per share.,500,149485.0,D
EMR,2026-08-06,TRAIN MICHAEL H,Officer,Sale at price 158.99 per share.,7329,1165238.0,D
EMR,2026-08-03,NEWSTEAD JENNIFER,Director,Stock Award(Grant) at price 0.00 per share.,622,0.0,D
EMR,2026-06-01,"KRISHNAN RAM R,",Chief Operating Officer,Sale at price 141.22 per share.,11500,1624030.0,I
EMR,2026-03-10,KARSANBHAI SURENDRALAL LANCA,Chief Executive Officer,Sale at price 142.32 per share.,5700,811227.0,I
EMR,2026-03-09,"KRISHNAN RAM R,",Chief Operating Officer,Stock Gift at price 0.00 per share.,6680,0.0,D
EMR,2026-02-10,LEVATICH MATTHEW S,Director,Sale at price 162.16 per share.,1476,239349.0,D
EMR,2026-02-09,PIAZZA NICHOLAS J,Officer,Sale at price 159.07 per share.,6703,1066245.0,D
EMR,2026-02-05,KARSANBHAI SURENDRALAL LANCA,Chief Executive Officer,Stock Gift at price 0.00 per share.,5578,0.0,D
EMR,2026-02-05,BLINN MARK A,Director,Sale at price 152.44 - 152.79 per share.,2876,438930.0,D
EMR,2026-02-03,LEVATICH MATTHEW S,Director,Stock Award(Grant) at price 0.00 per share.,1251,0.0,D
EMR,2026-02-03,MCKELVEY JAMES MORGAN JR,Director,Stock Award(Grant) at price 0.00 per share.,1251,0.0,D
EMR,2026-02-03,FLACH GLORIA A,Director,Stock Award(Grant) at price 0.00 per share.,1251,0.0,D
EMR,2026-02-03,BOLTEN JOSHUA B,Director,Stock Award(Grant) at price 0.00 per share.,1251,0.0,D
EMR,2026-02-03,LEE LORI M,Director,Stock Award(Grant) at price 0.00 per share.,1251,0.0,D
EMR,2026-02-03,TURLEY JAMES S,Director,Stock Award(Grant) at price 0.00 per share.,1251,0.0,D
EMR,2026-02-03,BUTLER CALVIN G JR.,Director,Stock Award(Grant) at price 0.00 per share.,1251,0.0,D
EMR,2026-02-03,CRAIGHEAD MARTIN S,Director,Stock Award(Grant) at price 0.00 per share.,1251,0.0,D
EMR,2026-02-03,BLINN MARK A,Director,Stock Award(Grant) at price 0.00 per share.,1251,0.0,D
EMR,2025-12-15,KARSANBHAI SURENDRALAL LANCA,Chief Executive Officer,Stock Gift at price 0.00 per share.,3120,0.0,D
EMR,2025-12-10,"KRISHNAN RAM R,",Chief Operating Officer,Stock Gift at price 0.00 per share.,39492,0.0,D
EMR,2025-12-08,BAUGHMAN MICHAEL J,Chief Financial Officer,Stock Gift at price 0.00 per share.,4000,0.0,D
EMR,2025-12-04,KARSANBHAI SURENDRALAL LANCA,Chief Executive Officer,Stock Gift at price 0.00 per share.,2267,0.0,I
EMR,2025-12-03,KARSANBHAI SURENDRALAL LANCA,Chief Executive Officer,Sale at price 133.00 per share.,7263,965979.0,D
EMR,2025-12-03,KARSANBHAI SURENDRALAL LANCA,Chief Executive Officer,Conversion of Exercise of derivative security at price 45.50 per share.,15000,682500.0,D
EMR,2025-11-25,KARSANBHAI SURENDRALAL LANCA,Chief Executive Officer,Stock Gift at price 0.00 per share.,115705,0.0,D
EMR,2025-11-25,KARSANBHAI SURENDRALAL LANCA,Chief Executive Officer,Stock Award(Grant) at price 0.00 per share.,115705,0.0,I
EMR,2025-11-12,"KRISHNAN RAM R,",Chief Operating Officer,Stock Gift at price 0.00 per share.,77,0.0,I
EMR,2025-11-03,"KRISHNAN RAM R,",Chief Operating Officer,Stock Award(Grant) at price 0.00 per share.,74890,0.0,D
EMR,2025-11-03,ZORNIO PETER,Chief Technology Officer,Stock Award(Grant) at price 0.00 per share.,12559,0.0,D
EMR,2025-11-03,RAMNATH VIDYA,Officer,Stock Award(Grant) at price 0.00 per share.,13621,0.0,D
EMR,2025-11-03,PIAZZA NICHOLAS J,Officer,Stock Award(Grant) at price 0.00 per share.,12003,0.0,D
EMR,2025-11-03,TRAIN MICHAEL H,Officer,Stock Award(Grant) at price 0.00 per share.,33495,0.0,D
EMR,2025-11-03,KARSANBHAI SURENDRALAL LANCA,Chief Executive Officer,Stock Award(Grant) at price 0.00 per share.,218063,0.0,D
EMR,2025-11-03,FLAVIN LISA A.,Officer,Stock Award(Grant) at price 0.00 per share.,24880,0.0,D
EMR,2025-11-03,BAUGHMAN MICHAEL J,Chief Financial Officer,Stock Award(Grant) at price 0.00 per share.,49585,0.0,D
EMR,2025-11-03,TANG MICHAEL,Officer,Stock Award(Grant) at price 0.00 per share.,7149,0.0,D
EMR,2025-05-12,TRAIN MICHAEL H,Officer,Sale at price 119.44 per share.,28305,3380749.0,D
EMR,2025-05-08,KARSANBHAI SURENDRALAL LANCA,Chief Executive Officer,Sale at price 113.33 per share.,16698,1892384.0,I
EMR,2025-02-12,BLINN MARK A,Director,Sale at price 125.24 per share.,20,2505.0,D
EMR,2025-02-12,LEVATICH MATTHEW S,Director,Sale at price 125.05 per share.,1867,233472.0,D
EMR,2025-02-10,BLINN MARK A,Director,Sale at price 125.71 per share.,1867,234701.0,D
EMR,2025-02-04,LOURENCO LETICIA GONCALVES,Director,Stock Award(Grant) at price 0.00 per share.,1476,0.0,D
EMR,2025-02-04,LEVATICH MATTHEW S,Director,Stock Award(Grant) at price 0.00 per share.,1476,0.0,D
EMR,2025-02-04,MCKELVEY JAMES MORGAN JR,Director,Stock Award(Grant) at price 0.00 per share.,1476,0.0,D
EMR,2025-02-04,FLACH GLORIA A,Director,Stock Award(Grant) at price 0.00 per share.,1476,0.0,D
EMR,2025-02-04,BOLTEN JOSHUA B,Director,Stock Award(Grant) at price 0.00 per share.,1476,0.0,D
EMR,2025-02-04,LEE LORI M,Director,Stock Award(Grant) at price 0.00 per share.,1476,0.0,D
EMR,2025-02-04,TURLEY JAMES S,Director,Stock Award(Grant) at price 0.00 per share.,1476,0.0,D
EMR,2025-02-04,BUTLER CALVIN G JR.,Director,Stock Award(Grant) at price 0.00 per share.,1476,0.0,D
EMR,2025-02-04,CRAIGHEAD MARTIN S,Director,Stock Award(Grant) at price 0.00 per share.,1476,0.0,D
EMR,2025-02-04,BLINN MARK A,Director,Stock Award(Grant) at price 0.00 per share.,1476,0.0,D
EMR,2024-12-17,KARSANBHAI SURENDRALAL LANCA,Chief Executive Officer,Stock Gift at price 0.00 per share.,84980,0.0,D
EMR,2024-11-22,"KRISHNAN RAM R,",Chief Operating Officer,Stock Gift at price 0.00 per share.,27814,0.0,D
EMR,2024-11-13,KARSANBHAI SURENDRALAL LANCA,Chief Executive Officer,Sale at price 130.51 per share.,52409,6839768.0,I
EMR,2024-11-12,"KRISHNAN RAM R,",Chief Operating Officer,Stock Gift at price 0.00 per share.,80,0.0,D
EMR,2024-11-06,TRAIN MICHAEL H,Officer,Sale at price 125.96 per share.,21525,2711313.0,D
EMR,2024-11-04,"KRISHNAN RAM R,",Chief Operating Officer,Stock Award(Grant) at price 0.00 per share.,64634,0.0,D
EMR,2024-11-04,ZORNIO PETER,Chief Technology Officer,Stock Award(Grant) at price 0.00 per share.,9665,0.0,D
EMR,2024-11-04,RAMNATH VIDYA,Officer,Stock Award(Grant) at price 0.00 per share.,8000,0.0,D
EMR,2024-11-04,PIAZZA NICHOLAS J,Officer,Stock Award(Grant) at price 0.00 per share.,11074,0.0,D
ROK,2026-07-16,RIESTERER TERRY LEE,Officer,Sale at price 453.24 per share.,281,127359.0,D
ROK,2026-06-04,FORDENWALT MATTHEW W,Officer,Sale at price 460.51 per share.,377,173612.0,D
ROK,2026-06-02,FORDENWALT MATTHEW W,Officer,Sale at price 456.34 per share.,218,99482.0,D
ROK,2026-05-20,MILLER JOHN M,Officer,Sale at price 426.02 per share.,1054,449025.0,D
ROK,2026-05-20,MILLER JOHN M,Officer,Conversion of Exercise of derivative security at price 136.40 per share.,700,95480.0,D
ROK,2026-05-08,RIESTERER TERRY LEE,Officer,Conversion of Exercise of derivative security at price 196.43 - 279.50 per share.,3824,960190.0,D
ROK,2026-05-07,RIESTERER TERRY LEE,Officer,Sale at price 451.83 - 452.02 per share.,4024,1818722.0,D
ROK,2026-05-05,FORDENWALT MATTHEW W,Officer,Sale at price 448.26 - 449.98 per share.,600,269748.0,D
ROK,2026-05-05,NARDECCHIA CHRISTOPHER,Chief Technology Officer,Sale at price 440.82 - 450.04 per share.,2538,1133050.0,D
ROK,2026-05-05,GENEREUX SCOTT A,Officer,Sale at price 447.73 per share.,550,246252.0,D
ROK,2026-05-05,NARDECCHIA CHRISTOPHER,Chief Technology Officer,Conversion of Exercise of derivative security at price 350.76 per share.,2538,890229.0,D
ROK,2026-05-05,FORDENWALT MATTHEW W,Officer,Conversion of Exercise of derivative security at price 246.77 per share.,600,148062.0,D
ROK,2026-04-16,ZAPICO NIMCRUT DAVID A.,Director,Stock Award(Grant) at price 0.00 per share.,229,0.0,D
ROK,2026-04-13,FORDENWALT MATTHEW W,Officer,Sale at price 400.00 per share.,1200,480000.0,D
ROK,2026-04-13,FORDENWALT MATTHEW W,Officer,Conversion of Exercise of derivative security at price 196.43 per share.,1200,235716.0,D
ROK,2026-04-10,PERDUCAT CYRIL,Chief Technology Officer,Sale at price 395.00 per share.,198,78209.0,D
ROK,2026-04-08,BULHO MATHEUS DE A G VIERA,Officer,Sale at price 387.50 per share.,1250,484375.0,D
ROK,2026-04-02,BULHO MATHEUS DE A G VIERA,Officer,Sale at price 359.00 per share.,299,107341.0,D
ROK,2026-03-02,BUTTERMORE ROBERT L.,Officer,Sale at price 396.18 - 402.25 per share.,8932,3563146.0,D
ROK,2026-03-02,BUTTERMORE ROBERT L.,Officer,Conversion of Exercise of derivative security at price 196.43 - 297.10 per share.,8532,2281784.0,D
ROK,2026-02-26,NARDECCHIA CHRISTOPHER,Chief Technology Officer,Sale at price 410.01 per share.,14465,5930806.0,D
ROK,2026-02-26,NARDECCHIA CHRISTOPHER,Chief Technology Officer,Conversion of Exercise of derivative security at price 171.46 - 259.81 per share.,14465,3061891.0,D
ROK,2026-02-25,WOODS ISAAC,Officer and Treasurer,Sale at price 402.35 - 409.37 per share.,1271,515628.0,D
ROK,2026-02-25,FORDENWALT MATTHEW W,Officer,Sale at price 402.11 - 407.90 per share.,1200,485050.0,D
ROK,2026-02-25,HOUSE REBECCA WICKHEM,Officer,Sale at price 401.96 - 408.00 per share.,12100,4891716.0,D
ROK,2026-02-25,MYERS TESSA M.,Officer,Sale at price 409.37 per share.,1985,812599.0,D
ROK,2026-02-25,GENEREUX SCOTT A,Officer,Sale at price 402.16 - 409.37 per share.,17407,7043126.0,D
ROK,2026-02-25,HOUSE REBECCA WICKHEM,Officer,Conversion of Exercise of derivative security at price 196.43 per share.,12100,2376803.0,D
ROK,2026-02-25,GENEREUX SCOTT A,Officer,Conversion of Exercise of derivative security at price 259.81 - 350.76 per share.,16207,4833202.0,D
ROK,2026-02-25,WOODS ISAAC,Officer and Treasurer,Conversion of Exercise of derivative security at price 246.77 - 259.81 per share.,900,228613.0,D
ROK,2026-02-25,FORDENWALT MATTHEW W,Officer,Conversion of Exercise of derivative security at price 196.43 per share.,1200,235716.0,D
ROK,2026-02-17,BUTTERMORE ROBERT L.,Officer,Sale at price 380.14 per share.,204,77548.0,D
ROK,2026-01-02,RIESTERER TERRY LEE,Officer,Sale at price 392.00 per share.,800,313600.0,D
ROK,2025-12-10,WOODS ISAAC,Officer and Treasurer,Sale at price 400.70 - 403.62 per share.,290,116500.0,D
ROK,2025-12-10,PERDUCAT CYRIL,Chief Technology Officer,Sale at price 400.74 - 403.81 per share.,966,388205.0,D
ROK,2025-12-10,BUTTERMORE ROBERT L.,Officer,Sale at price 400.78 - 403.71 per share.,460,184676.0,D
ROK,2025-12-10,FORDENWALT MATTHEW W,Officer,Sale at price 400.91 - 403.16 per share.,575,230792.0,D
ROK,2025-12-10,BULHO MATHEUS DE A G VIERA,Officer,Sale at price 400.54 - 404.11 per share.,2059,828475.0,D
ROK,2025-12-10,RIESTERER TERRY LEE,Officer,Sale at price 400.65 - 403.25 per share.,286,114934.0,D
ROK,2025-12-10,HOUSE REBECCA WICKHEM,Officer,Sale at price 400.82 - 403.70 per share.,2049,823435.0,D
ROK,2025-12-10,NARDECCHIA CHRISTOPHER,Chief Technology Officer,Sale at price 400.83 - 403.14 per share.,1092,438542.0,D
ROK,2025-12-10,MYERS TESSA M.,Officer,Sale at price 400.87 - 403.25 per share.,1371,550861.0,D
ROK,2025-12-10,MORET BLAKE D,Chief Executive Officer,Sale at price 400.72 - 403.71 per share.,7231,2905316.0,I
ROK,2025-12-10,GENEREUX SCOTT A,Officer,Sale at price 400.69 - 403.77 per share.,1654,664640.0,D
ROK,2025-12-10,MILLER JOHN M,Officer,Sale at price 400.69 - 403.57 per share.,117,46999.0,D
ROK,2025-12-09,BULHO MATHEUS DE A G VIERA,Officer,Conversion of Exercise of derivative security at price 259.81 per share.,2496,334895.0,D
ROK,2025-12-08,PARFET DONALD R,Director,Stock Award(Grant) at price 0.00 per share.,498,0.0,D
ROK,2025-12-08,ROSAMILIA THOMAS W,Director,Stock Award(Grant) at price 0.00 per share.,498,0.0,D
ROK,2025-12-08,MURPHY PAM,Director,Stock Award(Grant) at price 0.00 per share.,498,0.0,D
ROK,2025-12-08,JOLLA ALICE L,Director,Stock Award(Grant) at price 0.00 per share.,498,0.0,D
ROK,2025-12-08,WATSON PATRICIA A,Director,Stock Award(Grant) at price 0.00 per share.,498,0.0,D
ROK,2025-12-08,KEANE JAMES P,Director,Stock Award(Grant) at price 0.00 per share.,498,0.0,D
ROK,2025-12-08,PAYNE LISA A,Director,Stock Award(Grant) at price 0.00 per share.,498,0.0,D
ROK,2025-12-05,WOODS ISAAC,Officer and Treasurer,Sale at price 402.82 - 403.55 per share.,68,27396.0,D
ROK,2025-12-05,PERDUCAT CYRIL,Chief Technology Officer,Sale at price 402.91 per share.,139,56004.0,D
ROK,2025-12-05,BUTTERMORE ROBERT L.,Officer,Sale at price 402.86 per share.,184,74127.0,D
ROK,2025-12-05,FORDENWALT MATTHEW W,Officer,Sale at price 402.89 - 403.32 per share.,295,118860.0,D
ROK,2025-12-05,BULHO MATHEUS DE A G VIERA,Officer,Sale at price 400.31 - 404.46 per share.,3534,1424358.0,D
ROK,2025-12-05,RIESTERER TERRY LEE,Officer,Sale at price 402.80 - 403.34 per share.,60,24173.0,D
ROK,2025-12-05,HOUSE REBECCA WICKHEM,Officer,Sale at price 402.82 - 403.35 per share.,371,149476.0,D
AME,2026-08-11,STANAGE NICKIE LEE,Director,Purchase at price 255.85 per share.,4000,1023400.0,D
AME,2026-08-07,HERMANCE DAVID F.,Officer,Conversion of Exercise of derivative security at price 85.45 per share.,6608,564654.0,D
AME,2026-08-07,HERMANCE DAVID F.,Officer,Sale at price 254.00 per share.,6608,1678432.0,D
AME,2026-05-07,STANAGE NICKIE LEE,Director,Stock Award(Grant) at price 234.73 per share.,760,178395.0,D
AME,2026-03-24,AMATO THOMAS A,Director,Sale at price 216.78 per share.,530,114893.0,D
AME,2026-03-18,ZAPICO NIMCRUT DAVID A.,Chief Executive Officer,Stock Award(Grant) at price 212.77 per share.,11930,2538346.0,D
AME,2026-03-18,AMATO THOMAS A,Director,Stock Award(Grant) at price 212.77 per share.,950,202132.0,D
AME,2026-03-18,OBERTON KARLEEN MARIE,Director,Stock Award(Grant) at price 212.77 per share.,950,202132.0,D
AME,2026-03-18,HARDIN JOHN WESLEY,Officer,Stock Award(Grant) at price 212.77 per share.,1360,289367.0,D
AME,2026-03-18,CARPENTER TOD E,Director,Stock Award(Grant) at price 212.77 per share.,950,202132.0,D
AME,2026-03-18,MCCLAIN GRETCHEN W,Director,Stock Award(Grant) at price 212.77 per share.,950,202132.0,D
AME,2026-03-18,SEAVERS DEAN,Director,Stock Award(Grant) at price 212.77 per share.,950,202132.0,D
AME,2026-03-18,CONTI ANTHONY JAMES,Director,Stock Award(Grant) at price 212.77 per share.,950,202132.0,D
AME,2026-03-18,PURI DALIP,Chief Financial Officer,Stock Award(Grant) at price 212.77 per share.,3780,804271.0,D
AME,2026-03-18,OSCHER RONALD J,Officer,Stock Award(Grant) at price 212.77 per share.,1300,276601.0,D
AME,2026-03-18,MARECIC THOMAS C,Officer,Stock Award(Grant) at price 212.77 per share.,1240,263835.0,D
AME,2026-03-18,CIAMPITTI TONY J.,Officer,Stock Award(Grant) at price 212.77 per share.,1300,276601.0,D
AME,2026-03-18,STEFANY SUZANNE L.,Director,Stock Award(Grant) at price 212.77 per share.,950,202132.0,D
AME,2026-03-18,HERMANCE DAVID F.,Officer,Stock Award(Grant) at price 212.77 per share.,1240,263835.0,D
AME,2026-03-18,AMODEI ROBERT J.,Officer,Stock Award(Grant) at price 212.77 per share.,360,76597.0,D
AME,2026-02-17,ZAPICO NIMCRUT DAVID A.,Chief Executive Officer,Stock Award(Grant) at price 0.00 per share.,32519,0.0,D
AME,2026-02-17,HARDIN JOHN WESLEY,Officer,Stock Award(Grant) at price 0.00 per share.,2887,0.0,D
AME,2026-02-17,PURI DALIP,Chief Financial Officer,Stock Award(Grant) at price 0.00 per share.,373,0.0,D
AME,2026-02-17,OSCHER RONALD J,Officer,Stock Award(Grant) at price 0.00 per share.,2755,0.0,D
AME,2026-02-17,MARECIC THOMAS C,Officer,Stock Award(Grant) at price 0.00 per share.,2755,0.0,D
AME,2026-02-17,CIAMPITTI TONY J.,Officer,Stock Award(Grant) at price 0.00 per share.,2755,0.0,D
AME,2026-02-17,HERMANCE DAVID F.,Officer,Stock Award(Grant) at price 0.00 per share.,2652,0.0,D
AME,2026-02-17,SPERANZA EMANUELA,Officer,Stock Award(Grant) at price 0.00 per share.,1399,0.0,D
AME,2026-02-17,AMODEI ROBERT J.,Officer,Stock Award(Grant) at price 0.00 per share.,279,0.0,D
AME,2025-12-30,OBERTON KARLEEN MARIE,Director,Stock Gift at price 0.00 per share.,1250,0.0,D
AME,2025-12-26,MONTGOMERY THOMAS M.,Officer,Stock Gift at price 0.00 per share.,19,0.0,D
AME,2025-12-22,MONTGOMERY THOMAS M.,Officer,Conversion of Exercise of derivative security at price 85.45 per share.,6388,545855.0,D
AME,2025-12-22,MONTGOMERY THOMAS M.,Officer,Sale at price 205.05 per share.,6388,1309890.0,D
AME,2025-12-15,MARECIC THOMAS C,Officer,Conversion of Exercise of derivative security at price 63.37 per share.,14310,906825.0,D
AME,2025-12-15,MARECIC THOMAS C,Officer,Sale at price 202.11 per share.,14310,2892238.0,D
AME,2025-12-12,ZAPICO NIMCRUT DAVID A.,Chief Executive Officer,Stock Gift at price 0.00 per share.,31904,0.0,D
AME,2025-12-12,ZAPICO NIMCRUT DAVID A.,Chief Executive Officer,Sale at price 201.76 per share.,28390,5727966.0,I
AME,2025-11-25,ZAPICO NIMCRUT DAVID A.,Chief Executive Officer,Conversion of Exercise of derivative security at price 63.37 per share.,88000,5576560.0,D
AME,2025-11-25,ZAPICO NIMCRUT DAVID A.,Chief Executive Officer,Sale at price 194.89 - 196.86 per share.,88000,17282191.0,D
AME,2025-11-12,SPERANZA EMANUELA,Officer,Sale at price 200.00 per share.,2700,540000.0,D
AME,2025-10-31,OSCHER RONALD J,Officer,Conversion of Exercise of derivative security at price 63.37 - 85.45 per share.,26290,1930516.0,D
AME,2025-10-31,OSCHER RONALD J,Officer,Sale at price 200.05 per share.,26290,5259207.0,D
AME,2025-09-11,HARDIN JOHN WESLEY,Officer,Sale at price 188.03 per share.,7867,1479232.0,D
AME,2025-03-27,AMATO THOMAS A,Director,Sale at price 176.64 per share.,710,125414.0,D
AME,2025-03-18,ZAPICO NIMCRUT DAVID A.,Chief Executive Officer,Stock Award(Grant) at price 176.08 per share.,12230,2153458.0,D
AME,2025-03-18,AMATO THOMAS A,Director,Stock Award(Grant) at price 176.08 per share.,1030,181362.0,D
AME,2025-03-18,OBERTON KARLEEN MARIE,Director,Stock Award(Grant) at price 176.08 per share.,1030,181362.0,D
AME,2025-03-18,HARDIN JOHN WESLEY,Officer,Stock Award(Grant) at price 176.08 per share.,1800,316944.0,D
AME,2025-03-18,CARPENTER TOD E,Director,Stock Award(Grant) at price 176.08 per share.,1030,181362.0,D
AME,2025-03-18,MCCLAIN GRETCHEN W,Director,Stock Award(Grant) at price 176.08 per share.,1030,181362.0,D
AME,2025-03-18,SEAVERS DEAN,Director,Stock Award(Grant) at price 176.08 per share.,1030,181362.0,D
AME,2025-03-18,CONTI ANTHONY JAMES,Director,Stock Award(Grant) at price 176.08 per share.,1030,181362.0,D
AME,2025-03-18,PURI DALIP,Chief Financial Officer,Stock Award(Grant) at price 176.08 per share.,3650,642692.0,D
AME,2025-03-18,OSCHER RONALD J,Officer,Stock Award(Grant) at price 176.08 per share.,1740,306379.0,D
AME,2025-03-18,MARECIC THOMAS C,Officer,Stock Award(Grant) at price 176.08 per share.,1740,306379.0,D
AME,2025-03-18,MONTGOMERY THOMAS M.,Officer,Stock Award(Grant) at price 176.08 per share.,603,106176.0,D
AME,2025-03-18,CIAMPITTI TONY J.,Officer,Stock Award(Grant) at price 176.08 per share.,1740,306379.0,D
AME,2025-03-18,STEFANY SUZANNE L.,Director,Stock Award(Grant) at price 176.08 per share.,1030,181362.0,D
AME,2025-03-18,HERMANCE DAVID F.,Officer,Stock Award(Grant) at price 176.08 per share.,1710,301097.0,D
AME,2025-03-03,KOHLHAGEN STEVEN W,Director,Sale at price 189.42 per share.,1320,250028.0,D
GEV,2026-06-01,ABATE VICTOR,Officer,Sale at price 948.08 per share.,4819,4568798.0,D
GEV,2026-05-14,POTVIN MATTHEW JOSEPH,Officer,Sale at price 1059.09 per share.,2333,2470857.0,D
GEV,2026-04-27,STRAZIK SCOTT,Chief Executive Officer,Conversion of Exercise of derivative security at price 92.13 - 149.78 per share.,44496,5353535.0,D
GEV,2026-03-03,BAERT STEVEN,Officer,Sale at price 850.00 per share.,5300,4505000.0,D
GEV,2025-08-26,PARKS KENNETH SCOTT,Chief Financial Officer,Sale at price 620.00 per share.,3300,2046000.0,D
GEV,2025-05-14,MATTHEW HARRIS C,Director,Conversion of Exercise of derivative security at price 432.84 per share.,1329,575244.0,D
GEV,2025-05-14,POTVIN MATTHEW JOSEPH,Officer,Conversion of Exercise of derivative security at price 126.21 - 149.78 per share.,3678,534109.0,D
GEV,2025-05-14,MATTHEW HARRIS C,Director,Stock Award(Grant) at price 0.00 per share.,1329,0.0,D
GEV,2025-05-09,STRAZIK SCOTT,Chief Executive Officer,Conversion of Exercise of derivative security at price 126.21 per share.,17798,2246286.0,D
GEV,2025-04-28,ZINGONI MARIA VICTORIA,Officer,Sale at price 368.16 per share.,18803,6922512.0,D
GEV,2024-08-22,POTVIN MATTHEW JOSEPH,Officer,Conversion of Exercise of derivative security at price 132.00 per share.,534,70488.0,D
GEV,2024-08-22,STRAZIK SCOTT,Chief Executive Officer,Conversion of Exercise of derivative security at price 132.00 per share.,14832,1957824.0,D
VRT,2026-06-25,RYAN PAUL,Officer,Stock Award(Grant) at price 0.00 per share.,2,0.0,D
VRT,2026-06-25,KARLBORG ANDERS,Officer,Stock Award(Grant) at price 0.00 per share.,3,0.0,D
VRT,2026-06-25,JOHNSON ERIC M.,Officer,Stock Award(Grant) at price 0.00 per share.,0,0.0,D
VRT,2026-06-25,PONCHERI FRANK,Officer,Stock Award(Grant) at price 0.00 per share.,2,0.0,D
VRT,2026-06-25,ARMUL SCOTT,Officer,Stock Award(Grant) at price 0.00 per share.,4,0.0,D
VRT,2026-06-25,SHEN WEI,Officer,Stock Award(Grant) at price 0.00 per share.,0,0.0,D
VRT,2026-06-25,CHAMBERLIN CRAIG,Chief Financial Officer,Stock Award(Grant) at price 0.00 per share.,1,0.0,D
VRT,2026-06-25,ALBERTAZZI GIORDANO,Chief Executive Officer,Stock Award(Grant) at price 0.00 per share.,9,0.0,D
VRT,2026-06-25,GILL STEPHANIE L,Officer,Stock Award(Grant) at price 0.00 per share.,4,0.0,D
VRT,2026-06-25,SANGHI ANAND,Officer,Stock Award(Grant) at price 0.00 per share.,3,0.0,D
VRT,2026-03-26,SANGHI ANAND,Officer,Stock Award(Grant) at price 0.00 per share.,3,0.0,D
VRT,2026-03-26,KARLBORG ANDERS,Officer,Stock Award(Grant) at price 0.00 per share.,4,0.0,D
VRT,2026-03-26,JOHNSON ERIC M.,Officer,Stock Award(Grant) at price 0.00 per share.,0,0.0,D
VRT,2026-03-26,PONCHERI FRANK,Officer,Stock Award(Grant) at price 0.00 per share.,3,0.0,D
VRT,2026-03-26,ARMUL SCOTT,Chief Technology Officer,Stock Award(Grant) at price 0.00 per share.,5,0.0,D
VRT,2026-03-26,SHEN WEI,Officer,Stock Award(Grant) at price 0.00 per share.,0,0.0,D
VRT,2026-03-26,CHAMBERLIN CRAIG,Chief Financial Officer,Stock Award(Grant) at price 0.00 per share.,1,0.0,D
VRT,2026-03-26,ALBERTAZZI GIORDANO,Chief Executive Officer,Stock Award(Grant) at price 0.00 per share.,11,0.0,D
VRT,2026-03-26,GILL STEPHANIE L,Officer,Stock Award(Grant) at price 0.00 per share.,5,0.0,D
VRT,2026-03-06,MONSER EDWARD L,Director,Sale at price 239.34 - 250.46 per share.,77294,18974827.0,D
VRT,2026-03-06,JOHNSON ERIC M.,Officer,Stock Award(Grant) at price 0.00 per share.,620,0.0,D
VRT,2026-03-06,MONSER EDWARD L,Director,Conversion of Exercise of derivative security at price 12.05 - 20.56 per share.,77294,1260279.0,D
VRT,2026-02-27,FRADIN ROGER B,Director,Sale at price 251.53 - 255.24 per share.,203333,51397591.0,I
VRT,2026-02-26,REINEMUND STEVEN S,Director,Sale at price 250.14 - 259.09 per share.,100000,25394524.0,D/I
VRT,2026-02-26,COTE DAVID M,Officer and Director,Sale at price 250.23 - 258.26 per share.,40000,10211592.0,I
VRT,2026-02-26,KARLBORG ANDERS,Officer,Sale at price 245.17 - 248.89 per share.,30487,7527885.0,D
VRT,2026-02-26,VAN DOKKUM JOSEPH JACOBUS,Director,Sale at price 254.49 - 255.42 per share.,38647,9849837.0,D
VRT,2026-02-26,VAN DOKKUM JOSEPH JACOBUS,Director,Conversion of Exercise of derivative security at price 20.56 per share.,38647,794582.0,D
VRT,2026-02-26,KARLBORG ANDERS,Officer,Conversion of Exercise of derivative security at price 11.25 - 72.09 per share.,30487,791576.0,D
VRT,2026-02-12,SANGHI ANAND,Officer,Stock Award(Grant) at price 0.00 per share.,16913,0.0,D
VRT,2026-02-12,RYAN PAUL,Officer,Stock Award(Grant) at price 0.00 per share.,6554,0.0,D
VRT,2026-02-12,KARLBORG ANDERS,Officer,Stock Award(Grant) at price 0.00 per share.,13065,0.0,D
VRT,2026-02-12,PONCHERI FRANK,Officer,Stock Award(Grant) at price 0.00 per share.,8387,0.0,D
VRT,2026-02-12,ARMUL SCOTT,Chief Technology Officer,Stock Award(Grant) at price 0.00 per share.,4744,0.0,D
VRT,2026-02-12,ALBERTAZZI GIORDANO,Chief Executive Officer,Stock Award(Grant) at price 0.00 per share.,47567,0.0,D
VRT,2026-02-12,GILL STEPHANIE L,Officer,Stock Award(Grant) at price 0.00 per share.,11839,0.0,D
VRT,2026-01-02,ARMUL SCOTT,Officer,Stock Award(Grant) at price 175.61 per share.,11388,1999847.0,D
VRT,2025-12-19,FRADIN ROGER B,Director,Stock Gift at price 0.00 per share.,36626,0.0,D/I
VRT,2025-12-18,WINTHER KARSTEN,Officer,Stock Award(Grant) at price 0.00 per share.,1,0.0,D
VRT,2025-12-18,RYAN PAUL,Officer,Stock Award(Grant) at price 0.00 per share.,2,0.0,D
VRT,2025-12-18,KARLBORG ANDERS,Officer,Stock Award(Grant) at price 0.00 per share.,2,0.0,D
VRT,2025-12-18,JOHNSON ERIC M.,Officer,Stock Award(Grant) at price 0.00 per share.,0,0.0,D
VRT,2025-12-18,PONCHERI FRANK,Officer,Stock Award(Grant) at price 0.00 per share.,1,0.0,D
VRT,2025-12-18,ARMUL SCOTT,Officer,Stock Award(Grant) at price 0.00 per share.,2,0.0,D
VRT,2025-12-18,GIRESI MICHAEL,Chief Technology Officer,Stock Award(Grant) at price 0.00 per share.,1,0.0,D
VRT,2025-12-18,SHEN WEI,Officer,Stock Award(Grant) at price 0.00 per share.,1,0.0,D
VRT,2025-12-18,CHAMBERLIN CRAIG,Chief Financial Officer,Stock Award(Grant) at price 0.00 per share.,2,0.0,D
VRT,2025-12-18,GILL STEPHANIE L,Officer,Stock Award(Grant) at price 0.00 per share.,8,0.0,D
VRT,2025-12-05,COTE DAVID M,Officer and Director,Stock Gift at price 0.00 per share.,200,0.0,I
VRT,2025-11-24,LIANG STEPHEN H,Chief Technology Officer,Sale at price 170.48 per share.,5501,937810.0,D
VRT,2025-11-24,MONSER EDWARD L,Director,Stock Gift at price 0.00 per share.,27500,0.0,D
VRT,2025-11-10,CHAMBERLIN CRAIG,Chief Financial Officer,Stock Award(Grant) at price 187.84 per share.,5593,1050589.0,D
VRT,2025-09-25,WINTHER KARSTEN,Officer,Stock Award(Grant) at price 0.00 per share.,1,0.0,D
VRT,2025-09-25,RYAN PAUL,Officer,Stock Award(Grant) at price 0.00 per share.,1,0.0,D
VRT,2025-09-25,KARLBORG ANDERS,Officer,Stock Award(Grant) at price 0.00 per share.,1,0.0,D
VRT,2025-09-25,JOHNSON ERIC M.,Officer,Stock Award(Grant) at price 0.00 per share.,0,0.0,D
VRT,2025-09-25,PONCHERI FRANK,Officer,Stock Award(Grant) at price 0.00 per share.,1,0.0,D
VRT,2025-09-25,ARMUL SCOTT,Officer,Stock Award(Grant) at price 0.00 per share.,2,0.0,D
VRT,2025-09-25,GIRESI MICHAEL,Chief Technology Officer,Stock Award(Grant) at price 0.00 per share.,0,0.0,D
VRT,2025-09-25,SHEN WEI,Officer,Stock Award(Grant) at price 0.00 per share.,1,0.0,D
PWR,2026-05-11,WYRSCH MARTHA B.,Director,Stock Gift at price 0.00 per share.,2500,0.0,D
PWR,2026-05-05,AUSTIN EARL CHARLES JR,Chief Executive Officer,Sale at price 765.14 - 777.60 per share.,155992,120216530.0,D/I
PWR,2026-05-05,AUSTIN EARL CHARLES JR,Chief Executive Officer,Stock Gift at price 0.00 per share.,4008,0.0,I
PWR,2026-05-04,NOBEL PAUL M,Officer,Sale at price 756.98 per share.,4000,3027920.0,D
PWR,2026-05-04,NOBEL PAUL M,Officer,Stock Gift at price 0.00 per share.,45,0.0,D
PWR,2026-02-26,NOBEL PAUL M,Officer,Stock Award(Grant) at price 0.00 per share.,3786,0.0,D
PWR,2026-02-26,WAYNE DONALD CHARLES,General Counsel,Stock Award(Grant) at price 0.00 per share.,10337,0.0,D
PWR,2026-02-26,DESAI JAYSHREE S,Chief Financial Officer,Stock Award(Grant) at price 0.00 per share.,20205,0.0,D
PWR,2026-02-26,DUCEY GERALD A JR,Officer,Stock Award(Grant) at price 0.00 per share.,10496,0.0,D
PWR,2026-02-26,STUDER KARL W,Officer,Stock Award(Grant) at price 0.00 per share.,22591,0.0,D
PWR,2026-02-26,AUSTIN EARL CHARLES JR,Chief Executive Officer,Stock Award(Grant) at price 0.00 per share.,90154,0.0,D
PWR,2025-11-25,FRIED BERNARD,Director,Stock Gift at price 0.00 per share.,138,0.0,I
PWR,2025-11-14,WYRSCH MARTHA B.,Director,Stock Gift at price 0.00 per share.,2000,0.0,D
PWR,2025-11-06,DUCEY GERALD A JR,Officer,Sale at price 446.08 per share.,7653,3413850.0,D
PWR,2025-11-06,WAYNE DONALD CHARLES,General Counsel,Sale at price 442.87 - 447.03 per share.,14000,6213343.0,D
PWR,2025-11-06,WAYNE DONALD CHARLES,General Counsel,Stock Gift at price 0.00 per share.,500,0.0,D
PWR,2025-11-05,JACKMAN WORTHING F,Director,Sale at price 450.45 per share.,6349,2859907.0,D
PWR,2025-11-05,JACKMAN WORTHING F,Director,Stock Gift at price 0.00 per share.,800,0.0,D
PWR,2025-11-03,FRIED BERNARD,Director,Sale at price 452.19 per share.,4000,1808760.0,I
PWR,2025-11-03,DESAI JAYSHREE S,Chief Financial Officer,Stock Gift at price 0.00 per share.,455,0.0,D
PWR,2025-03-06,WAYNE DONALD CHARLES,General Counsel,Stock Gift at price 0.00 per share.,500,0.0,D
PWR,2025-02-27,NOBEL PAUL M,Officer,Stock Award(Grant) at price 0.00 per share.,4742,0.0,D
PWR,2025-02-27,WAYNE DONALD CHARLES,General Counsel,Stock Award(Grant) at price 0.00 per share.,15959,0.0,D
PWR,2025-02-27,DESAI JAYSHREE S,Chief Financial Officer,Stock Award(Grant) at price 0.00 per share.,19676,0.0,D
PWR,2025-02-27,DUCEY GERALD A JR,Officer,Stock Award(Grant) at price 0.00 per share.,10776,0.0,D
PWR,2025-02-27,STUDER KARL W,President,Stock Award(Grant) at price 0.00 per share.,23334,0.0,D
PWR,2025-02-27,AUSTIN EARL CHARLES JR,Chief Executive Officer,Stock Award(Grant) at price 0.00 per share.,109189,0.0,D
PWR,2024-12-02,FRIED BERNARD,Director,Stock Gift at price 0.00 per share.,436,0.0,I
PWR,2024-08-27,WYRSCH MARTHA B.,Director,Stock Gift at price 0.00 per share.,2000,0.0,D
PWR,2024-08-21,STUDER KARL W,Officer,Sale at price 268.97 - 271.15 per share.,23357,6318341.0,D
NVT,2026-08-10,VAN DER KOLK ROBERT J.,Officer,Conversion of Exercise of derivative security at price 20.22 per share.,5858,118449.0,D
NVT,2026-08-10,VAN DER KOLK ROBERT J.,Officer,Sale at price 164.32 per share.,5858,962587.0,D
NVT,2026-08-05,WOZNIAK BETH A,Chief Executive Officer,Conversion of Exercise of derivative security at price 25.34 per share.,46261,1172254.0,D
NVT,2026-08-05,WOZNIAK BETH A,Chief Executive Officer,Sale at price 162.71 - 165.34 per share.,46261,7606190.0,D
NVT,2026-08-05,WACKER RANDOLPH A,Officer,Sale at price 164.62 per share.,22524,3708018.0,D
NVT,2026-06-10,JAIN NITIN,Officer,Stock Award(Grant) at price 0.00 per share.,1594,0.0,D
NVT,2026-05-19,HEATH LYNNETTE R,Officer,Stock Gift at price 0.00 per share.,110,0.0,D
NVT,2026-05-15,PALMER NICOLA T,Director,Stock Award(Grant) at price 0.00 per share.,976,0.0,D
NVT,2026-05-15,OSTLING DANITA K,Director,Stock Award(Grant) at price 0.00 per share.,976,0.0,D
NVT,2026-05-15,DUCKER MICHAEL L,Director,Stock Award(Grant) at price 0.00 per share.,976,0.0,D
NVT,2026-05-15,CAMERON SUSAN M,Director,Stock Award(Grant) at price 0.00 per share.,976,0.0,D
NVT,2026-05-15,BURRIS JERRY W,Director,Stock Award(Grant) at price 0.00 per share.,976,0.0,D
NVT,2026-05-15,PARKER HERBERT KENT,Director,Stock Award(Grant) at price 0.00 per share.,976,0.0,D
NVT,2026-05-15,LEOPOLD DIANE,Director,Stock Award(Grant) at price 0.00 per share.,976,0.0,D
NVT,2026-05-15,AAHOLM SHERRY A.,Director,Stock Award(Grant) at price 0.00 per share.,976,0.0,D
NVT,2026-05-15,PADMANABHAN ARAVIND,Chief Technology Officer,Conversion of Exercise of derivative security at price 46.15 per share.,2166,99961.0,D
NVT,2026-05-13,ZAWOYSKI SARA E,Officer,Sale at price 172.45 - 172.94 per share.,29412,5073292.0,D
NVT,2026-05-11,PADMANABHAN ARAVIND,Chief Technology Officer,Conversion of Exercise of derivative security at price 33.43 per share.,15942,532941.0,D
NVT,2026-05-11,BENNETT MARTHA CLAIRE,Officer,Conversion of Exercise of derivative security at price 56.35 per share.,2457,138452.0,D
NVT,2026-05-11,PADMANABHAN ARAVIND,Chief Technology Officer,Sale at price 174.00 per share.,15942,2773908.0,D
NVT,2026-05-11,BENNETT MARTHA CLAIRE,Officer,Sale at price 170.00 per share.,3778,642260.0,D
NVT,2026-05-06,HEATH LYNNETTE R,Officer,Stock Gift at price 0.00 per share.,210,0.0,D
NVT,2026-05-06,HEATH LYNNETTE R,Officer,Conversion of Exercise of derivative security at price 25.92 per share.,27471,712048.0,D
NVT,2026-05-06,HEATH LYNNETTE R,Officer,Sale at price 167.54 - 167.97 per share.,27471,4603735.0,D
NVT,2026-05-05,PADMANABHAN ARAVIND,Chief Technology Officer,Sale at price 170.38 per share.,6988,1190627.0,D
NVT,2026-05-04,WOZNIAK BETH A,Chief Executive Officer,Stock Gift at price 0.00 per share.,3818,0.0,D
NVT,2026-05-04,WACKER RANDOLPH A,Officer,Conversion of Exercise of derivative security at price 20.22 - 25.34 per share.,4094,83078.0,D
NVT,2026-05-04,WACKER RANDOLPH A,Officer,Sale at price 165.50 - 165.57 per share.,4094,677841.0,D
NVT,2026-04-10,DEVESE MELLINDA,Officer,Stock Award(Grant) at price 0.00 per share.,13021,0.0,D
NVT,2026-03-02,HEATH LYNNETTE R,Officer,Stock Award(Grant) at price 0.00 per share.,1871,0.0,D
NVT,2026-03-02,VAN DER KOLK ROBERT J.,Officer,Stock Award(Grant) at price 0.00 per share.,2079,0.0,D
NVT,2026-03-02,WACKER RANDOLPH A,Officer,Stock Award(Grant) at price 0.00 per share.,728,0.0,D
NVT,2026-03-02,ZAWOYSKI SARA E,Officer,Stock Award(Grant) at price 0.00 per share.,3742,0.0,D
NVT,2026-03-02,PADMANABHAN ARAVIND,Chief Technology Officer,Stock Award(Grant) at price 0.00 per share.,2702,0.0,D
NVT,2026-03-02,BENNETT MARTHA CLAIRE,Officer,Stock Award(Grant) at price 0.00 per share.,1455,0.0,D
NVT,2026-03-02,CORONA GARY LOUIS,Chief Financial Officer,Stock Award(Grant) at price 0.00 per share.,3326,0.0,D
NVT,2026-03-02,COLEMAN BRIAN C,Officer,Stock Award(Grant) at price 0.00 per share.,1767,0.0,D
NVT,2026-03-02,WOZNIAK BETH A,Chief Executive Officer,Stock Award(Grant) at price 0.00 per share.,18708,0.0,D
NVT,2026-02-13,HEATH LYNNETTE R,Officer,Stock Award(Grant) at price 0.00 per share.,10186,0.0,D
NVT,2026-02-13,VAN DER KOLK ROBERT J.,Officer,Stock Award(Grant) at price 0.00 per share.,11642,0.0,D
NVT,2026-02-13,WACKER RANDOLPH A,Officer,Stock Award(Grant) at price 0.00 per share.,5094,0.0,D
NVT,2026-02-13,ZAWOYSKI SARA E,Officer,Stock Award(Grant) at price 0.00 per share.,20372,0.0,D
NVT,2026-02-13,PADMANABHAN ARAVIND,Chief Technology Officer,Stock Award(Grant) at price 0.00 per share.,13096,0.0,D
NVT,2026-02-13,LAMMERS JON D,General Counsel,Stock Award(Grant) at price 0.00 per share.,13096,0.0,D
NVT,2026-02-13,WOZNIAK BETH A,Chief Executive Officer,Stock Award(Grant) at price 0.00 per share.,76396,0.0,D
NVT,2026-02-11,WOZNIAK BETH A,Chief Executive Officer,Sale at price 116.47 per share.,7597,884823.0,D
NVT,2026-02-11,WOZNIAK BETH A,Chief Executive Officer,Sale at price 116.47 per share.,7597,884823.0,D
NVT,2026-02-10,CAMERON SUSAN M,Director,Sale at price 114.52 per share.,5000,572600.0,D
NVT,2026-02-09,VAN DER KOLK ROBERT J.,Officer,Sale at price 116.89 per share.,21500,2513178.0,D
NVT,2026-02-09,OSTLING DANITA K,Director,Sale at price 117.98 per share.,900,106181.0,D
NVT,2026-02-06,BURRIS JERRY W,Director,Conversion of Exercise of derivative security at price 19.57 per share.,5244,102625.0,D
NVT,2026-02-06,BURRIS JERRY W,Director,Sale at price 112.27 per share.,5244,588744.0,D
NVT,2025-11-25,PADMANABHAN ARAVIND,Chief Technology Officer,Conversion of Exercise of derivative security at price 25.92 - 33.43 per share.,11144,317230.0,D
NVT,2025-11-24,SCHEU GREG,Director,Sale at price 104.04 per share.,5591,581688.0,D
NVT,2025-11-20,WOZNIAK BETH A,Chief Executive Officer,Stock Gift at price 0.00 per share.,2621,0.0,D
NVT,2025-11-20,WOZNIAK BETH A,Chief Executive Officer,Conversion of Exercise of derivative security at price 25.34 per share.,4137,104832.0,D
NVT,2025-11-20,WOZNIAK BETH A,Chief Executive Officer,Sale at price 110.09 - 110.38 per share.,4137,456501.0,D
NVT,2025-11-06,WACKER RANDOLPH A,Officer,Conversion of Exercise of derivative security at price 22.51 - 33.43 per share.,26758,699932.0,D
NVT,2025-11-06,WACKER RANDOLPH A,Officer,Sale at price 110.08 per share.,5000,550400.0,D
NVT,2025-11-05,ZAWOYSKI SARA E,Officer,Conversion of Exercise of derivative security at price 25.92 - 27.77 per share.,130760,3499248.0,D
HUBB,2026-08-11,DEL NERO JONATHAN M.,Officer,Sale at price 518.56 per share.,547,283653.0,D
HUBB,2026-05-05,DEL NERO JONATHAN M.,Officer,Stock Award(Grant) at price 0.00 per share.,232,0.0,D
HUBB,2026-05-05,HERNANDEZ RHETT ANTHONY,Director,Stock Award(Grant) at price 0.00 per share.,341,0.0,D
HUBB,2026-05-05,FLYNN ALYSSA R,Officer,Stock Award(Grant) at price 0.00 per share.,543,0.0,D
HUBB,2026-05-05,MIKES MARK EUGENE,Officer,Stock Award(Grant) at price 0.00 per share.,414,0.0,D
HUBB,2026-05-05,BAKKER GERBEN W,Chief Executive Officer,Stock Award(Grant) at price 0.00 per share.,5781,0.0,D
HUBB,2026-05-05,ROCHOW GARRICK J,Director,Stock Award(Grant) at price 0.00 per share.,341,0.0,D
HUBB,2026-05-05,LANE KATHERINE ANNE,General Counsel,Stock Award(Grant) at price 0.00 per share.,984,0.0,D
HUBB,2026-05-05,CARDOSO CARLOS M,Director,Stock Award(Grant) at price 0.00 per share.,341,0.0,D
HUBB,2026-05-05,CAPOZZOLI JOSEPH ANTHONY,Chief Financial Officer,Stock Award(Grant) at price 0.00 per share.,310,0.0,D
HUBB,2026-05-05,MALLOY JOHN F,Director,Stock Award(Grant) at price 0.00 per share.,341,0.0,D
HUBB,2026-02-17,GUMBS GREGORY,Officer,Stock Award(Grant) at price 0.00 per share.,628,0.0,D
HUBB,2026-02-17,DEL NERO JONATHAN M.,Officer,Stock Award(Grant) at price 0.00 per share.,164,0.0,D
HUBB,2026-02-17,FLYNN ALYSSA R,Officer,Stock Award(Grant) at price 0.00 per share.,483,0.0,D
HUBB,2026-02-17,MIKES MARK EUGENE,Officer,Stock Award(Grant) at price 0.00 per share.,628,0.0,D
HUBB,2026-02-17,BAKKER GERBEN W,Chief Executive Officer,Stock Award(Grant) at price 0.00 per share.,3980,0.0,D
HUBB,2026-02-17,LANE KATHERINE ANNE,General Counsel,Stock Award(Grant) at price 0.00 per share.,580,0.0,D
HUBB,2026-02-17,CAPOZZOLI JOSEPH ANTHONY,Chief Financial Officer,Stock Award(Grant) at price 0.00 per share.,531,0.0,D
HUBB,2026-02-17,MIKES MARK EUGENE,Officer,Sale at price 523.73 per share.,2601,1362222.0,D
HUBB,2026-02-10,DEL NERO JONATHAN M.,Officer,Stock Award(Grant) at price 0.00 per share.,569,0.0,D
HUBB,2026-02-10,FLYNN ALYSSA R,Officer,Stock Award(Grant) at price 0.00 per share.,1328,0.0,D
HUBB,2026-02-10,MIKES MARK EUGENE,Officer,Stock Award(Grant) at price 0.00 per share.,1012,0.0,D
HUBB,2026-02-10,BAKKER GERBEN W,Chief Executive Officer,Stock Award(Grant) at price 0.00 per share.,14126,0.0,D
HUBB,2026-02-10,LANE KATHERINE ANNE,General Counsel,Stock Award(Grant) at price 0.00 per share.,2405,0.0,D
HUBB,2026-02-10,CAPOZZOLI JOSEPH ANTHONY,Chief Financial Officer,Stock Award(Grant) at price 0.00 per share.,760,0.0,D
HUBB,2026-02-09,LANE KATHERINE ANNE,General Counsel,Conversion of Exercise of derivative security at price 105.48 - 129.28 per share.,10986,1352026.0,D
HUBB,2026-02-09,LANE KATHERINE ANNE,General Counsel,Sale at price 505.60 per share.,4610,2330836.0,D
HUBB,2026-02-09,DEL NERO JONATHAN M.,Officer,Sale at price 500.60 per share.,2245,1123849.0,D
HUBB,2026-02-06,BAKKER GERBEN W,Chief Executive Officer,Conversion of Exercise of derivative security at price 163.26 - 185.87 per share.,29845,5324695.0,D
HUBB,2026-02-06,FLYNN ALYSSA R,Officer,Conversion of Exercise of derivative security at price 149.49 per share.,1830,273567.0,D
HUBB,2026-02-06,BAKKER GERBEN W,Chief Executive Officer,Sale at price 494.22 - 503.43 per share.,25233,12590627.0,D
HUBB,2026-02-06,FLYNN ALYSSA R,Officer,Sale at price 497.10 - 497.22 per share.,1228,610480.0,D
HUBB,2025-11-17,MALLOY JOHN F,Director,Purchase at price 429.24 per share.,435,186719.0,D
HUBB,2025-11-06,MALLOY JOHN F,Director,Stock Gift at price 0.00 per share.,435,0.0,D
HUBB,2025-11-05,MIKES MARK EUGENE,Officer,Conversion of Exercise of derivative security at price 105.48 - 163.26 per share.,6551,946644.0,D
HUBB,2025-11-05,MIKES MARK EUGENE,Officer,Sale at price 466.50 per share.,2470,1152253.0,D
HUBB,2025-11-03,FLYNN ALYSSA R,Officer,Conversion of Exercise of derivative security at price 105.48 per share.,1361,143565.0,D
HUBB,2025-11-03,FLYNN ALYSSA R,Officer,Sale at price 470.32 per share.,2011,945814.0,D
HUBB,2025-08-29,BAINE EDWARD H,Director,Stock Award(Grant) at price 0.00 per share.,366,0.0,D
HUBB,2025-05-21,CARDOSO CARLOS M,Director,Sale at price 386.29 per share.,400,154517.0,D
HUBB,2025-05-14,BAKKER GERBEN W,Chief Executive Officer,Conversion of Exercise of derivative security at price 163.26 per share.,25000,4081500.0,D
HUBB,2025-05-14,BAKKER GERBEN W,Chief Executive Officer,Sale at price 384.63 per share.,7723,2970497.0,D
HUBB,2025-05-06,DEL NERO JONATHAN M.,Officer,Stock Award(Grant) at price 0.00 per share.,338,0.0,D
HUBB,2025-05-06,HERNANDEZ RHETT ANTHONY,Director,Stock Award(Grant) at price 0.00 per share.,457,0.0,D
HUBB,2025-05-06,FLYNN ALYSSA R,Officer,Stock Award(Grant) at price 0.00 per share.,640,0.0,D
HUBB,2025-05-06,MIKES MARK EUGENE,President,Stock Award(Grant) at price 0.00 per share.,686,0.0,D
HUBB,2025-05-06,BAKKER GERBEN W,Chief Executive Officer,Stock Award(Grant) at price 0.00 per share.,8598,0.0,D
HUBB,2025-05-06,ROCHOW GARRICK J,Director,Stock Award(Grant) at price 0.00 per share.,457,0.0,D
HUBB,2025-05-06,LANE KATHERINE ANNE,General Counsel,Stock Award(Grant) at price 0.00 per share.,1556,0.0,D
HUBB,2025-05-06,POLLINO JENNIFER M,Director,Stock Award(Grant) at price 0.00 per share.,457,0.0,D
HUBB,2025-05-06,CARDOSO CARLOS M,Director,Stock Award(Grant) at price 0.00 per share.,457,0.0,D
HUBB,2025-05-06,MALLOY JOHN F,Director,Stock Award(Grant) at price 0.00 per share.,457,0.0,D
HUBB,2025-05-06,SPERRY WILLIAM R,Chief Financial Officer,Stock Award(Grant) at price 0.00 per share.,3292,0.0,D
HUBB,2025-02-20,FLYNN ALYSSA R,Officer,Sale at price 389.06 per share.,1164,452866.0,D
HUBB,2025-02-18,GUMBS GREGORY,Officer,Stock Award(Grant) at price 0.00 per share.,699,0.0,D
HUBB,2025-02-18,DEL NERO JONATHAN M.,Officer,Stock Award(Grant) at price 0.00 per share.,191,0.0,D
HUBB,2025-02-18,FLYNN ALYSSA R,Officer,Stock Award(Grant) at price 0.00 per share.,572,0.0,D
HUBB,2025-02-18,MIKES MARK EUGENE,Officer,Stock Award(Grant) at price 0.00 per share.,699,0.0,D
HUBB,2025-02-18,BAKKER GERBEN W,Chief Executive Officer,Stock Award(Grant) at price 0.00 per share.,4677,0.0,D
HUBB,2025-02-18,LANE KATHERINE ANNE,General Counsel,Stock Award(Grant) at price 0.00 per share.,699,0.0,D
MMM,2026-08-05,CHAVEZ RODRIGUEZ BEATRIZ KARINA,Officer,Sale at price 182.51 per share.,3635,663430.0,D
MMM,2026-07-23,BANOVETZ JOHN PATRICK,Officer,Conversion of Exercise of derivative security at price 154.69 per share.,7880,1218957.0,D
MMM,2026-07-23,BANOVETZ JOHN PATRICK,Officer,Sale at price 170.44 per share.,7880,1343067.0,D
MMM,2026-07-23,REINSETH THERESA E,Officer,Sale at price 169.42 per share.,924,156544.0,D
MMM,2026-07-22,RHODES KEVIN H,Officer,Conversion of Exercise of derivative security at price 154.69 per share.,7669,1186318.0,D
MMM,2026-07-22,GORALSKI CHRISTIAN T JR,Officer,Conversion of Exercise of derivative security at price 154.69 per share.,4902,758290.0,D
MMM,2026-07-22,RHODES KEVIN H,Officer,Sale at price 171.20 per share.,7669,1312933.0,D
MMM,2026-07-22,GORALSKI CHRISTIAN T JR,Officer,Sale at price 170.46 per share.,4902,835577.0,D
MMM,2026-07-01,BAUER WENDY A,Officer,Conversion of Exercise of derivative security at price 159.96 per share.,7952,1272002.0,D
MMM,2026-06-05,RUMSEY JENNIFER W.,Director,Stock Award(Grant) at price 152.77 per share.,1195,182712.0,I
MMM,2026-05-12,KEREERE SUZAN,Director,Stock Award(Grant) at price 143.34 per share.,1360,195000.0,D
MMM,2026-05-12,CHOI AUDREY,Director,Stock Award(Grant) at price 143.34 per share.,1360,195000.0,I
MMM,2026-05-12,SWEET THOMAS W. CPA,Director,Stock Award(Grant) at price 143.34 per share.,1360,195000.0,I
MMM,2026-05-12,FITTERLING JAMES R,Director,Stock Award(Grant) at price 143.34 per share.,1360,195000.0,I
MMM,2026-05-12,PIZARRO PEDRO J,Director,Stock Award(Grant) at price 143.34 per share.,1360,195000.0,I
MMM,2026-05-12,BOZEMAN DAVID P,Director,Stock Award(Grant) at price 143.34 per share.,1360,195000.0,D
MMM,2026-05-12,BROWN THOMAS K,Director,Stock Award(Grant) at price 143.34 per share.,1360,195000.0,I
MMM,2026-05-12,CHOW ANNE H,Director,Stock Award(Grant) at price 143.34 per share.,1360,195000.0,I
MMM,2026-05-12,MITCHILL NEIL G JR,Director,Stock Award(Grant) at price 143.34 per share.,1360,195000.0,I
MMM,2026-05-01,BROWN WILLIAM M.,Chief Executive Officer,Conversion of Exercise of derivative security at price 142.50 per share.,8578,1222365.0,D
MMM,2026-05-01,BANOVETZ JOHN PATRICK,Officer,Conversion of Exercise of derivative security at price 142.50 per share.,13420,1912350.0,D
MMM,2026-05-01,REINSETH THERESA E,Officer,Conversion of Exercise of derivative security at price 142.50 per share.,1441,205342.0,D
MMM,2026-04-01,DICKSON ZOE L,Officer,Conversion of Exercise of derivative security at price 145.25 per share.,984,142926.0,D
MMM,2026-02-11,REINSETH THERESA E,Officer,Conversion of Exercise of derivative security at price 154.69 per share.,3349,518057.0,D
MMM,2026-02-11,REINSETH THERESA E,Officer,Sale at price 172.72 - 172.79 per share.,5145,888796.0,D
MMM,2026-02-09,DICKSON ZOE L,Officer,Conversion of Exercise of derivative security at price 102.89 per share.,25055,2577909.0,D
MMM,2026-02-09,DICKSON ZOE L,Officer,Conversion of Exercise of derivative security at price 142.94 per share.,20519,2932986.0,D
MMM,2026-02-09,DICKSON ZOE L,Officer,Sale at price 170.34 per share.,25055,4267869.0,D
MMM,2026-02-09,DICKSON ZOE L,Officer,Sale at price 169.97 per share.,20519,3487614.0,D
MMM,2026-02-09,CHAVEZ RODRIGUEZ BEATRIZ KARINA,Officer,Sale at price 171.13 per share.,1190,203645.0,D
MMM,2026-02-06,MURPHY MARK W,Officer,Conversion of Exercise of derivative security at price 172.65 per share.,8895,1535722.0,D
MMM,2026-02-06,GORALSKI CHRISTIAN T JR,Officer,Conversion of Exercise of derivative security at price 172.65 per share.,5639,973573.0,D
MMM,2026-02-06,DICKSON ZOE L,Officer,Conversion of Exercise of derivative security at price 172.65 per share.,4764,822505.0,D
MMM,2026-02-06,CHAVEZ RODRIGUEZ BEATRIZ KARINA,Officer,Conversion of Exercise of derivative security at price 172.65 per share.,6887,1189041.0,D
MMM,2026-02-06,MITCHILL NEIL G JR,Director,Stock Award(Grant) at price 165.08 per share.,313,51822.0,I
MMM,2026-02-02,DICKSON ZOE L,Officer,Stock Award(Grant) at price 0.00 per share.,11964,0.0,D
MMM,2026-02-02,DICKSON ZOE L,Officer,Stock Award(Grant) at price 0.00 per share.,11964,0.0,D
MMM,2026-02-02,CHAVEZ RODRIGUEZ BEATRIZ KARINA,Officer,Stock Award(Grant) at price 0.00 per share.,8650,0.0,D
MMM,2026-02-02,RHODES KEVIN H,Officer,Stock Award(Grant) at price 0.00 per share.,23251,0.0,D
MMM,2026-02-02,RHODES KEVIN H,Officer,Stock Award(Grant) at price 0.00 per share.,23251,0.0,D
MMM,2026-02-02,MURPHY MARK W,Chief Technology Officer,Stock Award(Grant) at price 0.00 per share.,11173,0.0,D
MMM,2026-02-02,MURPHY MARK W,Officer,Stock Award(Grant) at price 0.00 per share.,11173,0.0,D
MMM,2026-02-02,BANOVETZ JOHN PATRICK,Officer,Stock Award(Grant) at price 0.00 per share.,12513,0.0,D
MMM,2026-02-02,BANOVETZ JOHN PATRICK,Officer,Stock Award(Grant) at price 0.00 per share.,12513,0.0,D
MMM,2026-01-23,FITTERLING JAMES R,Director,Stock Award(Grant) at price 160.63 per share.,287,46250.0,I
MMM,2025-12-01,CLARKE VICTORIA,Officer,Conversion of Exercise of derivative security at price 170.48 per share.,2846,485186.0,D
MMM,2025-11-13,DICKSON ZOE L,Officer,Conversion of Exercise of derivative security at price 154.04 - 154.69 per share.,13826,2133056.0,D
MMM,2025-11-13,DICKSON ZOE L,Officer,Conversion of Exercise of derivative security at price 138.39 per share.,13629,1886117.0,D
MMM,2025-11-13,DICKSON ZOE L,Officer,Sale at price 169.72 - 169.86 per share.,13826,2347371.0,D
MMM,2025-11-13,DICKSON ZOE L,Officer,Sale at price 169.70 - 169.94 per share.,13629,2314538.0,D
MMM,2025-10-29,MURPHY MARK W,Chief Technology Officer,Conversion of Exercise of derivative security at price 142.94 per share.,19061,2724579.0,D
MMM,2025-10-29,MURPHY MARK W,Chief Technology Officer,Sale at price 166.50 - 166.75 per share.,19061,3174589.0,D
MMM,2025-10-24,FITTERLING JAMES R,Director,Stock Award(Grant) at price 171.60 per share.,269,46250.0,I
MMM,2025-08-07,GORALSKI CHRISTIAN T JR,President,Conversion of Exercise of derivative security at price 130.14 per share.,6650,865431.0,D
MMM,2025-08-07,GORALSKI CHRISTIAN T JR,President,Sale at price 150.18 per share.,6165,925860.0,D
MMM,2025-08-05,REINSETH THERESA E,Officer,Sale at price 150.63 per share.,3477,523741.0,D
MMM,2025-07-23,FITTERLING JAMES R,Director,Stock Award(Grant) at price 151.20 per share.,305,46250.0,I
MMM,2025-07-01,BAUER WENDY A,Officer,Conversion of Exercise of derivative security at price 153.81 per share.,7951,1222943.0,D
MMM,2025-05-23,BANOVETZ JOHN PATRICK,Officer,Conversion of Exercise of derivative security at price 130.14 per share.,7759,1009756.0,D
MMM,2025-05-23,BANOVETZ JOHN PATRICK,Officer,Sale at price 148.37 - 148.41 per share.,7759,1151237.0,D
CARR,2026-05-20,VIESSMANN MAXIMILIAN,Director,Sale at price 62.01 per share.,12094823,749999974.0,I
CARR,2026-01-30,GORIS PATRICK P,Chief Financial Officer,Stock Award(Grant) at price 0.00 per share.,40750,0.0,D
CARR,2026-01-30,VILLENEUVE NADIA,Officer,Stock Award(Grant) at price 0.00 per share.,15194,0.0,D
CARR,2026-01-30,AGRAWAL AJAY,Officer,Stock Award(Grant) at price 0.00 per share.,5705,0.0,D
CARR,2026-01-30,PANDYA GAURANG,Officer,Stock Award(Grant) at price 0.00 per share.,5705,0.0,D
CARR,2026-01-30,CAMPBELL FRANCESCA,Officer,Stock Award(Grant) at price 0.00 per share.,1958,0.0,D
CARR,2026-01-30,GITLIN DAVID L,Chief Executive Officer,Stock Award(Grant) at price 0.00 per share.,90872,0.0,D
CARR,2025-11-25,GITLIN DAVID L,Chief Executive Officer,Purchase at price 52.62 per share.,19300,1015572.0,D
CARR,2025-06-05,VIESSMANN MAXIMILIAN,Director,Sale at price 70.30 per share.,4267425,299999978.0,I
CARR,2025-02-14,CROCKETT KYLE,Officer,Sale at price 65.18 per share.,18945,1234884.0,D
CARR,2025-02-14,CROCKETT KYLE,Officer,Conversion of Exercise of derivative security at price 38.33 - 47.51 per share.,45620,1942083.0,D
CARR,2025-02-03,VILLENEUVE NADIA,Officer,Stock Award(Grant) at price 0.00 per share.,22972,0.0,D
CARR,2025-02-03,CROCKETT KYLE,Officer,Stock Award(Grant) at price 0.00 per share.,7625,0.0,D
CARR,2025-02-03,AGRAWAL AJAY,Officer,Stock Award(Grant) at price 0.00 per share.,11226,0.0,D
CARR,2025-02-03,PANDYA GAURANG,Officer,Stock Award(Grant) at price 0.00 per share.,8567,0.0,D
CARR,2025-02-03,CAMPBELL FRANCESCA,Officer,Stock Award(Grant) at price 0.00 per share.,3856,0.0,D
CARR,2025-02-03,GITLIN DAVID L,Chief Executive Officer,Stock Award(Grant) at price 0.00 per share.,152361,0.0,D
CARR,2025-02-03,GORIS PATRICK P,Chief Financial Officer,Stock Award(Grant) at price 0.00 per share.,49395,0.0,D
CARR,2024-11-07,CROCKETT KYLE,Officer,Sale at price 76.34 per share.,11647,889082.0,D
CARR,2024-11-07,CROCKETT KYLE,Officer,Conversion of Exercise of derivative security at price 25.58 per share.,17500,447650.0,D
CARR,2024-11-06,O'CONNOR KEVIN J,Officer,Sale at price 73.46 per share.,167183,12281698.0,D
CARR,2024-11-06,O'CONNOR KEVIN J,Officer,Conversion of Exercise of derivative security at price 16.55 - 25.60 per share.,249150,6088640.0,D
JCI,2026-08-04,SCHLITZ LEI ZHANG,Officer,Sale at price 152.98 - 153.79 per share.,23417,3584358.0,D
JCI,2026-06-09,GRABOWSKI TODD M,Officer,Sale at price 146.20 per share.,1800,263160.0,D
JCI,2026-06-08,ESTEVES IRENE M,Director,Stock Award(Grant) at price 0.00 per share.,937,0.0,D
JCI,2026-05-14,GRABOWSKI TODD M,Officer,Sale at price 145.50 per share.,4274,621867.0,D
JCI,2026-05-08,SCHLITZ LEI ZHANG,Officer,Sale at price 140.51 - 141.55 per share.,88809,12521445.0,D
JCI,2026-05-08,SCHLITZ LEI ZHANG,Officer,Conversion of Exercise of derivative security at price 53.52 - 66.77 per share.,62771,3859731.0,D
JCI,2026-03-04,COHADE PIERRE E,Director,Stock Award(Grant) at price 0.00 per share.,1285,0.0,D
JCI,2026-03-04,DUNBAR WEBSTER ROY,Director,Stock Award(Grant) at price 0.00 per share.,1285,0.0,D
JCI,2026-03-04,HAGGERTY GRETCHEN R,Director,Stock Award(Grant) at price 0.00 per share.,1285,0.0,D
JCI,2026-03-04,KHANNA AYESHA,Director,Stock Award(Grant) at price 0.00 per share.,1285,0.0,D
JCI,2026-03-04,KOTAGIRI SEETARAMA SWAMY,Director,Stock Award(Grant) at price 0.00 per share.,1285,0.0,D
JCI,2026-03-04,ARCHER TIMOTHY M,Director,Stock Award(Grant) at price 0.00 per share.,1285,0.0,D
JCI,2026-03-04,VERGNANO MARK P,Director,Stock Award(Grant) at price 0.00 per share.,1285,0.0,D
JCI,2026-03-04,YOUNG JOHN D,Director,Stock Award(Grant) at price 0.00 per share.,1285,0.0,D
JCI,2026-03-04,TINGGREN CARL JUERGEN,Director,Stock Award(Grant) at price 0.00 per share.,1285,0.0,D
JCI,2026-02-23,MCCONEGHY DANIEL C,Officer,Sale at price 142.56 per share.,3600,513216.0,D
JCI,2026-02-06,GRABOWSKI TODD M,Officer,Sale at price 134.75 - 135.59 per share.,6050,816120.0,D
JCI,2026-02-05,VERGNANO MARK P,Director,Stock Gift at price 0.00 per share.,7665,0.0,D
JCI,2026-02-05,VERGNANO MARK P,Director,Purchase at price 131.94 per share.,7665,1011320.0,D
JCI,2026-01-26,HUGHES SUSAN MCKEE,Officer,Stock Award(Grant) at price 0.00 per share.,23190,0.0,D
JCI,2025-12-10,DONOFRIO JOHN,General Counsel,Sale at price 116.00 per share.,21595,2505020.0,D
JCI,2025-12-05,VANDIEPENBEECK MARC,Chief Financial Officer,Stock Award(Grant) at price 114.23 per share.,4850,554057.0,D
JCI,2025-12-05,LEK RICHARD,Officer,Stock Award(Grant) at price 114.23 per share.,1237,141346.0,D
JCI,2025-12-05,GRABOWSKI TODD M,Officer,Stock Award(Grant) at price 114.23 per share.,1731,197824.0,D
JCI,2025-12-05,RATHNINDE ANURUDDHA,Officer,Stock Award(Grant) at price 114.23 per share.,16828,1922361.0,D
JCI,2025-12-05,MCCONEGHY DANIEL C,Officer,Stock Award(Grant) at price 114.23 per share.,4949,565383.0,D
JCI,2025-12-05,SCHLITZ LEI ZHANG,Officer,Stock Award(Grant) at price 114.23 per share.,27223,3109754.0,D
JCI,2025-12-05,DONOFRIO JOHN,General Counsel,Stock Award(Grant) at price 114.23 per share.,21778,2487742.0,D
JCI,2025-12-01,HEUER BRANDT JULIE M,President,Stock Award(Grant) at price 0.00 per share.,4404,0.0,D
JCI,2025-12-01,VANDIEPENBEECK MARC,Chief Financial Officer,Stock Award(Grant) at price 0.00 per share.,7177,0.0,D
JCI,2025-12-01,LEK RICHARD,Officer,Stock Award(Grant) at price 0.00 per share.,2175,0.0,D
JCI,2025-12-01,GRABOWSKI TODD M,Officer,Stock Award(Grant) at price 0.00 per share.,3751,0.0,D
JCI,2025-12-01,SCALIA CHRISTOPHER M,Officer,Stock Award(Grant) at price 0.00 per share.,4132,0.0,D
JCI,2025-12-01,RATHNINDE ANURUDDHA,Officer,Stock Award(Grant) at price 0.00 per share.,3697,0.0,D
JCI,2025-12-01,MCCONEGHY DANIEL C,Officer,Stock Award(Grant) at price 0.00 per share.,1087,0.0,D
JCI,2025-12-01,SCHLITZ LEI ZHANG,Officer,Stock Award(Grant) at price 0.00 per share.,5981,0.0,D
JCI,2025-12-01,DONOFRIO JOHN,General Counsel,Stock Award(Grant) at price 0.00 per share.,4785,0.0,D
JCI,2025-12-01,WEIDEMANIS JOAKIM,Chief Executive Officer,Stock Award(Grant) at price 0.00 per share.,26100,0.0,D
JCI,2025-11-21,SCHLITZ LEI ZHANG,Officer,Sale at price 113.20 per share.,32031,3625909.0,D
JCI,2025-11-13,BLACKWELL JEAN S.,Director,Stock Gift at price 0.00 per share.,4890,0.0,D
JCI,2025-11-06,SCHLITZ LEI ZHANG,Officer,Sale at price 122.03 per share.,10500,1281315.0,D
JCI,2025-09-03,MCCONEGHY DANIEL C,Officer,Sale at price 105.73 per share.,5917,625604.0,D
JCI,2025-09-03,MCCONEGHY DANIEL C,Officer,Conversion of Exercise of derivative security at price 79.54 per share.,5917,470638.0,D
JCI,2025-09-02,MANNING NATHAN D,Officer,Sale at price 105.06 per share.,1422,149395.0,D
JCI,2025-08-01,MANNING NATHAN D,Officer,Sale at price 103.69 per share.,1422,147447.0,D
JCI,2025-07-14,SCALIA CHRISTOPHER M,Officer,Stock Award(Grant) at price 106.26 per share.,23526,2499873.0,D
JCI,2025-07-14,SCALIA CHRISTOPHER M,Officer,Stock Award(Grant) at price 106.26 per share.,23526,2499873.0,D
JCI,2025-07-01,MANNING NATHAN D,Officer,Sale at price 104.56 - 105.48 per share.,1422,149052.0,D
JCI,2025-06-06,RATHNINDE ANURUDDHA,President,Sale at price 103.13 per share.,15000,1546950.0,D
JCI,2025-06-02,MANNING NATHAN D,Officer,Sale at price 100.90 per share.,1422,143480.0,D
JCI,2025-05-23,OLIVER GEORGE R SR,Director,Stock Gift at price 0.00 per share.,360,0.0,D
JCI,2025-05-09,OLIVER GEORGE R SR,Director,Stock Gift at price 0.00 per share.,2585,0.0,D
JCI,2025-05-09,OLIVER GEORGE R SR,Director,Sale at price 91.70 per share.,100000,9170000.0,D
JCI,2025-05-08,VANDIEPENBEECK MARC,Chief Financial Officer,Sale at price 90.77 - 90.96 per share.,28289,2572168.0,D
JCI,2025-05-08,VANDIEPENBEECK MARC,Chief Financial Officer,Conversion of Exercise of derivative security at price 41.75 - 45.69 per share.,23028,1003510.0,D
JCI,2025-05-01,MANNING NATHAN D,Officer,Sale at price 85.16 - 88.09 per share.,1422,123593.0,D
JCI,2025-04-01,MANNING NATHAN D,Officer,Sale at price 79.72 per share.,1422,113362.0,D
JCI,2025-03-14,OLIVER GEORGE R SR,Director,Sale at price 77.49 - 79.52 per share.,200000,15867192.0,D
JCI,2025-03-12,COHADE PIERRE E,Director,Stock Award(Grant) at price 0.00 per share.,2287,0.0,D
JCI,2025-03-12,DUNBAR WEBSTER ROY,Director,Stock Award(Grant) at price 0.00 per share.,2287,0.0,D
IR,2026-08-03,SATPATHY AUROBIND,Director,Purchase at price 86.68 per share.,11538,1000091.0,D
IR,2026-04-13,REYNAL VICENTE,Chief Executive Officer,Sale at price 88.00 per share.,30492,2683296.0,D
IR,2026-04-13,REYNAL VICENTE,Chief Executive Officer,Conversion of Exercise of derivative security at price 10.61 per share.,30492,323520.0,D
IR,2026-03-02,REYNAL VICENTE,Chief Executive Officer,Sale at price 94.11 per share.,118044,11109121.0,D
IR,2026-03-02,REYNAL VICENTE,Chief Executive Officer,Conversion of Exercise of derivative security at price 10.61 per share.,118044,1252447.0,D
IR,2026-02-20,KINI VIKRAM,Chief Financial Officer,Sale at price 96.50 per share.,28367,2737416.0,D
IR,2026-02-20,KINI VIKRAM,Chief Financial Officer,Conversion of Exercise of derivative security at price 11.43 - 32.06 per share.,28367,617903.0,D
IR,2026-02-19,HUMPHREY JOHN R.,Director,Sale at price 95.90 per share.,4300,412370.0,D
IR,2026-02-18,REYNAL VICENTE,Chief Executive Officer,Sale at price 100.00 per share.,900,90000.0,D
IR,2026-02-18,REYNAL VICENTE,Chief Executive Officer,Conversion of Exercise of derivative security at price 10.61 per share.,900,9549.0,D
IR,2026-02-17,SCHIESL ANDREW R,General Counsel,Sale at price 98.00 per share.,18000,1764000.0,D
IR,2026-02-17,HEPDING ELIZABETH MELOY,Officer,Sale at price 97.11 per share.,18246,1771869.0,D
IR,2026-02-17,REYNAL VICENTE,Chief Executive Officer,Sale at price 97.50 - 100.39 per share.,92352,9165784.0,D
IR,2026-02-17,SCHESKE MICHAEL J,Officer,Sale at price 97.11 - 98.50 per share.,19122,1867561.0,D
IR,2026-02-17,KEENE KATHLEEN M,Officer,Sale at price 99.46 per share.,12000,1193520.0,D
IR,2026-02-17,HEPDING ELIZABETH MELOY,Officer,Conversion of Exercise of derivative security at price 49.52 per share.,18246,903542.0,D
IR,2026-02-17,SCHESKE MICHAEL J,Officer,Conversion of Exercise of derivative security at price 27.79 - 45.58 per share.,19122,667369.0,D
IR,2026-02-13,REYNAL VICENTE,Chief Executive Officer,Conversion of Exercise of derivative security at price 10.61 per share.,55870,592781.0,D
IR,2026-02-11,REYNAL VICENTE,Chief Executive Officer,Sale at price 100.00 per share.,440,44000.0,D
IR,2026-02-11,REYNAL VICENTE,Chief Executive Officer,Conversion of Exercise of derivative security at price 10.61 per share.,440,4668.0,D
IR,2026-02-06,SCHIESL ANDREW R,General Counsel,Stock Award(Grant) at price 0.00 per share.,10577,0.0,D
IR,2026-02-06,HEPDING ELIZABETH MELOY,Officer,Stock Award(Grant) at price 0.00 per share.,5058,0.0,D
IR,2026-02-06,REYNAL VICENTE,Chief Executive Officer,Stock Award(Grant) at price 0.00 per share.,64388,0.0,D
IR,2026-02-06,WEATHERRED MICHAEL A,Officer,Stock Award(Grant) at price 0.00 per share.,9198,0.0,D
IR,2026-02-06,KINI VIKRAM,Chief Financial Officer,Stock Award(Grant) at price 0.00 per share.,16556,0.0,D
IR,2026-02-06,KEENE KATHLEEN M,Officer,Stock Award(Grant) at price 0.00 per share.,5518,0.0,D
IR,2026-02-04,REYNAL VICENTE,Chief Executive Officer,Sale at price 94.00 - 99.13 per share.,100000,9754367.0,D
IR,2026-02-04,REYNAL VICENTE,Chief Executive Officer,Conversion of Exercise of derivative security at price 10.61 per share.,100000,1061000.0,D
IR,2026-01-16,REYNAL VICENTE,Chief Executive Officer,Sale at price 88.12 per share.,191000,16830920.0,D
IR,2026-01-16,REYNAL VICENTE,Chief Executive Officer,Conversion of Exercise of derivative security at price 10.61 per share.,191000,2026510.0,D
IR,2025-12-01,SCHESKE MICHAEL J,Officer,Sale at price 80.63 per share.,1477,119086.0,D
IR,2025-05-20,REYNAL VICENTE,Chief Executive Officer,Sale at price 83.03 per share.,38657,3209768.0,D
IR,2025-05-20,REYNAL VICENTE,Chief Executive Officer,Conversion of Exercise of derivative security at price 10.61 per share.,38657,410151.0,D
IR,2025-05-14,HEPDING ELIZABETH MELOY,Officer,Sale at price 83.78 per share.,3500,293230.0,D
IR,2025-05-13,SCHIESL ANDREW R,General Counsel,Sale at price 84.90 per share.,11500,976316.0,D
IR,2025-02-18,SCHIESL ANDREW R,General Counsel,Sale at price 87.05 per share.,13228,1151497.0,D
IR,2025-02-10,SCHIESL ANDREW R,General Counsel,Stock Award(Grant) at price 0.00 per share.,20718,0.0,D
IR,2025-02-10,HEPDING ELIZABETH MELOY,Officer,Stock Award(Grant) at price 0.00 per share.,9888,0.0,D
IR,2025-02-10,REYNAL VICENTE,Officer and Director,Stock Award(Grant) at price 0.00 per share.,131850,0.0,D
IR,2025-02-10,WEATHERRED MICHAEL A,Officer,Stock Award(Grant) at price 0.00 per share.,16010,0.0,D
IR,2025-02-10,KINI VIKRAM,Chief Financial Officer,Stock Award(Grant) at price 0.00 per share.,26370,0.0,D
IR,2025-02-10,KEENE KATHLEEN M,Officer,Stock Award(Grant) at price 0.00 per share.,8476,0.0,D
IR,2024-12-04,DONNELLY WILLIAM P,Director,Stock Gift at price 0.00 per share.,14875,0.0,D
IR,2024-11-05,SCHIESL ANDREW R,General Counsel,Sale at price 95.08 per share.,24234,2304241.0,D
IR,2024-11-05,SCHESKE MICHAEL J,Officer,Sale at price 97.44 per share.,2531,246621.0,D
IR,2024-11-05,SCHIESL ANDREW R,General Counsel,Conversion of Exercise of derivative security at price 27.79 per share.,24234,673463.0,D
IR,2024-11-05,SCHESKE MICHAEL J,Officer,Conversion of Exercise of derivative security at price 27.05 per share.,2531,68464.0,D
IR,2024-08-28,KEENE KATHLEEN M,Officer,Sale at price 89.99 - 91.00 per share.,4674,420673.0,D
IR,2024-08-27,KEENE KATHLEEN M,Officer,Conversion of Exercise of derivative security at price 25.96 per share.,4629,120169.0,D
IR,2024-08-21,HEPDING ELIZABETH MELOY,Officer,Sale at price 91.42 per share.,7500,685650.0,D
IR,2024-08-21,HEPDING ELIZABETH MELOY,Officer,Conversion of Exercise of derivative security at price 49.52 per share.,7500,371400.0,D
AMZN,2026-08-06,HERRINGTON DOUGLAS J,Officer,Stock Gift at price 0.00 per share.,22000,0.0,D
AMZN,2026-08-03,BEZOS JEFFREY P,Officer and Director,Sale at price 286.41 per share.,1209649,346453514.0,D
AMZN,2026-08-03,HERRINGTON DOUGLAS J,Officer,Sale at price 278.39 per share.,1000,278390.0,D
AMZN,2026-07-01,HERRINGTON DOUGLAS J,Officer,Sale at price 239.77 per share.,1000,239770.0,D
AMZN,2026-06-01,HERRINGTON DOUGLAS J,Officer,Sale at price 266.19 per share.,1000,266190.0,D
AMZN,2026-05-22,ZAPOLSKY DAVID A.,Officer,Sale at price 261.96 - 268.53 per share.,15450,4117252.0,D
AMZN,2026-05-21,GARMAN MATTHEW S,Officer,Sale at price 261.93 - 265.64 per share.,15467,4073956.0,D
AMZN,2026-05-21,HERRINGTON DOUGLAS J,Officer,Sale at price 261.88 - 263.85 per share.,6370,1671439.0,D
AMZN,2026-05-21,JASSY ANDREW R.,Chief Executive Officer,Sale at price 261.95 - 265.61 per share.,20000,5268342.0,D
AMZN,2026-05-21,REYNOLDS SHELLEY L,Officer,Sale at price 261.83 - 263.99 per share.,2363,620003.0,D
AMZN,2026-05-15,GARMAN MATTHEW S,Officer,Sale at price 261.79 - 263.57 per share.,11475,3013973.0,D
AMZN,2026-05-15,HERRINGTON DOUGLAS J,Officer,Sale at price 261.74 - 263.57 per share.,3742,982602.0,D
AMZN,2026-05-04,BEZOS JEFFREY P,Officer and Director,Stock Gift at price 0.00 per share.,1253797,0.0,D
AMZN,2026-05-04,HERRINGTON DOUGLAS J,Officer,Sale at price 265.65 - 275.00 per share.,28500,7828150.0,D
AMZN,2026-05-04,JASSY ANDREW R.,Chief Executive Officer,Sale at price 275.00 per share.,31352,8621800.0,D
AMZN,2026-04-30,RUBINSTEIN JONATHAN J,Director,Sale at price 273.02 per share.,3706,1011812.0,D
AMZN,2026-04-24,RUBINSTEIN JONATHAN J,Director,Sale at price 260.00 per share.,3849,1000740.0,D
AMZN,2026-04-17,JASSY ANDREW R.,Chief Executive Officer,Sale at price 255.00 per share.,31000,7905000.0,D
AMZN,2026-04-14,HERRINGTON DOUGLAS J,Officer,Sale at price 245.00 per share.,20500,5022500.0,D
AMZN,2026-04-01,HERRINGTON DOUGLAS J,Officer,Sale at price 210.50 per share.,1000,210500.0,D
AMZN,2026-03-02,HERRINGTON DOUGLAS J,Officer,Sale at price 204.25 per share.,1000,204250.0,D
AMZN,2026-02-24,ZAPOLSKY DAVID A.,Officer,Sale at price 204.15 - 208.02 per share.,17749,3645614.0,D
AMZN,2026-02-23,HERRINGTON DOUGLAS J,Officer,Sale at price 204.63 - 208.25 per share.,6835,1406785.0,D
AMZN,2026-02-23,GARMAN MATTHEW S,Officer,Sale at price 204.14 - 208.05 per share.,17751,3642842.0,D
AMZN,2026-02-23,JASSY ANDREW R.,Chief Executive Officer,Sale at price 204.25 - 207.96 per share.,19872,4077378.0,D
AMZN,2026-02-23,REYNOLDS SHELLEY L,Officer,Sale at price 204.60 - 207.98 per share.,2695,554892.0,D
AMZN,2026-02-17,HERRINGTON DOUGLAS J,Officer,Sale at price 196.75 - 200.08 per share.,4784,948990.0,D
AMZN,2026-02-12,ALEXANDER KEITH BRIAN,Director,Sale at price 203.88 per share.,900,183492.0,D
AMZN,2026-02-11,HERRINGTON DOUGLAS J,Officer,Sale at price 208.00 per share.,1000,208000.0,D
AMZN,2025-12-01,HERRINGTON DOUGLAS J,Officer,Sale at price 233.22 per share.,2500,583050.0,D
AMZN,2025-11-24,ZAPOLSKY DAVID A.,Officer,Sale at price 215.86 - 222.49 per share.,20670,4559466.0,D
AMZN,2025-11-21,GARMAN MATTHEW S,Officer,Sale at price 215.83 - 219.48 per share.,17768,3853946.0,D
AMZN,2025-11-21,HERRINGTON DOUGLAS J,Officer,Sale at price 216.05 - 217.52 per share.,6835,1479098.0,D
AMZN,2025-11-21,JASSY ANDREW R.,Chief Executive Officer,Sale at price 215.82 - 219.46 per share.,19872,4310952.0,D
AMZN,2025-11-21,REYNOLDS SHELLEY L,Officer,Sale at price 216.07 - 217.57 per share.,2695,583222.0,D
AMZN,2025-11-20,HUTTENLOCHER DANIEL P,Director,Sale at price 226.61 per share.,1237,280317.0,D
AMZN,2025-11-17,HERRINGTON DOUGLAS J,Officer,Sale at price 231.63 - 234.38 per share.,4784,1113263.0,D
AMZN,2025-11-17,ALEXANDER KEITH BRIAN,Director,Sale at price 233.00 per share.,900,209700.0,D
AMZN,2025-11-14,BEZOS JEFFREY P,Officer and Director,Stock Gift at price 0.00 per share.,42610,0.0,D
AMZN,2025-11-07,GORELICK JAMIE S,Director,Stock Gift at price 0.00 per share.,7944,0.0,D
AMZN,2025-11-07,BEZOS JEFFREY P,Officer and Director,Stock Gift at price 0.00 per share.,1013128,0.0,D
AMZN,2025-11-03,HERRINGTON DOUGLAS J,Officer,Sale at price 250.03 - 255.44 per share.,24500,6139260.0,D
AMZN,2025-10-31,RUBINSTEIN JONATHAN J,Director,Sale at price 250.03 per share.,8173,2043495.0,D
AMZN,2025-10-01,HERRINGTON DOUGLAS J,Officer,Sale at price 217.10 per share.,2500,542750.0,D
AMZN,2025-09-02,HERRINGTON DOUGLAS J,Officer,Sale at price 223.49 per share.,2500,558725.0,D
AMZN,2025-08-28,BEZOS JEFFREY P,Officer and Director,Stock Gift at price 0.00 per share.,421693,0.0,D
AMZN,2025-08-22,ZAPOLSKY DAVID A.,Officer,Sale at price 221.34 - 222.76 per share.,20670,4595798.0,D
AMZN,2025-08-21,GARMAN MATTHEW S,Officer,Sale at price 221.37 - 221.85 per share.,17785,3940677.0,D
AMZN,2025-08-21,HERRINGTON DOUGLAS J,Officer,Sale at price 221.26 - 222.74 per share.,6835,1514783.0,D
AMZN,2025-08-21,JASSY ANDREW R.,Chief Executive Officer,Sale at price 221.42 - 221.91 per share.,19872,4403259.0,D
AMZN,2025-08-21,REYNOLDS SHELLEY L,Officer,Sale at price 221.35 - 222.23 per share.,2715,601755.0,D
AMZN,2025-08-21,OLSAVSKY BRIAN T.,Chief Financial Officer,Sale at price 222.74 per share.,17750,3953635.0,D
AMZN,2025-08-15,HERRINGTON DOUGLAS J,Officer,Sale at price 231.78 - 233.72 per share.,4784,1111410.0,D
AMZN,2025-08-14,BEZOS JEFFREY P,Officer and Director,Stock Gift at price 0.00 per share.,100020,0.0,D
AMZN,2025-08-08,HERRINGTON DOUGLAS J,Officer,Stock Gift at price 0.00 per share.,8970,0.0,D
AMZN,2025-08-01,HERRINGTON DOUGLAS J,Officer,Sale at price 217.00 per share.,2500,542500.0,D
AMZN,2025-07-24,BEZOS JEFFREY P,Officer and Director,Sale at price 228.48 - 233.08 per share.,4154098,954275370.0,D
AMZN,2025-07-22,BEZOS JEFFREY P,Officer and Director,Sale at price 227.55 - 229.54 per share.,6612707,1509959637.0,D
AMZN,2025-07-15,BEZOS JEFFREY P,Officer and Director,Sale at price 227.02 per share.,733195,166449709.0,D
AMZN,2025-07-14,BEZOS JEFFREY P,Officer and Director,Sale at price 224.55 - 226.44 per share.,6715424,1512356060.0,D
BKNG,2026-08-12,STEENBERGEN EWOUT L,Chief Financial Officer,Sale at price 208.65 - 212.54 per share.,20000,4220516.0,D
BKNG,2026-08-05,MYLOD ROBERT J JR,Director,Sale at price 206.70 per share.,1000,206700.0,I
BKNG,2026-07-29,MYLOD ROBERT J JR,Director,Sale at price 200.00 per share.,5000,1000000.0,I
BKNG,2026-07-28,WITTMAN VANESSA AMES,Director,Sale at price 192.00 per share.,1125,216000.0,D
BKNG,2026-05-29,READ NICHOLAS JONATHAN,Director,Stock Award(Grant) at price 0.00 per share.,1583,0.0,D
BKNG,2026-05-29,WITTMAN VANESSA AMES,Director,Stock Award(Grant) at price 0.00 per share.,1583,0.0,D
BKNG,2026-05-29,SINGH SUMIT,Director,Stock Award(Grant) at price 0.00 per share.,1583,0.0,D
BKNG,2026-05-29,SIEVERS KURT,Director,Stock Award(Grant) at price 0.00 per share.,1846,0.0,D
BKNG,2026-05-29,GRIER KELLY J.,Director,Stock Award(Grant) at price 0.00 per share.,1583,0.0,D
BKNG,2026-05-29,QUINLAN LARRY,Director,Stock Award(Grant) at price 0.00 per share.,1583,0.0,D
BKNG,2026-05-29,MYLOD ROBERT J JR,Director,Stock Award(Grant) at price 0.00 per share.,2240,0.0,D
BKNG,2026-05-29,ROTHMAN THOMAS E,Director,Stock Award(Grant) at price 0.00 per share.,1583,0.0,D
BKNG,2026-05-29,GRADDICK-WEIR MIRIAN M,Director,Stock Award(Grant) at price 0.00 per share.,1583,0.0,D
BKNG,2026-05-29,NOSKI CHARLES HOWARD,Director,Stock Award(Grant) at price 0.00 per share.,1583,0.0,D
BKNG,2026-05-29,RADAKOVICH LYNN VOJVODICH,Director,Stock Gift at price 0.00 per share.,1200,0.0,D
BKNG,2026-05-26,MILLONES PETER J,General Counsel,Sale at price 162.96 - 165.56 per share.,62500,10229456.0,D
BKNG,2026-05-12,SULLIVAN CAROLINE DOLORES,Officer,Stock Award(Grant) at price 0.00 per share.,12674,0.0,D
BKNG,2026-04-17,WITTMAN VANESSA AMES,Director,Sale at price 192.00 per share.,1125,216000.0,D
BKNG,2026-04-15,FOGEL GLENN D,Chief Executive Officer,Sale at price 183.00 - 186.01 per share.,16726,3100294.0,D
BKNG,2026-03-16,FOGEL GLENN D,Chief Executive Officer,Sale at price 4262.06 - 4330.20 per share.,669,2871413.0,D
BKNG,2026-03-04,D'EMIC SUSANA,Officer,Stock Award(Grant) at price 0.00 per share.,169,0.0,D
BKNG,2026-03-04,STEENBERGEN EWOUT L,Chief Financial Officer,Stock Award(Grant) at price 0.00 per share.,924,0.0,D
BKNG,2026-03-04,FOGEL GLENN D,Chief Executive Officer,Stock Award(Grant) at price 0.00 per share.,16910,0.0,D
BKNG,2026-03-04,PISANO PAULO,Officer,Stock Award(Grant) at price 0.00 per share.,2892,0.0,D
BKNG,2026-03-04,MILLONES PETER J,General Counsel,Stock Award(Grant) at price 0.00 per share.,5016,0.0,D
BKNG,2026-02-17,FOGEL GLENN D,Chief Executive Officer,Sale at price 4038.03 - 4131.10 per share.,560,2291979.0,D
BKNG,2026-02-17,FOGEL GLENN D,Chief Executive Officer,Sale at price 4135.91 - 4165.72 per share.,452,1875688.0,D
BKNG,2026-02-13,D'EMIC SUSANA,Officer,Stock Award(Grant) at price 0.00 per share.,1526,0.0,D
BKNG,2026-02-02,MYLOD ROBERT J JR,Director,Sale at price 5027.53 - 5122.66 per share.,40,204214.0,I
BKNG,2026-01-15,FOGEL GLENN D,Chief Executive Officer,Sale at price 5147.58 - 5200.25 per share.,953,4937816.0,D
BKNG,2026-01-15,FOGEL GLENN D,Chief Executive Officer,Sale at price 5202.20 - 5219.25 per share.,60,312486.0,D
BKNG,2026-01-15,WITTMAN VANESSA AMES,Director,Sale at price 5191.15 per share.,15,77867.0,D
BKNG,2026-01-02,MYLOD ROBERT J JR,Director,Sale at price 5253.60 - 5356.00 per share.,40,211615.0,I
BKNG,2025-12-15,FOGEL GLENN D,Chief Executive Officer,Sale at price 5362.05 - 5444.74 per share.,571,3091695.0,D
BKNG,2025-12-15,FOGEL GLENN D,Chief Executive Officer,Sale at price 5445.66 - 5482.10 per share.,442,2415502.0,D
BKNG,2025-12-15,WITTMAN VANESSA AMES,Director,Sale at price 5362.00 per share.,15,80430.0,D
BKNG,2025-12-02,MYLOD ROBERT J JR,Director,Sale at price 5000.00 per share.,40,200000.0,I
BKNG,2025-11-17,FOGEL GLENN D,Chief Executive Officer,Sale at price 4775.17 - 4870.76 per share.,443,2135414.0,D
BKNG,2025-11-17,FOGEL GLENN D,Chief Executive Officer,Sale at price 4873.79 - 5044.64 per share.,400,2003074.0,D
BKNG,2025-11-17,FOGEL GLENN D,Chief Executive Officer,Sale at price 5048.50 - 5083.61 per share.,170,860582.0,D
BKNG,2025-11-17,WITTMAN VANESSA AMES,Director,Sale at price 5030.00 per share.,15,75450.0,D
BKNG,2025-11-07,MYLOD ROBERT J JR,Director,Sale at price 5000.00 per share.,40,200000.0,I
BKNG,2025-11-07,PISANO PAULO,Officer,Sale at price 5000.00 per share.,200,1000000.0,D
BKNG,2025-10-15,FOGEL GLENN D,Chief Executive Officer,Sale at price 5066.94 - 5211.74 per share.,625,3213454.0,D
BKNG,2025-10-15,FOGEL GLENN D,Chief Executive Officer,Sale at price 5225.92 - 5285.99 per share.,388,2038568.0,D
BKNG,2025-10-15,WITTMAN VANESSA AMES,Director,Sale at price 5291.98 per share.,15,79380.0,D
BKNG,2025-09-15,QUINLAN LARRY,Director,Sale at price 5427.02 - 5547.33 per share.,64,352755.0,I
BKNG,2025-09-15,FOGEL GLENN D,Chief Executive Officer,Sale at price 5437.04 - 5555.74 per share.,1013,5588637.0,D
BKNG,2025-09-15,WITTMAN VANESSA AMES,Director,Sale at price 5500.00 per share.,15,82500.0,D
BKNG,2025-09-08,QUINLAN LARRY,Director,Sale at price 5523.90 - 5614.94 per share.,64,357575.0,I
BKNG,2025-08-15,FOGEL GLENN D,Chief Executive Officer,Sale at price 5448.46 - 5502.69 per share.,1013,5548094.0,D
BKNG,2025-07-31,FOGEL GLENN D,Chief Executive Officer,Stock Gift at price 0.00 per share.,1000,0.0,D
BKNG,2025-07-15,FOGEL GLENN D,Chief Executive Officer,Sale at price 5642.82 - 5766.71 per share.,1013,5769036.0,D
BKNG,2025-06-16,FOGEL GLENN D,Chief Executive Officer,Sale at price 5325.57 - 5371.63 per share.,1013,5425697.0,D
BKNG,2025-05-30,VOJVODICH RADAKOVICH LYNN,Director,Stock Award(Grant) at price 0.00 per share.,48,0.0,D
BKNG,2025-05-30,READ NICHOLAS JONATHAN,Director,Stock Award(Grant) at price 0.00 per share.,48,0.0,D
BKNG,2025-05-30,WITTMAN VANESSA AMES,Director,Stock Award(Grant) at price 0.00 per share.,48,0.0,D
BKNG,2025-05-30,SINGH SUMIT,Director,Stock Award(Grant) at price 0.00 per share.,48,0.0,D
BKNG,2025-05-30,GRIER KELLY J.,Director,Stock Award(Grant) at price 0.00 per share.,48,0.0,D
BKNG,2025-05-30,QUINLAN LARRY,Director,Stock Award(Grant) at price 0.00 per share.,48,0.0,D
ABNB,2026-08-10,BLECHARCZYK NATHAN,"Officer, Director and Beneficial Owner",Stock Gift at price 0.00 per share.,159000,0.0,I
ABNB,2026-08-07,CHENAULT KENNETH I,Director,Conversion of Exercise of derivative security at price 59.91 per share.,8346,500009.0,D
ABNB,2026-08-07,CHENAULT KENNETH I,Director,Sale at price 170.00 per share.,8346,1418820.0,D
ABNB,2026-08-07,CHESKY BRIAN,Chief Executive Officer,Sale at price 163.64 - 178.20 per share.,200000,34958333.0,D
ABNB,2026-08-07,CHESKY BRIAN,Chief Executive Officer,Sale at price 165.17 - 178.11 per share.,20000,3472103.0,I
ABNB,2026-08-07,BLECHARCZYK NATHAN,"Officer, Director and Beneficial Owner",Sale at price 165.16 - 177.06 per share.,531000,92614067.0,I
ABNB,2026-08-03,MERTZ ELINOR,Chief Financial Officer,Sale at price 153.34 per share.,3748,574718.0,D
ABNB,2026-08-03,BLECHARCZYK NATHAN,"Officer, Director and Beneficial Owner",Sale at price 150.92 - 154.03 per share.,13615,2066803.0,I
ABNB,2026-08-03,BLECHARCZYK NATHAN,"Officer, Director and Beneficial Owner",Stock Gift at price 0.00 per share.,4077,0.0,I
ABNB,2026-07-30,BLECHARCZYK NATHAN,"Officer, Director and Beneficial Owner",Stock Gift at price 0.00 per share.,4077,0.0,I
ABNB,2026-07-28,GEBBIA JOSEPH,Director and Beneficial Owner of more than 10% of a Class of Security,Sale at price 143.79 - 153.11 per share.,2093303,315911789.0,I
ABNB,2026-07-20,BLECHARCZYK NATHAN,"Officer, Director and Beneficial Owner",Sale at price 145.32 - 146.23 per share.,13615,1980075.0,I
ABNB,2026-07-20,BLECHARCZYK NATHAN,"Officer, Director and Beneficial Owner",Stock Gift at price 0.00 per share.,4077,0.0,I
ABNB,2026-07-16,GEBBIA JOSEPH,Director and Beneficial Owner of more than 10% of a Class of Security,Sale at price 150.15 - 150.23 per share.,236601,35529853.0,I
ABNB,2026-07-13,GEBBIA JOSEPH,Director and Beneficial Owner of more than 10% of a Class of Security,Sale at price 143.88 - 149.34 per share.,265000,38557367.0,I
ABNB,2026-07-08,BLECHARCZYK NATHAN,"Officer, Director and Beneficial Owner",Stock Gift at price 0.00 per share.,65230,0.0,I
ABNB,2026-07-07,GEBBIA JOSEPH,Director and Beneficial Owner of more than 10% of a Class of Security,Sale at price 150.00 per share.,2460,369000.0,I
ABNB,2026-07-06,BLECHARCZYK NATHAN,"Officer, Director and Beneficial Owner",Sale at price 147.86 - 149.24 per share.,13615,2020094.0,I
ABNB,2026-07-02,MERTZ ELINOR,Chief Financial Officer,Sale at price 148.01 per share.,3750,555038.0,D
ABNB,2026-07-02,GEBBIA JOSEPH,Director and Beneficial Owner of more than 10% of a Class of Security,Sale at price 150.01 per share.,27733,4160341.0,I
ABNB,2026-06-29,CHENAULT KENNETH I,Director,Conversion of Exercise of derivative security at price 59.91 per share.,8346,500009.0,D
ABNB,2026-06-29,CHENAULT KENNETH I,Director,Sale at price 150.00 per share.,8346,1251900.0,D
ABNB,2026-06-29,GEBBIA JOSEPH,Director and Beneficial Owner of more than 10% of a Class of Security,Sale at price 145.90 - 150.03 per share.,294903,43771373.0,I
ABNB,2026-06-26,BLECHARCZYK NATHAN,"Officer, Director and Beneficial Owner",Sale at price 145.58 - 147.07 per share.,31033,4544132.0,I
ABNB,2026-06-25,BLECHARCZYK NATHAN,"Officer, Director and Beneficial Owner",Sale at price 145.09 - 147.09 per share.,90479,13190788.0,I
ABNB,2026-06-15,GEBBIA JOSEPH,Director and Beneficial Owner of more than 10% of a Class of Security,Sale at price 134.71 - 140.05 per share.,265000,36704161.0,I
ABNB,2026-06-15,CHESKY BRIAN,Chief Executive Officer,Sale at price 135.07 - 140.07 per share.,30743,4254779.0,D
ABNB,2026-06-09,CHESKY BRIAN,Chief Executive Officer,Sale at price 135.22 - 136.20 per share.,41899,5672127.0,D
ABNB,2026-06-05,CHESKY BRIAN,Chief Executive Officer,Sale at price 135.17 - 137.07 per share.,80848,10990334.0,D
ABNB,2026-06-02,MERTZ ELINOR,Chief Financial Officer,Sale at price 136.24 per share.,7433,1012672.0,D
ABNB,2026-06-02,CHESKY BRIAN,Chief Executive Officer,Sale at price 132.57 - 135.71 per share.,62764,8410584.0,D
ABNB,2026-06-01,GEBBIA JOSEPH,Director and Beneficial Owner of more than 10% of a Class of Security,Sale at price 132.52 - 137.51 per share.,265000,35893438.0,I
ABNB,2026-06-01,CHESKY BRIAN,Chief Executive Officer,Sale at price 132.63 - 138.03 per share.,308450,41751141.0,D/I
ABNB,2026-05-28,CHESKY BRIAN,Chief Executive Officer,Sale at price 129.82 - 134.44 per share.,515296,68365969.0,D/I
ABNB,2026-05-26,GEBBIA JOSEPH,Director and Beneficial Owner of more than 10% of a Class of Security,Sale at price 132.75 - 136.02 per share.,2860,381638.0,I
ABNB,2026-05-22,GEBBIA JOSEPH,Director and Beneficial Owner of more than 10% of a Class of Security,Stock Award(Grant) at price 0.00 per share.,2738,0.0,D
ABNB,2026-05-22,MANYIKA JAMES,Director,Stock Award(Grant) at price 0.00 per share.,2927,0.0,D
ABNB,2026-05-22,JORDAN JEFFREY D,Director,Stock Award(Grant) at price 0.00 per share.,3003,0.0,D
ABNB,2026-05-22,LIN ALFRED,Director,Stock Award(Grant) at price 0.00 per share.,2890,0.0,D
ABNB,2026-05-22,CHENAULT KENNETH I,Director,Stock Award(Grant) at price 0.00 per share.,3135,0.0,D
ABNB,2026-05-22,AHRENDTS ANGELA J COUCH,Director,Stock Award(Grant) at price 0.00 per share.,3022,0.0,D
ABNB,2026-05-22,AHUJA AMRITA,Director,Stock Award(Grant) at price 0.00 per share.,2946,0.0,D
ABNB,2026-05-20,BLECHARCZYK NATHAN,"Officer, Director and Beneficial Owner",Sale at price 131.40 per share.,2739,359905.0,D
ABNB,2026-05-18,GEBBIA JOSEPH,Director and Beneficial Owner of more than 10% of a Class of Security,Sale at price 132.91 - 137.06 per share.,54000,7282706.0,I
ABNB,2026-05-11,BLECHARCZYK NATHAN,"Officer, Director and Beneficial Owner",Sale at price 145.47 - 146.24 per share.,60763,8853375.0,I
ABNB,2026-05-04,MERTZ ELINOR,Chief Financial Officer,Sale at price 143.00 per share.,3750,536250.0,D
ABNB,2026-05-04,GEBBIA JOSEPH,Director and Beneficial Owner of more than 10% of a Class of Security,Sale at price 138.75 - 143.06 per share.,58000,8141301.0,I
ABNB,2026-04-23,BLECHARCZYK NATHAN,"Officer, Director and Beneficial Owner",Stock Award(Grant) at price 0.00 per share.,39204,0.0,D
ABNB,2026-04-23,MERTZ ELINOR,Chief Financial Officer,Stock Award(Grant) at price 0.00 per share.,72806,0.0,D
ABNB,2026-04-23,BERNSTEIN DAVID CHARLES,Officer,Stock Award(Grant) at price 0.00 per share.,11201,0.0,D
ABNB,2026-04-22,BLECHARCZYK NATHAN,"Officer, Director and Beneficial Owner",Sale at price 145.25 - 147.00 per share.,35565,5180945.0,I
ABNB,2026-04-20,GEBBIA JOSEPH,Director and Beneficial Owner of more than 10% of a Class of Security,Sale at price 140.77 - 143.36 per share.,58000,8270238.0,I
ABNB,2026-04-08,MERTZ ELINOR,Chief Financial Officer,Sale at price 130.99 per share.,3750,491212.0,D
ABNB,2026-04-06,GEBBIA JOSEPH,Director and Beneficial Owner of more than 10% of a Class of Security,Sale at price 124.75 - 127.02 per share.,58000,7317456.0,I
ABNB,2026-03-23,GEBBIA JOSEPH,Director and Beneficial Owner of more than 10% of a Class of Security,Sale at price 130.43 - 133.27 per share.,58000,7685663.0,I
ABNB,2026-03-09,GEBBIA JOSEPH,Director and Beneficial Owner of more than 10% of a Class of Security,Sale at price 128.72 - 134.07 per share.,58000,7613827.0,I
ABNB,2026-03-05,MERTZ ELINOR,Chief Financial Officer,Sale at price 135.73 per share.,4308,584725.0,D
ABNB,2026-03-02,MERTZ ELINOR,Chief Financial Officer,Sale at price 130.00 per share.,3750,487500.0,D
ABNB,2026-02-23,GEBBIA JOSEPH,Director and Beneficial Owner of more than 10% of a Class of Security,Sale at price 120.44 - 128.29 per share.,58000,7074274.0,I
ABNB,2026-02-20,BLECHARCZYK NATHAN,"Officer, Director and Beneficial Owner",Sale at price 125.29 per share.,4260,533735.0,D
DASH,2026-08-06,FANG ANDY,Director,Sale at price 215.00 per share.,15000,3225000.0,I
DASH,2026-08-03,TANG WEIRUI STANLEY,Director,Sale at price 198.99 - 203.64 per share.,69364,13915391.0,D/I
DASH,2026-08-03,FANG ANDY,Director,Sale at price 198.91 - 203.39 per share.,20000,4006097.0,I
DASH,2026-07-08,INUKONDA RAVI KIRAN REDDY,Chief Financial Officer,Sale at price 183.36 - 193.21 per share.,19095,3590633.0,D
DASH,2026-07-08,INUKONDA RAVI KIRAN REDDY,Chief Financial Officer,Conversion of Exercise of derivative security at price 7.66 per share.,4068,31161.0,D
DASH,2026-07-02,TANG WEIRUI STANLEY,Director,Sale at price 189.75 - 193.44 per share.,23125,4421342.0,I
DASH,2026-07-01,FANG ANDY,Director,Sale at price 183.42 - 189.21 per share.,5000,925096.0,I
DASH,2026-06-26,BROWN SHONA L,Director,Sale at price 177.06 per share.,582,103049.0,D
DASH,2026-06-24,FANG ANDY,Director,Sale at price 180.00 per share.,5000,900000.0,I
DASH,2026-06-22,YANDELL KEITH,Officer,Stock Award(Grant) at price 0.00 per share.,49728,0.0,D
DASH,2026-06-10,STILL ASHLEY,Director,Sale at price 153.58 per share.,1164,178767.0,I
DASH,2026-06-10,BLACKBURN JEFFREY M,Director,Stock Award(Grant) at price 0.00 per share.,1986,0.0,D
DASH,2026-06-10,BROWN SHONA L,Director,Stock Award(Grant) at price 0.00 per share.,1986,0.0,D
DASH,2026-06-10,DOERR L JOHN,Director,Stock Award(Grant) at price 0.00 per share.,1986,0.0,D
DASH,2026-06-10,PIACENTINI DIEGO,Director,Stock Award(Grant) at price 0.00 per share.,1986,0.0,D
DASH,2026-06-10,LIN ALFRED,Director,Stock Award(Grant) at price 0.00 per share.,1986,0.0,D
DASH,2026-06-10,MERTZ ELINOR,Director,Stock Award(Grant) at price 0.00 per share.,1986,0.0,D
DASH,2026-06-10,STILL ASHLEY,Director,Stock Award(Grant) at price 0.00 per share.,1986,0.0,D
DASH,2026-06-10,KOVAC MILAN,Director,Stock Award(Grant) at price 0.00 per share.,1986,0.0,D
DASH,2026-06-02,TANG WEIRUI STANLEY,Director,Sale at price 155.69 - 160.28 per share.,23125,3646189.0,I
DASH,2026-05-26,YANDELL KEITH,Officer,Sale at price 153.83 - 161.05 per share.,2643,410576.0,D
DASH,2026-05-26,ADARKAR PRABIR RAJENDRA,President,Sale at price 153.92 - 161.05 per share.,21739,3375042.0,D
DASH,2026-05-26,ADARKAR PRABIR RAJENDRA,President,Conversion of Exercise of derivative security at price 7.16 per share.,10000,71600.0,D
DASH,2026-05-22,SHERRINGHAM TIA A.,General Counsel,Sale at price 160.79 per share.,2743,441047.0,D
DASH,2026-05-22,LEE GORDON S,Officer,Conversion of Exercise of derivative security at price 17.57 per share.,2000,35140.0,D
DASH,2026-05-22,LEE GORDON S,Officer,Sale at price 160.79 per share.,2204,354381.0,D
DASH,2026-05-20,YANDELL KEITH,Officer,Sale at price 155.59 per share.,4227,657670.0,D
DASH,2026-05-20,SHERRINGHAM TIA A.,General Counsel,Sale at price 155.59 per share.,7690,1196472.0,D
DASH,2026-05-20,TANG WEIRUI STANLEY,Director,Sale at price 155.59 per share.,1592,247696.0,D
DASH,2026-05-20,ADARKAR PRABIR RAJENDRA,President,Sale at price 155.59 per share.,17126,2664600.0,D
DASH,2026-05-20,INUKONDA RAVI KIRAN REDDY,Chief Financial Officer,Sale at price 155.59 per share.,19505,3034744.0,D
DASH,2026-05-20,FANG ANDY,Director,Sale at price 155.59 per share.,1164,181104.0,D
DASH,2026-05-20,LEE GORDON S,Officer,Sale at price 155.59 per share.,2910,452761.0,D
DASH,2026-05-04,TANG WEIRUI STANLEY,Director,Sale at price 172.72 - 176.32 per share.,23125,4023024.0,I
DASH,2026-04-20,ADARKAR PRABIR RAJENDRA,President,Sale at price 182.19 - 190.64 per share.,10000,1883368.0,D
DASH,2026-04-20,ADARKAR PRABIR RAJENDRA,President,Conversion of Exercise of derivative security at price 7.16 per share.,10000,71600.0,D
DASH,2026-04-20,FANG ANDY,Director,Stock Award(Grant) at price 0.00 per share.,26231,0.0,D
DASH,2026-04-20,LEE GORDON S,Officer,Stock Award(Grant) at price 0.00 per share.,10195,0.0,D
DASH,2026-04-20,YANDELL KEITH,Officer,Stock Award(Grant) at price 0.00 per share.,30435,0.0,D
DASH,2026-04-20,ADARKAR PRABIR RAJENDRA,President,Stock Award(Grant) at price 0.00 per share.,144263,0.0,D
DASH,2026-04-20,TANG WEIRUI STANLEY,Director,Stock Award(Grant) at price 0.00 per share.,24202,0.0,D
DASH,2026-04-20,INUKONDA RAVI KIRAN REDDY,Chief Financial Officer,Stock Award(Grant) at price 0.00 per share.,109567,0.0,D
DASH,2026-04-20,SHERRINGHAM TIA A.,General Counsel,Stock Award(Grant) at price 0.00 per share.,51740,0.0,D
DASH,2026-04-15,BROWN SHONA L,Director,Sale at price 175.00 per share.,1250,218750.0,D
DASH,2026-04-02,TANG WEIRUI STANLEY,Director,Sale at price 150.00 per share.,23125,3468750.0,D/I
DASH,2026-03-27,KOVAC MILAN,Director,Purchase at price 146.53 - 165.34 per share.,40,6237.0,D
DASH,2026-03-25,SHERRINGHAM TIA A.,General Counsel,Conversion of Exercise of derivative security at price 7.16 per share.,1250,8950.0,D
DASH,2026-03-23,ADARKAR PRABIR RAJENDRA,President,Sale at price 158.70 - 159.34 per share.,10000,1589744.0,D
DASH,2026-03-23,ADARKAR PRABIR RAJENDRA,President,Conversion of Exercise of derivative security at price 7.16 per share.,10000,71600.0,D
DASH,2026-03-09,BROWN SHONA L,Director,Sale at price 176.61 per share.,1250,220762.0,D
DASH,2026-03-04,TANG WEIRUI STANLEY,Director,Sale at price 173.54 - 178.93 per share.,23125,4087935.0,D/I
DASH,2026-03-04,XU TONY,Chief Executive Officer,Stock Gift at price 0.00 per share.,83,0.0,I
DASH,2026-03-02,INUKONDA RAVI KIRAN REDDY,Chief Financial Officer,Sale at price 175.16 per share.,16578,2903869.0,D
DASH,2026-03-02,INUKONDA RAVI KIRAN REDDY,Chief Financial Officer,Conversion of Exercise of derivative security at price 7.66 per share.,1017,7790.0,D
DASH,2026-02-26,LEE GORDON S,Officer,Sale at price 176.19 per share.,2173,382861.0,D
DASH,2026-02-25,YANDELL KEITH,Officer,Sale at price 166.04 - 175.04 per share.,4018,693505.0,D
DASH,2026-02-24,SHERRINGHAM TIA A.,General Counsel,Sale at price 165.50 per share.,5013,829652.0,D
DASH,2026-02-24,ADARKAR PRABIR RAJENDRA,President,Sale at price 161.80 - 171.58 per share.,24760,4099215.0,D
DASH,2026-02-24,ADARKAR PRABIR RAJENDRA,President,Conversion of Exercise of derivative security at price 7.16 per share.,10000,71600.0,D
DASH,2026-02-20,SHERRINGHAM TIA A.,General Counsel,Sale at price 175.50 per share.,8346,1464690.0,D
EBAY,2026-08-10,SPENCER REBECCA,Officer,Sale at price 107.44 - 107.84 per share.,5190,559431.0,D
EBAY,2026-08-06,IANNONE JAMES JOSEPH,Chief Executive Officer,Sale at price 106.97 - 113.23 per share.,22220,2422538.0,D
EBAY,2026-07-31,TRAQUINA PERRY M,Director,Stock Award(Grant) at price 0.00 per share.,270,0.0,D
EBAY,2026-07-31,CHENNAPRAGADA APARNA,Director,Stock Award(Grant) at price 0.00 per share.,198,0.0,D
EBAY,2026-07-31,ROWE ZANE C,Director,Stock Award(Grant) at price 0.00 per share.,237,0.0,D
EBAY,2026-07-07,IANNONE JAMES JOSEPH,Chief Executive Officer,Sale at price 113.23 - 115.07 per share.,22220,2531580.0,D
EBAY,2026-06-18,SWEETNAM JORDAN DOUGLAS BRADLEY,Officer,Sale at price 109.17 per share.,863,94214.0,D
EBAY,2026-06-17,RAWASHDEH MAZEN,Chief Technology Officer,Sale at price 108.51 per share.,1919,208231.0,D
EBAY,2026-06-05,BOONE CORNELIUS,Officer,Sale at price 109.69 per share.,31100,3411359.0,D
EBAY,2026-06-05,IANNONE JAMES JOSEPH,Chief Executive Officer,Sale at price 109.33 - 111.10 per share.,22220,2436715.0,D
EBAY,2026-05-22,RAWASHDEH MAZEN,Chief Technology Officer,Sale at price 115.99 - 118.61 per share.,50000,5852072.0,D
EBAY,2026-05-21,IANNONE JAMES JOSEPH,Chief Executive Officer,Stock Gift at price 0.00 per share.,65400,0.0,I
EBAY,2026-05-18,SWEETNAM JORDAN DOUGLAS BRADLEY,Officer,Sale at price 115.61 per share.,1010,116766.0,D
EBAY,2026-05-04,IANNONE JAMES JOSEPH,Chief Executive Officer,Sale at price 101.62 - 110.90 per share.,40641,4320050.0,D
EBAY,2026-05-01,TRAQUINA PERRY M,Director,Stock Award(Grant) at price 0.00 per share.,296,0.0,D
EBAY,2026-05-01,GREEN LOGAN D,Director,Stock Award(Grant) at price 0.00 per share.,229,0.0,D
EBAY,2026-05-01,CHENNAPRAGADA APARNA,Director,Stock Award(Grant) at price 0.00 per share.,217,0.0,D
EBAY,2026-05-01,ROWE ZANE C,Director,Stock Award(Grant) at price 0.00 per share.,260,0.0,D
EBAY,2026-05-01,SWEETNAM JORDAN DOUGLAS BRADLEY,Officer,Sale at price 101.63 - 105.41 per share.,33441,3452772.0,D
EBAY,2026-05-01,SWEETNAM JORDAN DOUGLAS BRADLEY,Officer,Conversion of Exercise of derivative security at price 57.71 per share.,33441,1929880.0,D
EBAY,2026-04-15,SWEETNAM JORDAN DOUGLAS BRADLEY,Officer,Sale at price 100.29 - 100.91 per share.,12113,1215681.0,D
EBAY,2026-04-07,IANNONE JAMES JOSEPH,Chief Executive Officer,Sale at price 95.39 - 98.14 per share.,42000,4078637.0,D
EBAY,2026-03-18,BOONE CORNELIUS,Officer,Sale at price 91.87 - 93.76 per share.,16685,1542334.0,D
EBAY,2026-03-18,SWEETNAM JORDAN DOUGLAS BRADLEY,Officer,Sale at price 91.86 - 93.74 per share.,12978,1199684.0,D
EBAY,2026-03-17,RAWASHDEH MAZEN,Chief Technology Officer,Sale at price 93.59 per share.,23167,2168200.0,D
EBAY,2026-03-12,LOEGER JULIE ANNE,Officer,Sale at price 90.88 per share.,15000,1363200.0,D
EBAY,2026-03-03,IANNONE JAMES JOSEPH,Chief Executive Officer,Sale at price 87.66 - 90.05 per share.,24039,2138945.0,D
EBAY,2026-02-24,BOONE CORNELIUS,Officer,Sale at price 85.26 per share.,34100,2907366.0,D
EBAY,2026-02-20,SPENCER REBECCA,Officer,Sale at price 87.40 per share.,1869,163351.0,D
EBAY,2026-02-18,SWEETNAM JORDAN DOUGLAS BRADLEY,Officer,Sale at price 79.87 per share.,1009,80589.0,D
EBAY,2026-01-30,TRAQUINA PERRY M,Director,Stock Award(Grant) at price 0.00 per share.,338,0.0,D
EBAY,2026-01-30,GREEN LOGAN D,Director,Stock Award(Grant) at price 0.00 per share.,261,0.0,D
EBAY,2026-01-30,SHROFF MOHAK,Director,Stock Award(Grant) at price 0.00 per share.,247,0.0,D
EBAY,2026-01-30,ROWE ZANE C,Director,Stock Award(Grant) at price 0.00 per share.,296,0.0,D
EBAY,2026-01-30,SWEETNAM JORDAN DOUGLAS BRADLEY,Officer,Sale at price 91.43 - 93.10 per share.,33441,3076279.0,D
EBAY,2026-01-30,SWEETNAM JORDAN DOUGLAS BRADLEY,Officer,Conversion of Exercise of derivative security at price 57.71 per share.,33441,1929880.0,D
EBAY,2026-01-02,IANNONE JAMES JOSEPH,Chief Executive Officer,Sale at price 87.06 - 87.84 per share.,8884,777458.0,D
EBAY,2025-12-18,BOONE CORNELIUS,Officer,Sale at price 83.28 - 84.08 per share.,4462,374555.0,D
EBAY,2025-12-18,SWEETNAM JORDAN DOUGLAS BRADLEY,Officer,Sale at price 82.67 per share.,865,71510.0,D
EBAY,2025-12-17,RAWASHDEH MAZEN,Chief Technology Officer,Sale at price 81.90 per share.,1920,157248.0,D
EBAY,2025-12-11,LOEGER JULIE ANNE,Officer,Sale at price 82.44 per share.,2896,238746.0,D
EBAY,2025-12-03,IANNONE JAMES JOSEPH,Chief Executive Officer,Sale at price 82.30 - 83.21 per share.,14442,1193487.0,D
EBAY,2025-11-18,SWEETNAM JORDAN DOUGLAS BRADLEY,Officer,Sale at price 82.04 per share.,1006,82532.0,D
EBAY,2025-11-06,IANNONE JAMES JOSEPH,Chief Executive Officer,Sale at price 80.81 - 81.74 per share.,14442,1170758.0,D
EBAY,2025-11-04,SWEETNAM JORDAN DOUGLAS BRADLEY,Officer,Sale at price 81.41 - 82.20 per share.,35305,2878777.0,D
EBAY,2025-11-04,SWEETNAM JORDAN DOUGLAS BRADLEY,Officer,Conversion of Exercise of derivative security at price 57.71 per share.,34444,1987763.0,D
EBAY,2025-10-31,TRAQUINA PERRY M,Director,Stock Award(Grant) at price 0.00 per share.,379,0.0,D
EBAY,2025-10-31,GREEN LOGAN D,Director,Stock Award(Grant) at price 0.00 per share.,293,0.0,D
EBAY,2025-10-31,SHROFF MOHAK,Director,Stock Award(Grant) at price 0.00 per share.,277,0.0,D
EBAY,2025-10-31,ROWE ZANE C,Director,Stock Award(Grant) at price 0.00 per share.,333,0.0,D
EBAY,2025-10-07,IANNONE JAMES JOSEPH,Chief Executive Officer,Sale at price 89.73 - 94.54 per share.,14442,1324538.0,D
EBAY,2025-09-18,BOONE CORNELIUS,Officer,Sale at price 89.53 per share.,4439,397424.0,D
EBAY,2025-09-18,BOONE CORNELIUS,Officer,Stock Gift at price 0.00 per share.,1471,0.0,D
EBAY,2025-09-17,RAWASHDEH MAZEN,Chief Technology Officer,Sale at price 89.31 per share.,1910,170582.0,D
EBAY,2025-09-11,RAWASHDEH MAZEN,Chief Technology Officer,Sale at price 92.35 - 92.96 per share.,1910,176767.0,D
EBAY,2025-09-05,IANNONE JAMES JOSEPH,Chief Executive Officer,Sale at price 91.47 - 93.75 per share.,14442,1333981.0,D
EBAY,2025-08-15,SPENCER REBECCA,Officer,Sale at price 100.75 per share.,2260,227695.0,D
EBAY,2025-08-05,HAYLES CAROLE MARGARET,Director,Sale at price 91.39 per share.,7689,702698.0,D
EBAY,2025-08-05,IANNONE JAMES JOSEPH,Chief Executive Officer,Sale at price 91.52 - 93.04 per share.,52618,4837288.0,D
EBAY,2025-08-04,LOEGER JULIE ANNE,Officer,Sale at price 93.25 per share.,75952,7082524.0,D
CHWY,2026-08-03,SINGH SUMIT,Chief Executive Officer,Sale at price 23.01 per share.,49477,1138466.0,D/I
CHWY,2026-07-09,STAR JAMES A.,Director,Stock Award(Grant) at price 0.00 per share.,10665,0.0,D
CHWY,2026-07-09,NESBITT MARTIN H,Director,Stock Award(Grant) at price 0.00 per share.,10665,0.0,D
CHWY,2026-07-09,DICKSON KRISTINE,Director,Stock Award(Grant) at price 0.00 per share.,10665,0.0,D
CHWY,2026-07-09,GOLDHABER NATHANIEL,Director,Stock Award(Grant) at price 0.00 per share.,10665,0.0,D
CHWY,2026-07-09,NELSON JAMES LARRY,Director,Stock Award(Grant) at price 0.00 per share.,10665,0.0,D
CHWY,2026-07-09,ELLINGER DEBORAH G.,Director,Stock Award(Grant) at price 0.00 per share.,10665,0.0,D
CHWY,2026-06-29,HU DA-WAI,General Counsel,Sale at price 19.48 - 19.49 per share.,4203,81915.0,D
CHWY,2026-05-04,SINGH SUMIT,Chief Executive Officer,Sale at price 25.60 per share.,87526,2240666.0,D/I
CHWY,2026-04-08,SINGH SUMIT,Chief Executive Officer,Stock Award(Grant) at price 0.00 per share.,560286,0.0,D/I
CHWY,2026-04-08,BILLINGS WILLIAM G.,Officer,Stock Award(Grant) at price 0.00 per share.,32571,0.0,D
CHWY,2026-04-08,DEPPE CHRISTOPHER S.,Chief Financial Officer,Stock Award(Grant) at price 0.00 per share.,423654,0.0,D
CHWY,2026-04-08,HU DA-WAI,General Counsel,Stock Award(Grant) at price 0.00 per share.,37486,0.0,D
CHWY,2026-04-01,HU DA-WAI,General Counsel,Sale at price 26.91 per share.,8149,219290.0,D
CHWY,2026-03-25,SINGH SUMIT,Chief Executive Officer,Stock Award(Grant) at price 0.00 per share.,573937,0.0,D/I
CHWY,2026-03-25,BILLINGS WILLIAM G.,Officer,Stock Award(Grant) at price 0.00 per share.,14470,0.0,D
CHWY,2026-03-25,DEPPE CHRISTOPHER S.,Chief Financial Officer,Stock Award(Grant) at price 0.00 per share.,4342,0.0,D
CHWY,2026-03-25,HU DA-WAI,General Counsel,Stock Award(Grant) at price 0.00 per share.,49962,0.0,D
CHWY,2026-03-02,DEPPE CHRISTOPHER S.,Chief Financial Officer,Sale at price 26.87 per share.,3043,81765.0,D
CHWY,2026-02-02,MEHTA SATISH,Chief Technology Officer,Sale at price 28.99 per share.,13013,377247.0,D
CHWY,2025-12-03,MEHTA SATISH,Chief Technology Officer,Sale at price 33.53 - 33.73 per share.,14928,501774.0,D
CHWY,2025-12-02,SINGH SUMIT,Chief Executive Officer,Sale at price 33.73 per share.,41428,1397549.0,D/I
CHWY,2025-11-04,MEHTA SATISH,Chief Technology Officer,Sale at price 32.65 - 32.72 per share.,7930,259138.0,D
CHWY,2025-11-03,BILLINGS WILLIAM G.,Officer,Sale at price 32.72 per share.,1121,36677.0,D
CHWY,2025-11-03,SINGH SUMIT,Chief Executive Officer,Sale at price 32.72 per share.,18578,607837.0,D/I
CHWY,2025-10-09,"ARGOS HOLDINGS GP, L.L.C.",Beneficial Owner of more than 10% of a Class of Security,Sale at price 37.65 per share.,13280212,499999982.0,I
CHWY,2025-09-15,MEHTA SATISH,Chief Technology Officer,Sale at price 34.69 per share.,46765,1622278.0,D
CHWY,2025-08-05,MEHTA SATISH,Chief Technology Officer,Sale at price 35.57 - 35.82 per share.,14694,524850.0,D
CHWY,2025-08-04,BILLINGS WILLIAM G.,Officer,Sale at price 35.57 per share.,20142,716461.0,D
CHWY,2025-08-04,SINGH SUMIT,Chief Executive Officer,Sale at price 35.57 per share.,33821,1203030.0,D/I
CHWY,2025-07-14,STAR JAMES A.,Director,Stock Award(Grant) at price 0.00 per share.,4921,0.0,D
CHWY,2025-07-14,NESBITT MARTIN H,Director,Stock Award(Grant) at price 0.00 per share.,4921,0.0,D
CHWY,2025-07-14,DICKSON KRISTINE,Director,Stock Award(Grant) at price 0.00 per share.,4921,0.0,D
CHWY,2025-07-14,GOLDHABER NATHANIEL,Director,Stock Award(Grant) at price 0.00 per share.,4921,0.0,D
CHWY,2025-07-14,NELSON JAMES LARRY,Director,Stock Award(Grant) at price 0.00 per share.,4921,0.0,D
CHWY,2025-07-14,ELLINGER DEBORAH G.,Director,Stock Award(Grant) at price 0.00 per share.,4921,0.0,D
CHWY,2025-06-25,"ARGOS HOLDINGS GP, L.L.C.",Beneficial Owner of more than 10% of a Class of Security,Sale at price 41.75 per share.,29940120,1250000010.0,I
CHWY,2025-05-19,SINGH SUMIT,Chief Executive Officer,Sale at price 42.08 - 43.23 per share.,208090,8826525.0,D
CHWY,2025-05-14,SINGH SUMIT,Chief Executive Officer,Sale at price 40.09 - 41.02 per share.,198806,8056695.0,D
CHWY,2025-05-05,REEDER DAVID W,Chief Financial Officer,Sale at price 36.44 - 36.50 per share.,19445,709011.0,D
CHWY,2025-05-02,MEHTA SATISH,Chief Technology Officer,Sale at price 36.50 per share.,9243,337327.0,D
CHWY,2025-05-02,SINGH SUMIT,Chief Executive Officer,Sale at price 36.50 per share.,59417,2168447.0,D/I
CHWY,2025-04-24,GOLDHABER NATHANIEL,Director,Stock Award(Grant) at price 0.00 per share.,1304,0.0,D
CHWY,2025-04-02,SINGH SUMIT,Chief Executive Officer,Sale at price 33.35 per share.,8552,285216.0,I
CHWY,2025-03-26,REEDER DAVID W,Chief Financial Officer,Stock Award(Grant) at price 0.00 per share.,397556,0.0,D
CHWY,2025-03-26,SINGH SUMIT,Chief Executive Officer,Stock Award(Grant) at price 0.00 per share.,863929,0.0,D/I
CHWY,2025-03-26,MEHTA SATISH,Chief Technology Officer,Stock Award(Grant) at price 0.00 per share.,162139,0.0,D
CHWY,2025-03-06,MEHTA SATISH,Chief Technology Officer,Sale at price 35.60 per share.,71365,2540594.0,D
CHWY,2025-03-03,SINGH SUMIT,Chief Executive Officer,Sale at price 36.92 per share.,201,7422.0,I
CHWY,2025-02-21,ELLINGER DEBORAH G.,Director,Stock Award(Grant) at price 0.00 per share.,2089,0.0,D
CHWY,2025-02-07,MEHTA SATISH,Chief Technology Officer,Sale at price 37.93 per share.,66258,2513166.0,D
CHWY,2025-02-07,REEDER DAVID W,Chief Financial Officer,Sale at price 37.35 - 38.23 per share.,307558,11527871.0,D
CHWY,2025-02-06,MEHTA SATISH,Chief Technology Officer,Sale at price 37.90 - 38.22 per share.,23230,884131.0,D
CHWY,2025-02-06,REEDER DAVID W,Chief Financial Officer,Sale at price 37.90 - 38.22 per share.,107593,4094977.0,D
CHWY,2025-02-06,SINGH SUMIT,Chief Executive Officer,Sale at price 37.90 - 38.22 per share.,127540,4854157.0,D/I
CHWY,2025-02-04,MEHTA SATISH,Chief Technology Officer,Sale at price 37.96 - 38.14 per share.,23400,890389.0,D
CHWY,2025-02-04,REEDER DAVID W,Chief Financial Officer,Sale at price 37.96 - 38.14 per share.,107765,4100493.0,D
CHWY,2025-02-04,SINGH SUMIT,Chief Executive Officer,Sale at price 37.96 - 38.14 per share.,119922,4562644.0,D/I
CHWY,2025-01-30,MEHTA SATISH,Chief Technology Officer,Sale at price 40.00 per share.,83639,3345560.0,D
CHWY,2025-01-30,SINGH SUMIT,Chief Executive Officer,Sale at price 40.00 per share.,9285,371400.0,D
WMT,2026-08-03,BARTLETT DANIEL J,Officer,Sale at price 113.10 per share.,3710,419601.0,D
WMT,2026-07-16,NICHOLAS CHRISTOPHER JAMES,Officer,Sale at price 113.87 - 114.48 per share.,2900,330998.0,D
WMT,2026-07-01,BARTLETT DANIEL J,Officer,Sale at price 109.64 per share.,3775,413891.0,D
WMT,2026-06-30,STEPHENSON RANDALL L,Director,Stock Award(Grant) at price 113.26 per share.,419,47456.0,D
WMT,2026-06-30,WALTON STEUART L.,Director,Stock Award(Grant) at price 113.26 per share.,309,34997.0,D
WMT,2026-06-30,MAYER MARISSA A,Director,Stock Award(Grant) at price 113.26 per share.,254,28768.0,D
WMT,2026-06-30,CONDE CESAR,Director,Stock Award(Grant) at price 113.26 per share.,254,28768.0,D
WMT,2026-06-30,PENNER GREGORY BOYD,Director,Stock Award(Grant) at price 113.26 per share.,502,56857.0,D
WMT,2026-06-30,MEHROTRA SHISHIR,Director,Stock Award(Grant) at price 113.26 per share.,254,28768.0,D
WMT,2026-06-30,HARRIS CARLA A,Director,Stock Award(Grant) at price 113.26 per share.,155,17555.0,D
WMT,2026-06-30,MORITZ ROBERT EDWARD JR.,Director,Stock Award(Grant) at price 113.26 per share.,276,31260.0,D
WMT,2026-06-30,FRIAR SARAH J,Director,Stock Award(Grant) at price 113.26 per share.,309,34997.0,D
WMT,2026-06-18,NICHOLAS CHRISTOPHER JAMES,Officer,Sale at price 118.19 per share.,2900,342752.0,D
WMT,2026-06-16,WALTON FAMILY HOLDINGS TRUST,Beneficial Owner of more than 10% of a Class of Security,Sale at price 120.98 - 122.42 per share.,4424704,535788409.0,D
WMT,2026-06-15,BARTLETT DANIEL J,Officer,Sale at price 119.83 per share.,1385,165965.0,D
WMT,2026-06-10,GUGGINA DAVID W.,Officer,Sale at price 119.82 per share.,11978,1435204.0,D
WMT,2026-06-04,STEPHENSON RANDALL L,Director,Stock Award(Grant) at price 0.00 per share.,1935,0.0,D
WMT,2026-06-04,WALTON STEUART L.,Director,Stock Award(Grant) at price 0.00 per share.,1935,0.0,D
WMT,2026-06-04,MAYER MARISSA A,Director,Stock Award(Grant) at price 0.00 per share.,1935,0.0,D
WMT,2026-06-04,HORTON THOMAS W,Director,Stock Award(Grant) at price 0.00 per share.,1935,0.0,D
WMT,2026-06-04,CONDE CESAR,Director,Stock Award(Grant) at price 0.00 per share.,1935,0.0,D
WMT,2026-06-04,PENNER GREGORY BOYD,Director,Stock Award(Grant) at price 0.00 per share.,2881,0.0,D
WMT,2026-06-04,MEHROTRA SHISHIR,Director,Stock Award(Grant) at price 0.00 per share.,1935,0.0,D
WMT,2026-06-04,HARRIS CARLA A,Director,Stock Award(Grant) at price 0.00 per share.,1935,0.0,D
WMT,2026-06-04,MORITZ ROBERT EDWARD JR.,Director,Stock Award(Grant) at price 0.00 per share.,1935,0.0,D
WMT,2026-06-04,FRIAR SARAH J,Director,Stock Award(Grant) at price 0.00 per share.,1935,0.0,D
WMT,2026-06-02,WALTON FAMILY HOLDINGS TRUST,Beneficial Owner of more than 10% of a Class of Security,Sale at price 113.24 - 114.16 per share.,1771333,200723322.0,D
WMT,2026-05-29,BARTLETT DANIEL J,Officer,Stock Gift at price 0.00 per share.,424,0.0,D
WMT,2026-05-28,WATKINS LATRIECE,Officer,Sale at price 118.97 per share.,11000,1308670.0,D
WMT,2026-05-28,WALTON FAMILY HOLDINGS TRUST,Beneficial Owner of more than 10% of a Class of Security,Sale at price 119.01 - 119.05 per share.,461827,54973734.0,D
WMT,2026-05-28,MCMILLON C DOUGLAS,Director,Sale at price 118.63 per share.,19416,2303252.0,D
WMT,2026-05-26,WALTON FAMILY HOLDINGS TRUST,Beneficial Owner of more than 10% of a Class of Security,Sale at price 119.16 - 121.07 per share.,2123840,254437475.0,D
WMT,2026-05-21,NICHOLAS CHRISTOPHER JAMES,Officer,Sale at price 123.92 per share.,2900,359368.0,D
WMT,2026-05-21,FURNER JOHN R,Chief Executive Officer,Sale at price 124.01 - 124.93 per share.,13125,1628574.0,D
WMT,2026-05-15,BARTLETT DANIEL J,Officer,Sale at price 133.77 per share.,1250,167212.0,D
WMT,2026-04-23,MCMILLON C DOUGLAS,Director,Sale at price 132.21 per share.,19416,2566987.0,D
WMT,2026-04-16,NICHOLAS CHRISTOPHER JAMES,Officer,Sale at price 124.37 - 125.51 per share.,2900,361696.0,D
WMT,2026-04-16,FURNER JOHN R,Chief Executive Officer,Sale at price 124.63 - 125.06 per share.,13125,1638530.0,D
WMT,2026-04-15,BARTLETT DANIEL J,Officer,Sale at price 124.63 per share.,1335,166381.0,D
WMT,2026-03-31,STEPHENSON RANDALL L,Director,Stock Award(Grant) at price 124.28 per share.,382,47475.0,D
WMT,2026-03-31,WALTON STEUART L.,Director,Stock Award(Grant) at price 124.28 per share.,282,35047.0,D
WMT,2026-03-31,MAYER MARISSA A,Director,Stock Award(Grant) at price 124.28 per share.,231,28709.0,D
WMT,2026-03-31,NICCOL BRIAN R,Director,Stock Award(Grant) at price 124.28 per share.,231,28709.0,D
WMT,2026-03-31,CONDE CESAR,Director,Stock Award(Grant) at price 124.28 per share.,231,28709.0,D
WMT,2026-03-31,PENNER GREGORY BOYD,Director,Stock Award(Grant) at price 124.28 per share.,458,56920.0,D
WMT,2026-03-31,MEHROTRA SHISHIR,Director,Stock Award(Grant) at price 124.28 per share.,213,26472.0,D
WMT,2026-03-31,HARRIS CARLA A,Director,Stock Award(Grant) at price 124.28 per share.,141,17523.0,D
WMT,2026-03-31,MORITZ ROBERT EDWARD JR.,Director,Stock Award(Grant) at price 124.28 per share.,231,28709.0,D
WMT,2026-03-31,FRIAR SARAH J,Director,Stock Award(Grant) at price 124.28 per share.,282,35047.0,D
WMT,2026-03-31,FLYNN TIMOTHY PATRICK,Director,Stock Award(Grant) at price 124.28 per share.,302,37533.0,D
WMT,2026-03-26,MCMILLON C DOUGLAS,Director,Sale at price 123.16 per share.,19416,2391280.0,D
WMT,2026-03-25,WALTON FAMILY HOLDINGS TRUST,Beneficial Owner of more than 10% of a Class of Security,Sale at price 122.33 - 123.11 per share.,3279000,403009014.0,D
WMT,2026-03-19,FURNER JOHN R,Chief Executive Officer,Sale at price 121.96 per share.,13125,1600718.0,D
WMT,2026-03-17,WALTON STEUART L.,Director,Stock Gift at price 0.00 per share.,35000,0.0,D
WMT,2026-03-16,BARTLETT DANIEL J,Officer,Sale at price 126.28 per share.,1325,167328.0,D
WMT,2026-03-11,WALTON FAMILY HOLDINGS TRUST,Beneficial Owner of more than 10% of a Class of Security,Sale at price 123.50 - 125.15 per share.,2779586,344734293.0,D
WMT,2026-03-09,MORRIS DONNA,Officer,Stock Award(Grant) at price 0.00 per share.,55485,0.0,D
WMT,2026-03-09,FURNER JOHN R,Chief Executive Officer,Stock Award(Grant) at price 0.00 per share.,109328,0.0,D
WMT,2026-03-09,BARTLETT DANIEL J,Officer,Stock Award(Grant) at price 0.00 per share.,53174,0.0,D
WMT,2026-03-09,MCMILLON C DOUGLAS,Director,Stock Award(Grant) at price 0.00 per share.,209611,0.0,D
COST,2026-07-10,RAIKES JEFFREY S,Director,Stock Gift at price 0.00 per share.,5249,0.0,D
COST,2026-06-23,DENMAN KENNETH D,Director,Sale at price 957.45 per share.,885,847345.0,D
COST,2026-04-01,FRATES CATON,Officer,Sale at price 993.00 per share.,700,695100.0,D
COST,2026-03-09,ADAMO CLAUDINE,Officer,Sale at price 1003.02 per share.,730,732205.0,D
COST,2026-01-27,JONES TERESA A,Officer,Stock Gift at price 0.00 per share.,300,0.0,D
COST,2026-01-27,RAIKES JEFFREY S,Director,Stock Gift at price 0.00 per share.,5115,0.0,D
COST,2026-01-21,JONES TERESA A,Officer,Sale at price 986.26 per share.,850,838318.0,D
COST,2026-01-16,RAIMONDO GINA MARIE,Director,Stock Award(Grant) at price 0.00 per share.,215,0.0,D
COST,2026-01-16,DECKER SUSAN LYNNE,Director,Sale at price 955.00 per share.,458,437390.0,D
COST,2026-01-14,KLAUER JAMES C,Officer,Sale at price 939.00 per share.,1500,1408500.0,D
COST,2026-01-09,MILLER RUSSELL D,Officer,Sale at price 916.32 per share.,1500,1374480.0,I
COST,2025-12-30,POLIT JAVIER,Officer,Sale at price 862.90 - 867.21 per share.,2607,2258662.0,D
COST,2025-12-19,DENMAN KENNETH D,Director,Stock Gift at price 0.00 per share.,325,0.0,D
COST,2025-12-15,DECKER SUSAN LYNNE,Director,Stock Gift at price 0.00 per share.,2827,0.0,D
COST,2025-11-10,RAIKES JEFFREY S,Director,Stock Gift at price 0.00 per share.,4120,0.0,D
COST,2025-11-07,WILCOX WILLIAM RICHARD,Officer,Sale at price 930.13 per share.,2400,2232312.0,D
COST,2025-10-24,ADAMO CLAUDINE,Officer,Sale at price 935.68 per share.,2700,2526336.0,D
COST,2025-10-24,BARBRE TIFFANY MARIE,Divisional Officer,Sale at price 934.62 per share.,1239,1158353.0,D
COST,2025-10-22,RAIKES JEFFREY S,Director,Stock Award(Grant) at price 0.00 per share.,286,0.0,D
COST,2025-10-22,MILLERCHIP GARY,Officer,Stock Award(Grant) at price 0.00 per share.,6268,0.0,D
COST,2025-10-22,POLIT JAVIER,Officer,Stock Award(Grant) at price 0.00 per share.,4219,0.0,D
COST,2025-10-22,SULLIVAN JOHN CHRISTOPHER,Officer,Stock Award(Grant) at price 0.00 per share.,4654,0.0,D
COST,2025-10-22,FOULKES HELENA BUONANNO,Director,Stock Award(Grant) at price 0.00 per share.,286,0.0,D
COST,2025-10-22,BARBRE TIFFANY MARIE,Divisional Officer,Stock Award(Grant) at price 0.00 per share.,2118,0.0,D
COST,2025-10-22,VACHRIS ROLAND MICHAEL,Chief Executive Officer,Stock Award(Grant) at price 0.00 per share.,13834,0.0,D
COST,2025-10-22,DECKER SUSAN LYNNE,Director,Stock Award(Grant) at price 0.00 per share.,286,0.0,D
COST,2025-10-22,STANTON JOHN W.,Director,Stock Award(Grant) at price 0.00 per share.,286,0.0,D
COST,2025-10-22,DENMAN KENNETH D,Director,Stock Award(Grant) at price 0.00 per share.,286,0.0,D
COST,2025-10-22,JAMES HAMILTON E,Director,Stock Award(Grant) at price 0.00 per share.,286,0.0,D
COST,2025-10-22,WILDEROTTER MARY AGNES,Director,Stock Award(Grant) at price 0.00 per share.,286,0.0,D
COST,2025-10-22,JEWELL SALLY,Director,Stock Award(Grant) at price 0.00 per share.,286,0.0,D
COST,2025-09-29,FRATES CATON,Officer,Sale at price 910.02 per share.,1540,1401431.0,D
COST,2025-09-29,MILLER RUSSELL D,Officer,Sale at price 915.00 per share.,3381,3093615.0,I
COST,2025-09-23,MILLER RUSSELL D,Officer,Stock Gift at price 0.00 per share.,2918,0.0,D
COST,2025-09-10,CALLANS PATRICK J,Officer,Stock Award(Grant) at price 0.00 per share.,4219,0.0,D
COST,2025-09-10,RUBANENKO YORAM B.,Officer,Stock Award(Grant) at price 0.00 per share.,4219,0.0,D
COST,2025-09-10,KLAUER JAMES C,Officer,Stock Award(Grant) at price 0.00 per share.,4219,0.0,D
COST,2025-09-10,ADAMO CLAUDINE,Officer,Stock Award(Grant) at price 0.00 per share.,4219,0.0,D
COST,2025-09-10,RIEL PIERRE,Officer,Stock Award(Grant) at price 0.00 per share.,4654,0.0,D
COST,2025-09-10,FRATES CATON,Officer,Stock Award(Grant) at price 0.00 per share.,4219,0.0,D
COST,2025-09-10,JONES TERESA A,Officer,Stock Award(Grant) at price 0.00 per share.,4219,0.0,D
COST,2025-09-10,MILLER RUSSELL D,Officer,Stock Award(Grant) at price 0.00 per share.,4654,0.0,D
COST,2025-09-02,STANTON JOHN W.,Director,Stock Gift at price 0.00 per share.,211,0.0,I
COST,2025-08-20,JONES TERESA A,Officer,Sale at price 992.05 per share.,600,595230.0,D
COST,2025-07-14,RUBANENKO YORAM B.,Officer,Sale at price 974.96 per share.,4000,3899852.0,D
COST,2025-07-14,RAIKES JEFFREY S,Director,Stock Gift at price 0.00 per share.,6573,0.0,D
COST,2025-06-18,DECKER SUSAN LYNNE,Director,Sale at price 978.40 - 980.00 per share.,547,536058.0,D
COST,2025-06-09,CALLANS PATRICK J,Officer,Sale at price 1002.77 per share.,3000,3008298.0,D
COST,2025-06-06,RIEL PIERRE,Officer,Sale at price 1014.15 per share.,2000,2028294.0,D
COST,2025-04-17,KLAUER JAMES C,Officer,Sale at price 981.07 per share.,4000,3924280.0,D
COST,2025-03-27,MILLERCHIP GARY,Officer,Sale at price 940.01 per share.,1100,1034007.0,D
COST,2025-03-24,ADAMO CLAUDINE,Officer,Sale at price 922.56 per share.,900,830304.0,D
COST,2025-03-18,FRATES CATON,Officer,Sale at price 900.25 per share.,850,765213.0,D
COST,2025-03-11,VACHRIS ROLAND MICHAEL,Chief Executive Officer,Sale at price 931.00 per share.,3600,3351600.0,D
COST,2024-12-19,JELINEK WALTER CRAIG,Director,Stock Gift at price 0.00 per share.,2017,0.0,D
COST,2024-12-16,DENMAN KENNETH D,Director,Stock Gift at price 0.00 per share.,520,0.0,D
COST,2024-12-16,RAIKES JEFFREY S,Director,Stock Gift at price 0.00 per share.,3969,0.0,D
COST,2024-10-24,GALANTI RICHARD ALAN,Officer and Director,Sale at price 894.68 per share.,1416,1267280.0,D
COST,2024-10-23,JONES TERESA A,Officer,Sale at price 896.54 per share.,800,717236.0,D
COST,2024-10-22,RAIKES JEFFREY S,Director,Stock Award(Grant) at price 0.00 per share.,303,0.0,D
TGT,2026-08-03,DEPINTO JOSEPH MICHAEL,Director,Stock Award(Grant) at price 0.00 per share.,1007,0.0,D
TGT,2026-06-30,MCGEE GRANT B,Officer,Stock Award(Grant) at price 0.00 per share.,19409,0.0,D
TGT,2026-06-29,ROATH LISA R,Officer,Sale at price 138.07 per share.,7000,966490.0,D
TGT,2026-05-29,SYLVESTER CARA A,Officer,Sale at price 125.89 per share.,10000,1258905.0,D
TGT,2026-05-27,CORNELL BRIAN C,Officer and Director,Sale at price 129.84 - 130.55 per share.,50000,6492623.0,I
TGT,2026-04-07,KREMER MELISSA K,Officer,Stock Award(Grant) at price 0.00 per share.,7259,0.0,D
TGT,2026-04-07,ROATH LISA R,Officer,Stock Award(Grant) at price 0.00 per share.,2443,0.0,D
TGT,2026-04-07,SYLVESTER CARA A,Officer,Stock Award(Grant) at price 0.00 per share.,5809,0.0,D
TGT,2026-04-07,VEMANA PRATABKUMAR,Officer,Stock Award(Grant) at price 0.00 per share.,3634,0.0,D
TGT,2026-04-07,LIEGEL MATTHEW A,Officer,Stock Award(Grant) at price 0.00 per share.,1337,0.0,D
TGT,2026-04-07,FIDDELKE MICHAEL J.,Officer,Stock Award(Grant) at price 0.00 per share.,11250,0.0,D
TGT,2026-04-07,CORNELL BRIAN C,Officer and Director,Stock Award(Grant) at price 0.00 per share.,50777,0.0,D
TGT,2026-04-01,BRATSPIES STEPHEN B.,Director,Stock Award(Grant) at price 0.00 per share.,1791,0.0,D
TGT,2026-03-17,LIEGEL MATTHEW A,Officer,Sale at price 117.19 per share.,2053,240593.0,D
TGT,2026-03-17,LIEGEL MATTHEW A,Officer,Sale at price 117.19 per share.,2053,240593.0,D
TGT,2026-03-11,WHITEFORD GRACE PUMA,Director,Stock Award(Grant) at price 0.00 per share.,1676,0.0,D
TGT,2026-03-11,KREMER MELISSA K,Officer,Stock Award(Grant) at price 0.00 per share.,24553,0.0,D
TGT,2026-03-11,STOCKTON DMITRI L,Director,Stock Award(Grant) at price 0.00 per share.,2891,0.0,D
TGT,2026-03-11,ROATH LISA R,Officer,Stock Award(Grant) at price 0.00 per share.,24930,0.0,D
TGT,2026-03-11,SYLVESTER CARA A,Officer,Stock Award(Grant) at price 0.00 per share.,25558,0.0,D
TGT,2026-03-11,VEMANA PRATABKUMAR,Officer,Stock Award(Grant) at price 0.00 per share.,28240,0.0,D
TGT,2026-03-11,LIEGEL MATTHEW A,Officer,Stock Award(Grant) at price 0.00 per share.,3688,0.0,D
TGT,2026-03-11,LEE JAMES,Officer,Stock Award(Grant) at price 0.00 per share.,35949,0.0,D
TGT,2026-03-11,BOUDREAUX GAIL A KOZIARA,Director,Stock Award(Grant) at price 0.00 per share.,2682,0.0,D
TGT,2026-03-11,FIDDELKE MICHAEL J.,Officer,Stock Award(Grant) at price 0.00 per share.,30418,0.0,D
TGT,2026-03-11,RICE DERICA W,Director,Stock Award(Grant) at price 0.00 per share.,2682,0.0,D
TGT,2026-03-11,CORNELL BRIAN C,Officer and Director,Stock Award(Grant) at price 0.00 per share.,50277,0.0,D
TGT,2026-03-11,HOKE JOHN R III,Director,Stock Award(Grant) at price 0.00 per share.,1956,0.0,D
TGT,2026-03-11,BAKER DOUGLAS M JR,Director,Stock Award(Grant) at price 0.00 per share.,1676,0.0,D
TGT,2026-03-11,LEAHY CHRISTINE A,Director,Stock Award(Grant) at price 0.00 per share.,3101,0.0,D
TGT,2026-03-11,ABNEY DAVID P,Director,Stock Award(Grant) at price 0.00 per share.,1676,0.0,D
TGT,2026-03-11,KNAUSS DONALD R,Director,Stock Award(Grant) at price 0.00 per share.,1676,0.0,D
TGT,2026-03-11,LOZANO MONICA C.,Director,Stock Award(Grant) at price 0.00 per share.,1676,0.0,D
TGT,2026-03-11,BARRETT GEORGE S,Director,Stock Award(Grant) at price 0.00 per share.,2891,0.0,D
TGT,2026-03-11,EDWARDS ROBERT L,Director,Stock Award(Grant) at price 0.00 per share.,1676,0.0,D
TGT,2026-03-10,CORNELL BRIAN C,Officer and Director,Sale at price 121.76 per share.,50000,6088025.0,I
TGT,2025-06-10,LIEGEL MATTHEW A,Officer,Sale at price 100.90 per share.,2044,206245.0,D
TGT,2025-05-28,CORNELL BRIAN C,Officer and Director,Sale at price 96.18 per share.,45000,4327974.0,I
TGT,2025-04-08,KREMER MELISSA K,Officer,Stock Award(Grant) at price 0.00 per share.,3554,0.0,D
TGT,2025-04-08,BOYLAN KATIE M,Officer,Stock Award(Grant) at price 0.00 per share.,1406,0.0,D
TGT,2025-04-08,HENNINGTON CHRISTINA,Officer,Stock Award(Grant) at price 0.00 per share.,4580,0.0,D
TGT,2025-04-08,SYLVESTER CARA A,Officer,Stock Award(Grant) at price 0.00 per share.,2712,0.0,D
TGT,2025-04-08,LIEGEL MATTHEW A,Officer,Stock Award(Grant) at price 0.00 per share.,692,0.0,D
TGT,2025-04-08,FIDDELKE MICHAEL J.,Officer,Stock Award(Grant) at price 0.00 per share.,5609,0.0,D
TGT,2025-04-08,CORNELL BRIAN C,Officer and Director,Stock Award(Grant) at price 0.00 per share.,26157,0.0,D
TGT,2025-03-12,GOMEZ RICHARD H,Officer,Stock Award(Grant) at price 0.00 per share.,10228,0.0,D
TGT,2025-03-12,WHITEFORD GRACE PUMA,Director,Stock Award(Grant) at price 0.00 per share.,1841,0.0,D
TGT,2025-03-12,TU AMY ELIZABETH,Officer,Stock Award(Grant) at price 0.00 per share.,8285,0.0,D
TGT,2025-03-12,KREMER MELISSA K,Officer,Stock Award(Grant) at price 0.00 per share.,8141,0.0,D
TGT,2025-03-12,STOCKTON DMITRI L,Director,Stock Award(Grant) at price 0.00 per share.,1841,0.0,D
TGT,2025-03-12,HENNINGTON CHRISTINA,Officer,Stock Award(Grant) at price 0.00 per share.,9111,0.0,D
TGT,2025-03-12,SYLVESTER CARA A,Officer,Stock Award(Grant) at price 0.00 per share.,7638,0.0,D
TGT,2025-03-12,LIEGEL MATTHEW A,Officer,Stock Award(Grant) at price 0.00 per share.,6030,0.0,D
TGT,2025-03-12,ZABEL MATTHEW L,Officer,Stock Award(Grant) at price 0.00 per share.,371,0.0,D
TGT,2025-03-12,LEE JAMES,Officer,Stock Award(Grant) at price 0.00 per share.,9942,0.0,D
TGT,2025-03-12,BOUDREAUX GAIL A KOZIARA,Director,Stock Award(Grant) at price 0.00 per share.,2946,0.0,D
TGT,2025-03-12,FIDDELKE MICHAEL J.,Officer,Stock Award(Grant) at price 0.00 per share.,18914,0.0,D
TGT,2025-03-12,RICE DERICA W,Director,Stock Award(Grant) at price 0.00 per share.,2946,0.0,D
TGT,2025-03-12,CORNELL BRIAN C,Officer and Director,Stock Award(Grant) at price 0.00 per share.,57888,0.0,D
TGT,2025-03-12,BAKER DOUGLAS M JR,Director,Stock Award(Grant) at price 0.00 per share.,1841,0.0,D
HD,2026-05-21,BROWN J FRANK,Director,Stock Award(Grant) at price 0.00 per share.,796,0.0,D
HD,2026-05-20,BELL FRANZISKA,Chief Technology Officer,Stock Award(Grant) at price 0.00 per share.,51516,0.0,D
HD,2026-03-25,MCPHAIL RICHARD V,Chief Financial Officer,Stock Award(Grant) at price 0.00 per share.,3969,0.0,D
HD,2026-03-25,BROWN ANGIE,Chief Technology Officer,Stock Award(Grant) at price 0.00 per share.,2255,0.0,D
HD,2026-03-25,SMITH STEPHANIE,Officer,Stock Award(Grant) at price 0.00 per share.,2345,0.0,D
HD,2026-03-25,DEATON JOHN A.,Officer,Stock Award(Grant) at price 0.00 per share.,2467,0.0,D
HD,2026-03-25,BASTEK WILLIAM D,Officer,Stock Award(Grant) at price 0.00 per share.,3518,0.0,D
HD,2026-03-25,BROGGI JORDAN,Officer,Stock Award(Grant) at price 0.00 per share.,3022,0.0,D
HD,2026-03-25,ROWE MICHAEL F,Officer,Stock Award(Grant) at price 0.00 per share.,2255,0.0,D
HD,2026-03-25,SCARDINO KIMBERLY R.,Officer,Stock Award(Grant) at price 0.00 per share.,902,0.0,D
HD,2026-03-25,DECKER EDWARD P.,Chief Executive Officer,Stock Award(Grant) at price 0.00 per share.,11548,0.0,D
HD,2026-03-25,CAMPBELL ANN-MARIE,Officer,Stock Award(Grant) at price 0.00 per share.,4691,0.0,D
HD,2026-03-25,ROSEBOROUGH TERESA WYNN,General Counsel,Stock Award(Grant) at price 0.00 per share.,2440,0.0,D
HD,2026-03-04,DEATON JOHN A.,Officer,Sale at price 369.00 per share.,1793,661617.0,D
HD,2026-03-04,MCPHAIL RICHARD V,Chief Financial Officer,Sale at price 368.89 per share.,2550,940670.0,D
HD,2026-02-26,MCPHAIL RICHARD V,Chief Financial Officer,Stock Award(Grant) at price 0.00 per share.,3878,0.0,D
HD,2026-02-26,BROWN ANGIE,Chief Technology Officer,Stock Award(Grant) at price 0.00 per share.,795,0.0,D
HD,2026-02-26,SMITH STEPHANIE,Officer,Stock Award(Grant) at price 0.00 per share.,895,0.0,D
HD,2026-02-26,DEATON JOHN A.,Officer,Stock Award(Grant) at price 0.00 per share.,2552,0.0,D
HD,2026-02-26,BASTEK WILLIAM D,Officer,Stock Award(Grant) at price 0.00 per share.,1126,0.0,D
HD,2026-02-26,BROGGI JORDAN,Officer,Stock Award(Grant) at price 0.00 per share.,928,0.0,D
HD,2026-02-26,ROWE MICHAEL F,Officer,Stock Award(Grant) at price 0.00 per share.,729,0.0,D
HD,2026-02-26,SCARDINO KIMBERLY R.,Officer,Stock Award(Grant) at price 0.00 per share.,874,0.0,D
HD,2026-02-26,DECKER EDWARD P.,Chief Executive Officer,Stock Award(Grant) at price 0.00 per share.,13992,0.0,D
HD,2026-02-26,CAMPBELL ANN-MARIE,Officer,Stock Award(Grant) at price 0.00 per share.,3878,0.0,D
HD,2026-02-26,ROSEBOROUGH TERESA WYNN,General Counsel,Stock Award(Grant) at price 0.00 per share.,2519,0.0,D
HD,2025-12-26,ROSEBOROUGH TERESA WYNN,General Counsel,Sale at price 348.48 - 348.96 per share.,2872,1000961.0,D
HD,2025-12-12,BROWN ANGIE,Chief Technology Officer,Sale at price 357.63 per share.,1946,695948.0,D
HD,2025-12-12,BROWN ANGIE,Chief Technology Officer,Conversion of Exercise of derivative security at price 181.76 - 292.75 per share.,1516,394557.0,D
HD,2025-12-11,CAMPBELL ANN-MARIE,Officer,Sale at price 358.26 per share.,145,51948.0,I
HD,2025-09-12,BASTEK WILLIAM D,Officer,Sale at price 423.12 per share.,2303,974445.0,D
HD,2025-09-12,BASTEK WILLIAM D,Officer,Conversion of Exercise of derivative security at price 147.36 per share.,2303,339370.0,D
HD,2025-08-22,BASTEK WILLIAM D,Officer,Sale at price 410.23 per share.,3783,1551900.0,D
HD,2025-08-22,ROSEBOROUGH TERESA WYNN,General Counsel,Sale at price 413.22 - 413.24 per share.,5483,2265767.0,D
HD,2025-08-22,ROSEBOROUGH TERESA WYNN,General Counsel,Conversion of Exercise of derivative security at price 181.76 - 292.75 per share.,4103,921014.0,D
HD,2025-08-22,BASTEK WILLIAM D,Officer,Conversion of Exercise of derivative security at price 130.22 per share.,3783,492622.0,D
HD,2025-08-21,DECKER EDWARD P.,Chief Executive Officer,Sale at price 396.85 - 397.45 per share.,32897,13067210.0,D
HD,2025-08-21,SMITH STEPHANIE,Officer,Stock Award(Grant) at price 0.00 per share.,628,0.0,D
HD,2025-08-21,BROWN ANGIE,Chief Technology Officer,Stock Award(Grant) at price 0.00 per share.,628,0.0,D
HD,2025-08-21,DECKER EDWARD P.,Chief Executive Officer,Conversion of Exercise of derivative security at price 130.22 per share.,32897,4283847.0,D
HD,2025-08-20,PADILLA HECTOR A,Officer,Sale at price 404.17 per share.,1585,640609.0,D
HD,2025-08-20,BROWN ANGIE,Chief Technology Officer,Sale at price 404.07 per share.,1000,404070.0,D
HD,2025-08-20,MCPHAIL RICHARD V,Chief Financial Officer,Sale at price 403.66 per share.,3369,1359931.0,D
HD,2025-08-20,BROWN ANGIE,Chief Technology Officer,Conversion of Exercise of derivative security at price 181.76 per share.,1000,181760.0,D
HD,2025-08-20,MCPHAIL RICHARD V,Chief Financial Officer,Conversion of Exercise of derivative security at price 130.22 per share.,3369,438711.0,D
HD,2025-06-03,DEATON JOHN A.,Officer,Sale at price 369.99 per share.,8892,3289951.0,D
HD,2025-06-03,DEATON JOHN A.,Officer,Conversion of Exercise of derivative security at price 130.22 - 147.36 per share.,8892,1264510.0,D
HD,2025-05-28,ROSEBOROUGH TERESA WYNN,General Counsel,Sale at price 369.28 per share.,5406,1996328.0,D
HD,2025-05-22,SIDDIQUI FAHIM,Chief Technology Officer,Sale at price 367.14 per share.,2600,954564.0,D
HD,2025-05-21,ROWE MICHAEL F,Officer,Stock Award(Grant) at price 0.00 per share.,674,0.0,D
HD,2025-03-26,HOURIGAN TIMOTHY A,Officer,Stock Award(Grant) at price 0.00 per share.,2448,0.0,D
HD,2025-03-26,MCPHAIL RICHARD V,Chief Financial Officer,Stock Award(Grant) at price 0.00 per share.,3479,0.0,D
HD,2025-03-26,PADILLA HECTOR A,Officer,Stock Award(Grant) at price 0.00 per share.,2178,0.0,D
HD,2025-03-26,DEATON JOHN A.,Officer,Stock Award(Grant) at price 0.00 per share.,2265,0.0,D
HD,2025-03-26,SIDDIQUI FAHIM,Chief Technology Officer,Stock Award(Grant) at price 0.00 per share.,2700,0.0,D
HD,2025-03-26,BASTEK WILLIAM D,Officer,Stock Award(Grant) at price 0.00 per share.,3106,0.0,D
HD,2025-03-26,BROGGI JORDAN,Officer,Stock Award(Grant) at price 0.00 per share.,2650,0.0,D
HD,2025-03-26,ROWE MICHAEL F,Officer,Stock Award(Grant) at price 0.00 per share.,2071,0.0,D
HD,2025-03-26,SCARDINO KIMBERLY R.,Officer,Stock Award(Grant) at price 0.00 per share.,828,0.0,D
HD,2025-03-26,DECKER EDWARD P.,Chief Executive Officer,Stock Award(Grant) at price 0.00 per share.,9816,0.0,D
LOW,2026-06-18,VAGELL MARGRETHE RAUB,Officer,Sale at price 223.83 per share.,2500,559575.0,D
LOW,2026-06-17,PRYOR JULIETTE WILLIAMS,Officer,Stock Gift at price 0.00 per share.,670,0.0,D
LOW,2026-06-17,PRYOR JULIETTE WILLIAMS,Officer,Sale at price 224.80 per share.,9330,2097431.0,D
LOW,2026-06-16,DUPRE JANICE M.,Officer,Stock Gift at price 0.00 per share.,476,0.0,D
LOW,2026-06-16,DUPRE JANICE M.,Officer,Conversion of Exercise of derivative security at price 80.42 - 135.63 per share.,14150,1514536.0,D
LOW,2026-06-16,DUPRE JANICE M.,Officer,Sale at price 221.90 per share.,14150,3139885.0,D
LOW,2026-06-10,VAGELL MARGRETHE RAUB,Officer,Stock Gift at price 0.00 per share.,455,0.0,D
LOW,2026-04-01,BOLTZ WILLIAM P.,Officer,Stock Award(Grant) at price 0.00 per share.,9535,0.0,D
LOW,2026-04-01,GODBOLE SEEMANTINI P,Chief Technology Officer,Stock Award(Grant) at price 0.00 per share.,9145,0.0,D
LOW,2026-04-01,GRIGGS DAN CLAYTON JR.,Officer,Stock Award(Grant) at price 0.00 per share.,1526,0.0,D
LOW,2026-04-01,SINK BRANDON J.,Chief Financial Officer,Stock Award(Grant) at price 0.00 per share.,8349,0.0,D
LOW,2026-04-01,DUPRE JANICE M.,Officer,Stock Award(Grant) at price 0.00 per share.,5185,0.0,D
LOW,2026-04-01,VANCE QUONTA D,Officer,Stock Award(Grant) at price 0.00 per share.,4793,0.0,D
LOW,2026-04-01,VAGELL MARGRETHE RAUB,Officer,Stock Award(Grant) at price 0.00 per share.,4653,0.0,D
LOW,2026-04-01,ELLISON MARVIN R,Chief Executive Officer,Stock Award(Grant) at price 0.00 per share.,37292,0.0,D
LOW,2026-04-01,MCFARLAND JOSEPH MICHAEL III,Officer,Stock Award(Grant) at price 0.00 per share.,9535,0.0,D
LOW,2026-04-01,PRYOR JULIETTE WILLIAMS,Officer,Stock Award(Grant) at price 0.00 per share.,5141,0.0,D
LOW,2026-03-04,VANCE QUONTA D,Officer,Conversion of Exercise of derivative security at price 102.20 per share.,10369,1059712.0,D
LOW,2026-03-04,VANCE QUONTA D,Officer,Sale at price 257.54 per share.,10369,2670382.0,D
LOW,2026-01-09,ELLISON MARVIN R,Chief Executive Officer,Sale at price 260.30 - 262.51 per share.,18000,4701100.0,D
LOW,2025-12-09,GRIGGS DAN CLAYTON JR.,Officer,Stock Gift at price 0.00 per share.,148,0.0,D
LOW,2025-11-24,SIMKINS LAWRENCE,Director,Purchase at price 231.06 per share.,1000,231063.0,D
LOW,2025-09-11,MCFARLAND JOSEPH MICHAEL III,Officer,Conversion of Exercise of derivative security at price 114.07 per share.,43810,4997407.0,D
LOW,2025-09-11,MCFARLAND JOSEPH MICHAEL III,Officer,Sale at price 272.57 - 273.18 per share.,43810,11942440.0,D
LOW,2025-09-05,SINK BRANDON J.,Chief Financial Officer,Stock Gift at price 0.00 per share.,1333,0.0,D
LOW,2025-09-05,SINK BRANDON J.,Chief Financial Officer,Conversion of Exercise of derivative security at price 102.20 - 108.93 per share.,3128,324615.0,D
LOW,2025-09-05,SINK BRANDON J.,Chief Financial Officer,Sale at price 268.58 per share.,8192,2200199.0,D
LOW,2025-08-26,PRYOR JULIETTE WILLIAMS,Officer,Sale at price 257.20 per share.,929,238939.0,D
LOW,2025-08-20,ELLISON MARVIN R,Chief Executive Officer,Sale at price 260.96 - 266.63 per share.,40000,10564071.0,D
LOW,2025-06-11,DUPRE JANICE M.,Officer,Stock Gift at price 0.00 per share.,900,0.0,D
LOW,2025-06-10,DUPRE JANICE M.,Officer,Sale at price 224.38 per share.,1560,350039.0,D
LOW,2025-06-03,PRYOR JULIETTE WILLIAMS,Officer,Stock Gift at price 0.00 per share.,870,0.0,D
LOW,2025-06-03,PRYOR JULIETTE WILLIAMS,Officer,Sale at price 227.50 per share.,1130,257077.0,D
LOW,2025-04-01,BOLTZ WILLIAM P.,Officer,Stock Award(Grant) at price 0.00 per share.,9615,0.0,D
LOW,2025-04-01,GODBOLE SEEMANTINI P,Chief Technology Officer,Stock Award(Grant) at price 0.00 per share.,8058,0.0,D
LOW,2025-04-01,GRIGGS DAN CLAYTON JR.,Officer,Stock Award(Grant) at price 0.00 per share.,1539,0.0,D
LOW,2025-04-01,SINK BRANDON J.,Chief Financial Officer,Stock Award(Grant) at price 0.00 per share.,8173,0.0,D
LOW,2025-04-01,DUPRE JANICE M.,Officer,Stock Award(Grant) at price 0.00 per share.,5077,0.0,D
LOW,2025-04-01,VANCE QUONTA D,Officer,Stock Award(Grant) at price 0.00 per share.,4693,0.0,D
LOW,2025-04-01,VAGELL MARGRETHE RAUB,Officer,Stock Award(Grant) at price 0.00 per share.,4556,0.0,D
LOW,2025-04-01,ELLISON MARVIN R,Chief Executive Officer,Stock Award(Grant) at price 0.00 per share.,18216,0.0,D
LOW,2025-04-01,MCFARLAND JOSEPH MICHAEL III,Officer,Stock Award(Grant) at price 0.00 per share.,9615,0.0,D
LOW,2025-04-01,PRYOR JULIETTE WILLIAMS,Officer,Stock Award(Grant) at price 0.00 per share.,5033,0.0,D
LOW,2024-12-20,SIMKINS LAWRENCE,Director,Purchase at price 245.53 per share.,1000,245532.0,D
LOW,2024-11-27,VANCE QUONTA D,Officer,Conversion of Exercise of derivative security at price 80.42 per share.,7198,578863.0,D
LOW,2024-11-27,VANCE QUONTA D,Officer,Sale at price 274.37 per share.,7198,1974881.0,D
LOW,2024-10-03,GODBOLE SEEMANTINI P,Chief Technology Officer,Conversion of Exercise of derivative security at price 92.27 - 108.93 per share.,26186,2725558.0,D
LOW,2024-10-03,MCFARLAND JOSEPH MICHAEL III,Officer,Sale at price 270.74 per share.,4000,1082974.0,D
LOW,2024-10-03,GODBOLE SEEMANTINI P,Chief Technology Officer,Sale at price 271.73 per share.,26186,7115522.0,D
LOW,2024-10-02,VAGELL MARGRETHE RAUB,Officer,Conversion of Exercise of derivative security at price 108.93 per share.,5730,624169.0,D
LOW,2024-10-02,VAGELL MARGRETHE RAUB,Officer,Sale at price 271.45 per share.,5730,1555408.0,D
LOW,2024-09-12,GRIGGS DAN CLAYTON JR.,Officer,Conversion of Exercise of derivative security at price 80.42 - 102.20 per share.,6769,631483.0,D
LOW,2024-09-12,GRIGGS DAN CLAYTON JR.,Officer,Sale at price 248.82 per share.,6769,1684271.0,D
TJX,2026-06-11,NEMEROV JACKWYN L,Director,Sale at price 168.60 per share.,957,161345.0,D
TJX,2026-06-10,BENJAMIN PETER,Officer,Sale at price 165.00 per share.,10926,1802790.0,D
TJX,2026-06-09,MEYROWITZ CAROL M,Officer and Director,Sale at price 163.65 per share.,55624,9102740.0,D
TJX,2026-06-05,KLINGER JOHN,Chief Financial Officer,Sale at price 160.77 per share.,6235,1002405.0,D
TJX,2026-06-05,HERRMAN ERNIE L,Chief Executive Officer,Sale at price 157.46 - 160.68 per share.,67551,10692897.0,D
TJX,2026-06-04,BENJAMIN PETER,Officer,Stock Gift at price 0.00 per share.,34129,0.0,D
TJX,2026-06-03,CANESTRARI KENNETH D,Officer,Sale at price 157.50 per share.,31447,4952814.0,D
TJX,2026-03-30,HERRMAN ERNIE L,Chief Executive Officer,Stock Award(Grant) at price 0.00 per share.,212072,0.0,D
TJX,2026-03-30,CANESTRARI KENNETH D,Officer,Stock Award(Grant) at price 0.00 per share.,53881,0.0,D
TJX,2026-03-30,MIZZI DOUGLAS W,Officer,Stock Award(Grant) at price 0.00 per share.,56225,0.0,D
TJX,2026-03-30,KLINGER JOHN,Chief Financial Officer,Stock Award(Grant) at price 0.00 per share.,32607,0.0,D
TJX,2026-03-30,BENJAMIN PETER,Officer,Stock Award(Grant) at price 0.00 per share.,30530,0.0,D
TJX,2026-03-30,MEYROWITZ CAROL M,Officer and Director,Stock Award(Grant) at price 0.00 per share.,94136,0.0,D
TJX,2026-03-10,CANESTRARI KENNETH D,Officer,Stock Gift at price 0.00 per share.,6325,0.0,D
TJX,2026-03-05,ALVAREZ JOSE B,Director,Purchase at price 160.91 per share.,4,734.0,D
TJX,2026-03-02,HERRMAN ERNIE L,Chief Executive Officer,Sale at price 160.95 per share.,30000,4828500.0,D
TJX,2025-12-04,ALVAREZ JOSE B,Director,Purchase at price 122.29 - 150.43 per share.,26,3465.0,D
TJX,2025-11-21,LANE AMY BETH,Director,Sale at price 151.40 per share.,500,75700.0,D
TJX,2025-11-21,HERRMAN ERNIE L,Chief Executive Officer,Sale at price 148.81 - 151.31 per share.,54363,8150908.0,D
TJX,2025-09-08,BENJAMIN PETER,Officer,Sale at price 139.23 per share.,1500,208845.0,D
TJX,2025-09-02,NEMEROV JACKWYN L,Director,Sale at price 138.00 per share.,1192,164496.0,D
TJX,2025-06-03,LANE AMY BETH,Director,Sale at price 128.09 per share.,950,121689.0,D
TJX,2025-05-22,BENJAMIN PETER,Officer,Sale at price 129.77 per share.,4123,535042.0,D
TJX,2025-03-31,HERRMAN ERNIE L,Chief Executive Officer,Stock Award(Grant) at price 0.00 per share.,210428,0.0,D
TJX,2025-03-31,CANESTRARI KENNETH D,Officer,Stock Award(Grant) at price 0.00 per share.,54264,0.0,D
TJX,2025-03-31,MIZZI DOUGLAS W,Officer,Stock Award(Grant) at price 0.00 per share.,56101,0.0,D
TJX,2025-03-31,KLINGER JOHN,Chief Financial Officer,Stock Award(Grant) at price 0.00 per share.,17864,0.0,D
TJX,2025-03-31,BENJAMIN PETER,Officer,Stock Award(Grant) at price 0.00 per share.,23074,0.0,D
TJX,2025-03-31,MEYROWITZ CAROL M,Officer and Director,Stock Award(Grant) at price 0.00 per share.,95142,0.0,D
TJX,2025-03-20,HERRMAN ERNIE L,Chief Executive Officer,Sale at price 116.54 - 116.56 per share.,18000,2097723.0,D
TJX,2025-03-05,HERRMAN ERNIE L,Chief Executive Officer,Sale at price 123.04 per share.,23428,2882464.0,D
TJX,2025-02-27,CANESTRARI KENNETH D,Officer,Stock Gift at price 0.00 per share.,3200,0.0,D
TJX,2025-02-27,BENNETT ALAN M,Director,Sale at price 123.53 per share.,8000,988254.0,D
TJX,2024-12-05,HERRMAN ERNIE L,Chief Executive Officer,Sale at price 126.18 per share.,7533,950551.0,D
TJX,2024-11-27,LANE AMY BETH,Director,Sale at price 126.92 per share.,1000,126925.0,D
TJX,2024-11-22,HERRMAN ERNIE L,Chief Executive Officer,Sale at price 121.27 per share.,19149,2322169.0,D
TJX,2024-09-12,NEMEROV JACKWYN L,Director,Sale at price 117.71 per share.,1183,139252.0,D
TJX,2024-09-10,HERRMAN ERNIE L,Chief Executive Officer,Sale at price 117.54 per share.,15000,1763139.0,D
TJX,2024-08-22,MIZZI DOUGLAS W,Officer,Conversion of Exercise of derivative security at price 119.00 per share.,21040,2503760.0,D
TJX,2024-08-22,MIZZI DOUGLAS W,Officer,Stock Award(Grant) at price 119.00 per share.,21040,2503760.0,D
TJX,2024-08-22,CHING DAVID T,Director,Sale at price 119.39 per share.,13000,1552108.0,D
TJX,2024-08-22,GREENLEES LOUISE E.,Officer,Sale at price 119.24 per share.,4660,555635.0,D
TJX,2024-08-22,HERRMAN ERNIE L,Chief Executive Officer,Sale at price 120.18 - 120.76 per share.,20000,2409428.0,D
ROST,2026-05-29,GARRETT SHARON D,Director,Stock Gift at price 0.00 per share.,1354,0.0,D
ROST,2026-05-29,MUELLER PATRICIA H,Director,Stock Gift at price 0.00 per share.,1354,0.0,D
ROST,2026-05-21,SUTTON DONIEL N.,Director,Stock Award(Grant) at price 0.00 per share.,896,0.0,D
ROST,2026-05-21,CANNIZZARO EDWARD G.,Director,Stock Award(Grant) at price 0.00 per share.,896,0.0,D
ROST,2026-05-21,MUELLER PATRICIA H,Director,Stock Award(Grant) at price 0.00 per share.,896,0.0,D
ROST,2026-05-21,MILLIGAN STEPHEN D.,Director,Stock Award(Grant) at price 0.00 per share.,896,0.0,D
ROST,2026-05-21,BJORKLUND K GUNNAR,Director,Stock Award(Grant) at price 0.00 per share.,1539,0.0,D
ROST,2026-05-21,BUSH MICHAEL J,Director,Stock Award(Grant) at price 0.00 per share.,896,0.0,D
ROST,2026-05-21,GARRETT SHARON D,Director,Stock Award(Grant) at price 0.00 per share.,896,0.0,D
ROST,2026-03-27,BURRILL JEFFREY P,Officer,Stock Gift at price 0.00 per share.,565,0.0,D
ROST,2026-03-26,SHEEHAN WILLIAM W II,Chief Financial Officer,Sale at price 216.95 per share.,4883,1059367.0,D
ROST,2026-03-25,HARTSHORN MICHAEL J.,Chief Operating Officer,Sale at price 214.52 - 214.91 per share.,21874,4698514.0,D
ROST,2026-03-25,SYKES-DICK KAREN,Officer,Sale at price 213.40 per share.,5506,1174984.0,D
ROST,2026-03-24,BRINKLEY STEPHEN C,Officer,Sale at price 212.91 per share.,4154,884429.0,D
ROST,2026-03-24,FLEMING KAREN,Officer,Sale at price 212.76 per share.,7000,1489285.0,D
ROST,2026-03-20,BURRILL JEFFREY P,Officer,Stock Award(Grant) at price 0.00 per share.,1716,0.0,D
ROST,2026-03-20,BRINKLEY STEPHEN C,Officer,Stock Award(Grant) at price 0.00 per share.,8579,0.0,D
ROST,2026-03-20,FLEMING KAREN,Officer,Stock Award(Grant) at price 0.00 per share.,12868,0.0,D
ROST,2026-03-20,SYKES-DICK KAREN,Officer,Stock Award(Grant) at price 0.00 per share.,8579,0.0,D
ROST,2026-03-20,SHEEHAN WILLIAM W II,Chief Financial Officer,Stock Award(Grant) at price 0.00 per share.,2574,0.0,D
ROST,2026-03-20,HARTSHORN MICHAEL J.,Chief Operating Officer,Stock Award(Grant) at price 0.00 per share.,23163,0.0,D
ROST,2026-03-20,CONROY JAMES GRANT,Chief Executive Officer,Stock Award(Grant) at price 0.00 per share.,54901,0.0,D
ROST,2026-03-16,FLEMING KAREN,Officer,Stock Award(Grant) at price 0.00 per share.,7047,0.0,D
ROST,2026-03-11,BURRILL JEFFREY P,Officer,Stock Award(Grant) at price 0.00 per share.,1880,0.0,D
ROST,2026-03-11,BRINKLEY STEPHEN C,Officer,Stock Award(Grant) at price 0.00 per share.,6108,0.0,D
ROST,2026-03-11,SYKES-DICK KAREN,Officer,Stock Award(Grant) at price 0.00 per share.,6577,0.0,D
ROST,2026-03-11,SHEEHAN WILLIAM W II,Chief Financial Officer,Stock Award(Grant) at price 0.00 per share.,5638,0.0,D
ROST,2026-03-11,HARTSHORN MICHAEL J.,Chief Operating Officer,Stock Award(Grant) at price 0.00 per share.,8456,0.0,D
ROST,2026-03-11,CONROY JAMES GRANT,Chief Executive Officer,Stock Award(Grant) at price 0.00 per share.,21140,0.0,D
ROST,2026-03-10,MUELLER PATRICIA H,Director,Sale at price 213.13 per share.,1881,400898.0,I
ROST,2026-03-10,SYKES-DICK KAREN,Officer,Sale at price 213.91 per share.,2556,546755.0,D
ROST,2026-03-10,BUSH MICHAEL J,Director,Stock Gift at price 0.00 per share.,1000,0.0,D
ROST,2025-10-09,BALMUTH MICHAEL,Officer and Director,Stock Gift at price 0.00 per share.,383,0.0,D
ROST,2025-10-08,BRINKLEY STEPHEN C,Officer,Sale at price 150.97 per share.,6437,971794.0,D
ROST,2025-10-01,BURRILL JEFFREY P,Officer,Stock Award(Grant) at price 0.00 per share.,4570,0.0,D
ROST,2025-10-01,SHEEHAN WILLIAM W II,Chief Financial Officer,Stock Award(Grant) at price 0.00 per share.,7833,0.0,D
ROST,2025-09-25,FLEMING KAREN,Officer,Sale at price 149.09 per share.,2932,437142.0,D
ROST,2025-09-24,CONROY JAMES GRANT,Chief Executive Officer,Sale at price 146.00 per share.,39351,5745246.0,D
ROST,2025-09-04,SYKES-DICK KAREN,Officer,Sale at price 151.76 per share.,4000,607058.0,D
ROST,2025-09-03,FLEMING KAREN,Officer,Sale at price 151.06 per share.,1000,151059.0,D
ROST,2025-05-29,GARRETT SHARON D,Director,Stock Gift at price 0.00 per share.,1536,0.0,D
ROST,2025-05-28,MUELLER PATRICIA H,Director,Stock Gift at price 0.00 per share.,1536,0.0,D
ROST,2025-05-21,SUTTON DONIEL N.,Director,Stock Award(Grant) at price 0.00 per share.,1179,0.0,D
ROST,2025-05-21,CANNIZZARO EDWARD G.,Director,Stock Award(Grant) at price 0.00 per share.,1179,0.0,D
ROST,2025-05-21,MUELLER PATRICIA H,Director,Stock Award(Grant) at price 0.00 per share.,1179,0.0,D
ROST,2025-05-21,MILLIGAN STEPHEN D.,Director,Stock Award(Grant) at price 0.00 per share.,1179,0.0,D
ROST,2025-05-21,BJORKLUND K GUNNAR,Director,Stock Award(Grant) at price 0.00 per share.,1179,0.0,D
ROST,2025-05-21,BUSH MICHAEL J,Director,Stock Award(Grant) at price 0.00 per share.,1179,0.0,D
ROST,2025-05-21,GARRETT SHARON D,Director,Stock Award(Grant) at price 0.00 per share.,1179,0.0,D
ROST,2025-05-21,ORBAN GEORGE P,Director,Stock Award(Grant) at price 0.00 per share.,1179,0.0,D
ROST,2025-04-02,SYKES-DICK KAREN,Officer,Sale at price 130.48 per share.,5036,657111.0,D
ROST,2025-04-02,BALMUTH MICHAEL,Officer and Director,Sale at price 131.60 per share.,11261,1481954.0,D
ROST,2025-03-31,FLEMING KAREN,Officer,Sale at price 127.70 per share.,5270,672979.0,D
ROST,2025-03-25,HARTSHORN MICHAEL J.,Chief Operating Officer,Sale at price 127.69 - 129.10 per share.,17750,2280921.0,D
ROST,2025-03-21,BURRILL JEFFREY P,Officer,Stock Award(Grant) at price 0.00 per share.,1958,0.0,D
ROST,2025-03-21,BRINKLEY STEPHEN C,President,Stock Award(Grant) at price 0.00 per share.,9784,0.0,D
ROST,2025-03-21,FLEMING KAREN,President,Stock Award(Grant) at price 0.00 per share.,9784,0.0,D
ROST,2025-03-21,SYKES-DICK KAREN,Officer,Stock Award(Grant) at price 0.00 per share.,4893,0.0,D
ROST,2025-03-21,HARTSHORN MICHAEL J.,Chief Operating Officer,Stock Award(Grant) at price 0.00 per share.,25438,0.0,D
ROST,2025-03-21,ORVOS ADAM M.,Chief Financial Officer,Stock Award(Grant) at price 0.00 per share.,4893,0.0,D
PG,2026-08-06,JANZARUK MATTHEW W.,Officer,Stock Award(Grant) at price 0.00 per share.,278,0.0,D
PG,2026-06-09,PORTMAN ROBERT JONES,Director,Stock Award(Grant) at price 0.00 per share.,51,0.0,D
PG,2026-06-09,MCEVOY ASHLEY,Director,Stock Award(Grant) at price 0.00 per share.,202,0.0,D
PG,2026-06-09,KEMPCZINSKI CHRISTOPHER J,Director,Stock Award(Grant) at price 0.00 per share.,258,0.0,D
PG,2026-06-09,JIMENEZ JOSEPH JR,Director,Stock Award(Grant) at price 0.00 per share.,320,0.0,D
PG,2026-06-09,ARNOLD CRAIG,Director,Stock Award(Grant) at price 0.00 per share.,202,0.0,D
PG,2026-06-09,MCCARTHY CHRISTINE M.,Director,Stock Award(Grant) at price 0.00 per share.,253,0.0,D
PG,2026-03-10,PORTMAN ROBERT JONES,Director,Stock Award(Grant) at price 0.00 per share.,193,0.0,D
PG,2026-03-10,PORTMAN ROBERT JONES,Director,Stock Award(Grant) at price 0.00 per share.,49,0.0,D
PG,2026-03-10,MCEVOY ASHLEY,Director,Stock Award(Grant) at price 0.00 per share.,161,0.0,D
PG,2026-03-10,KEMPCZINSKI CHRISTOPHER J,Director,Stock Award(Grant) at price 0.00 per share.,201,0.0,D
PG,2026-03-10,JIMENEZ JOSEPH JR,Director,Stock Award(Grant) at price 0.00 per share.,273,0.0,D
PG,2026-03-10,ARNOLD CRAIG,Director,Stock Award(Grant) at price 0.00 per share.,161,0.0,D
PG,2026-03-10,MCCARTHY CHRISTINE M.,Director,Stock Award(Grant) at price 0.00 per share.,209,0.0,D
PG,2026-02-27,FRANCISCO MA. FATIMA,Officer,Sale at price 165.29 - 165.32 per share.,5549,917199.0,D
PG,2026-02-19,WHALEY SUSAN STREET,Officer,Sale at price 159.46 per share.,1809,288454.0,D
PG,2026-02-13,AGUILAR MOSES VICTOR JAVIER,Officer,Conversion of Exercise of derivative security at price 91.07 per share.,15169,1381441.0,D
PG,2026-02-13,AGUILAR MOSES VICTOR JAVIER,Officer,Sale at price 162.28 per share.,15169,2461609.0,D
PG,2026-02-12,MOELLER JON R,Officer and Director,Conversion of Exercise of derivative security at price 113.23 per share.,173268,19619136.0,D
PG,2026-02-12,COOMBE GARY A,Officer,Conversion of Exercise of derivative security at price 78.52 per share.,36093,2834022.0,D
PG,2026-02-12,COOMBE GARY A,Officer,Sale at price 162.33 per share.,36093,5859002.0,D
PG,2026-02-12,MOELLER JON R,Officer and Director,Sale at price 160.00 - 162.45 per share.,173268,28120121.0,D
PG,2026-02-11,PURUSHOTHAMAN BALAJI,Officer,Conversion of Exercise of derivative security at price 91.07 per share.,12827,1168155.0,D
PG,2026-02-11,PURUSHOTHAMAN BALAJI,Officer,Sale at price 160.31 per share.,12827,2056287.0,D
PG,2026-02-04,FRANCISCO MA. FATIMA,Officer,Sale at price 158.00 per share.,8000,1264000.0,D
PG,2026-01-23,PRITCHARD MARC S,Officer,Conversion of Exercise of derivative security at price 80.29 per share.,95903,7700052.0,D
PG,2026-01-23,PRITCHARD MARC S,Officer,Sale at price 151.15 per share.,95903,14495690.0,D
PG,2025-12-09,PORTMAN ROBERT JONES,Director,Stock Award(Grant) at price 0.00 per share.,54,0.0,D
PG,2025-12-09,MCEVOY ASHLEY,Director,Stock Award(Grant) at price 0.00 per share.,215,0.0,D
PG,2025-12-09,KEMPCZINSKI CHRISTOPHER J,Director,Stock Award(Grant) at price 0.00 per share.,260,0.0,D
PG,2025-12-09,JIMENEZ JOSEPH JR,Director,Stock Award(Grant) at price 0.00 per share.,341,0.0,D
PG,2025-12-09,ARNOLD CRAIG,Director,Stock Award(Grant) at price 0.00 per share.,215,0.0,D
PG,2025-12-09,MCCARTHY CHRISTINE M.,Director,Stock Award(Grant) at price 0.00 per share.,269,0.0,D
PG,2025-12-03,FRANCISCO MA. FATIMA,Officer,Conversion of Exercise of derivative security at price 144.35 per share.,73,10614.0,D
PG,2025-12-03,WHALEY SUSAN STREET,Officer,Conversion of Exercise of derivative security at price 144.35 per share.,54,7851.0,D
PG,2025-12-03,PURUSHOTHAMAN BALAJI,Officer,Conversion of Exercise of derivative security at price 144.35 per share.,38,5524.0,D
PG,2025-12-03,BHARUCHA FREDDY P,Officer,Conversion of Exercise of derivative security at price 144.35 per share.,45,6542.0,D
PG,2025-12-03,AGUILAR MOSES VICTOR JAVIER,Officer,Conversion of Exercise of derivative security at price 144.35 per share.,55,7997.0,D
PG,2025-12-03,SCHULTEN ANDRE,Chief Financial Officer,Conversion of Exercise of derivative security at price 144.35 per share.,88,12794.0,D
PG,2025-12-03,JEJURIKAR SHAILESH,Chief Operating Officer,Conversion of Exercise of derivative security at price 144.35 per share.,51,7415.0,D
PG,2025-12-03,RAMAN SUNDAR G.,Officer,Conversion of Exercise of derivative security at price 144.35 per share.,59,8579.0,D
PG,2025-12-03,DAVIS JENNIFER L,Officer,Conversion of Exercise of derivative security at price 144.35 per share.,60,8723.0,D
PG,2025-12-03,MOELLER JON R,Chief Executive Officer,Conversion of Exercise of derivative security at price 144.35 per share.,159,22972.0,D
PG,2025-12-03,PRITCHARD MARC S,Officer,Conversion of Exercise of derivative security at price 144.35 per share.,94,13667.0,D
PG,2025-11-10,SCHULTEN ANDRE,Chief Financial Officer,Sale at price 146.37 per share.,1,190.0,I
PG,2025-11-05,FRANCISCO MA. FATIMA,Officer,Stock Gift at price 0.00 per share.,12731,0.0,D
PG,2025-10-30,JANZARUK MATTHEW W.,Officer,Sale at price 149.57 per share.,725,108438.0,D
PG,2025-10-14,BONINI SHEILA,Director,Stock Award(Grant) at price 0.00 per share.,1475,0.0,D
PG,2025-10-14,PORTMAN ROBERT JONES,Director,Stock Award(Grant) at price 0.00 per share.,1475,0.0,D
PG,2025-10-14,ALLEN BERTRAND MARC,Director,Stock Award(Grant) at price 0.00 per share.,1475,0.0,D
PG,2025-10-14,BIGGS M BRETT,Director,Stock Award(Grant) at price 0.00 per share.,1475,0.0,D
PG,2025-10-14,SUBRAMANIAM RAJESH,Director,Stock Award(Grant) at price 0.00 per share.,1475,0.0,D
PG,2025-10-14,MCEVOY ASHLEY,Director,Stock Award(Grant) at price 0.00 per share.,1475,0.0,D
PG,2025-10-14,CHANG AMY L,Director,Stock Award(Grant) at price 0.00 per share.,1475,0.0,D
PG,2025-10-14,KEMPCZINSKI CHRISTOPHER J,Director,Stock Award(Grant) at price 0.00 per share.,1475,0.0,D
PG,2025-10-14,JIMENEZ JOSEPH JR,Director,Stock Award(Grant) at price 0.00 per share.,1475,0.0,D
PG,2025-10-14,ARNOLD CRAIG,Director,Stock Award(Grant) at price 0.00 per share.,1475,0.0,D
PG,2025-10-14,WOERTZ PATRICIA A,Director,Stock Award(Grant) at price 0.00 per share.,31,0.0,D
PG,2025-10-14,LUNDGREN TERRY J,Director,Stock Award(Grant) at price 0.00 per share.,31,0.0,D
PG,2025-10-14,MCCARTHY CHRISTINE M.,Director,Stock Award(Grant) at price 0.00 per share.,1475,0.0,D
KO,2026-08-06,ORTEGA LUISA,Divisional Officer,Sale at price 86.55 - 86.67 per share.,55755,4827894.0,D
KO,2026-08-06,ORTEGA LUISA,Divisional Officer,Conversion of Exercise of derivative security at price 48.08 - 59.48 per share.,40160,2104230.0,D
KO,2026-07-31,MURPHY JOHN,President,Sale at price 87.31 per share.,152483,13313580.0,D
KO,2026-07-31,MURPHY JOHN,President,Conversion of Exercise of derivative security at price 44.48 per share.,152483,6781681.0,D
KO,2026-07-29,QUINCEY JAMES R.,Chairman of the Board,Sale at price 90.04 - 90.09 per share.,527087,47468615.0,D
KO,2026-07-29,QUINCEY JAMES R.,Chairman of the Board,Conversion of Exercise of derivative security at price 45.44 per share.,527087,23948198.0,D
KO,2026-07-28,PIETRACCI BRUNO,Divisional Officer,Sale at price 89.60 - 89.69 per share.,75727,6788624.0,D
KO,2026-07-28,PIETRACCI BRUNO,Divisional Officer,Conversion of Exercise of derivative security at price 50.44 - 59.48 per share.,75727,4139731.0,D
KO,2026-06-10,MANN JENNIFER K,Officer,Sale at price 83.41 per share.,23984,2000594.0,D
KO,2026-06-09,MANN JENNIFER K,Officer,Sale at price 80.75 per share.,100000,8074790.0,D
KO,2026-06-09,MANN JENNIFER K,Officer,Conversion of Exercise of derivative security at price 50.44 - 61.34 per share.,73984,4332900.0,D
KO,2026-06-08,MANN JENNIFER K,Officer,Sale at price 79.46 per share.,100000,7945632.0,D
KO,2026-06-08,MANN JENNIFER K,Officer,Conversion of Exercise of derivative security at price 50.44 - 59.48 per share.,100000,5510694.0,D
KO,2026-06-05,QUINCEY JAMES R.,Chairman of the Board,Sale at price 80.00 - 80.13 per share.,444296,35599152.0,D
KO,2026-06-05,MANN JENNIFER K,Officer,Sale at price 79.46 per share.,100000,7946073.0,D
KO,2026-06-05,MANN JENNIFER K,Officer,Conversion of Exercise of derivative security at price 45.44 - 59.48 per share.,100000,4812979.0,D
KO,2026-06-05,QUINCEY JAMES R.,Chairman of the Board,Conversion of Exercise of derivative security at price 44.48 per share.,444296,19760065.0,D
KO,2026-05-15,QUAN NANCY W,Officer,Sale at price 80.93 per share.,31625,2559519.0,D
KO,2026-05-15,QUAN NANCY W,Officer,Conversion of Exercise of derivative security at price 45.44 per share.,31625,1436882.0,D
KO,2026-05-11,QUINCEY JAMES R.,Chairman of the Board,Stock Gift at price 0.00 per share.,44678,0.0,I
KO,2026-05-07,QUINCEY JAMES R.,Chairman of the Board,Sale at price 78.90 per share.,200000,15780900.0,D
KO,2026-03-09,DOUGLAS MONICA HOWARD,Officer,Sale at price 77.37 per share.,23880,1847686.0,D
KO,2026-03-03,QUAN NANCY W,Officer,Sale at price 79.50 per share.,23556,1872747.0,D
KO,2026-03-03,PIETRACCI BRUNO,Divisional Officer,Sale at price 79.41 per share.,28765,2284318.0,D
KO,2026-03-03,QUINCEY JAMES R.,Chief Executive Officer,Sale at price 79.05 - 79.14 per share.,250688,19839138.0,D
KO,2026-03-02,MURPHY JOHN,President,Sale at price 80.52 per share.,72449,5833934.0,D
KO,2026-02-27,PEREZ BEATRIZ R,Officer,Sale at price 81.00 per share.,21326,1727406.0,D
KO,2026-02-27,PEREZ BEATRIZ R,Officer,Conversion of Exercise of derivative security at price 44.48 per share.,21326,948474.0,D
KO,2026-02-26,PEREZ BEATRIZ R,Officer,Sale at price 80.60 - 80.75 per share.,36326,2931074.0,D
KO,2026-02-26,PEREZ BEATRIZ R,Officer,Conversion of Exercise of derivative security at price 44.48 - 45.44 per share.,36326,1629999.0,D
KO,2026-02-26,MAY ERIN L,Officer,Stock Award(Grant) at price 0.00 per share.,7440,0.0,D
KO,2026-02-25,DOUGLAS MONICA HOWARD,Officer,Sale at price 80.16 per share.,20000,1603210.0,D
KO,2026-02-25,MURPHY JOHN,President,Sale at price 80.42 per share.,99437,7996535.0,D
KO,2026-02-25,MURPHY JOHN,President,Conversion of Exercise of derivative security at price 40.89 per share.,99437,4065979.0,D
KO,2026-02-19,MAY ERIN L,Officer,Stock Award(Grant) at price 0.00 per share.,15855,0.0,D
KO,2026-02-19,ORTEGA LUISA,Divisional Officer,Stock Award(Grant) at price 0.00 per share.,26870,0.0,D
KO,2026-02-19,MURPHY JOHN,President,Stock Award(Grant) at price 0.00 per share.,130633,0.0,D
KO,2026-02-19,ARROYO MANUEL,Officer,Stock Award(Grant) at price 0.00 per share.,74647,0.0,D
KO,2026-02-19,MANN JENNIFER K,Officer,Stock Award(Grant) at price 0.00 per share.,46654,0.0,D
KO,2026-02-19,BRAUN HENRIQUE GNANI,Chief Operating Officer,Stock Award(Grant) at price 0.00 per share.,65317,0.0,D
KO,2026-02-19,PIETRACCI BRUNO,Divisional Officer,Stock Award(Grant) at price 0.00 per share.,49759,0.0,D
KO,2026-02-19,QUAN NANCY W,Officer,Stock Award(Grant) at price 0.00 per share.,39191,0.0,D
KO,2026-02-19,CHANG LISA VIRGINIA,Officer,Stock Award(Grant) at price 0.00 per share.,39807,0.0,D
KO,2026-02-19,DOUGLAS MONICA HOWARD,Officer,Stock Award(Grant) at price 0.00 per share.,39807,0.0,D
KO,2026-02-19,PEREZ BEATRIZ R,Officer,Stock Award(Grant) at price 0.00 per share.,29859,0.0,D
KO,2026-02-19,QUINCEY JAMES R.,Chief Executive Officer,Stock Award(Grant) at price 0.00 per share.,335913,0.0,D
KO,2026-02-03,QUINCEY JAMES R.,Chief Executive Officer,Sale at price 77.10 per share.,337824,26046095.0,D
KO,2026-02-03,QUINCEY JAMES R.,Chief Executive Officer,Conversion of Exercise of derivative security at price 40.89 per share.,337824,13813623.0,D
KO,2025-11-17,QUAN NANCY W,Officer,Sale at price 71.17 per share.,31625,2250805.0,D
KO,2025-11-17,QUAN NANCY W,Officer,Conversion of Exercise of derivative security at price 43.44 per share.,31625,1373632.0,D
KO,2025-11-14,ARROYO MANUEL,Officer,Sale at price 70.80 per share.,139689,9890610.0,D
KO,2025-11-11,BRAUN HENRIQUE GNANI,Chief Operating Officer,Sale at price 70.93 per share.,40390,2864915.0,D
KO,2025-11-11,BRAUN HENRIQUE GNANI,Chief Operating Officer,Conversion of Exercise of derivative security at price 43.52 per share.,50545,2199466.0,D
KO,2025-10-29,MURPHY JOHN,President,Stock Gift at price 0.00 per share.,33000,0.0,I
KO,2025-10-24,DOUGLAS MONICA HOWARD,Officer,Sale at price 69.93 per share.,13548,947464.0,D
KO,2025-10-24,DOUGLAS MONICA HOWARD,Officer,Conversion of Exercise of derivative security at price 40.89 - 43.52 per share.,13548,568245.0,D
KO,2025-10-24,LEVCHIN MAX R,Director,Purchase at price 69.87 - 70.31 per share.,14267,998676.0,D
KO,2025-08-05,KOUMETTIS NIKOLAOS,Divisional Officer,Sale at price 69.10 per share.,37396,2584105.0,D
KO,2025-08-04,PEREZ BEATRIZ R,Officer,Stock Gift at price 0.00 per share.,43847,0.0,D
KO,2025-05-30,QUINCEY JAMES R.,Chief Executive Officer,Sale at price 72.00 - 72.08 per share.,266403,19197640.0,D
PEP,2026-08-05,POHLAD ROBERT C,Director,Stock Award(Grant) at price 0.00 per share.,398,0.0,D
PEP,2026-07-27,FLAVELL DAVID JAMES,General Counsel,Sale at price 139.54 per share.,2900,404674.0,D
PEP,2026-07-01,WILLEMSEN EUGENE,Officer,Stock Award(Grant) at price 0.00 per share.,1349,0.0,D
PEP,2026-06-01,BAILEY JENNIFER,Director,Stock Award(Grant) at price 0.00 - 141.52 per share.,548,60000.0,D
PEP,2026-06-01,VASELLA DANIEL L,Director,Stock Award(Grant) at price 0.00 - 141.52 per share.,1904,60000.0,D
PEP,2026-06-01,DIAMOND SUSAN M,Director,Stock Award(Grant) at price 0.00 - 141.52 per share.,693,80000.0,D
PEP,2026-06-01,GIBBS DAVID W,Director,Stock Award(Grant) at price 141.52 per share.,70,10000.0,D
PEP,2026-05-06,GIBBS DAVID W,Director,Stock Award(Grant) at price 0.00 per share.,1534,0.0,D
PEP,2026-03-04,WILLEMSEN EUGENE,Officer,Sale at price 164.44 - 164.46 per share.,6500,1068923.0,D/I
PEP,2026-03-02,LAGUARTA RAMON L,Chief Executive Officer,Sale at price 167.39 per share.,27945,4677610.0,D
PEP,2026-03-02,POHLAD ROBERT C,Director,Stock Award(Grant) at price 138.96 per share.,199,27778.0,D
PEP,2026-02-27,FLAVELL DAVID JAMES,General Counsel,Stock Award(Grant) at price 0.00 per share.,37991,0.0,D
PEP,2026-02-27,TAMMARA CHRISTINE E.,Officer,Stock Award(Grant) at price 0.00 per share.,4963,0.0,D
PEP,2026-02-27,SCHMITT STEPHEN T.,Chief Financial Officer,Stock Award(Grant) at price 0.00 per share.,29542,0.0,D
PEP,2026-02-27,KANIOURA ATHINA,Officer,Stock Award(Grant) at price 0.00 per share.,44313,0.0,D
PEP,2026-02-27,WILLEMSEN EUGENE,Officer,Stock Award(Grant) at price 0.00 per share.,39143,0.0,D
PEP,2026-02-27,POPOVICI SILVIU,Officer,Stock Award(Grant) at price 0.00 per share.,40620,0.0,D
PEP,2026-02-27,LAGUARTA RAMON L,Chief Executive Officer,Stock Award(Grant) at price 0.00 per share.,112260,0.0,D
PEP,2026-02-27,KRISHNAN RAMKUMAR,Officer,Stock Award(Grant) at price 0.00 per share.,44313,0.0,D
PEP,2025-12-01,AGBAJE SEGUN,Director,Stock Award(Grant) at price 149.51 per share.,401,60000.0,D
PEP,2025-12-01,BAILEY JENNIFER,Director,Stock Award(Grant) at price 149.51 per share.,401,60000.0,D
PEP,2025-12-01,LEWIS DAVE J,Director,Stock Award(Grant) at price 149.51 per share.,401,60000.0,D
PEP,2025-12-01,VASELLA DANIEL L,Director,Stock Award(Grant) at price 149.51 per share.,401,60000.0,D
PEP,2025-12-01,DIAMOND SUSAN M,Director,Stock Award(Grant) at price 149.51 per share.,535,80000.0,D
PEP,2025-11-10,SCHMITT STEPHEN T.,Chief Financial Officer,Stock Award(Grant) at price 142.25 per share.,49209,6999980.0,D
PEP,2025-10-01,COOPER EDITH W.,Director,Stock Award(Grant) at price 0.00 - 143.14 per share.,1630,200000.0,D
PEP,2025-10-01,GASS MICHELLE,Director,Stock Award(Grant) at price 0.00 - 143.14 per share.,1763,200000.0,D
PEP,2025-10-01,DUBLON DINA,Director,Stock Award(Grant) at price 0.00 - 143.14 per share.,3093,200000.0,D
PEP,2025-10-01,AGBAJE SEGUN,Director,Stock Award(Grant) at price 0.00 - 143.14 per share.,1628,200000.0,D
PEP,2025-10-01,BAILEY JENNIFER,Director,Stock Award(Grant) at price 0.00 - 143.14 per share.,1492,200000.0,D
PEP,2025-10-01,LEWIS DAVE J,Director,Stock Award(Grant) at price 0.00 - 143.14 per share.,1560,200000.0,D
PEP,2025-10-01,VASELLA DANIEL L,Director,Stock Award(Grant) at price 0.00 - 143.14 per share.,2923,200000.0,D
PEP,2025-10-01,WEISSER ALBERTO,Director,Stock Award(Grant) at price 0.00 - 143.14 per share.,2541,200000.0,D
PEP,2025-10-01,DIAMOND SUSAN M,Director,Stock Award(Grant) at price 0.00 - 143.14 per share.,1492,200000.0,D
PEP,2025-10-01,CONDE CESAR,Director,Stock Award(Grant) at price 0.00 - 143.14 per share.,2004,200000.0,D
PEP,2025-10-01,WALKER DARREN,Director,Stock Award(Grant) at price 0.00 - 143.14 per share.,1955,200000.0,D
PEP,2025-10-01,PAGE DAVID C,Director,Stock Award(Grant) at price 0.00 - 143.14 per share.,2120,200000.0,D
PEP,2025-10-01,POHLAD ROBERT C,Director,Stock Award(Grant) at price 0.00 - 143.14 per share.,2090,200000.0,D
PEP,2025-10-01,COOK IAN M,Director,Stock Award(Grant) at price 0.00 - 143.14 per share.,3036,200000.0,D
PEP,2025-05-30,AGBAJE SEGUN,Director,Stock Award(Grant) at price 0.00 - 130.91 per share.,648,60000.0,D
PEP,2025-05-30,BAILEY JENNIFER,Director,Stock Award(Grant) at price 0.00 - 130.91 per share.,531,60000.0,D
PEP,2025-05-30,LEWIS DAVE J,Director,Stock Award(Grant) at price 0.00 - 130.91 per share.,590,60000.0,D
PEP,2025-05-30,VASELLA DANIEL L,Director,Stock Award(Grant) at price 0.00 - 130.91 per share.,1761,60000.0,D
PEP,2025-05-30,DIAMOND SUSAN M,Director,Stock Award(Grant) at price 0.00 - 130.91 per share.,531,60000.0,D
PEP,2025-03-04,GALLAGHER MARIE T,Officer,Sale at price 159.55 per share.,25000,3988780.0,D
PEP,2025-03-04,WILLEMSEN EUGENE,Officer,Stock Gift at price 0.00 per share.,7557,0.0,D
PEP,2025-03-03,KRISHNAN RAMKUMAR,Chief Executive Officer,Sale at price 150.91 - 153.51 per share.,9925,1498352.0,D
PEP,2025-03-03,LAGUARTA RAMON L,Chief Executive Officer,Sale at price 154.90 per share.,50000,7744890.0,D
PEP,2025-03-03,WILLIAMS STEVEN C,Officer,Sale at price 150.89 per share.,17978,2712733.0,D
PEP,2025-03-03,WILLEMSEN EUGENE,Officer,Sale at price 154.33 per share.,10000,1543308.0,I
PEP,2025-03-03,FLAVELL DAVID JAMES,General Counsel,Sale at price 150.90 per share.,6906,1042144.0,D
PEP,2025-02-28,SCHMITT BECKY,Officer,Stock Award(Grant) at price 0.00 per share.,11590,0.0,D
PEP,2025-02-28,FLAVELL DAVID JAMES,General Counsel,Stock Award(Grant) at price 0.00 per share.,18544,0.0,D
PEP,2025-02-28,CAULFIELD JAMES T.,Chief Financial Officer,Stock Award(Grant) at price 0.00 per share.,13951,0.0,D
PEP,2025-02-28,FERDINANDO RACHEL,Officer,Stock Award(Grant) at price 0.00 per share.,8886,0.0,D
PEP,2025-02-28,WILLIAMS STEVEN C,Officer,Stock Award(Grant) at price 0.00 per share.,38855,0.0,D
PEP,2025-02-28,SANTILLI PAULA ALEJANDRA,Officer,Stock Award(Grant) at price 0.00 per share.,19842,0.0,D
PEP,2025-02-28,WILLEMSEN EUGENE,Officer,Stock Award(Grant) at price 0.00 per share.,21007,0.0,D
PEP,2025-02-28,POPOVICI SILVIU,Officer,Stock Award(Grant) at price 0.00 per share.,28733,0.0,D
PEP,2025-02-28,LAGUARTA RAMON L,Chief Executive Officer,Stock Award(Grant) at price 0.00 per share.,132821,0.0,D
PM,2026-05-06,HOOK LISA A.,Director,Stock Award(Grant) at price 169.93 per share.,1119,190152.0,D
PM,2026-05-06,CALANTZOPOULOS ANDRE,Chairman of the Board,Stock Award(Grant) at price 169.93 per share.,1119,190152.0,D
PM,2026-05-06,HARKER VICTORIA D,Director,Stock Award(Grant) at price 169.93 per share.,1119,190152.0,D
PM,2026-05-06,GEISSLER WERNER,Director,Stock Award(Grant) at price 169.93 per share.,1119,190152.0,D
PM,2026-05-06,BOUGH BONIN,Director,Stock Award(Grant) at price 169.93 per share.,1119,190152.0,D
PM,2026-05-06,MORPARIA KALPANA,Director,Stock Award(Grant) at price 169.93 per share.,1119,190152.0,D
PM,2026-05-06,YANAI SHLOMO,Director,Stock Award(Grant) at price 169.93 per share.,1119,190152.0,D
PM,2026-05-06,COMBES MICHEL,Director,Stock Award(Grant) at price 169.93 per share.,1119,190152.0,D
PM,2026-05-06,POLET ROBERT,Director,Stock Award(Grant) at price 169.93 per share.,1119,190152.0,D
PM,2026-02-20,KENNEDY STACEY,Officer,Sale at price 183.13 per share.,14350,2627916.0,D
PM,2026-02-20,DOBROWOLSKI REGINALDO,Officer,Sale at price 183.46 - 183.58 per share.,6000,1100880.0,D/I
PM,2026-02-19,GUERIN YANN,Officer,Sale at price 181.69 per share.,4000,726760.0,D
PM,2026-02-19,DE WILDE FREDERIC J,Officer,Sale at price 182.58 per share.,20000,3651600.0,D
PM,2026-02-19,OLCZAK JACEK,Officer and Director,Sale at price 182.18 per share.,80000,14574400.0,D
PM,2026-02-19,BABEAU EMMANUEL,Officer,Sale at price 181.61 per share.,33800,6138418.0,D
PM,2026-02-06,OLCZAK JACEK,Officer and Director,Stock Award(Grant) at price 0.00 - 172.93 per share.,171039,5786238.0,D
PM,2026-02-06,DE WILDE FREDERIC J,Officer,Stock Award(Grant) at price 0.00 - 172.93 per share.,33079,1839975.0,D
PM,2026-02-06,DOBROWOLSKI REGINALDO,Officer,Stock Award(Grant) at price 0.00 - 172.93 per share.,6538,466911.0,D/I
PM,2026-02-06,GUERIN YANN,Officer,Stock Award(Grant) at price 0.00 - 172.93 per share.,8280,873296.0,D
PM,2026-02-06,BABEAU EMMANUEL,Officer,Stock Award(Grant) at price 0.00 - 172.93 per share.,61386,1961026.0,D
PM,2026-02-06,KENNEDY STACEY,Officer,Stock Award(Grant) at price 0.00 - 172.93 per share.,16210,766080.0,D
PM,2026-02-05,CALANTZOPOULOS ANDRE,Chairman of the Board,Stock Award(Grant) at price 0.00 per share.,40052,0.0,D
PM,2025-05-07,HOOK LISA A.,Director,Stock Award(Grant) at price 174.82 per share.,1002,175170.0,D
PM,2025-05-07,CALANTZOPOULOS ANDRE,Chairman of the Board,Stock Award(Grant) at price 174.82 per share.,1002,175170.0,D
PM,2025-05-07,HARKER VICTORIA D,Director,Stock Award(Grant) at price 174.82 per share.,1002,175170.0,D
PM,2025-05-07,GEISSLER WERNER,Director,Stock Award(Grant) at price 174.82 per share.,1002,175170.0,D
PM,2025-05-07,TEMPERLEY DESSISLAVA,Director,Stock Award(Grant) at price 174.82 per share.,1002,175170.0,D
PM,2025-05-07,BOUGH BONIN,Director,Stock Award(Grant) at price 174.82 per share.,1002,175170.0,D
PM,2025-05-07,MORPARIA KALPANA,Director,Stock Award(Grant) at price 174.82 per share.,1002,175170.0,D
PM,2025-05-07,YANAI SHLOMO,Director,Stock Award(Grant) at price 174.82 per share.,1002,175170.0,D
PM,2025-05-07,COMBES MICHEL,Director,Stock Award(Grant) at price 174.82 per share.,1002,175170.0,D
PM,2025-05-07,POLET ROBERT,Director,Stock Award(Grant) at price 174.82 per share.,1002,175170.0,D
PM,2025-03-06,DAHLGREN LARS,Officer,Sale at price 152.96 per share.,3679,562740.0,D
PM,2025-02-24,ANDOLINA MASSIMO,Officer,Sale at price 156.05 per share.,17500,2730875.0,D
PM,2025-02-20,GUERIN YANN,General Counsel,Sale at price 151.28 per share.,2500,378200.0,D
PM,2025-02-20,BARTH WERNER,Officer,Sale at price 148.67 per share.,10000,1486700.0,D
PM,2025-02-20,CALANTZOPOULOS ANDRE,Chairman of the Board,Sale at price 149.06 per share.,40643,6058246.0,D
PM,2025-02-20,OLCZAK JACEK,Chief Executive Officer,Sale at price 148.87 per share.,40000,5954800.0,D
PM,2025-02-20,BABEAU EMMANUEL,Chief Financial Officer,Sale at price 148.85 per share.,30000,4465500.0,D
PM,2025-02-12,DOBROWOLSKI REGINALDO,Officer,Sale at price 149.41 - 149.88 per share.,8000,1197630.0,D/I
PM,2025-02-07,DE WILDE FREDERIC J,Officer,Sale at price 144.54 per share.,15000,2168100.0,D
PM,2025-02-06,OLCZAK JACEK,Chief Executive Officer,Stock Award(Grant) at price 0.00 - 124.85 per share.,131538,5568310.0,D
PM,2025-02-06,DE WILDE FREDERIC J,Officer,Stock Award(Grant) at price 0.00 - 124.85 per share.,30462,1519424.0,D
PM,2025-02-06,DOBROWOLSKI REGINALDO,Officer,Stock Award(Grant) at price 0.00 - 124.85 per share.,6310,405762.0,D/I
PM,2025-02-06,GUERIN YANN,General Counsel,Stock Award(Grant) at price 0.00 - 124.85 per share.,9293,780312.0,D
PM,2025-02-06,GKATZELIS VASILEIOS,Officer,Stock Award(Grant) at price 0.00 - 124.85 per share.,6400,480672.0,D
PM,2025-02-06,BABEAU EMMANUEL,Chief Financial Officer,Stock Award(Grant) at price 0.00 - 124.85 per share.,54300,1685475.0,D
PM,2025-02-06,BARTH WERNER,Officer,Stock Award(Grant) at price 0.00 - 124.85 per share.,21617,765330.0,D
PM,2025-02-06,KENNEDY STACEY,Officer,Stock Award(Grant) at price 0.00 - 124.85 per share.,15915,745354.0,D
PM,2025-02-06,ANDOLINA MASSIMO,Officer,Stock Award(Grant) at price 0.00 - 124.85 per share.,22983,855222.0,D
PM,2025-02-06,VOLPETTI STEFANO,Officer,Stock Award(Grant) at price 0.00 - 124.85 per share.,27102,845234.0,D
PM,2025-02-05,CALANTZOPOULOS ANDRE,Chairman of the Board,Stock Award(Grant) at price 0.00 per share.,64311,0.0,D
PM,2025-02-05,DAHLGREN LARS,Officer,Stock Award(Grant) at price 0.00 per share.,8653,0.0,D
PM,2024-11-07,CALANTZOPOULOS ANDRE,Chairman of the Board,Stock Gift at price 0.00 per share.,398412,0.0,D
PM,2024-10-31,VOLPETTI STEFANO,Officer,Sale at price 132.48 per share.,10000,1324800.0,D
PM,2024-10-23,DE WILDE FREDERIC J,Officer,Sale at price 130.96 per share.,25000,3274000.0,D
PM,2024-10-23,BARTH WERNER,Officer,Sale at price 129.98 per share.,7500,974850.0,D
PM,2024-10-23,CALANTZOPOULOS ANDRE,Chairman of the Board,Sale at price 129.85 per share.,101918,13234052.0,D
PM,2024-08-22,DE WILDE FREDERIC J,Officer,Sale at price 119.30 per share.,20000,2386000.0,D
MO,2026-05-26,KELLY-ENNIS DEBRA J,Director,Sale at price 72.25 per share.,5790,418318.0,D
MO,2026-05-26,STRAHLMAN ELLEN,Director,Sale at price 72.56 per share.,2000,145118.0,D
MO,2026-05-14,YZAGUIRRE MARIO MAX,Director,Stock Award(Grant) at price 0.00 per share.,2571,0.0,D
MO,2026-05-14,DAVIS ROBERT MATTHEWS,Director,Stock Award(Grant) at price 0.00 per share.,2571,0.0,D
MO,2026-05-14,CLARKE IAN L.T.,Director,Stock Award(Grant) at price 0.00 per share.,2571,0.0,D
MO,2026-05-14,KELLY-ENNIS DEBRA J,Director,Stock Award(Grant) at price 0.00 per share.,2571,0.0,D
MO,2026-05-14,STODDART RICHARD S.,Director,Stock Award(Grant) at price 0.00 per share.,2571,0.0,D
MO,2026-05-14,STRAHLMAN ELLEN,Director,Stock Award(Grant) at price 0.00 per share.,2571,0.0,D
MO,2026-05-14,CONNELLY MARJORIE MARY,Director,Stock Award(Grant) at price 0.00 per share.,2571,0.0,D
MO,2026-05-14,SHANKS VIRGINIA E,Director,Stock Award(Grant) at price 0.00 per share.,2571,0.0,D
MO,2026-05-14,MCQUADE KATHRYN ANN BOVA,Director,Stock Award(Grant) at price 0.00 per share.,4656,0.0,D
MO,2026-05-13,MANCUSO SALVATORE,Chief Executive Officer,Stock Award(Grant) at price 0.00 per share.,40634,0.0,D
MO,2026-03-05,WHITAKER CHARLES N,Officer,Sale at price 67.57 per share.,27908,1885718.0,D
MO,2026-02-26,MANCUSO SALVATORE,Chief Financial Officer,Stock Award(Grant) at price 0.00 per share.,17166,0.0,D
MO,2026-02-26,NEWMAN HEATHER A,Officer,Stock Award(Grant) at price 0.00 per share.,11822,0.0,D
MO,2026-02-26,MCCARTER ROBERT A. III,General Counsel,Stock Award(Grant) at price 0.00 per share.,5767,0.0,D
MO,2026-02-26,WHITAKER CHARLES N,Officer,Stock Award(Grant) at price 0.00 per share.,9711,0.0,D
MO,2026-02-26,BEGLEY JODY L,Chief Operating Officer,Stock Award(Grant) at price 0.00 per share.,17166,0.0,D
MO,2026-02-26,GIFFORD WILLIAM F JR,Chief Executive Officer,Stock Award(Grant) at price 0.00 per share.,70364,0.0,D
MO,2026-02-25,MANCUSO SALVATORE,Chief Financial Officer,Stock Award(Grant) at price 0.00 per share.,25376,0.0,D
MO,2026-02-25,WHITAKER CHARLES N,Officer,Stock Award(Grant) at price 0.00 per share.,13534,0.0,D
MO,2026-02-25,NEWMAN HEATHER A,Officer,Stock Award(Grant) at price 0.00 per share.,11973,0.0,D
MO,2026-02-25,MCCARTER ROBERT A. III,General Counsel,Stock Award(Grant) at price 0.00 per share.,22448,0.0,D
MO,2026-02-25,PATTERSON KATIE F.,Officer,Stock Award(Grant) at price 0.00 per share.,1432,0.0,D
MO,2026-02-25,BEGLEY JODY L,Chief Operating Officer,Stock Award(Grant) at price 0.00 per share.,22448,0.0,D
MO,2026-02-13,MUNOZ GEORGE,Director,Conversion of Exercise of derivative security at price 67.25 per share.,2078,139746.0,D
MO,2026-02-04,GIFFORD WILLIAM F JR,Chief Executive Officer,Stock Gift at price 0.00 per share.,15700,0.0,D
MO,2026-01-15,MUNOZ GEORGE,Director,Conversion of Exercise of derivative security at price 61.58 per share.,9750,600405.0,D
MO,2025-12-09,WHITAKER CHARLES N,Officer,Stock Award(Grant) at price 0.00 per share.,17168,0.0,D
MO,2025-12-09,NEWMAN HEATHER A,Officer,Stock Award(Grant) at price 0.00 per share.,25751,0.0,D
MO,2025-05-15,KELLY-ENNIS DEBRA J,Director,Stock Award(Grant) at price 0.00 per share.,3219,0.0,D
MO,2025-05-15,YZAGUIRRE MARIO MAX,Director,Stock Award(Grant) at price 0.00 per share.,3219,0.0,D
MO,2025-05-15,DAVIS ROBERT MATTHEWS,Director,Stock Award(Grant) at price 0.00 per share.,3219,0.0,D
MO,2025-05-15,CLARKE IAN L.T.,Director,Stock Award(Grant) at price 0.00 per share.,3219,0.0,D
MO,2025-05-15,STODDART RICHARD S.,Director,Stock Award(Grant) at price 0.00 per share.,3219,0.0,D
MO,2025-05-15,STRAHLMAN ELLEN,Director,Stock Award(Grant) at price 0.00 per share.,3219,0.0,D
MO,2025-05-15,CONNELLY MARJORIE MARY,Director,Stock Award(Grant) at price 0.00 per share.,3219,0.0,D
MO,2025-05-15,MUNOZ GEORGE,Director,Stock Award(Grant) at price 0.00 per share.,3219,0.0,D
MO,2025-05-15,SHANKS VIRGINIA E,Director,Stock Award(Grant) at price 0.00 per share.,3219,0.0,D
MO,2025-05-15,MCQUADE KATHRYN ANN BOVA,Director,Stock Award(Grant) at price 0.00 per share.,5828,0.0,D
MO,2025-04-16,GIFFORD WILLIAM F JR,Chief Executive Officer,Stock Award(Grant) at price 0.00 per share.,31037,0.0,D
MO,2025-02-27,MANCUSO SALVATORE,Chief Financial Officer,Stock Award(Grant) at price 0.00 per share.,15144,0.0,D
MO,2025-02-27,WHITAKER CHARLES N,Officer,Stock Award(Grant) at price 0.00 per share.,8568,0.0,D
MO,2025-02-27,NEWMAN HEATHER A,Officer,Stock Award(Grant) at price 0.00 per share.,10430,0.0,D
MO,2025-02-27,MCCARTER ROBERT A. III,General Counsel,Stock Award(Grant) at price 0.00 per share.,5088,0.0,D
MO,2025-02-27,D'AMBROSIA STEVEN,Officer,Stock Award(Grant) at price 0.00 per share.,1581,0.0,D
MO,2025-02-27,BEGLEY JODY L,Chief Operating Officer,Stock Award(Grant) at price 0.00 per share.,17119,0.0,D
MO,2025-02-27,GIFFORD WILLIAM F JR,Chief Executive Officer,Stock Award(Grant) at price 0.00 per share.,48911,0.0,D
MO,2025-02-26,MANCUSO SALVATORE,Chief Financial Officer,Stock Award(Grant) at price 0.00 per share.,28175,0.0,D
MO,2025-02-26,WHITAKER CHARLES N,Officer,Stock Award(Grant) at price 0.00 per share.,13085,0.0,D
MO,2025-02-26,MCCARTER ROBERT A. III,General Counsel,Stock Award(Grant) at price 0.00 per share.,21673,0.0,D
MO,2025-02-26,D'AMBROSIA STEVEN,Officer,Stock Award(Grant) at price 0.00 per share.,3035,0.0,D
MO,2025-02-26,NEWMAN HEATHER A,Officer,Stock Award(Grant) at price 0.00 per share.,13085,0.0,D
MO,2025-02-26,BEGLEY JODY L,Chief Operating Officer,Stock Award(Grant) at price 0.00 per share.,24924,0.0,D
MO,2025-02-26,GIFFORD WILLIAM F JR,Chief Executive Officer,Stock Award(Grant) at price 0.00 per share.,84433,0.0,D
MO,2025-02-14,MUNOZ GEORGE,Director,Conversion of Exercise of derivative security at price 53.29 per share.,1940,103383.0,D
MO,2024-12-10,BEGLEY JODY L,Chief Operating Officer,Stock Award(Grant) at price 0.00 per share.,26897,0.0,D
MDLZ,2026-07-01,BANATI AMIT,Chief Financial Officer,Stock Award(Grant) at price 0.00 per share.,20370,0.0,D
MDLZ,2026-05-20,SIEWERT PATRICK T,Director,Stock Award(Grant) at price 0.00 per share.,3525,0.0,D
MDLZ,2026-05-20,MCKINSTRY NANCY,Director,Stock Award(Grant) at price 0.00 per share.,3525,0.0,D
MDLZ,2026-05-20,COUSIN ERTHARIN,Director,Stock Award(Grant) at price 0.00 per share.,3525,0.0,D
MDLZ,2026-05-20,TODMAN MICHAEL A,Director,Stock Award(Grant) at price 0.00 per share.,3525,0.0,D
MDLZ,2026-05-20,HART CEES T,Director,Stock Award(Grant) at price 0.00 per share.,3525,0.0,D
MDLZ,2026-05-20,MCNAMARA BRIAN JAMES,Director,Stock Award(Grant) at price 0.00 per share.,3525,0.0,D
MDLZ,2026-05-20,NIELSEN JANE HAMILTON,Director,Stock Award(Grant) at price 0.00 per share.,3525,0.0,D
MDLZ,2026-05-20,MESQUITA JORGE S,Director,Stock Award(Grant) at price 0.00 per share.,3525,0.0,D
MDLZ,2026-05-20,PRICE PAULA A,Director,Stock Award(Grant) at price 0.00 per share.,3525,0.0,D
MDLZ,2026-05-01,STEVENS BRIAN,Officer,Sale at price 61.46 - 61.55 per share.,64,3934.0,I
MDLZ,2026-04-30,STEVENS BRIAN,Officer,Stock Gift at price 0.00 per share.,20,0.0,I
MDLZ,2026-02-13,VALLE GUSTAVO CARLOS,Officer,Sale at price 62.00 per share.,3000,186000.0,D
MDLZ,2026-02-11,ZARAMELLA LUCA,Chief Operating Officer,Stock Award(Grant) at price 0.00 per share.,96448,0.0,D
MDLZ,2026-02-11,LOZANO MARIANO,Officer,Stock Award(Grant) at price 0.00 per share.,29375,0.0,D
MDLZ,2026-02-11,LILAK STEPHANIE,Officer,Stock Award(Grant) at price 0.00 per share.,14767,0.0,D
MDLZ,2026-02-11,VALLE GUSTAVO CARLOS,Officer,Stock Award(Grant) at price 0.00 per share.,49238,0.0,D
MDLZ,2026-02-11,KUHN VOLKER,Officer,Stock Award(Grant) at price 0.00 per share.,20780,0.0,D
MDLZ,2026-02-11,IYER DEEPAK D,Officer,Stock Award(Grant) at price 0.00 per share.,28486,0.0,D
MDLZ,2026-02-11,RENAUD MARTIN,Officer,Stock Award(Grant) at price 0.00 per share.,37849,0.0,D
MDLZ,2026-02-11,STEVENS BRIAN,Officer,Stock Award(Grant) at price 0.00 per share.,1970,0.0,D
MDLZ,2026-02-11,VAN DE PUT DIRK,Chief Executive Officer,Stock Award(Grant) at price 0.00 per share.,239359,0.0,D
MDLZ,2026-02-11,STEIN LAURA CONARD,General Counsel,Stock Award(Grant) at price 0.00 per share.,33267,0.0,D
MDLZ,2025-05-21,SIEWERT PATRICK T,Director,Stock Award(Grant) at price 0.00 per share.,3009,0.0,D
MDLZ,2025-05-21,MCKINSTRY NANCY,Director,Stock Award(Grant) at price 0.00 per share.,3009,0.0,D
MDLZ,2025-05-21,COUSIN ERTHARIN,Director,Stock Award(Grant) at price 0.00 per share.,3009,0.0,D
MDLZ,2025-05-21,TODMAN MICHAEL A,Director,Stock Award(Grant) at price 0.00 per share.,3009,0.0,D
MDLZ,2025-05-21,HART CEES T,Director,Stock Award(Grant) at price 0.00 per share.,3009,0.0,D
MDLZ,2025-05-21,MCNAMARA BRIAN JAMES,Director,Stock Award(Grant) at price 0.00 per share.,3009,0.0,D
MDLZ,2025-05-21,NIELSEN JANE HAMILTON,Director,Stock Award(Grant) at price 0.00 per share.,3009,0.0,D
MDLZ,2025-05-21,MESQUITA JORGE S,Director,Stock Award(Grant) at price 0.00 per share.,3009,0.0,D
MDLZ,2025-05-21,PRICE PAULA A,Director,Stock Award(Grant) at price 0.00 per share.,3009,0.0,D
MDLZ,2025-04-01,KUHN VOLKER,Officer,Stock Award(Grant) at price 0.00 per share.,5130,0.0,D
MDLZ,2025-03-11,GRUBER VINZENZ P.,Officer,Conversion of Exercise of derivative security at price 39.70 per share.,22830,906351.0,D
MDLZ,2025-03-04,ZARAMELLA LUCA,Chief Financial Officer,Conversion of Exercise of derivative security at price 39.70 per share.,24410,969077.0,D
MDLZ,2025-02-12,ZARAMELLA LUCA,Chief Financial Officer,Stock Award(Grant) at price 0.00 per share.,58941,0.0,D
MDLZ,2025-02-12,LOZANO MARIANO,Officer,Stock Award(Grant) at price 0.00 per share.,20282,0.0,D
MDLZ,2025-02-12,GRUBER VINZENZ P.,Officer,Stock Award(Grant) at price 0.00 per share.,41263,0.0,D
MDLZ,2025-02-12,LILAK STEPHANIE,Officer,Stock Award(Grant) at price 0.00 per share.,1829,0.0,D
MDLZ,2025-02-12,VALLE GUSTAVO CARLOS,Officer,Stock Award(Grant) at price 0.00 per share.,30950,0.0,D
MDLZ,2025-02-12,IYER DEEPAK D,Officer,Stock Award(Grant) at price 0.00 per share.,6490,0.0,D
MDLZ,2025-02-12,RENAUD MARTIN,Officer,Stock Award(Grant) at price 0.00 per share.,23584,0.0,D
MDLZ,2025-02-12,VAN DE PUT DIRK,Chief Executive Officer,Stock Award(Grant) at price 0.00 per share.,176810,0.0,D
MDLZ,2025-02-12,STEIN LAURA CONARD,General Counsel,Stock Award(Grant) at price 0.00 per share.,26531,0.0,D
MDLZ,2025-01-02,CALL MICHAEL ANDREW,Officer,Stock Award(Grant) at price 0.00 per share.,15130,0.0,D
MDLZ,2024-09-09,GRUBER VINZENZ P.,Officer,Conversion of Exercise of derivative security at price 36.94 per share.,22000,812680.0,D
CL,2026-08-06,CAHILL JOHN T,Director,Sale at price 93.37 per share.,4170,389358.0,D
CL,2026-08-06,CAHILL JOHN T,Director,Conversion of Exercise of derivative security at price 71.56 per share.,4170,298405.0,D
CL,2026-08-05,WALLACE NOEL R,Chief Executive Officer,Sale at price 91.92 - 92.52 per share.,322042,29698617.0,D
CL,2026-08-05,WALLACE NOEL R,Chief Executive Officer,Conversion of Exercise of derivative security at price 72.29 per share.,322042,23280416.0,D
CL,2026-07-01,NORRINGTON LORRIE M,Director,Stock Award(Grant) at price 89.45 per share.,293,26209.0,D
CL,2026-07-01,NEWMAN BRIAN,Director,Stock Award(Grant) at price 89.45 per share.,209,18695.0,D
CL,2026-07-01,BILBREY JOHN P.,Director,Stock Award(Grant) at price 89.45 per share.,265,23704.0,D
CL,2026-05-15,MALCOLM GREGORY,Officer,Sale at price 88.44 per share.,2300,203412.0,D
CL,2026-05-11,NELSON KIMBERLY A.,Director,Stock Award(Grant) at price 0.00 per share.,2075,0.0,D
CL,2026-05-11,NORRINGTON LORRIE M,Director,Stock Award(Grant) at price 0.00 per share.,2075,0.0,D
CL,2026-05-11,HARRIS C. MARTIN M.D.,Director,Stock Award(Grant) at price 0.00 per share.,1556,0.0,D
CL,2026-05-11,BOERNER CHRISTOPHER S,Director,Stock Award(Grant) at price 0.00 per share.,1383,0.0,D
CL,2026-05-11,NEWMAN BRIAN,Director,Stock Award(Grant) at price 0.00 per share.,2075,0.0,D
CL,2026-05-11,EDWARDS LISA MARIE,Director,Stock Award(Grant) at price 0.00 per share.,2075,0.0,D
CL,2026-05-11,BILBREY JOHN P.,Director,Stock Award(Grant) at price 0.00 per share.,2075,0.0,D
CL,2026-05-11,CAHILL JOHN T,Director,Stock Award(Grant) at price 0.00 per share.,2075,0.0,D
CL,2026-05-11,HUND-MEJEAN MARTINA,Director,Stock Award(Grant) at price 0.00 per share.,2075,0.0,D
CL,2026-05-07,MASSEY SALLY,Officer,Sale at price 87.41 per share.,8599,751633.0,D
CL,2026-04-01,NEWMAN BRIAN,Director,Stock Award(Grant) at price 89.05 per share.,210,18700.0,D
CL,2026-04-01,BILBREY JOHN P.,Director,Stock Award(Grant) at price 89.05 per share.,266,23687.0,D
CL,2026-04-01,NORRINGTON LORRIE M,Director,Stock Award(Grant) at price 89.05 per share.,294,26181.0,D
CL,2026-02-23,WALLACE NOEL R,Chief Executive Officer,Stock Award(Grant) at price 0.00 per share.,136710,0.0,D
CL,2026-02-23,DANIELS JENNIFER M.,Officer,Stock Award(Grant) at price 0.00 per share.,25742,0.0,D
CL,2026-02-23,MALCOLM GREGORY,Officer,Stock Award(Grant) at price 0.00 per share.,6268,0.0,D
CL,2026-02-23,HAZLIN JOHN,Officer,Stock Award(Grant) at price 0.00 per share.,12803,0.0,D
CL,2026-02-23,SUTULA STANLEY J III,Chief Financial Officer,Stock Award(Grant) at price 0.00 per share.,38678,0.0,D
CL,2026-02-23,TSOURAPAS PANAGIOTIS,Officer,Stock Award(Grant) at price 0.00 per share.,25742,0.0,D
CL,2026-02-23,MASSEY SALLY,Officer,Stock Award(Grant) at price 0.00 per share.,16805,0.0,D
CL,2026-02-12,TSOURAPAS PANAGIOTIS,Officer,Sale at price 94.61 - 97.81 per share.,50000,4778436.0,D
CL,2026-02-12,TSOURAPAS PANAGIOTIS,Officer,Conversion of Exercise of derivative security at price 76.41 per share.,50000,3820500.0,D
CL,2026-02-10,HAZLIN JOHN,Officer,Sale at price 94.25 per share.,20989,1978211.0,D
CL,2026-02-10,HAZLIN JOHN,Officer,Conversion of Exercise of derivative security at price 76.41 per share.,20989,1603769.0,D
CL,2026-02-06,MALCOLM GREGORY,Officer,Sale at price 94.91 per share.,12747,1209822.0,D
CL,2026-02-06,MALCOLM GREGORY,Officer,Conversion of Exercise of derivative security at price 76.41 per share.,12747,973998.0,D
CL,2026-02-05,MASSEY SALLY,Officer,Sale at price 95.03 per share.,15851,1506287.0,D
CL,2026-02-05,MASSEY SALLY,Officer,Conversion of Exercise of derivative security at price 76.41 per share.,15851,1211175.0,D
CL,2026-02-04,SUTULA STANLEY J III,Chief Financial Officer,Sale at price 94.27 per share.,97843,9223288.0,D
CL,2026-02-04,DANIELS JENNIFER M.,Officer,Sale at price 94.34 per share.,22000,2075399.0,D
CL,2026-02-04,WALLACE NOEL R,Chief Executive Officer,Sale at price 93.91 per share.,45568,4279496.0,D
CL,2026-02-04,DANIELS JENNIFER M.,Officer,Conversion of Exercise of derivative security at price 72.29 per share.,22000,1590380.0,D
CL,2026-02-04,SUTULA STANLEY J III,Chief Financial Officer,Conversion of Exercise of derivative security at price 81.78 per share.,97843,8001601.0,D
CL,2026-01-02,NEWMAN BRIAN,Director,Stock Award(Grant) at price 78.66 per share.,238,18721.0,D
CL,2026-01-02,BILBREY JOHN P.,Director,Stock Award(Grant) at price 78.66 per share.,301,23677.0,D
CL,2026-01-02,NORRINGTON LORRIE M,Director,Stock Award(Grant) at price 78.66 per share.,333,26194.0,D
CL,2025-11-21,MASSEY SALLY,Officer,Sale at price 80.89 per share.,1237,100061.0,D
CL,2025-10-01,NEWMAN BRIAN,Director,Stock Award(Grant) at price 82.13 per share.,228,18726.0,D
CL,2025-10-01,BILBREY JOHN P.,Director,Stock Award(Grant) at price 82.13 per share.,289,23736.0,D
CL,2025-10-01,NORRINGTON LORRIE M,Director,Stock Award(Grant) at price 82.13 per share.,319,26199.0,D
CL,2025-09-11,WALLACE NOEL R,Chief Executive Officer,Stock Award(Grant) at price 0.00 per share.,28314,0.0,D
CL,2025-09-11,DANIELS JENNIFER M.,Officer,Stock Award(Grant) at price 0.00 per share.,4592,0.0,D
CL,2025-09-11,MALCOLM GREGORY,Officer,Stock Award(Grant) at price 0.00 per share.,1119,0.0,D
CL,2025-09-11,GRANT SHANE,Officer,Stock Award(Grant) at price 0.00 per share.,3569,0.0,D
CL,2025-09-11,HAZLIN JOHN,Officer,Stock Award(Grant) at price 0.00 per share.,4045,0.0,D
CL,2025-09-11,SUTULA STANLEY J III,Chief Financial Officer,Stock Award(Grant) at price 0.00 per share.,8328,0.0,D
CL,2025-09-11,TSOURAPAS PANAGIOTIS,Officer,Stock Award(Grant) at price 0.00 per share.,4759,0.0,D
CL,2025-09-11,PARAMESWARAN PRABHA,Officer,Stock Award(Grant) at price 0.00 per share.,4592,0.0,D
CL,2025-09-11,MASSEY SALLY,Officer,Stock Award(Grant) at price 0.00 per share.,3450,0.0,D
CL,2025-07-01,NORRINGTON LORRIE M,Director,Stock Award(Grant) at price 89.91 per share.,292,26254.0,D
CL,2025-07-01,NEWMAN BRIAN,Director,Stock Award(Grant) at price 89.91 per share.,208,18701.0,D
CL,2025-07-01,BILBREY JOHN P.,Director,Stock Award(Grant) at price 89.91 per share.,264,23736.0,D
KMB,2026-05-06,SCRIBNER ANDREW,Officer,Sale at price 98.00 per share.,4095,401310.0,D
KMB,2026-05-04,CHEN KATY,Officer,Sale at price 95.34 per share.,1596,152164.0,D
KMB,2026-04-30,CHEN KATY,Officer,Sale at price 96.96 per share.,1405,136222.0,D
KMB,2026-04-24,MELUCCI JEFFREY P,Officer,Stock Award(Grant) at price 0.00 per share.,15525,0.0,D
KMB,2026-04-24,TORRES RUSSELL,President,Stock Award(Grant) at price 0.00 per share.,21169,0.0,D
KMB,2026-04-24,ABOU-OAF EHAB,Officer,Stock Award(Grant) at price 0.00 per share.,9173,0.0,D
KMB,2026-04-24,FENSKE TAMERA,Officer,Stock Award(Grant) at price 0.00 per share.,10585,0.0,D
KMB,2026-04-24,CHEN KATY,Officer,Stock Award(Grant) at price 0.00 per share.,3087,0.0,D
KMB,2026-04-24,SCRIBNER ANDREW,Officer,Stock Award(Grant) at price 0.00 per share.,3234,0.0,D
KMB,2026-04-24,HSU MICHAEL D,Chief Executive Officer,Stock Award(Grant) at price 0.00 per share.,76208,0.0,D
KMB,2026-04-24,URDANETA NELSON,Chief Financial Officer,Stock Award(Grant) at price 0.00 per share.,19053,0.0,D
KMB,2026-02-09,MACLIN SAMUEL TODD,Director,Purchase at price 104.15 per share.,10000,1041467.0,I
KMB,2026-02-05,SCRIBNER ANDREW,Officer,Sale at price 104.29 per share.,3049,317980.0,D
KMB,2025-10-31,FENSKE TAMERA,Officer,Stock Award(Grant) at price 0.00 per share.,20176,0.0,D
KMB,2025-08-04,HICKS ZACKERY ALLEN,Chief Technology Officer,Sale at price 133.40 per share.,15038,2006117.0,D
KMB,2025-07-29,HICKS ZACKERY ALLEN,Chief Technology Officer,Stock Award(Grant) at price 0.00 per share.,38098,0.0,D
KMB,2025-05-02,CHEN KATY,Officer,Sale at price 129.70 per share.,740,95978.0,D
KMB,2025-04-29,CHEN KATY,Officer,Sale at price 130.74 per share.,1794,234545.0,D
KMB,2025-04-25,CHEN KATY,Officer,Stock Award(Grant) at price 0.00 per share.,2802,0.0,D
KMB,2025-04-25,URDANETA NELSON,Chief Financial Officer,Stock Award(Grant) at price 0.00 per share.,26428,0.0,D
KMB,2025-04-09,MACLIN SAMUEL TODD,Director,Purchase at price 145.77 per share.,266,38775.0,D
KMB,2025-02-28,MELUCCI JEFFREY P,Officer,Stock Award(Grant) at price 0.00 per share.,26989,0.0,D
KMB,2025-02-28,TORRES RUSSELL,President,Stock Award(Grant) at price 0.00 per share.,35986,0.0,D
KMB,2025-02-28,ABOU-OAF EHAB,Officer,Stock Award(Grant) at price 0.00 per share.,16707,0.0,D
KMB,2025-02-28,HSU MICHAEL D,Chief Executive Officer,Stock Award(Grant) at price 0.00 per share.,128524,0.0,D
KMB,2025-02-28,DREXLER ANDREW CPA,Officer,Stock Award(Grant) at price 0.00 per share.,7389,0.0,D
KMB,2025-02-28,KARRMANN SANDRA R A,Officer,Stock Award(Grant) at price 0.00 per share.,14138,0.0,D
KMB,2025-02-28,DREXLER ANDREW CPA,Officer,Sale at price 141.00 per share.,10838,1528158.0,D
KMB,2025-02-28,DREXLER ANDREW CPA,Officer,Conversion of Exercise of derivative security at price 132.63 per share.,10838,1437444.0,D
KMB,2025-02-21,DREXLER ANDREW CPA,Officer,Sale at price 140.00 per share.,2500,350000.0,D
KMB,2024-11-22,DREXLER ANDREW CPA,Officer,Sale at price 139.01 per share.,3000,417036.0,D
MCD,2026-06-10,ERLINGER JOSEPH M,Officer,Sale at price 284.32 per share.,5252,1493249.0,D
MCD,2026-06-10,ERLINGER JOSEPH M,Officer,Conversion of Exercise of derivative security at price 157.79 per share.,5252,828713.0,D
MCD,2026-05-28,RALLS-MORRISON DESIREE ANN,Officer,Sale at price 278.36 per share.,2763,769109.0,D
MCD,2026-05-26,ERLINGER JOSEPH M,Officer,Sale at price 280.11 per share.,333,93277.0,D
MCD,2026-04-23,ERLINGER JOSEPH M,Officer,Sale at price 302.72 per share.,333,100806.0,D
MCD,2026-04-10,ERLINGER JOSEPH M,Officer,Sale at price 307.00 per share.,2626,806182.0,D
MCD,2026-04-10,ERLINGER JOSEPH M,Officer,Conversion of Exercise of derivative security at price 157.79 per share.,2626,414357.0,D
MCD,2026-03-23,ERLINGER JOSEPH M,Officer,Sale at price 313.47 per share.,333,104386.0,D
MCD,2026-03-18,BARONI DARIO,Officer,Sale at price 323.77 per share.,600,194262.0,D
MCD,2026-03-10,ERLINGER JOSEPH M,Officer,Sale at price 328.34 per share.,2626,862221.0,D
MCD,2026-03-10,ERLINGER JOSEPH M,Officer,Conversion of Exercise of derivative security at price 157.79 per share.,2626,414357.0,D
MCD,2026-02-23,BANNER JONATHAN,Officer,Sale at price 333.24 - 333.42 per share.,6200,2066596.0,D
MCD,2026-02-23,ERLINGER JOSEPH M,Officer,Sale at price 330.43 per share.,333,110033.0,D
MCD,2026-02-23,BANNER JONATHAN,Officer,Conversion of Exercise of derivative security at price 266.20 per share.,4600,1224520.0,D
MCD,2026-02-13,KEMPCZINSKI CHRISTOPHER J,Chief Executive Officer,Sale at price 331.35 - 333.54 per share.,52553,17470981.0,D
MCD,2026-02-13,KEMPCZINSKI CHRISTOPHER J,Chief Executive Officer,Conversion of Exercise of derivative security at price 128.09 per share.,73281,6731514.0,D
MCD,2026-02-13,FLATLEY EDITH MORGAN,Officer,Conversion of Exercise of derivative security at price 157.79 per share.,6686,740351.0,D
MCD,2026-02-12,FLATLEY EDITH MORGAN,Officer,Sale at price 331.00 per share.,4692,1553052.0,D
MCD,2026-02-10,ERLINGER JOSEPH M,Officer,Sale at price 325.25 per share.,2626,854106.0,D
MCD,2026-02-10,ERLINGER JOSEPH M,Officer,Conversion of Exercise of derivative security at price 157.79 per share.,2626,414357.0,D
MCD,2026-01-12,ERLINGER JOSEPH M,Officer,Sale at price 306.58 per share.,2626,805079.0,D
MCD,2026-01-12,ERLINGER JOSEPH M,Officer,Conversion of Exercise of derivative security at price 157.79 per share.,2626,414357.0,D
MCD,2025-12-16,RALLS-MORRISON DESIREE ANN,Officer,Sale at price 320.00 per share.,2486,795520.0,D
MCD,2025-12-12,FLATLEY EDITH MORGAN,Officer,Sale at price 315.00 per share.,658,207270.0,D
MCD,2025-12-01,STEIJAERT MANUEL JM,Officer,Sale at price 305.50 per share.,6567,2006218.0,D
MCD,2025-12-01,STEIJAERT MANUEL JM,Officer,Conversion of Exercise of derivative security at price 266.20 per share.,6567,1748135.0,D
MCD,2025-11-21,BORDEN IAN FREDERICK,Chief Financial Officer,Sale at price 310.00 per share.,17134,5311540.0,D
MCD,2025-11-21,BORDEN IAN FREDERICK,Chief Financial Officer,Conversion of Exercise of derivative security at price 116.73 per share.,17134,2000052.0,D
MCD,2025-11-20,ERLINGER JOSEPH M,Officer,Stock Gift at price 0.00 per share.,690,0.0,D
MCD,2025-11-14,ERLINGER JOSEPH M,Officer,Sale at price 305.82 per share.,3195,977095.0,D
MCD,2025-11-05,STEIJAERT MANUEL JM,Officer,Sale at price 300.42 per share.,13134,3945716.0,D
MCD,2025-11-05,STEIJAERT MANUEL JM,Officer,Conversion of Exercise of derivative security at price 253.39 - 266.20 per share.,13134,3373538.0,D
MCD,2025-10-14,RICE BRIAN S,Chief Technology Officer,Stock Gift at price 0.00 per share.,8789,0.0,D
MCD,2025-09-02,FLATLEY EDITH MORGAN,Officer,Sale at price 315.00 per share.,1000,315000.0,D
MCD,2025-08-20,FLATLEY EDITH MORGAN,Officer,Sale at price 315.00 per share.,4716,1485540.0,D
MCD,2025-08-20,FLATLEY EDITH MORGAN,Officer,Conversion of Exercise of derivative security at price 157.79 per share.,4692,740351.0,D
MCD,2025-08-19,BANNER JONATHAN,Officer,Sale at price 310.00 per share.,1000,310000.0,D
MCD,2025-08-06,RALLS-MORRISON DESIREE ANN,Officer,Sale at price 310.00 per share.,2487,770970.0,D
MCD,2025-08-01,FLATLEY EDITH MORGAN,Officer,Sale at price 303.50 per share.,976,296216.0,D
MCD,2025-07-23,ERLINGER JOSEPH M,Officer,Sale at price 299.49 per share.,939,281221.0,D
MCD,2025-07-10,FLATLEY EDITH MORGAN,Officer,Sale at price 300.00 per share.,1000,300000.0,D
MCD,2025-06-23,ERLINGER JOSEPH M,Officer,Sale at price 288.52 per share.,939,270920.0,D
MCD,2025-05-23,ERLINGER JOSEPH M,President,Sale at price 315.07 per share.,939,295851.0,D
MCD,2025-05-20,STEIJAERT MANUEL JM,Officer,Sale at price 319.66 per share.,6000,1917960.0,D
MCD,2025-05-20,STEIJAERT MANUEL JM,Officer,Conversion of Exercise of derivative security at price 253.39 per share.,6000,1520340.0,D
MCD,2025-05-07,KEMPCZINSKI CHRISTOPHER J,Chief Executive Officer,Stock Gift at price 0.00 per share.,31842,0.0,D
MCD,2025-04-23,ERLINGER JOSEPH M,Officer,Sale at price 318.50 per share.,939,299072.0,D
MCD,2025-03-24,ERLINGER JOSEPH M,Officer,Sale at price 306.30 per share.,939,287616.0,D
MCD,2025-02-27,BOYD TIFFANIE L,Officer,Sale at price 309.27 per share.,1000,309270.0,D
MCD,2025-02-24,STEIJAERT MANUEL JM,Officer,Sale at price 308.71 per share.,10459,3228798.0,D
MCD,2025-02-24,ERLINGER JOSEPH M,Officer,Sale at price 305.00 per share.,939,286395.0,D
MCD,2025-02-24,STEIJAERT MANUEL JM,Officer,Conversion of Exercise of derivative security at price 128.09 - 174.15 per share.,10459,1704997.0,D
MCD,2025-02-21,GROSS MARION K,Officer,Sale at price 304.60 per share.,1099,334871.0,D
MCD,2025-02-21,BANNER JONATHAN,Officer,Sale at price 304.33 per share.,1500,456495.0,D
MCD,2025-02-19,FLATLEY EDITH MORGAN,Officer,Sale at price 300.76 per share.,3200,962432.0,D
MCD,2025-02-13,BANNER JONATHAN,Officer,Sale at price 307.41 per share.,9200,2828172.0,D
MCD,2025-02-13,BANNER JONATHAN,Officer,Conversion of Exercise of derivative security at price 266.20 per share.,13922,2449040.0,D
MCD,2025-02-11,KEMPCZINSKI CHRISTOPHER J,Chief Executive Officer,Sale at price 310.05 per share.,10500,3255525.0,D
MCD,2025-01-23,ERLINGER JOSEPH M,Officer,Sale at price 280.75 per share.,300,84225.0,D
MCD,2025-01-02,GROSS MARION K,Officer,Sale at price 290.95 per share.,1499,436134.0,D
SBUX,2026-08-05,BREWER BRADY,Officer,Sale at price 105.99 per share.,2229,236252.0,D
SBUX,2026-07-06,BREWER BRADY,Officer,Sale at price 104.00 per share.,2229,231816.0,D
SBUX,2026-06-11,BREWER BRADY,Officer,Sale at price 100.00 per share.,588,58800.0,D
SBUX,2026-06-05,BREWER BRADY,Officer,Sale at price 94.33 per share.,1641,154796.0,D
SBUX,2026-05-05,BREWER BRADY,Officer,Sale at price 104.81 per share.,2229,233621.0,D
SBUX,2026-04-29,KELLY SARA,Officer,Sale at price 105.00 per share.,2000,210000.0,D
SBUX,2026-04-17,BREWER BRADY,Officer,Sale at price 100.00 per share.,588,58800.0,D
SBUX,2026-04-06,BREWER BRADY,Officer,Sale at price 90.00 per share.,1641,147690.0,D
SBUX,2026-03-25,ALLISON RICHARD E JR,Director,Stock Award(Grant) at price 0.00 per share.,3991,0.0,D
SBUX,2026-03-25,CAMPION ANDREW,Director,Stock Award(Grant) at price 0.00 per share.,4099,0.0,D
SBUX,2026-03-25,MOYO DAMBISA F,Director,Stock Award(Grant) at price 0.00 per share.,2265,0.0,D
SBUX,2026-03-25,KNUDSTORP JORGEN VIG,Director,Stock Award(Grant) at price 0.00 per share.,4746,0.0,D
SBUX,2026-03-25,MOHAN NEAL,Director,Stock Award(Grant) at price 0.00 per share.,3667,0.0,D
SBUX,2026-03-25,SIEVERT G MICHAEL,Director,Stock Award(Grant) at price 0.00 per share.,3667,0.0,D
SBUX,2026-03-25,FORD BETH E,Director,Stock Award(Grant) at price 0.00 per share.,3937,0.0,D
SBUX,2026-03-25,MAYER MARISSA A,Director,Stock Award(Grant) at price 0.00 per share.,3667,0.0,D
SBUX,2026-03-25,SERVITJE DANIEL,Director,Stock Award(Grant) at price 0.00 per share.,3667,0.0,D
SBUX,2026-03-25,ZHANG WEI,Director,Stock Award(Grant) at price 0.00 per share.,3667,0.0,D
SBUX,2026-03-09,BREWER BRADY,Officer,Sale at price 100.00 per share.,588,58800.0,D
SBUX,2026-03-05,KELLY SARA,Officer,Sale at price 97.12 per share.,2500,242800.0,D
SBUX,2026-03-05,BREWER BRADY,Officer,Sale at price 97.12 per share.,1641,159374.0,D
SBUX,2025-11-11,NICCOL BRIAN R,Chief Executive Officer,Stock Award(Grant) at price 0.00 per share.,106457,0.0,D
SBUX,2025-11-11,LERMAN BRADLEY E,Officer,Stock Award(Grant) at price 0.00 per share.,5420,0.0,D
SBUX,2025-11-11,SMITH CATHY R,Chief Financial Officer,Stock Award(Grant) at price 0.00 per share.,20829,0.0,D
SBUX,2025-11-11,KELLY SARA,Officer,Stock Award(Grant) at price 0.00 per share.,18856,0.0,D
SBUX,2025-11-11,BREWER BRADY,Officer,Stock Award(Grant) at price 0.00 per share.,24151,0.0,D
SBUX,2025-11-11,GRAMS MICHAEL DAVID,Chief Operating Officer,Stock Award(Grant) at price 0.00 per share.,18514,0.0,D
SBUX,2025-11-11,RAMOS PILAR,Officer,Stock Award(Grant) at price 0.00 per share.,16200,0.0,D
SBUX,2025-11-10,KNUDSTORP JORGEN VIG,Director,Purchase at price 85.00 per share.,11700,994500.0,D
SBUX,2025-07-01,MOYO DAMBISA F,Director,Stock Award(Grant) at price 0.00 per share.,1350,0.0,D
SBUX,2025-07-01,MAYER MARISSA A,Director,Stock Award(Grant) at price 0.00 per share.,2326,0.0,D
SBUX,2025-03-24,SMITH CATHY R,Chief Financial Officer,Stock Award(Grant) at price 0.00 per share.,45550,0.0,D
SBUX,2025-03-12,ALLISON RICHARD E JR,Director,Stock Award(Grant) at price 0.00 per share.,3343,0.0,D
SBUX,2025-03-12,CAMPION ANDREW,Director,Stock Award(Grant) at price 0.00 per share.,3445,0.0,D
SBUX,2025-03-12,KNUDSTORP JORGEN VIG,Director,Stock Award(Grant) at price 0.00 per share.,5218,0.0,D
SBUX,2025-03-12,MOHAN NEAL,Director,Stock Award(Grant) at price 0.00 per share.,3141,0.0,D
SBUX,2025-03-12,SIEVERT G MICHAEL,Director,Stock Award(Grant) at price 0.00 per share.,3141,0.0,D
SBUX,2025-03-12,FORD BETH E,Director,Stock Award(Grant) at price 0.00 per share.,3343,0.0,D
SBUX,2025-03-12,SERVITJE DANIEL,Director,Stock Award(Grant) at price 0.00 per share.,3141,0.0,D
SBUX,2025-03-12,ZHANG WEI,Director,Stock Award(Grant) at price 0.00 per share.,3141,0.0,D
SBUX,2024-11-29,KELLY SARA,Officer,Sale at price 101.37 per share.,19102,1936370.0,D
SBUX,2024-11-29,KELLY SARA,Officer,Conversion of Exercise of derivative security at price 56.10 - 60.68 per share.,11602,673126.0,D
SBUX,2024-11-21,RUGGERI RACHEL,Chief Financial Officer,Sale at price 99.54 per share.,1491,148414.0,D
SBUX,2024-11-19,NICCOL BRIAN R,Chief Executive Officer,Stock Award(Grant) at price 0.00 per share.,93543,0.0,D
SBUX,2024-11-19,LERMAN BRADLEY E,Officer,Stock Award(Grant) at price 0.00 per share.,14235,0.0,D
SBUX,2024-11-19,KELLY SARA,Officer,Stock Award(Grant) at price 0.00 per share.,10168,0.0,D
SBUX,2024-11-19,BREWER BRADY,Officer,Stock Award(Grant) at price 0.00 per share.,14235,0.0,D
SBUX,2024-11-19,RUGGERI RACHEL,Chief Financial Officer,Stock Award(Grant) at price 0.00 per share.,18302,0.0,D
SBUX,2024-11-15,RUGGERI RACHEL,Chief Financial Officer,Sale at price 99.07 per share.,1452,143850.0,D
SBUX,2024-11-11,KELLY SARA,Officer,Stock Award(Grant) at price 0.00 per share.,606,0.0,D
SBUX,2024-11-11,BREWER BRADY,Officer,Stock Award(Grant) at price 0.00 per share.,8484,0.0,D
SBUX,2024-11-11,RUGGERI RACHEL,Chief Financial Officer,Stock Award(Grant) at price 0.00 per share.,10907,0.0,D
SBUX,2024-09-16,NICCOL BRIAN R,Chief Executive Officer,Stock Award(Grant) at price 0.00 per share.,332260,0.0,D
SBUX,2024-09-06,KNUDSTORP JORGEN VIG,Director,Purchase at price 91.50 per share.,380,34770.0,D
SBUX,2024-08-15,CONWAY MICHAEL AARON,Officer,Sale at price 94.03 per share.,3250,305598.0,D
CMG,2026-08-07,MACHADO FERNANDO DE ARAUJO,Officer,Stock Award(Grant) at price 0.00 per share.,76243,0.0,D
CMG,2026-06-11,FILI-KRUSHEL PATRICIA D,Director,Stock Award(Grant) at price 31.25 per share.,6880,215000.0,D
CMG,2026-06-11,WINSTON MARY ANN,Director,Stock Award(Grant) at price 31.25 per share.,6880,215000.0,D
CMG,2026-06-11,GUTIERREZ MAURICIO,Director,Stock Award(Grant) at price 31.25 per share.,6880,215000.0,D
CMG,2026-06-11,MAW SCOTT HARLAN,Director,Stock Award(Grant) at price 31.25 per share.,6880,215000.0,D
CMG,2026-06-11,BALDOCCHI ALBERT STEVEN,Director,Stock Award(Grant) at price 31.25 per share.,6880,215000.0,D
CMG,2026-06-11,CAREY MATTHEW A,Director,Stock Award(Grant) at price 31.25 per share.,6880,215000.0,D
CMG,2026-06-11,HICKENLOOPER ROBIN S.,Director,Stock Award(Grant) at price 31.25 per share.,6880,215000.0,D
CMG,2026-06-11,FUENTES LAURA,Director,Stock Award(Grant) at price 31.25 per share.,6880,215000.0,D
CMG,2026-06-11,WEINSTEIN JOSHUA IAN,Director,Stock Award(Grant) at price 31.25 per share.,6880,215000.0,D
CMG,2026-05-20,BALDOCCHI ALBERT STEVEN,Director,Stock Gift at price 0.00 per share.,6672,0.0,D
CMG,2026-02-24,FILI-KRUSHEL PATRICIA D,Director,Sale at price 36.58 per share.,3350,122543.0,D
CMG,2026-02-13,GARNER CURTIS EVANDER III,President,Stock Award(Grant) at price 0.00 per share.,254846,0.0,D
CMG,2026-02-13,BOATWRIGHT HENRY SCOTT,Chief Executive Officer,Stock Award(Grant) at price 0.00 per share.,229457,0.0,D
CMG,2026-02-13,BUSH MATTHEW R,Officer,Stock Award(Grant) at price 0.00 per share.,6416,0.0,D
CMG,2026-02-13,SCHALOW LAURIE,Officer,Stock Award(Grant) at price 0.00 per share.,76577,0.0,D
CMG,2026-02-13,RYMER ADAM T,Chief Financial Officer,Stock Award(Grant) at price 0.00 per share.,25526,0.0,D
CMG,2026-02-06,GARNER CURTIS EVANDER III,President,Conversion of Exercise of derivative security at price 11.66 per share.,86100,1003530.0,D
CMG,2026-02-06,BUSH MATTHEW R,Officer,Stock Award(Grant) at price 39.39 per share.,3174,125024.0,D
CMG,2026-02-06,SCHALOW LAURIE,Officer,Stock Award(Grant) at price 39.39 per share.,8886,350020.0,D
CMG,2026-02-06,ESKENAZI ILENE,Officer,Stock Award(Grant) at price 39.39 per share.,20310,800011.0,D
CMG,2026-02-06,KIDD JASON ALLAN,Chief Operating Officer,Stock Award(Grant) at price 39.39 per share.,16502,650014.0,D
CMG,2026-02-06,GARNER CURTIS EVANDER III,President,Sale at price 40.01 per share.,61077,2443856.0,D
CMG,2025-12-12,GARNER CURTIS EVANDER III,President,Conversion of Exercise of derivative security at price 11.66 per share.,100000,1165540.0,D
CMG,2025-12-12,GARNER CURTIS EVANDER III,President,Sale at price 36.05 per share.,67646,2438422.0,D
CMG,2025-12-01,GARNER CURTIS EVANDER III,President,Conversion of Exercise of derivative security at price 11.66 per share.,93000,1083952.0,D
CMG,2025-12-01,WEINSTEIN JOSHUA IAN,Director,Stock Award(Grant) at price 0.00 per share.,3407,0.0,D
CMG,2025-12-01,GARNER CURTIS EVANDER III,President,Sale at price 34.67 per share.,61892,2145734.0,D
CMG,2025-10-31,BUSH MATTHEW R,Officer,Stock Award(Grant) at price 31.69 per share.,12623,400023.0,D
CMG,2025-08-25,ESKENAZI ILENE,Officer,Sale at price 43.15 per share.,26576,1146725.0,D
CMG,2025-08-11,BALDOCCHI ALBERT STEVEN,Director,Stock Gift at price 0.00 per share.,5340,0.0,D
CMG,2025-07-25,KIDD JASON ALLAN,Chief Operating Officer,Stock Award(Grant) at price 46.76 per share.,16040,750030.0,D
CMG,2025-07-24,BRANDT CHRISTOPHER W,President,Stock Gift at price 0.00 per share.,28545,0.0,D
CMG,2025-07-07,GARNER CURTIS EVANDER III,Officer,Sale at price 56.32 per share.,15750,887108.0,D
CMG,2025-06-25,GARNER CURTIS EVANDER III,President,Sale at price 55.14 per share.,63000,3473833.0,D
CMG,2025-06-12,HICKENLOOPER ROBIN S.,Director,Sale at price 51.21 per share.,2250,115229.0,D
CMG,2025-06-12,FILI-KRUSHEL PATRICIA D,Director,Sale at price 51.13 per share.,2076,106147.0,D
CMG,2025-06-11,FILI-KRUSHEL PATRICIA D,Director,Stock Award(Grant) at price 51.79 per share.,4152,215032.0,D
CMG,2025-06-11,WINSTON MARY ANN,Director,Stock Award(Grant) at price 51.79 per share.,4152,215032.0,D
CMG,2025-06-11,GUTIERREZ MAURICIO,Director,Stock Award(Grant) at price 51.79 per share.,4152,215032.0,D
CMG,2025-06-11,MAW SCOTT HARLAN,Director,Stock Award(Grant) at price 51.79 per share.,4152,215032.0,D
CMG,2025-06-11,BALDOCCHI ALBERT STEVEN,Director,Stock Award(Grant) at price 51.79 per share.,4152,215032.0,D
CMG,2025-06-11,CAREY MATTHEW A,Director,Stock Award(Grant) at price 51.79 per share.,4152,215032.0,D
CMG,2025-06-11,HICKENLOOPER ROBIN S.,Director,Stock Award(Grant) at price 51.79 per share.,4152,215032.0,D
CMG,2025-06-11,FUENTES LAURA,Director,Stock Award(Grant) at price 51.79 per share.,4152,215032.0,D
CMG,2025-06-06,BOATWRIGHT HENRY SCOTT,Chief Executive Officer,Sale at price 52.48 per share.,19000,997133.0,D
CMG,2025-06-04,GARNER CURTIS EVANDER III,Officer,Conversion of Exercise of derivative security at price 11.66 per share.,30000,349650.0,D
CMG,2025-06-04,GARNER CURTIS EVANDER III,Officer,Sale at price 52.14 per share.,23302,1214894.0,D
CMG,2025-06-02,THEODOREDIS ROGER E.,General Counsel,Conversion of Exercise of derivative security at price 31.56 - 32.14 per share.,128450,4092984.0,D
CMG,2025-06-02,THEODOREDIS ROGER E.,General Counsel,Sale at price 49.70 per share.,113875,5659280.0,D
CMG,2025-05-21,GARNER CURTIS EVANDER III,Chief Technology Officer,Conversion of Exercise of derivative security at price 11.66 per share.,30000,349650.0,D
CMG,2025-05-21,GARNER CURTIS EVANDER III,Chief Technology Officer,Sale at price 50.84 per share.,23134,1176232.0,D
CMG,2025-05-14,MCCONNELL JAMIE,Officer,Sale at price 52.42 per share.,3087,161829.0,D
CMG,2025-03-13,GARNER CURTIS EVANDER III,Officer,Conversion of Exercise of derivative security at price 7.11 per share.,24225,172191.0,D
CMG,2025-03-13,GARNER CURTIS EVANDER III,Officer,Sale at price 48.56 - 50.53 per share.,20761,1033261.0,D
CMG,2025-03-05,GUTIERREZ MAURICIO,Director,Purchase at price 53.00 per share.,9400,498200.0,D
CMG,2025-02-25,GARNER CURTIS EVANDER III,Chief Technology Officer,Conversion of Exercise of derivative security at price 7.11 per share.,24225,172201.0,D
CMG,2025-02-25,GARNER CURTIS EVANDER III,Chief Technology Officer,Sale at price 52.36 per share.,20937,1096297.0,D
CMG,2025-02-14,HARTUNG JOHN R,President,Stock Award(Grant) at price 0.00 per share.,50193,0.0,D
CMG,2025-02-14,THEODOREDIS ROGER E.,General Counsel,Stock Award(Grant) at price 0.00 per share.,34518,0.0,D
YUM,2026-08-03,RUSSELL DAVID ERIC,Officer,Conversion of Exercise of derivative security at price 68.00 per share.,23163,1575084.0,D
YUM,2026-08-03,MEZVINSKY SCOTT,Officer,Conversion of Exercise of derivative security at price 68.00 per share.,483,32844.0,D
YUM,2026-08-03,TURNER CHRISTOPHER LEE,Chief Executive Officer,Sale at price 153.15 per share.,261,39972.0,D
YUM,2026-08-03,MEZVINSKY SCOTT,Officer,Sale at price 153.15 per share.,268,41044.0,D
YUM,2026-08-03,RUSSELL DAVID ERIC,Officer,Sale at price 153.15 per share.,7961,1219227.0,D
YUM,2026-07-01,MEZVINSKY SCOTT,Officer,Conversion of Exercise of derivative security at price 68.00 per share.,483,32844.0,D
YUM,2026-07-01,MEZVINSKY SCOTT,Officer,Sale at price 160.42 per share.,277,44436.0,D
YUM,2026-07-01,POWELL AARON,Officer,Sale at price 160.42 per share.,6001,962680.0,D
YUM,2026-07-01,TURNER CHRISTOPHER LEE,Chief Executive Officer,Sale at price 160.42 per share.,250,40105.0,D
YUM,2026-06-01,MEZVINSKY SCOTT,Officer,Conversion of Exercise of derivative security at price 68.00 per share.,483,32844.0,D
YUM,2026-06-01,MEZVINSKY SCOTT,Officer,Sale at price 148.14 per share.,261,38665.0,D
YUM,2026-06-01,TURNER CHRISTOPHER LEE,Chief Executive Officer,Sale at price 148.14 per share.,270,39998.0,D
YUM,2026-05-26,TRESVANT SEAN,Officer,Sale at price 154.68 per share.,3000,464040.0,D
YUM,2026-05-19,POWELL AARON,Officer,Sale at price 152.35 per share.,6001,914252.0,D
YUM,2026-05-15,ROY RANJITH,Chief Financial Officer,Conversion of Exercise of derivative security at price 149.97 per share.,366,54889.0,D
YUM,2026-05-15,SKEANS TRACY L,Chief Operating Officer,Sale at price 152.00 per share.,1837,279224.0,D
YUM,2026-05-01,MEZVINSKY SCOTT,Officer,Conversion of Exercise of derivative security at price 68.00 per share.,483,32844.0,D
YUM,2026-05-01,TURNER CHRISTOPHER LEE,Chief Executive Officer,Sale at price 160.48 per share.,250,40120.0,D
YUM,2026-05-01,MEZVINSKY SCOTT,Officer,Sale at price 160.48 per share.,277,44453.0,D
YUM,2026-04-01,DOMIER TANYA L,Director,Conversion of Exercise of derivative security at price 155.48 per share.,2787,433323.0,I
YUM,2026-04-01,MEZVINSKY SCOTT,Officer,Conversion of Exercise of derivative security at price 68.00 per share.,483,32844.0,D
YUM,2026-04-01,OBERG KATHLEEN K,Director,Stock Award(Grant) at price 0.00 per share.,910,0.0,D
YUM,2026-04-01,TURNER CHRISTOPHER LEE,Chief Executive Officer,Sale at price 154.18 per share.,257,39624.0,D
YUM,2026-04-01,MEZVINSKY SCOTT,Officer,Sale at price 154.18 per share.,271,41783.0,D
YUM,2026-03-02,MEZVINSKY SCOTT,Officer,Conversion of Exercise of derivative security at price 68.00 per share.,483,32844.0,D
YUM,2026-03-02,TURNER CHRISTOPHER LEE,Chief Executive Officer,Sale at price 166.29 per share.,238,39577.0,D
YUM,2026-03-02,MEZVINSKY SCOTT,Officer,Sale at price 166.29 per share.,287,47725.0,D
YUM,2026-02-26,MEZVINSKY SCOTT,Officer,Conversion of Exercise of derivative security at price 68.00 per share.,483,32844.0,D
YUM,2026-02-26,TURNER CHRISTOPHER LEE,Chief Executive Officer,Sale at price 166.02 per share.,242,40177.0,D
YUM,2026-02-26,MEZVINSKY SCOTT,Officer,Sale at price 166.02 per share.,284,47150.0,D
YUM,2026-02-17,SKEANS TRACY L,Chief Operating Officer,Sale at price 160.16 - 160.80 per share.,8311,1332991.0,D/I
YUM,2026-02-13,MEZVINSKY SCOTT,Officer,Sale at price 164.63 per share.,1612,265384.0,D
YUM,2026-02-11,SKEANS TRACY L,Chief Operating Officer,Conversion of Exercise of derivative security at price 159.06 per share.,1521,241930.0,D
YUM,2026-02-11,POWELL AARON,Officer,Conversion of Exercise of derivative security at price 159.06 per share.,1106,175920.0,D
YUM,2026-02-10,TURNER CHRISTOPHER LEE,Chief Executive Officer,Conversion of Exercise of derivative security at price 131.31 per share.,3146,181864.0,D
YUM,2026-02-10,TRESVANT SEAN,Officer,Conversion of Exercise of derivative security at price 158.85 per share.,2365,375680.0,D
YUM,2026-02-10,BURKHARDT ERIKA,Officer,Conversion of Exercise of derivative security at price 158.85 per share.,627,99599.0,D
YUM,2026-02-10,SKEANS TRACY L,Chief Operating Officer,Conversion of Exercise of derivative security at price 158.85 per share.,3146,499742.0,D
YUM,2026-02-10,MEZVINSKY SCOTT,Officer,Conversion of Exercise of derivative security at price 158.85 per share.,2364,375521.0,D
YUM,2026-02-10,ROY RANJITH,Chief Financial Officer,Conversion of Exercise of derivative security at price 158.85 per share.,343,54486.0,D
YUM,2026-02-10,POWELL AARON,Officer,Conversion of Exercise of derivative security at price 158.85 per share.,2894,459712.0,D
YUM,2026-02-09,TURNER CHRISTOPHER LEE,Chief Executive Officer,Conversion of Exercise of derivative security at price 158.90 per share.,1495,237556.0,D
YUM,2026-02-09,TRESVANT SEAN,Officer,Conversion of Exercise of derivative security at price 158.90 per share.,997,158423.0,D
YUM,2026-02-09,BURKHARDT ERIKA,Officer,Conversion of Exercise of derivative security at price 158.90 per share.,199,31621.0,D
YUM,2026-02-09,SKEANS TRACY L,Chief Operating Officer,Conversion of Exercise of derivative security at price 158.90 per share.,1421,225797.0,D
YUM,2026-02-09,POWELL AARON,Officer,Conversion of Exercise of derivative security at price 158.90 per share.,1246,197989.0,D
YUM,2026-02-06,TURNER CHRISTOPHER LEE,Chief Executive Officer,Stock Award(Grant) at price 0.00 per share.,10643,0.0,D
YUM,2026-02-06,YOUNG-SCRIVNER ANNIE,Director,Stock Award(Grant) at price 0.00 per share.,1718,0.0,D
YUM,2026-02-06,SKEANS TRACY L,Chief Operating Officer,Stock Award(Grant) at price 0.00 per share.,10643,0.0,D
YUM,2026-02-06,SKALA JUSTIN PETER,Director,Stock Award(Grant) at price 0.00 per share.,1718,0.0,D
YUM,2026-02-06,POWELL AARON,Officer,Stock Award(Grant) at price 0.00 per share.,8708,0.0,D
YUM,2026-02-05,POWELL AARON,Officer,Sale at price 161.44 per share.,12000,1937280.0,D
YUM,2025-12-01,MEZVINSKY SCOTT,Officer,Conversion of Exercise of derivative security at price 49.66 per share.,409,20311.0,D
YUM,2025-12-01,MEZVINSKY SCOTT,Officer,Sale at price 153.17 per share.,276,42275.0,D
YUM,2025-11-17,SKEANS TRACY L,Chief Operating Officer,Conversion of Exercise of derivative security at price 78.07 per share.,51106,3989845.0,D
YUM,2025-11-17,SKEANS TRACY L,Chief Operating Officer,Sale at price 149.02 - 149.18 per share.,24332,3627901.0,D
YUM,2025-11-11,POWELL AARON,Officer,Conversion of Exercise of derivative security at price 122.07 - 131.31 per share.,28990,3670877.0,D
YUM,2025-11-11,POWELL AARON,Officer,Sale at price 150.48 per share.,2790,419839.0,D
YUM,2025-11-07,NELSON THOMAS C,Director,Conversion of Exercise of derivative security at price 49.66 per share.,3096,153747.0,D
YUM,2025-11-06,MEZVINSKY SCOTT,Officer,Sale at price 148.81 per share.,1755,261162.0,D
QSR,2026-03-20,HOUSMAN JEFFREY,Officer,Sale at price 73.48 per share.,20000,1469616.0,D
QSR,2026-03-20,HOUSMAN JEFFREY,Officer,Conversion of Exercise of derivative security at price 55.55 per share.,20000,1111000.0,D
QSR,2026-03-18,KOBZA JOSHUA,Chief Executive Officer,Sale at price 75.05 per share.,200000,15009900.0,D
QSR,2026-03-18,GRANAT JILL M,General Counsel,Sale at price 74.76 - 75.09 per share.,50000,3746040.0,D
QSR,2026-03-18,KOBZA JOSHUA,Chief Executive Officer,Conversion of Exercise of derivative security at price 56.92 per share.,200000,11384000.0,D
QSR,2026-03-18,GRANAT JILL M,General Counsel,Conversion of Exercise of derivative security at price 56.92 per share.,50000,2846000.0,D
QSR,2026-03-17,SANTELMO THIAGO TEMER,Officer,Sale at price 75.41 per share.,10000,754147.0,D
QSR,2026-03-17,SIDDIQUI SAMI A,Chief Financial Officer,Sale at price 74.51 - 75.28 per share.,80000,5991680.0,D
QSR,2026-03-17,SIDDIQUI SAMI A,Chief Financial Officer,Conversion of Exercise of derivative security at price 55.55 per share.,80000,4444000.0,D
QSR,2026-03-17,SANTELMO THIAGO TEMER,Officer,Conversion of Exercise of derivative security at price 55.55 per share.,10000,555500.0,D
QSR,2026-03-16,FRIESNER JACQUELINE,Officer,Sale at price 74.61 per share.,30000,2238315.0,D
QSR,2026-02-25,SANTELMO THIAGO TEMER,Officer,Stock Award(Grant) at price 68.81 per share.,4601,316595.0,D
QSR,2026-02-25,PERDUE PETER DARRELL,Officer,Stock Award(Grant) at price 68.81 per share.,721,49612.0,D
QSR,2026-02-25,KOBZA JOSHUA,Chief Executive Officer,Stock Award(Grant) at price 68.81 per share.,8149,560733.0,D
QSR,2026-02-25,SCHWAN AXEL MR,Officer,Stock Award(Grant) at price 68.81 per share.,2498,171887.0,D
QSR,2026-02-25,GRANAT JILL M,General Counsel,Stock Award(Grant) at price 68.81 per share.,2719,187094.0,D
QSR,2026-02-25,GRANAT JILL M,General Counsel,Stock Award(Grant) at price 68.81 per share.,3719,255904.0,D
QSR,2026-02-25,CURTIS THOMAS BENJAMIN IV,Officer,Stock Award(Grant) at price 68.81 per share.,2055,141405.0,D
QSR,2026-02-25,SIDDIQUI SAMI A,Chief Financial Officer,Stock Award(Grant) at price 68.81 per share.,3843,264437.0,D
QSR,2026-02-25,HOUSMAN JEFFREY,Officer,Stock Award(Grant) at price 68.81 per share.,2115,145533.0,D
QSR,2026-02-25,FULTON DUNCAN,Officer,Stock Award(Grant) at price 68.78 per share.,1540,105921.0,D
QSR,2026-02-25,SANTELMO THIAGO TEMER,Officer,Stock Award(Grant) at price 68.81 per share.,4493,309163.0,D
QSR,2026-02-25,FRIESNER JACQUELINE,Officer,Stock Award(Grant) at price 68.81 per share.,1526,105004.0,D
QSR,2026-02-23,FULTON DUNCAN,Officer,Sale at price 67.51 per share.,10307,695889.0,D
QSR,2026-02-23,SANTELMO THIAGO TEMER,Officer,Sale at price 67.51 per share.,5686,383883.0,D
QSR,2026-02-23,PERDUE PETER DARRELL,Officer,Sale at price 67.51 per share.,3882,262083.0,D
QSR,2026-02-23,SCHWAN AXEL MR,Officer,Sale at price 67.51 per share.,34938,2358728.0,D
QSR,2026-02-23,CURTIS THOMAS BENJAMIN IV,Officer,Sale at price 67.51 per share.,15410,1040343.0,D
QSR,2026-02-23,SIDDIQUI SAMI A,Chief Financial Officer,Sale at price 67.51 per share.,12828,866019.0,D
QSR,2026-02-23,HOUSMAN JEFFREY,Officer,Sale at price 67.51 per share.,7705,520172.0,D
QSR,2026-02-23,FRIESNER JACQUELINE,Officer,Sale at price 67.51 per share.,4616,311677.0,D
QSR,2026-02-23,GRANAT JILL M,General Counsel,Sale at price 67.51 per share.,11524,778051.0,D
QSR,2026-01-07,FULTON DUNCAN,Officer,Sale at price 67.48 per share.,1775,119799.0,D
QSR,2026-01-07,SANTELMO THIAGO TEMER,Officer,Sale at price 67.44 per share.,699,47152.0,D
QSR,2026-01-07,PERDUE PETER DARRELL,Officer,Sale at price 67.44 per share.,395,26683.0,D
QSR,2026-01-07,KOBZA JOSHUA,Chief Executive Officer,Sale at price 67.44 per share.,3443,232220.0,D
QSR,2026-01-07,SCHWAN AXEL MR,Officer,Sale at price 67.44 per share.,2186,147475.0,D
QSR,2026-01-07,CURTIS THOMAS BENJAMIN IV,Officer,Sale at price 67.44 per share.,1171,79012.0,D
QSR,2026-01-07,SIDDIQUI SAMI A,Chief Financial Officer,Sale at price 67.44 per share.,976,65868.0,D
QSR,2026-01-07,HOUSMAN JEFFREY,Officer,Sale at price 67.44 per share.,1483,100043.0,D
QSR,2026-01-07,FRIESNER JACQUELINE,Officer,Sale at price 67.44 per share.,815,55015.0,D
QSR,2026-01-07,GRANAT JILL M,General Counsel,Sale at price 67.44 per share.,1925,129828.0,D
QSR,2026-01-06,PERDUE PETER DARRELL,Officer,Stock Award(Grant) at price 0.00 per share.,8,0.0,D
QSR,2026-01-06,KOBZA JOSHUA,Chief Executive Officer,Stock Award(Grant) at price 0.00 per share.,80,0.0,D
QSR,2026-01-06,SCHWAN AXEL MR,Officer,Stock Award(Grant) at price 0.00 per share.,36,0.0,D
QSR,2026-01-06,GRANAT JILL M,General Counsel,Stock Award(Grant) at price 0.00 per share.,45,0.0,D
QSR,2026-01-06,CURTIS THOMAS BENJAMIN IV,Officer,Stock Award(Grant) at price 0.00 per share.,24,0.0,D
QSR,2026-01-06,SIDDIQUI SAMI A,Chief Financial Officer,Stock Award(Grant) at price 0.00 per share.,22,0.0,D
QSR,2026-01-06,HOUSMAN JEFFREY,Officer,Stock Award(Grant) at price 0.00 per share.,31,0.0,D
QSR,2026-01-06,FULTON DUNCAN,Officer,Stock Award(Grant) at price 0.00 per share.,29,0.0,D
QSR,2026-01-06,SANTELMO THIAGO TEMER,Officer,Stock Award(Grant) at price 0.00 per share.,17,0.0,D
QSR,2026-01-06,FRIESNER JACQUELINE,Officer,Stock Award(Grant) at price 0.00 per share.,19,0.0,D
QSR,2025-12-31,DE LIMBURG STIRUM MAXIMILIEN,Director,Stock Award(Grant) at price 0.00 per share.,2036,0.0,D
QSR,2025-12-31,HEDAYAT ALI G,Director,Stock Award(Grant) at price 0.00 per share.,2909,0.0,D
QSR,2025-12-31,"MELBOURNE, JASON ANTHONY",Director,Stock Award(Grant) at price 0.00 per share.,2327,0.0,D
QSR,2025-12-31,LEMANN MARC,Director,Stock Award(Grant) at price 0.00 per share.,1454,0.0,D
QSR,2025-12-31,SWEENEY THECLA,Director,Stock Award(Grant) at price 0.00 per share.,1745,0.0,D
QSR,2025-12-31,FARJALLAT CRISTINA,Director,Stock Award(Grant) at price 0.00 per share.,1745,0.0,D
QSR,2025-12-31,FRIBOURG JORDANA,Director,Stock Award(Grant) at price 0.00 per share.,1454,0.0,D
QSR,2025-12-31,BEHRING ALEXANDRE C.,Director,Stock Award(Grant) at price 0.00 per share.,2036,0.0,D
DRI,2026-08-05,WILKERSON JOHN W,Officer,Conversion of Exercise of derivative security at price 124.24 per share.,6364,790663.0,D
DRI,2026-08-05,WILKERSON JOHN W,Officer,Sale at price 208.30 - 208.41 per share.,8864,1846637.0,D
DRI,2026-07-31,WILLIAMSON LAURA B,Officer,Sale at price 204.32 - 204.89 per share.,1553,317560.0,D/I
DRI,2026-07-29,KING SARAH H,Officer,Sale at price 209.63 - 210.83 per share.,4373,920165.0,D
DRI,2026-07-29,CONNELLY SUSAN M.,Officer,Sale at price 208.17 per share.,2226,463389.0,D
DRI,2026-07-29,VENNAM RAJESH,Chief Financial Officer,Sale at price 210.00 per share.,8478,1780380.0,D
DRI,2026-07-28,CARDENAS RICARDO,Chief Executive Officer,Conversion of Exercise of derivative security at price 124.24 per share.,19091,2371866.0,D
DRI,2026-07-28,CARDENAS RICARDO,Chief Executive Officer,Sale at price 208.80 - 209.58 per share.,39134,8181504.0,D
DRI,2026-07-07,CONNELLY SUSAN M.,Officer,Conversion of Exercise of derivative security at price 121.47 - 148.20 per share.,9930,1301291.0,D
DRI,2026-07-07,CONNELLY SUSAN M.,Officer,Sale at price 206.21 per share.,9930,2047676.0,D
DRI,2026-04-17,MILANES DOUGLAS J,Officer,Sale at price 202.16 per share.,3620,731837.0,D
DRI,2026-04-07,KOREN LINDSAY L,General Counsel,Sale at price 194.32 per share.,300,58295.0,D
DRI,2026-04-06,MARTIN MELVIN JOHN,Officer,Conversion of Exercise of derivative security at price 124.24 per share.,5091,632506.0,D
DRI,2026-04-06,MARTIN MELVIN JOHN,Officer,Sale at price 196.04 per share.,5091,998040.0,D
DRI,2026-03-23,SIMON WILLIAM S. JR.,Director,Sale at price 200.64 per share.,2333,468082.0,D
DRI,2026-03-23,SIMON WILLIAM S. JR.,Director,Sale at price 203.96 per share.,2333,475839.0,D
DRI,2026-01-23,SONSTEBY CHARLES M,Director,Sale at price 205.32 per share.,3123,641210.0,D
DRI,2026-01-22,KING SARAH H,Officer,Sale at price 206.62 - 207.28 per share.,4605,951636.0,D
DRI,2026-01-16,WILKERSON JOHN W,Officer,Stock Gift at price 0.00 per share.,670,0.0,D
DRI,2026-01-16,WILKERSON JOHN W,Officer,Sale at price 213.00 per share.,2258,480954.0,D
DRI,2026-01-15,VENNAM RAJESH,Chief Financial Officer,Conversion of Exercise of derivative security at price 124.24 per share.,3182,395332.0,D
DRI,2026-01-15,VENNAM RAJESH,Chief Financial Officer,Sale at price 214.12 per share.,6774,1450419.0,D
DRI,2026-01-14,CONNELLY SUSAN M.,Officer,Sale at price 207.36 per share.,2635,546394.0,D
DRI,2026-01-13,BURROWES TODD,Officer,Stock Gift at price 0.00 per share.,2175,0.0,D
DRI,2026-01-13,BURROWES TODD,Officer,Sale at price 207.12 per share.,7103,1471165.0,D
DRI,2026-01-06,MARTIN MELVIN JOHN,Officer,Sale at price 197.47 per share.,1200,236964.0,D
DRI,2025-12-30,MADONNA JOHN W.,Officer,Stock Gift at price 0.00 per share.,486,0.0,D
DRI,2025-12-29,VENNAM RAJESH,Chief Financial Officer,Stock Gift at price 0.00 per share.,500,0.0,D
DRI,2025-12-22,CARDENAS RICARDO,Chief Executive Officer,Stock Gift at price 0.00 per share.,2421,0.0,D
DRI,2025-10-29,CONNELLY SUSAN M.,Officer,Stock Gift at price 0.00 per share.,600,0.0,D
DRI,2025-10-14,MARTIN MELVIN JOHN,Officer,Sale at price 184.58 per share.,1700,313786.0,D
DRI,2025-10-06,BROAD MATTHEW R,General Counsel,Stock Gift at price 0.00 per share.,515,0.0,D
DRI,2025-10-06,BROAD MATTHEW R,General Counsel,Sale at price 193.40 per share.,5661,1094865.0,D
DRI,2025-07-30,WILLIAMSON LAURA B,Officer,Sale at price 204.65 - 204.70 per share.,1680,343868.0,D/I
DRI,2025-07-29,KIERNAN DANIEL J,Officer,Sale at price 203.91 per share.,85,17332.0,I
DRI,2025-07-21,WILLIAMSON LAURA B,Officer,Sale at price 206.81 per share.,332,68839.0,I
DRI,2025-07-01,BROAD MATTHEW R,General Counsel,Conversion of Exercise of derivative security at price 124.24 per share.,7682,954412.0,D
DRI,2025-07-01,BROAD MATTHEW R,General Counsel,Sale at price 218.00 - 218.50 per share.,7682,1675075.0,D
DRI,2025-07-01,ATKINS MARGARET SHAN,Director,Sale at price 220.33 per share.,1014,223411.0,D
DRI,2025-06-30,BURROWES TODD,Officer,Conversion of Exercise of derivative security at price 78.84 per share.,13569,1069780.0,D
DRI,2025-06-30,BURROWES TODD,Officer,Sale at price 216.45 per share.,13569,2937001.0,D
DRI,2025-06-25,MARTIN MELVIN JOHN,Officer,Conversion of Exercise of derivative security at price 78.84 per share.,12212,962794.0,D
DRI,2025-06-25,MARTIN MELVIN JOHN,Officer,Sale at price 217.78 - 220.06 per share.,12212,2670939.0,D
DRI,2025-06-24,CONNELLY SUSAN M.,Officer,Conversion of Exercise of derivative security at price 107.05 per share.,4735,506882.0,D
DRI,2025-06-24,MILANES DOUGLAS J,Officer,Conversion of Exercise of derivative security at price 78.84 per share.,8142,641915.0,D
DRI,2025-06-24,MILANES DOUGLAS J,Officer,Sale at price 222.08 per share.,11948,2653356.0,D
DRI,2025-06-24,CONNELLY SUSAN M.,Officer,Sale at price 223.78 per share.,4735,1059586.0,D
DRI,2025-06-24,VENNAM RAJESH,Chief Financial Officer,Sale at price 222.22 per share.,5780,1284403.0,D
DRI,2025-03-28,SONSTEBY CHARLES M,Director,Sale at price 204.56 per share.,8005,1637467.0,D
DRI,2025-03-26,WILLIAMSON LAURA B,Officer,Conversion of Exercise of derivative security at price 107.05 per share.,3552,380242.0,D/I
DRI,2025-03-26,WILLIAMSON LAURA B,Officer,Sale at price 207.26 - 207.45 per share.,3552,736421.0,D/I
DRI,2025-03-25,MARTIN MELVIN JOHN,Officer,Conversion of Exercise of derivative security at price 124.24 per share.,5091,632506.0,D
DRI,2025-03-25,KIERNAN DANIEL J,Officer,Conversion of Exercise of derivative security at price 78.84 - 107.05 per share.,17048,1655728.0,D
DRI,2025-03-25,KING SARAH H,Officer,Conversion of Exercise of derivative security at price 107.05 per share.,8681,929301.0,D
DRI,2025-03-25,KING SARAH H,Officer,Sale at price 207.09 - 207.76 per share.,8681,1799316.0,D
DRI,2025-03-25,KIERNAN DANIEL J,Officer,Sale at price 206.32 - 207.04 per share.,17048,3520580.0,D
DRI,2025-03-25,MARTIN MELVIN JOHN,Officer,Sale at price 208.69 per share.,5091,1062431.0,D
DRI,2025-03-24,CARDENAS RICARDO,Chief Executive Officer,Conversion of Exercise of derivative security at price 107.05 per share.,20518,2196452.0,D
DRI,2025-03-24,CARDENAS RICARDO,Chief Executive Officer,Sale at price 206.85 - 209.79 per share.,20518,4271567.0,D
DRI,2025-03-24,MADONNA JOHN W.,Officer,Sale at price 207.88 per share.,1806,375434.0,D
TSLA,2026-06-16,MUSK ELON REEVE,Chief Executive Officer,Conversion of Exercise of derivative security at price 23.34 per share.,303960630,7094441104.0,D
TSLA,2026-06-08,TANEJA VAIBHAV,Chief Financial Officer,Sale at price 402.20 per share.,2605,1047924.0,D
TSLA,2026-05-13,TANEJA VAIBHAV,Chief Financial Officer,Conversion of Exercise of derivative security at price 18.22 - 18.44 per share.,3000,54880.0,D
TSLA,2026-05-13,TANEJA VAIBHAV,Chief Financial Officer,Sale at price 450.00 per share.,3000,1350000.0,D
TSLA,2026-04-30,WILSON - THOMPSON KATHLEEN,Director,Conversion of Exercise of derivative security at price 14.99 per share.,40948,613811.0,D
TSLA,2026-04-30,WILSON - THOMPSON KATHLEEN,Director,Sale at price 369.01 - 384.28 per share.,26409,9985390.0,D
TSLA,2026-03-31,ZHU XIAOTONG,Officer,Conversion of Exercise of derivative security at price 20.57 per share.,20000,411400.0,D
TSLA,2026-03-30,WILSON - THOMPSON KATHLEEN,Director,Conversion of Exercise of derivative security at price 14.99 per share.,40000,599600.0,D
TSLA,2026-03-30,WILSON - THOMPSON KATHLEEN,Director,Sale at price 352.83 - 366.86 per share.,25809,9273888.0,D
TSLA,2026-03-06,TANEJA VAIBHAV,Chief Financial Officer,Sale at price 397.03 per share.,2264,899077.0,D
TSLA,2026-02-25,WILSON - THOMPSON KATHLEEN,Director,Conversion of Exercise of derivative security at price 14.99 per share.,40000,599600.0,D
TSLA,2026-02-25,WILSON - THOMPSON KATHLEEN,Director,Sale at price 412.46 - 418.89 per share.,25731,10692814.0,D
TSLA,2026-01-02,MURDOCH JAMES RUPERT,Director,Sale at price 435.86 - 457.88 per share.,60000,26723781.0,I
TSLA,2025-12-30,MUSK ELON REEVE,Chief Executive Officer,Stock Gift at price 0.00 per share.,210699,0.0,I
TSLA,2025-12-09,MUSK KIMBAL J,Director,Stock Gift at price 0.00 per share.,15242,0.0,D
TSLA,2025-12-09,MUSK KIMBAL J,Director,Sale at price 450.66 per share.,56820,25606501.0,D
TSLA,2025-12-08,TANEJA VAIBHAV,Chief Financial Officer,Sale at price 443.93 per share.,2637,1170635.0,D
TSLA,2025-11-10,MUSK KIMBAL J,Director,Stock Gift at price 0.00 per share.,14785,0.0,D
TSLA,2025-09-15,MURDOCH JAMES RUPERT,Director,Sale at price 422.68 per share.,60000,25360800.0,I
TSLA,2025-09-12,MUSK ELON REEVE,Chief Executive Officer,Purchase at price 371.90 - 396.36 per share.,2568732,999959042.0,I
TSLA,2025-09-11,ZHU XIAOTONG,Officer,Sale at price 363.76 per share.,20000,7275100.0,I
TSLA,2025-09-08,TANEJA VAIBHAV,Chief Financial Officer,Sale at price 352.38 per share.,2605,918137.0,D
TSLA,2025-08-26,MURDOCH JAMES RUPERT,Director,Sale at price 350.29 per share.,120000,42034320.0,I
TSLA,2025-07-11,MURDOCH JAMES RUPERT,Director,Conversion of Exercise of derivative security at price 17.47 per share.,90000,1572300.0,D
TSLA,2025-07-08,TANEJA VAIBHAV,Chief Financial Officer,Conversion of Exercise of derivative security at price 18.22 per share.,6000,109320.0,D
TSLA,2025-07-08,TANEJA VAIBHAV,Chief Financial Officer,Sale at price 289.95 - 300.00 per share.,6000,1771545.0,D
TSLA,2025-06-12,ZHU XIAOTONG,Officer,Conversion of Exercise of derivative security at price 20.57 per share.,15000,308550.0,D
TSLA,2025-06-12,ZHU XIAOTONG,Officer,Sale at price 323.81 per share.,15000,4857105.0,D
TSLA,2025-06-09,TANEJA VAIBHAV,Chief Financial Officer,Sale at price 285.72 per share.,2564,732573.0,D
TSLA,2025-06-03,TANEJA VAIBHAV,Chief Financial Officer,Conversion of Exercise of derivative security at price 18.22 per share.,7000,127540.0,D
TSLA,2025-06-03,TANEJA VAIBHAV,Chief Financial Officer,Sale at price 333.77 - 350.00 per share.,7000,2396092.0,D
TSLA,2025-05-27,EHRENPREIS IRA MATTHEW,Director,Conversion of Exercise of derivative security at price 22.86 - 24.73 per share.,761961,18170096.0,D
TSLA,2025-05-27,MUSK KIMBAL J,Director,Conversion of Exercise of derivative security at price 24.73 per share.,91588,2264971.0,D
TSLA,2025-05-27,EHRENPREIS IRA MATTHEW,Director,Sale at price 347.61 - 363.24 per share.,477572,170636358.0,D
TSLA,2025-05-27,MUSK KIMBAL J,Director,Sale at price 347.88 - 363.11 per share.,91588,32732230.0,D
TSLA,2025-05-16,TANEJA VAIBHAV,Chief Financial Officer,Conversion of Exercise of derivative security at price 18.22 per share.,3000,54660.0,D
TSLA,2025-05-16,TANEJA VAIBHAV,Chief Financial Officer,Sale at price 350.11 per share.,3000,1050336.0,D
TSLA,2025-05-09,TANEJA VAIBHAV,Chief Financial Officer,Conversion of Exercise of derivative security at price 18.22 per share.,4000,72880.0,D
TSLA,2025-05-09,TANEJA VAIBHAV,Chief Financial Officer,Sale at price 300.00 per share.,4000,1200000.0,D
TSLA,2025-05-06,DENHOLM ROBYN M,Director,Conversion of Exercise of derivative security at price 24.73 per share.,112395,2779528.0,D
TSLA,2025-05-06,DENHOLM ROBYN M,Director,Sale at price 272.27 - 277.14 per share.,112395,30809625.0,D
TSLA,2025-05-01,TANEJA VAIBHAV,Chief Financial Officer,Conversion of Exercise of derivative security at price 18.22 per share.,4000,72880.0,D
TSLA,2025-05-01,TANEJA VAIBHAV,Chief Financial Officer,Sale at price 280.30 - 289.48 per share.,4000,1137599.0,D
TSLA,2025-04-29,DENHOLM ROBYN M,Director,Conversion of Exercise of derivative security at price 24.73 per share.,112390,2779405.0,D
TSLA,2025-04-29,DENHOLM ROBYN M,Director,Sale at price 280.61 - 288.61 per share.,112390,32096717.0,D
TSLA,2025-04-24,GEBBIA JOSEPH,Director,Purchase at price 256.31 per share.,4000,1025232.0,I
TSLA,2025-04-07,TANEJA VAIBHAV,Chief Financial Officer,Conversion of Exercise of derivative security at price 18.22 per share.,4000,72880.0,D
TSLA,2025-04-07,TANEJA VAIBHAV,Chief Financial Officer,Sale at price 250.00 per share.,4000,1000000.0,D
TSLA,2025-03-10,MURDOCH JAMES RUPERT,Director,Conversion of Exercise of derivative security at price 23.85 - 24.73 per share.,531787,12992693.0,D
TSLA,2025-03-10,MURDOCH JAMES RUPERT,Director,Sale at price 240.79 per share.,54776,13189403.0,D
TSLA,2025-03-06,TANEJA VAIBHAV,Chief Financial Officer,Sale at price 268.73 per share.,2672,718111.0,D
TSLA,2025-03-03,TANEJA VAIBHAV,Chief Financial Officer,Conversion of Exercise of derivative security at price 18.22 per share.,6000,109320.0,D
TSLA,2025-03-03,DENHOLM ROBYN M,Director,Conversion of Exercise of derivative security at price 24.73 per share.,112390,2779405.0,D
TSLA,2025-03-03,TANEJA VAIBHAV,Chief Financial Officer,Sale at price 279.53 - 301.73 per share.,6000,1776112.0,D
TSLA,2025-03-03,DENHOLM ROBYN M,Director,Sale at price 292.75 - 303.59 per share.,112390,33672976.0,D
TSLA,2025-02-06,MUSK KIMBAL J,Director,Sale at price 367.87 - 368.43 per share.,75000,27590619.0,D
TSLA,2025-02-03,TANEJA VAIBHAV,Chief Financial Officer,Conversion of Exercise of derivative security at price 18.22 per share.,7000,127540.0,D
TSLA,2025-02-03,DENHOLM ROBYN M,Director,Conversion of Exercise of derivative security at price 24.73 per share.,112390,2779405.0,D
TSLA,2025-02-03,TANEJA VAIBHAV,Chief Financial Officer,Sale at price 375.05 - 387.76 per share.,7000,2681789.0,D
TSLA,2025-02-03,DENHOLM ROBYN M,Director,Sale at price 375.06 - 389.08 per share.,112390,43162564.0,D
GM,2026-08-03,DIXTON GRANT MICHAEL,Officer,Sale at price 88.44 per share.,40000,3537600.0,D
GM,2026-07-28,BARRA MARY TERESA,Chief Executive Officer,Sale at price 85.32 - 90.38 per share.,422809,37685906.0,D
GM,2026-07-28,HATTO CHRISTOPHER,Officer,Sale at price 90.00 per share.,6895,620550.0,D
GM,2026-07-28,REUSS MARK L,President,Sale at price 89.97 per share.,71079,6394978.0,D
GM,2026-07-28,REUSS MARK L,President,Conversion of Exercise of derivative security at price 49.46 per share.,71079,3515567.0,D
GM,2026-07-28,BARRA MARY TERESA,Chief Executive Officer,Conversion of Exercise of derivative security at price 41.40 - 52.16 per share.,259561,12362648.0,D
GM,2026-07-27,HARVEY RORY,Officer,Sale at price 86.95 per share.,8882,772290.0,D
GM,2026-06-16,BARRA MARY TERESA,Chief Executive Officer,Sale at price 85.10 per share.,99239,8445239.0,D
GM,2026-06-16,BARRA MARY TERESA,Chief Executive Officer,Conversion of Exercise of derivative security at price 41.40 - 52.16 per share.,99239,4877032.0,D
GM,2026-06-09,BARRA MARY TERESA,Chief Executive Officer,Sale at price 85.00 per share.,20582,1749470.0,D
GM,2026-06-09,BARRA MARY TERESA,Chief Executive Officer,Conversion of Exercise of derivative security at price 41.40 per share.,20582,852095.0,D
GM,2026-05-29,BARRA MARY TERESA,Chief Executive Officer,Sale at price 85.00 per share.,23000,1955000.0,D
GM,2026-05-29,BARRA MARY TERESA,Chief Executive Officer,Conversion of Exercise of derivative security at price 41.40 per share.,23000,952200.0,D
GM,2026-05-28,HARVEY RORY,Officer,Sale at price 84.97 per share.,9124,775266.0,D
GM,2026-05-28,BARRA MARY TERESA,Chief Executive Officer,Sale at price 80.01 - 85.03 per share.,453402,37192225.0,D
GM,2026-05-28,HATTO CHRISTOPHER,Officer,Sale at price 85.00 per share.,6895,586075.0,D
GM,2026-05-28,BARRA MARY TERESA,Chief Executive Officer,Conversion of Exercise of derivative security at price 41.40 - 52.16 per share.,269828,12255136.0,D
GM,2026-05-27,HARVEY RORY,Officer,Sale at price 79.57 - 83.03 per share.,85146,7049302.0,D
GM,2026-05-26,JACOBSON PAUL A,Chief Financial Officer,Sale at price 80.00 per share.,40000,3200000.0,D
GM,2026-05-22,HARVEY RORY,Officer,Conversion of Exercise of derivative security at price 41.40 per share.,5652,233993.0,D
GM,2026-02-17,REUSS MARK L,President,Sale at price 80.10 - 80.94 per share.,480724,38709455.0,D
GM,2026-02-17,REUSS MARK L,President,Conversion of Exercise of derivative security at price 35.49 - 52.16 per share.,230058,9539850.0,D
GM,2026-02-06,HARVEY RORY,Officer,Stock Award(Grant) at price 0.00 per share.,176542,0.0,D
GM,2026-02-06,JACOBSON PAUL A,Chief Financial Officer,Stock Award(Grant) at price 0.00 per share.,220753,0.0,D
GM,2026-02-06,REUSS MARK L,President,Stock Award(Grant) at price 0.00 per share.,373607,0.0,D
GM,2026-02-06,HATTO CHRISTOPHER,Officer,Stock Award(Grant) at price 0.00 per share.,29434,0.0,D
GM,2026-02-06,BARRA MARY TERESA,Chief Executive Officer,Stock Award(Grant) at price 0.00 per share.,521778,0.0,D
GM,2025-11-12,HATTO CHRISTOPHER,Officer,Sale at price 72.00 per share.,7724,556128.0,D
GM,2025-11-12,HATTO CHRISTOPHER,Officer,Conversion of Exercise of derivative security at price 52.16 per share.,7724,402884.0,D
GM,2025-10-28,HATTO CHRISTOPHER,Officer,Sale at price 70.00 per share.,15697,1098790.0,D
GM,2025-10-28,HATTO CHRISTOPHER,Officer,Conversion of Exercise of derivative security at price 49.46 per share.,15697,776374.0,D
GM,2025-10-22,REUSS MARK L,President,Sale at price 66.38 - 66.46 per share.,260600,17316834.0,D
GM,2025-10-22,REUSS MARK L,President,Conversion of Exercise of derivative security at price 35.49 - 39.00 per share.,227570,8357259.0,D
GM,2025-09-26,HARVEY RORY,Officer,Sale at price 61.95 per share.,6600,408870.0,D
GM,2025-09-26,HATTO CHRISTOPHER,Officer,Sale at price 61.00 - 61.01 per share.,23400,1427538.0,D
GM,2025-09-26,HARVEY RORY,Officer,Conversion of Exercise of derivative security at price 52.16 per share.,6600,344256.0,D
GM,2025-09-26,HATTO CHRISTOPHER,Officer,Conversion of Exercise of derivative security at price 41.40 per share.,23400,968760.0,D
GM,2025-09-25,REUSS MARK L,President,Sale at price 60.03 - 60.12 per share.,163030,9798283.0,D
GM,2025-09-25,REUSS MARK L,President,Conversion of Exercise of derivative security at price 39.00 per share.,80000,3120000.0,D
GM,2025-09-24,BARRA MARY TERESA,Chief Executive Officer,Sale at price 59.90 - 59.95 per share.,777538,46612212.0,D
GM,2025-09-24,BARRA MARY TERESA,Chief Executive Officer,Conversion of Exercise of derivative security at price 35.49 - 39.00 per share.,577538,21218178.0,D
GM,2025-09-12,HARVEY RORY,Officer,Sale at price 59.95 per share.,4459,267317.0,D
GM,2025-09-12,BARRA MARY TERESA,Chief Executive Officer,Sale at price 59.92 per share.,29486,1766801.0,D
GM,2025-09-12,HARVEY RORY,Officer,Conversion of Exercise of derivative security at price 49.46 per share.,4459,220542.0,D
GM,2025-09-12,BARRA MARY TERESA,Chief Executive Officer,Conversion of Exercise of derivative security at price 39.00 per share.,29486,1149954.0,D
GM,2025-08-29,BARRA MARY TERESA,Chief Executive Officer,Sale at price 58.13 - 58.24 per share.,994863,57931159.0,D/I
GM,2025-08-28,BARRA MARY TERESA,Chief Executive Officer,Conversion of Exercise of derivative security at price 35.49 - 39.00 per share.,607024,22368132.0,D
GM,2025-08-27,HATTO CHRISTOPHER,Officer,Sale at price 59.00 per share.,14667,865353.0,D
GM,2025-08-27,HATTO CHRISTOPHER,Officer,Conversion of Exercise of derivative security at price 39.00 per share.,14667,572013.0,D
GM,2025-08-13,HATTO CHRISTOPHER,Officer,Sale at price 55.09 - 55.11 per share.,36804,2028053.0,D
GM,2025-08-13,HATTO CHRISTOPHER,Officer,Conversion of Exercise of derivative security at price 35.49 per share.,26042,924231.0,D
GM,2025-08-05,HARVEY RORY,Officer,Sale at price 52.69 - 53.32 per share.,23977,1271032.0,D
GM,2025-08-05,HARVEY RORY,Officer,Conversion of Exercise of derivative security at price 41.40 per share.,5652,233993.0,D
GM,2025-02-07,HARVEY RORY,Officer,Stock Award(Grant) at price 0.00 per share.,11036,0.0,D
GM,2025-02-07,JACOBSON PAUL A,Chief Financial Officer,Stock Award(Grant) at price 0.00 per share.,84166,0.0,D
GM,2025-02-07,REUSS MARK L,President,Stock Award(Grant) at price 0.00 per share.,117272,0.0,D
GM,2025-02-07,HATTO CHRISTOPHER,Officer,Stock Award(Grant) at price 0.00 per share.,12949,0.0,D
GM,2025-02-07,BARRA MARY TERESA,Chief Executive Officer,Stock Award(Grant) at price 0.00 per share.,229541,0.0,D
GM,2025-01-30,KELLY ALFRED FRANCIS JR.,Director,Purchase at price 50.66 per share.,12000,607920.0,D
GM,2024-11-25,HARVEY RORY,Officer,Sale at price 60.01 per share.,8919,535229.0,D
F,2026-06-23,THORNTON JOHN L,Director,Purchase at price 14.05 per share.,10600,148880.0,D
F,2026-05-21,MAY JOHN C. II,Director,Stock Award(Grant) at price 13.22 per share.,23043,304628.0,D
F,2026-05-21,FORD HENRY III,Director,Stock Award(Grant) at price 13.22 per share.,15727,207911.0,D
F,2026-05-21,ENGLISH ALEXANDRA FORD,Director,Stock Award(Grant) at price 13.22 per share.,23043,304628.0,D
F,2026-05-21,HELMAN WILLIAM W IV,Director,Stock Award(Grant) at price 13.22 per share.,15727,207911.0,D
F,2026-05-21,THORNTON JOHN L,Director,Stock Award(Grant) at price 13.22 per share.,15727,207911.0,D
F,2026-02-19,FORD WILLIAM CLAY JR,Officer and Director,Purchase at price 13.82 per share.,140000,1934450.0,I
F,2025-12-22,ENGLISH ALEXANDRA FORD,Director,Stock Gift at price 0.00 per share.,5622,0.0,I
F,2025-11-20,FORD HENRY III,Director,Stock Gift at price 0.00 per share.,8979,0.0,I
F,2025-11-14,THORNTON JOHN L,Director,Purchase at price 13.19 per share.,7520,99189.0,D
F,2025-07-02,FRICK ANDREW,Officer,Sale at price 11.00 - 11.50 per share.,60000,675000.0,D
F,2025-05-15,MAY JOHN C. II,Director,Stock Award(Grant) at price 10.75 per share.,29302,314996.0,D
F,2025-05-15,FORD HENRY III,Director,Stock Award(Grant) at price 10.75 per share.,20000,215000.0,D
F,2025-05-15,ENGLISH ALEXANDRA FORD,Director,Stock Award(Grant) at price 10.75 per share.,29302,314996.0,D
F,2025-05-15,HELMAN WILLIAM W IV,Director,Stock Award(Grant) at price 10.75 per share.,20000,215000.0,D
F,2025-05-15,THORNTON JOHN L,Director,Stock Award(Grant) at price 10.75 per share.,20000,215000.0,D
F,2024-12-11,FORD HENRY III,Director,Stock Gift at price 0.00 per share.,10338,0.0,I
F,2024-11-15,FIELD JOHN DOUGLAS,Officer,Stock Award(Grant) at price 0.00 per share.,100704,0.0,D
NKE,2026-08-07,MONTAGNE AMY,President,Sale at price 42.05 per share.,4867,204657.0,D
NKE,2026-08-05,FRIEND MATTHEW,Chief Financial Officer,Sale at price 41.60 per share.,2463,102461.0,D
NKE,2026-08-05,LEINWAND ROBERT,Officer,Sale at price 41.60 per share.,821,34154.0,D
NKE,2026-08-05,MCCARTNEY PHILIP,Officer,Sale at price 41.60 per share.,524,21798.0,D
NKE,2026-08-05,ALAGIRISAMY VENKATESH,Chief Operating Officer,Sale at price 41.60 per share.,890,37024.0,D
NKE,2026-06-12,MCCARTNEY PHILIP,Officer,Sale at price 46.18 per share.,17398,803440.0,D
NKE,2026-05-14,PARKER MARK G,Officer and Director,Stock Gift at price 0.00 per share.,22230,0.0,D
NKE,2026-04-13,HILL ELLIOTT,Chief Executive Officer,Purchase at price 42.26 per share.,23660,1000000.0,D
NKE,2026-04-13,HILL ELLIOTT,Chief Executive Officer,Purchase at price 42.27 per share.,23660,1000118.0,D
NKE,2026-04-10,COOK TIMOTHY D,Director,Purchase at price 42.43 per share.,25000,1060750.0,D
NKE,2026-04-09,ROGERS JOHN W JR,Director,Purchase at price 43.34 per share.,4000,173360.0,D
NKE,2026-04-07,SWAN ROBERT HOLMES,Director,Purchase at price 42.44 per share.,11781,500002.0,D
NKE,2026-02-12,LEINWAND ROBERT,Officer,Sale at price 62.33 per share.,9065,565021.0,D
NKE,2026-02-11,KNIGHT PHILIP H,Divisional Officer,Stock Gift at price 0.00 per share.,4500000,0.0,D
NKE,2025-12-29,HILL ELLIOTT,Chief Executive Officer,Purchase at price 61.10 per share.,16388,1001307.0,D
NKE,2025-12-22,COOK TIMOTHY D,Director,Purchase at price 58.97 per share.,50000,2948500.0,D
NKE,2025-12-22,SWAN ROBERT HOLMES,Director,Purchase at price 57.54 per share.,8691,500080.0,D
NKE,2025-12-10,LEINWAND ROBERT,Officer,Stock Award(Grant) at price 0.00 per share.,31216,0.0,D
NKE,2025-12-10,HEINLE TREASURE,Officer,Stock Award(Grant) at price 0.00 per share.,31216,0.0,D
NKE,2025-12-10,MONTAGNE AMY,President,Stock Award(Grant) at price 0.00 per share.,31216,0.0,D
NKE,2025-12-10,MCCARTNEY PHILIP,Officer,Stock Award(Grant) at price 0.00 per share.,31216,0.0,D
NKE,2025-12-10,ALAGIRISAMY VENKATESH,Chief Operating Officer,Stock Award(Grant) at price 0.00 per share.,36645,0.0,D
NKE,2025-12-10,FRIEND MATTHEW,Chief Financial Officer,Stock Award(Grant) at price 0.00 per share.,31216,0.0,D
NKE,2025-12-10,HILL ELLIOTT,Chief Executive Officer,Stock Award(Grant) at price 0.00 per share.,117060,0.0,D
NKE,2025-11-14,PARKER MARK G,Officer and Director,Stock Gift at price 0.00 per share.,11295,0.0,D
NKE,2025-11-14,PARKER MARK G,Officer and Director,Sale at price 64.80 per share.,86078,5577854.0,D
NKE,2025-11-07,KNUDSTORP JORGEN VIG,Director,Purchase at price 62.09 per share.,16150,1002754.0,D
NKE,2025-10-06,HEINLE TREASURE,Officer,Sale at price 71.27 per share.,4300,306461.0,D
NKE,2025-10-02,LEINWAND ROBERT,Officer,Sale at price 75.13 per share.,697,52367.0,D
NKE,2025-09-09,DUCKETT THASUNDA BROWN,Director,Stock Award(Grant) at price 0.00 per share.,2619,0.0,D
NKE,2025-09-09,KNUDSTORP JORGEN VIG,Director,Stock Award(Grant) at price 0.00 per share.,5238,0.0,D
NKE,2025-09-09,GIL MONICA,Director,Stock Award(Grant) at price 0.00 per share.,2619,0.0,D
NKE,2025-09-09,ROGERS JOHN W JR,Director,Stock Award(Grant) at price 0.00 per share.,2619,0.0,D
NKE,2025-09-09,HENRY MARIA G,Director,Stock Award(Grant) at price 0.00 per share.,2619,0.0,D
NKE,2025-09-09,HENRY PETER B,Director,Stock Award(Grant) at price 0.00 per share.,2619,0.0,D
NKE,2025-09-09,COOK TIMOTHY D,Director,Stock Award(Grant) at price 0.00 per share.,2619,0.0,D
NKE,2025-09-09,SWAN ROBERT HOLMES,Director,Stock Award(Grant) at price 0.00 per share.,2619,0.0,D
NKE,2025-09-09,KNIGHT TRAVIS A,Director,Stock Award(Grant) at price 0.00 per share.,2619,0.0,D
NKE,2025-09-09,PELUSO MICHELLE A,Director,Stock Award(Grant) at price 0.00 per share.,2619,0.0,D
NKE,2025-09-05,LEINWAND ROBERT,Officer,Sale at price 74.64 per share.,1019,76058.0,D
NKE,2025-08-29,NIELSEN JOHANNA,Officer,Stock Award(Grant) at price 0.00 per share.,3140,0.0,D
NKE,2025-08-29,LEINWAND ROBERT,Officer,Stock Award(Grant) at price 0.00 per share.,17986,0.0,D
NKE,2025-08-29,HEINLE TREASURE,Officer,Stock Award(Grant) at price 0.00 per share.,17986,0.0,D
NKE,2025-08-29,MONTAGNE AMY,President,Stock Award(Grant) at price 0.00 per share.,13735,0.0,D
NKE,2025-08-29,MCCARTNEY PHILIP,Officer,Stock Award(Grant) at price 0.00 per share.,13735,0.0,D
NKE,2025-08-29,FRIEND MATTHEW,Chief Financial Officer,Stock Award(Grant) at price 0.00 per share.,26161,0.0,D
NKE,2025-08-29,WILLIAMS CRAIG ALAN,Officer,Stock Award(Grant) at price 0.00 per share.,26161,0.0,D
NKE,2025-08-29,HILL ELLIOTT,Chief Executive Officer,Stock Award(Grant) at price 0.00 per share.,50687,0.0,D
NKE,2025-08-14,PARKER MARK G,Officer and Director,Stock Gift at price 0.00 per share.,11295,0.0,D
NKE,2025-08-14,PARKER MARK G,Officer and Director,Sale at price 75.93 per share.,86078,6535903.0,D
NKE,2025-08-13,MCCARTNEY PHILIP,Officer,Sale at price 77.21 per share.,3162,244138.0,D
NKE,2025-08-05,LEINWAND ROBERT,Officer,Sale at price 74.91 per share.,1644,123152.0,D
NKE,2025-07-16,PARKER MARK G,Officer and Director,Conversion of Exercise of derivative security at price 56.40 per share.,110000,6204000.0,D
NKE,2025-07-16,PARKER MARK G,Officer and Director,Sale at price 72.29 per share.,110000,7951900.0,D
NKE,2025-05-14,PARKER MARK G,Officer and Director,Stock Gift at price 0.00 per share.,11295,0.0,D
NKE,2025-05-14,PARKER MARK G,Officer and Director,Conversion of Exercise of derivative security at price 56.40 per share.,110000,6204000.0,D
NKE,2025-05-14,PARKER MARK G,Officer and Director,Sale at price 62.05 per share.,152976,9492161.0,D
NKE,2025-04-24,NIELSEN JOHANNA,Officer,Sale at price 57.81 per share.,138,7978.0,D
NKE,2025-04-04,SWAN ROBERT HOLMES,Director,Purchase at price 58.46 per share.,8600,502756.0,D
NKE,2025-02-14,PARKER MARK G,Officer and Director,Stock Gift at price 0.00 per share.,11295,0.0,D
LULU,2026-06-25,MORFITT MARTHA A M,Director,Stock Award(Grant) at price 0.00 per share.,1606,0.0,D
LULU,2026-06-25,LOEHNIS ALISON,Director,Stock Award(Grant) at price 0.00 per share.,1606,0.0,D
LULU,2026-06-25,MAURER MARC,Director,Stock Award(Grant) at price 0.00 per share.,1606,0.0,D
LULU,2026-06-25,GENTILE LAURA,Director,Stock Award(Grant) at price 0.00 per share.,1606,0.0,D
LULU,2026-06-25,WHITE EMILY C,Director,Stock Award(Grant) at price 0.00 per share.,1606,0.0,D
LULU,2026-06-25,BERGH CHARLES V,Director,Stock Award(Grant) at price 0.00 per share.,1606,0.0,D
LULU,2026-06-25,LIST-STOLL TERI L.,Director,Stock Award(Grant) at price 0.00 per share.,1606,0.0,D
LULU,2026-06-25,MAHE ISABEL,Director,Stock Award(Grant) at price 0.00 per share.,1606,0.0,D
LULU,2026-06-25,BRACEY ESI EGGLESTON,Director,Stock Award(Grant) at price 0.00 per share.,1606,0.0,D
LULU,2026-06-25,HENRY KATHRYN,Director,Stock Award(Grant) at price 0.00 per share.,1606,0.0,D
LULU,2026-06-25,MCNEILL JON,Director,Stock Award(Grant) at price 0.00 per share.,1606,0.0,D
LULU,2026-06-15,BERGH CHARLES V,Director,Purchase at price 117.05 per share.,4275,500384.0,I
LULU,2026-06-09,BRACEY ESI EGGLESTON,Director,Stock Award(Grant) at price 0.00 per share.,247,0.0,D
LULU,2026-04-08,NEUBURGER NICOLE,Officer,Sale at price 161.00 per share.,622,100142.0,D
LULU,2026-04-01,MAESTRINI ANDRE,Chief Executive Officer,Purchase at price 151.02 per share.,3275,494590.0,D
LULU,2026-03-20,BERGH CHARLES V,Director,Purchase at price 164.20 per share.,6090,999978.0,I
LULU,2026-03-19,FRANK MEGHAN,Chief Executive Officer,Stock Award(Grant) at price 0.00 per share.,5436,0.0,D
LULU,2026-03-19,MAESTRINI ANDRE,Chief Executive Officer,Stock Award(Grant) at price 0.00 per share.,5436,0.0,D
LULU,2026-03-19,GRANT SHANE,Director,Stock Award(Grant) at price 0.00 per share.,695,0.0,D
LULU,2026-03-19,DAS RANJU,Chief Technology Officer,Stock Award(Grant) at price 0.00 per share.,3926,0.0,D
LULU,2026-03-19,MUSSAFER DAVID M,Director,Stock Award(Grant) at price 0.00 per share.,1087,0.0,D
LULU,2026-03-19,BERGH CHARLES V,Director,Stock Award(Grant) at price 0.00 per share.,272,0.0,D
LULU,2026-03-19,MAHE ISABEL,Director,Stock Award(Grant) at price 0.00 per share.,664,0.0,D
LULU,2026-03-19,NEUBURGER NICOLE,Officer,Stock Award(Grant) at price 0.00 per share.,3745,0.0,D
LULU,2026-03-19,MCNEILL JON,Director,Stock Award(Grant) at price 0.00 per share.,355,0.0,D
LULU,2025-12-30,FRANK MEGHAN,Chief Financial Officer,Conversion of Exercise of derivative security at price 167.54 per share.,2763,462913.0,D
LULU,2025-12-30,FRANK MEGHAN,Chief Financial Officer,Sale at price 211.37 per share.,2658,561821.0,D
LULU,2025-12-19,MORFITT MARTHA A M,Director,Stock Gift at price 0.00 per share.,6500,0.0,D
LULU,2025-12-17,MORFITT MARTHA A M,Director,Stock Award(Grant) at price 0.00 per share.,3608,0.0,D
LULU,2025-12-16,BURGOYNE CELESTE,Officer,Sale at price 203.48 - 204.08 per share.,13511,2756181.0,D
LULU,2025-12-15,MAESTRINI ANDRE,President,Stock Award(Grant) at price 0.00 per share.,10907,0.0,D
LULU,2025-12-15,NEUBURGER NICOLE,Officer,Stock Award(Grant) at price 0.00 per share.,6059,0.0,D
LULU,2025-12-15,FRANK MEGHAN,Chief Financial Officer,Stock Award(Grant) at price 0.00 per share.,10907,0.0,D
LULU,2025-09-30,NEUBURGER NICOLE,Officer,Sale at price 178.00 per share.,615,109470.0,D
LULU,2025-09-09,DAS RANJU,Chief Technology Officer,Stock Award(Grant) at price 0.00 per share.,6176,0.0,D
LULU,2025-06-27,MCDONALD CALVIN,Chief Executive Officer,Conversion of Exercise of derivative security at price 136.67 per share.,35355,4831968.0,D
LULU,2025-06-27,MCDONALD CALVIN,Chief Executive Officer,Sale at price 235.54 - 236.33 per share.,27049,6375226.0,D
LULU,2025-06-11,MORFITT MARTHA A M,Director,Stock Award(Grant) at price 0.00 per share.,634,0.0,D
LULU,2025-06-11,LOEHNIS ALISON,Director,Stock Award(Grant) at price 0.00 per share.,634,0.0,D
LULU,2025-06-11,GRANT SHANE,Director,Stock Award(Grant) at price 0.00 per share.,634,0.0,D
LULU,2025-06-11,WHITE EMILY C,Director,Stock Award(Grant) at price 0.00 per share.,634,0.0,D
LULU,2025-06-11,MUSSAFER DAVID M,Director,Stock Award(Grant) at price 0.00 per share.,634,0.0,D
LULU,2025-06-11,LIST-STOLL TERI L.,Director,Stock Award(Grant) at price 0.00 per share.,634,0.0,D
LULU,2025-06-11,MAHE ISABEL,Director,Stock Award(Grant) at price 0.00 per share.,634,0.0,D
LULU,2025-06-11,HENRY KATHRYN,Director,Stock Award(Grant) at price 0.00 per share.,634,0.0,D
LULU,2025-06-11,MCNEILL JON,Director,Stock Award(Grant) at price 0.00 per share.,634,0.0,D
LULU,2025-03-31,FRANK MEGHAN,Chief Financial Officer,Stock Award(Grant) at price 283.06 per share.,2296,649906.0,D
LULU,2025-03-31,MAESTRINI ANDRE,Officer,Stock Award(Grant) at price 283.06 per share.,2296,649906.0,D
LULU,2025-03-31,BURGOYNE CELESTE,Officer,Stock Award(Grant) at price 283.06 per share.,3180,900131.0,D
LULU,2025-03-31,NEUBURGER NICOLE,Officer,Stock Award(Grant) at price 283.06 per share.,2120,600087.0,D
LULU,2024-12-26,NEUBURGER NICOLE,Officer,Conversion of Exercise of derivative security at price 188.84 - 376.92 per share.,2022,585661.0,D
LULU,2024-12-26,NEUBURGER NICOLE,Officer,Sale at price 387.11 per share.,2022,782735.0,D
LULU,2024-12-23,MORFITT MARTHA A M,Director,Stock Gift at price 0.00 per share.,700,0.0,D
LULU,2024-12-09,BURGOYNE CELESTE,Officer,Conversion of Exercise of derivative security at price 167.54 - 306.71 per share.,22570,4791298.0,D
LULU,2024-12-09,FRANK MEGHAN,Chief Financial Officer,Conversion of Exercise of derivative security at price 404.79 per share.,2181,882847.0,D
LULU,2024-12-09,FRANK MEGHAN,Chief Financial Officer,Stock Award(Grant) at price 404.79 per share.,2181,882847.0,D
LULU,2024-12-09,BURGOYNE CELESTE,Officer,Sale at price 400.28 - 409.64 per share.,24870,10085719.0,D
LULU,2024-09-26,NEUBURGER NICOLE,Officer,Sale at price 269.59 per share.,486,131021.0,D
LULU,2024-09-03,MCDONALD CALVIN,Chief Executive Officer,Purchase at price 260.00 per share.,4000,1040000.0,D
